{"type":"FeatureCollection","properties":{"cityId":"anadyr","cityName":"Анадырь","source":"OpenStreetMap via Overpass API","osmBaseTimestamp":"2026-08-31T14:46:06Z","generatedAt":"2026-08-31T14:48:10.583Z","attribution":"© OpenStreetMap contributors","license":"ODbL","layer":"map-context"},"features":[{"type":"Feature","id":"osm-context-23779383","properties":{"osmId":23779383,"kind":"coastline","landuse":null,"natural":"coastline","water":null,"waterway":null,"leisure":null,"amenity":null,"railway":null,"name":null,"source":"OpenStreetMap"},"geometry":{"type":"LineString","coordinates":[[177.4248406,64.8041003],[177.4252832,64.8038496],[177.4262185,64.8039612],[177.4324519,64.8041302],[177.4369707,64.8040602],[177.4415545,64.803879],[177.4453439,64.8035864],[177.447955,64.8032428],[177.4510173,64.8024434],[177.4526606,64.8018566],[177.4543081,64.800917],[177.4555402,64.7987806],[177.4557901,64.796794],[177.4551914,64.7959123],[177.4537095,64.7955819],[177.4535258,64.7952518],[177.4546433,64.7946605],[177.4574751,64.7940087],[177.4591217,64.7933481],[177.4605079,64.7932407],[177.4616084,64.7928727],[177.4631477,64.7928463],[177.4644014,64.7924077],[177.4652125,64.7924888],[177.4670262,64.7943532],[177.47093,64.7957189],[177.4809325,64.798453],[177.4921161,64.8008123],[177.5039814,64.8028587],[177.5103736,64.8036523],[177.5148789,64.8039675],[177.5163129,64.803888],[177.5173375,64.8037495],[177.5237154,64.8038908],[177.5300537,64.8030651],[177.5363048,64.8019943],[177.5453755,64.8004114],[177.54681,64.8001123],[177.5513822,64.7986303],[177.5534991,64.7977656],[177.5543177,64.7972047],[177.5548175,64.7967785],[177.5552089,64.7964449],[177.555407,64.7961395],[177.5554542,64.7959505],[177.555365,64.7958533],[177.555178,64.7957706],[177.5550539,64.7956972],[177.5550444,64.795647],[177.5554587,64.7953751],[177.5556748,64.7952699],[177.5559323,64.7950449],[177.5560596,64.7949654],[177.5563185,64.7949158],[177.5567499,64.7949075],[177.5571714,64.7949162],[177.5574827,64.794887],[177.5580303,64.7947112],[177.5584262,64.794548],[177.5593149,64.7943283],[177.5597303,64.7943072],[177.5601724,64.7942538],[177.5607769,64.7940797],[177.5614382,64.7938712],[177.5620311,64.7935859],[177.5628499,64.7931095],[177.5634047,64.7927143],[177.5641007,64.7921492],[177.5649065,64.7913771],[177.5655208,64.790551],[177.5646722,64.7903939],[177.5648278,64.7902066],[177.5657285,64.7903525],[177.5660509,64.7900124],[177.5667605,64.788926],[177.5672249,64.7878359],[177.5671115,64.7876235],[177.5669373,64.7875089],[177.5669335,64.787417],[177.5670609,64.787382],[177.5673798,64.787357],[177.567589,64.7872841],[177.5676744,64.787198],[177.5680625,64.7860752],[177.56832,64.7858695],[177.568467,64.7848854],[177.5684628,64.784532],[177.5683683,64.7841601],[177.5679163,64.7835092],[177.5667817,64.7829631],[177.5661101,64.7805126],[177.5657035,64.7782109],[177.5637588,64.7753399],[177.5608584,64.7732779],[177.5587862,64.7724724],[177.5570777,64.7720635],[177.555372,64.7719504],[177.5529398,64.7715785],[177.549721,64.7707884],[177.5427334,64.7690063],[177.541314,64.7684142],[177.5390053,64.7667833],[177.5378864,64.7657155],[177.53669,64.7644298],[177.5351467,64.7629935],[177.5347931,64.7621025],[177.5338681,64.7612722],[177.5318718,64.7614311],[177.5317983,64.7609635],[177.5324253,64.760716],[177.5323054,64.7606255],[177.5321954,64.7603066],[177.5325494,64.7600243],[177.5333097,64.7596973],[177.5349597,64.7595617],[177.5388012,64.7597]]}},{"type":"Feature","id":"osm-context-82896138","properties":{"osmId":82896138,"kind":"coastline","landuse":null,"natural":"coastline","water":null,"waterway":null,"leisure":null,"amenity":null,"railway":null,"name":null,"source":"OpenStreetMap"},"geometry":{"type":"LineString","coordinates":[[177.5388012,64.7597],[177.5617879,64.7608959],[177.5635324,64.760545],[177.5661857,64.7606264],[177.5717142,64.7610427],[177.5784058,64.7613813],[177.5909113,64.7611653],[177.6029376,64.759729],[177.6120356,64.7582649],[177.6177005,64.7565812],[177.6206187,64.755117],[177.6207904,64.754092],[177.6213053,64.7529938],[177.6231936,64.7524813],[177.6250819,64.7524081],[177.6293734,64.7506508],[177.6327263,64.7486086],[177.6343453,64.7476147],[177.6351225,64.7465889],[177.6372308,64.7447062],[177.6384354,64.7426067],[177.6388583,64.7413038],[177.6393458,64.7404509],[177.6403361,64.7379886],[177.640171,64.7379051],[177.6399887,64.7378468],[177.6399189,64.7377872],[177.6398787,64.737722],[177.6399055,64.7376522],[177.6400128,64.7375652],[177.6400879,64.7374782],[177.6401684,64.7373168],[177.6402596,64.7372046],[177.6403615,64.7370592],[177.6405798,64.7369744]]}},{"type":"Feature","id":"osm-context-99062980","properties":{"osmId":99062980,"kind":"area","landuse":null,"natural":"water","water":null,"waterway":null,"leisure":null,"amenity":null,"railway":null,"name":null,"source":"OpenStreetMap"},"geometry":{"type":"Polygon","coordinates":[[[177.4559355,64.7177081],[177.4558926,64.7177173],[177.4558497,64.7177081],[177.4557639,64.7176714],[177.4557424,64.7176714],[177.4555707,64.7176806],[177.4555493,64.7176898],[177.4553133,64.7176898],[177.455206,64.7177173],[177.455163,64.7177173],[177.4551201,64.7177264],[177.4548519,64.717841],[177.4548519,64.7179235],[177.4548948,64.7179601],[177.4549914,64.7179922],[177.4550772,64.7179922],[177.455163,64.7179555],[177.4553776,64.7179555],[177.455442,64.7179372],[177.4555064,64.7179097],[177.4555707,64.7179097],[177.4556351,64.7178822],[177.4557209,64.7178639],[177.4558497,64.7178639],[177.4560857,64.7178181],[177.4561501,64.7177906],[177.456193,64.7177814],[177.4562574,64.7177814],[177.4563003,64.7177722],[177.4563539,64.7177493],[177.4563539,64.717731],[177.4562788,64.7177173],[177.4562359,64.7176989],[177.4561286,64.7177173],[177.4560857,64.7177173],[177.4560428,64.7177081],[177.4559355,64.7177081]]]}},{"type":"Feature","id":"osm-context-99062991","properties":{"osmId":99062991,"kind":"area","landuse":null,"natural":"water","water":null,"waterway":null,"leisure":null,"amenity":null,"railway":null,"name":null,"source":"OpenStreetMap"},"geometry":{"type":"Polygon","coordinates":[[[177.4507113,64.7215042],[177.4507971,64.7215225],[177.4508615,64.7215225],[177.4511619,64.7214584],[177.4511941,64.7214447],[177.4511941,64.7214263],[177.4512263,64.7214126],[177.4513335,64.7214309],[177.4513872,64.7214172],[177.4514086,64.7213988],[177.4513872,64.7213439],[177.4514086,64.7213347],[177.4514086,64.7212797],[177.4514301,64.7212614],[177.4513657,64.7212156],[177.4514086,64.7211789],[177.4515374,64.7211056],[177.4515374,64.7210873],[177.4514516,64.7210507],[177.4514301,64.7210323],[177.4514301,64.7210048],[177.4513872,64.7209682],[177.4512799,64.7209224],[177.4512584,64.7208949],[177.4512799,64.7208857],[177.4511726,64.7208216],[177.4512155,64.7207483],[177.4512155,64.7207208],[177.4511726,64.7206933],[177.4511726,64.720675],[177.4512048,64.7206612],[177.4513121,64.7206612],[177.451355,64.7206429],[177.4513765,64.7206429],[177.4514086,64.7206291],[177.4514516,64.7205925],[177.4514516,64.7205558],[177.4514301,64.7205375],[177.4513443,64.7205192],[177.4513443,64.7205009],[177.4512799,64.720455],[177.4513014,64.7204276],[177.4513014,64.7204092],[177.4512692,64.7203955],[177.451119,64.7204047],[177.451076,64.7204047],[177.4510117,64.720423],[177.4509258,64.7203955],[177.4509151,64.7204367],[177.4508829,64.7204505],[177.4508186,64.7204505],[177.4507649,64.7204276],[177.4507005,64.7203726],[177.4506576,64.7203268],[177.4506576,64.7203084],[177.4506254,64.7202947],[177.4505718,64.7203084],[177.4505289,64.7203268],[177.4505289,64.7203634],[177.4505074,64.7203726],[177.4505074,64.7203909],[177.4504752,64.7204138],[177.4504538,64.7204138],[177.4504001,64.7203817],[177.4504216,64.7203543],[177.450325,64.7203039],[177.4502392,64.7203313],[177.4501963,64.7203313],[177.450089,64.7203222],[177.4500032,64.7203039],[177.4499602,64.720313],[177.4499281,64.7203268],[177.4499173,64.7203405],[177.4498744,64.7203405],[177.44981,64.720313],[177.449574,64.7202672],[177.4495096,64.7202672],[177.4494989,64.7203084],[177.4494453,64.7203313],[177.4493809,64.7203313],[177.4492521,64.7203588],[177.4491985,64.7203817],[177.4491985,64.7204001],[177.449059,64.7204596],[177.4489517,64.7204596],[177.4488874,64.7204413],[177.4488015,64.7204413],[177.4487372,64.7204596],[177.4486942,64.7204596],[177.4486728,64.7204688],[177.4485226,64.7204688],[177.4484368,64.7205054],[177.4483509,64.7205054],[177.448308,64.7205146],[177.4482114,64.7205558],[177.44819,64.7205742],[177.44819,64.7206108],[177.4481363,64.7206337],[177.448072,64.7206429],[177.4480291,64.7206429],[177.4480076,64.7206337],[177.4479647,64.7206337],[177.447911,64.7206566],[177.447911,64.7207116],[177.4478896,64.7207299],[177.4477823,64.7207758],[177.4477608,64.7207941],[177.4477608,64.7208307],[177.4478038,64.7208674],[177.4477823,64.7208766],[177.4477823,64.720904],[177.4478467,64.7209315],[177.447911,64.7209957],[177.4479861,64.7210277],[177.4481363,64.7210277],[177.4481685,64.7210415],[177.4481471,64.721069],[177.4481042,64.7210873],[177.4480398,64.7211423],[177.4480398,64.7211606],[177.4480183,64.7211698],[177.4480183,64.7212339],[177.4479969,64.7212431],[177.4479969,64.7212797],[177.448072,64.721321],[177.4481578,64.7213301],[177.4482651,64.7213668],[177.448308,64.7213668],[177.4484368,64.7213484],[177.448587,64.7213484],[177.4486084,64.7213393],[177.4488015,64.7213393],[177.4488659,64.721321],[177.4489947,64.7213484],[177.4491019,64.7213484],[177.4491878,64.721321],[177.4494238,64.721321],[177.4494453,64.7213118],[177.4496598,64.7213118],[177.4497135,64.7213347],[177.4497135,64.7213897],[177.4496706,64.7214263],[177.449692,64.7214447],[177.4497671,64.7214676],[177.44981,64.7214676],[177.449853,64.7214767],[177.4499173,64.7215042],[177.4499602,64.7215134],[177.4500675,64.7215042],[177.4501319,64.7215042],[177.4501748,64.7215134],[177.4504323,64.7214584],[177.4505181,64.7214676],[177.450604,64.7214951],[177.4506362,64.7214905],[177.4507113,64.7215042]]]}},{"type":"Feature","id":"osm-context-99062996","properties":{"osmId":99062996,"kind":"area","landuse":null,"natural":"water","water":null,"waterway":null,"leisure":null,"amenity":null,"railway":null,"name":null,"source":"OpenStreetMap"},"geometry":{"type":"Polygon","coordinates":[[[177.4437713,64.7229533],[177.4437069,64.7229717],[177.443664,64.7229717],[177.4436103,64.7230037],[177.4435031,64.7230495],[177.4435031,64.7230587],[177.4434065,64.7230999],[177.443385,64.7230999],[177.4433529,64.7231137],[177.4433529,64.7231228],[177.4433207,64.7231366],[177.4431919,64.7231824],[177.4431276,64.7231824],[177.4430739,64.7232053],[177.4431168,64.7232694],[177.4431168,64.7232878],[177.4430739,64.7233244],[177.4430095,64.7233611],[177.4430095,64.7233885],[177.442913,64.7234298],[177.4428915,64.7234298],[177.4428593,64.7234435],[177.4428379,64.7234618],[177.4428379,64.7234985],[177.4426877,64.7235443],[177.4426448,64.723581],[177.442752,64.7236451],[177.442752,64.7236634],[177.4426877,64.7237001],[177.4427091,64.7237184],[177.4427091,64.7237917],[177.4426877,64.7238008],[177.4426877,64.723865],[177.4426662,64.7238741],[177.4426662,64.7239108],[177.4426877,64.72392],[177.4426877,64.7239658],[177.4427735,64.7240024],[177.4428164,64.7240391],[177.4428164,64.7240665],[177.442795,64.7240849],[177.4428164,64.7241032],[177.4429022,64.7241215],[177.4429237,64.724149],[177.4429773,64.7241719],[177.4430203,64.7241627],[177.4433207,64.7241627],[177.4433421,64.7241719],[177.443385,64.7241719],[177.4435138,64.7241353],[177.4435567,64.7241353],[177.4436103,64.7241673],[177.4436103,64.7241948],[177.4436962,64.7242315],[177.4437176,64.7242589],[177.4437713,64.7242727],[177.4438142,64.724291],[177.4438357,64.724291],[177.4438893,64.7243231],[177.4438893,64.7243597],[177.4439537,64.7244239],[177.444018,64.7244605],[177.444018,64.7245063],[177.4441039,64.7245704],[177.4441039,64.7245979],[177.4441468,64.7246254],[177.4441468,64.7246437],[177.4442112,64.7246896],[177.4442112,64.7247079],[177.4442863,64.7247399],[177.4443292,64.7247491],[177.4445867,64.7247491],[177.4448442,64.7247399],[177.4448871,64.7247308],[177.44493,64.7247125],[177.4449729,64.7247033],[177.4450158,64.7247033],[177.4450802,64.724685],[177.445166,64.724685],[177.4452519,64.7246666],[177.4453377,64.72463],[177.4453592,64.72463],[177.4454664,64.724575],[177.4455094,64.7245659],[177.4455308,64.724575],[177.4455737,64.7245659],[177.4456274,64.7245246],[177.4457132,64.724488],[177.4456703,64.7244513],[177.4456703,64.7244239],[177.4456917,64.7244055],[177.4458098,64.7243826],[177.4458419,64.7243689],[177.4458634,64.7243506],[177.4458634,64.7243322],[177.4458849,64.7243139],[177.4459922,64.7242773],[177.4460136,64.7242589],[177.4460351,64.7242315],[177.4460351,64.7241398],[177.4460565,64.7241307],[177.4460565,64.7240665],[177.4461424,64.7240116],[177.4461209,64.7239932],[177.446078,64.7239749],[177.446078,64.7239474],[177.4461424,64.7239016],[177.4461209,64.7238741],[177.4461209,64.7238375],[177.4461638,64.72381],[177.4461638,64.7236268],[177.4461853,64.7236176],[177.4461638,64.7235901],[177.4461638,64.7235535],[177.4461424,64.7235443],[177.4461424,64.7233611],[177.4460136,64.7232969],[177.4459922,64.7232786],[177.4459922,64.7232603],[177.4459385,64.7232374],[177.4458956,64.7232465],[177.4458527,64.7232465],[177.4457776,64.7232145],[177.4456917,64.7231687],[177.4456917,64.723132],[177.4455952,64.7230908],[177.4455094,64.7230908],[177.4454021,64.7230908],[177.4453162,64.7230725],[177.4452089,64.7230725],[177.4451875,64.7230816],[177.4451231,64.7230816],[177.4450587,64.7230541],[177.4449944,64.723045],[177.4449622,64.7230312],[177.4449622,64.7229854],[177.445048,64.7229304],[177.4449836,64.7228755],[177.44493,64.7228526],[177.4447798,64.7228709],[177.4447369,64.7228709],[177.4447261,64.7228388],[177.4446725,64.7228159],[177.4445652,64.7228159],[177.4444794,64.7228434],[177.4443506,64.7228434],[177.4443292,64.7228342],[177.4442863,64.7228342],[177.4442434,64.7228251],[177.4441897,64.722848],[177.4441897,64.7228663],[177.4441361,64.7228892],[177.4439644,64.722935],[177.4438786,64.722935],[177.4437713,64.7229533]]]}},{"type":"Feature","id":"osm-context-99062997","properties":{"osmId":99062997,"kind":"area","landuse":null,"natural":"water","water":null,"waterway":null,"leisure":null,"amenity":null,"railway":null,"name":null,"source":"OpenStreetMap"},"geometry":{"type":"Polygon","coordinates":[[[177.4752796,64.7166886],[177.4752796,64.7166428],[177.4752581,64.7166153],[177.4752152,64.7165878],[177.4752152,64.7165603],[177.4751937,64.7165511],[177.4751937,64.7165053],[177.4752152,64.7164961],[177.4752152,64.7164778],[177.4751937,64.7164595],[177.4751508,64.716432],[177.4750757,64.7163999],[177.4750543,64.7163999],[177.4750113,64.7163816],[177.4749792,64.716377],[177.4749362,64.7163312],[177.4748933,64.7163128],[177.4748719,64.7162853],[177.4748182,64.7162624],[177.4747539,64.7162716],[177.4746358,64.7163312],[177.4746358,64.7163403],[177.4745822,64.7163632],[177.4745178,64.7163724],[177.4744749,64.7163907],[177.4744105,64.7163999],[177.4743676,64.7164182],[177.4743032,64.7164182],[177.4742711,64.716432],[177.4743354,64.7164778],[177.4743354,64.7165144],[177.4742174,64.7165649],[177.474153,64.716574],[177.4740887,64.7166015],[177.4740672,64.7166015],[177.4739492,64.7166519],[177.4738634,64.7167069],[177.4738204,64.7167436],[177.4738204,64.7167711],[177.4737668,64.716794],[177.4737024,64.7168031],[177.4736488,64.716826],[177.4736488,64.7168352],[177.4734771,64.7169085],[177.4734342,64.7169452],[177.4734342,64.717046],[177.4733913,64.717101],[177.4733484,64.7171193],[177.4733484,64.7171285],[177.473284,64.7171651],[177.473284,64.7172018],[177.4732196,64.7172568],[177.4731016,64.7173163],[177.4730158,64.7173347],[177.4729085,64.7173347],[177.4728656,64.7173438],[177.4727905,64.7173759],[177.4727261,64.71744],[177.4726617,64.7174767],[177.4726617,64.7175134],[177.4726403,64.7175317],[177.4725759,64.7175592],[177.4725759,64.7175867],[177.4726617,64.7176325],[177.4726617,64.717715],[177.4726403,64.7177333],[177.4727154,64.7177562],[177.4727905,64.7177883],[177.4727905,64.7177975],[177.472887,64.7178387],[177.4729729,64.717857],[177.4730158,64.7178845],[177.4731231,64.7178845],[177.473166,64.7178753],[177.4733162,64.717802],[177.4734879,64.717802],[177.4735737,64.7178204],[177.4736166,64.7178112],[177.473681,64.7178112],[177.4737132,64.7178341],[177.4737132,64.7178616],[177.4737453,64.7178845],[177.4737775,64.7178891],[177.4738204,64.7179257],[177.4738204,64.7179441],[177.4738419,64.7179532],[177.4738634,64.7179899],[177.4738419,64.7180082],[177.4738634,64.7180174],[177.4738634,64.7180632],[177.4738848,64.7180724],[177.4738634,64.7181182],[177.4738956,64.7181319],[177.4740028,64.7181136],[177.4741745,64.7181136],[177.474196,64.7181044],[177.4744105,64.7181044],[177.474432,64.7181136],[177.4745822,64.7181136],[177.4746251,64.7181044],[177.4747539,64.7180495],[177.474947,64.7180495],[177.4751186,64.7180128],[177.4752367,64.7179624],[177.4752367,64.7179441],[177.4752581,64.7179349],[177.4752367,64.7178799],[177.4752367,64.7178524],[177.4752152,64.7178433],[177.4752152,64.7178066],[177.4751937,64.7177975],[177.4751937,64.7176417],[177.4751723,64.7176325],[177.4751723,64.717605],[177.4752152,64.7175592],[177.4752367,64.71755],[177.4752367,64.7175317],[177.4752796,64.7175042],[177.4752796,64.7174767],[177.4753225,64.7174492],[177.4753225,64.7173576],[177.4752581,64.7172934],[177.4752581,64.7172751],[177.4752367,64.7172659],[177.4752367,64.7172476],[177.4751508,64.7171743],[177.4751723,64.7171468],[177.4751508,64.7171101],[177.4751723,64.7170826],[177.4751723,64.7170368],[177.4751508,64.7170277],[177.4751508,64.7169818],[177.4751723,64.7169727],[177.4751723,64.716881],[177.4751937,64.7168535],[177.4752152,64.7168352],[177.4752581,64.7168169],[177.4752581,64.7167802],[177.4752367,64.7167711],[177.4752367,64.7167527],[177.4752581,64.7167344],[177.4752796,64.7166886]]]}},{"type":"Feature","id":"osm-context-99066209","properties":{"osmId":99066209,"kind":"area","landuse":null,"natural":"water","water":null,"waterway":null,"leisure":null,"amenity":null,"railway":null,"name":null,"source":"OpenStreetMap"},"geometry":{"type":"Polygon","coordinates":[[[177.4939477,64.7042037],[177.4939907,64.7042496],[177.4940658,64.7042816],[177.4941301,64.7043],[177.4942589,64.7043],[177.4943662,64.7042908],[177.4943876,64.7042816],[177.4944735,64.7042816],[177.4944949,64.7042725],[177.4948168,64.7042725],[177.4948382,64.7042633],[177.4950957,64.7042633],[177.4952137,64.7042037],[177.4952352,64.7041762],[177.4952352,64.7041304],[177.4951601,64.7040891],[177.4950957,64.7040891],[177.4950635,64.7040753],[177.4951065,64.704057],[177.4951065,64.704002],[177.4950314,64.7039699],[177.4949884,64.7039607],[177.4949026,64.7039791],[177.4948275,64.703947],[177.4948168,64.7039332],[177.4947953,64.7039332],[177.4947524,64.7039149],[177.4947095,64.7039149],[177.4945807,64.7038874],[177.4945164,64.7039057],[177.494452,64.7039057],[177.4944305,64.7038966],[177.4943662,64.7038966],[177.4942803,64.7039149],[177.4942374,64.7039332],[177.494216,64.7039332],[177.4941409,64.7039653],[177.4940121,64.7040295],[177.4939692,64.7040662],[177.4939477,64.7041029],[177.4939477,64.7041487],[177.4939263,64.704167],[177.4939477,64.7042037]]]}},{"type":"Feature","id":"osm-context-99066256","properties":{"osmId":99066256,"kind":"area","landuse":null,"natural":"water","water":null,"waterway":null,"leisure":null,"amenity":null,"railway":null,"name":null,"source":"OpenStreetMap"},"geometry":{"type":"Polygon","coordinates":[[[177.5043011,64.706097],[177.5041294,64.7060603],[177.5040865,64.7060695],[177.5040436,64.7060878],[177.5039792,64.7060878],[177.5039041,64.7060557],[177.5038934,64.706042],[177.503829,64.7060511],[177.5037217,64.7060511],[177.5036788,64.7060695],[177.5036359,64.7060695],[177.5035608,64.7061016],[177.5036252,64.7061474],[177.5035822,64.7061566],[177.503593,64.7061612],[177.5036573,64.7061612],[177.5036788,64.706152],[177.503711,64.7061566],[177.5037754,64.7062116],[177.503711,64.7062666],[177.5038075,64.7063078],[177.5039148,64.7063262],[177.5039685,64.7063491],[177.5039363,64.706372],[177.5038934,64.7063628],[177.5038612,64.7063674],[177.5038719,64.7063904],[177.5039792,64.7063995],[177.5040221,64.7064179],[177.5040436,64.7064179],[177.5041509,64.706482],[177.5043225,64.7064729],[177.5043547,64.7064591],[177.5043333,64.7064408],[177.504344,64.706427],[177.5044084,64.706427],[177.5044727,64.7064545],[177.5045156,64.7064545],[177.5046551,64.7063949],[177.5046015,64.7063445],[177.5044942,64.7063445],[177.5044835,64.7063399],[177.5044835,64.7063124],[177.5045693,64.7062758],[177.5045693,64.7062574],[177.5044942,64.7062528],[177.5044191,64.7062116],[177.5044191,64.7061749],[177.5044405,64.7061566],[177.5043976,64.7061474],[177.5043976,64.7061291],[177.5043762,64.7061199],[177.5043011,64.706097]]]}},{"type":"Feature","id":"osm-context-99066263","properties":{"osmId":99066263,"kind":"area","landuse":null,"natural":"water","water":null,"waterway":null,"leisure":null,"amenity":null,"railway":null,"name":null,"source":"OpenStreetMap"},"geometry":{"type":"Polygon","coordinates":[[[177.4945164,64.7043733],[177.4944091,64.7043733],[177.4943447,64.704355],[177.4942803,64.704355],[177.4942589,64.7043458],[177.4941945,64.7043458],[177.4941301,64.7043642],[177.4939585,64.7043642],[177.4938297,64.7044192],[177.4937439,64.7044283],[177.4937224,64.7044375],[177.4936795,64.7044375],[177.4936044,64.7044604],[177.4936259,64.7045063],[177.493583,64.7045338],[177.493583,64.7045888],[177.4936259,64.7046255],[177.4936795,64.7046392],[177.4937975,64.7046896],[177.4938405,64.7047355],[177.4939156,64.7047676],[177.4939799,64.7047676],[177.4940872,64.7047951],[177.4941945,64.7047951],[177.4942374,64.7048043],[177.4942696,64.7047722],[177.4942267,64.7047447],[177.4942267,64.7047172],[177.4942482,64.7046988],[177.4943876,64.7046667],[177.4944305,64.7046484],[177.4945164,64.70463],[177.4945807,64.7046209],[177.4946451,64.7046209],[177.494688,64.7046117],[177.4947631,64.7045796],[177.4948275,64.7045246],[177.4948061,64.7044788],[177.4948061,64.7044513],[177.4947846,64.7044421],[177.4947846,64.7044238],[177.4947631,64.7044054],[177.494688,64.7043733],[177.4946237,64.7043642],[177.4945164,64.7043733]]]}},{"type":"Feature","id":"osm-context-99067477","properties":{"osmId":99067477,"kind":"area","landuse":null,"natural":"water","water":null,"waterway":null,"leisure":null,"amenity":null,"railway":null,"name":null,"source":"OpenStreetMap"},"geometry":{"type":"Polygon","coordinates":[[[177.4376022,64.7355283],[177.4378168,64.7354642],[177.4378382,64.7354458],[177.4378382,64.7353909],[177.4378812,64.7353634],[177.4378812,64.7352993],[177.4378382,64.7352627],[177.4377524,64.735226],[177.4377524,64.7352077],[177.4379133,64.735194],[177.4379777,64.7352123],[177.4380421,64.7352123],[177.4381939,64.7351861],[177.4382445,64.7351682],[177.4382853,64.7351495],[177.4383099,64.7351044],[177.4383124,64.7350624],[177.4381623,64.735037],[177.4380743,64.7350429],[177.4379348,64.7350383],[177.4379026,64.7350246],[177.4379241,64.7349788],[177.4380099,64.7349421],[177.4380957,64.7348872],[177.437967,64.7348322],[177.438004,64.7347817],[177.4379774,64.7347472],[177.4378409,64.7347657],[177.4377417,64.7347792],[177.437641,64.7348189],[177.4375397,64.7348218],[177.437472,64.7348654],[177.4374382,64.7349334],[177.4374198,64.7349925],[177.4373167,64.7349943],[177.4372275,64.7350187],[177.4372052,64.7350658],[177.4370979,64.7350841],[177.4370121,64.7351116],[177.4369156,64.7351528],[177.4369156,64.7351802],[177.4368834,64.735194],[177.4367975,64.7352031],[177.4367117,64.7352398],[177.4366259,64.7352489],[177.4365508,64.735281],[177.4365293,64.7353176],[177.4364864,64.7353359],[177.4364649,64.7353817],[177.4364435,64.7353909],[177.436422,64.7355191],[177.4365293,64.735629],[177.4366903,64.7356885],[177.4368405,64.7356977],[177.4369263,64.7356794],[177.4369692,64.7356794],[177.4370979,64.7356336],[177.4372052,64.7356153],[177.4372911,64.7356153],[177.4373769,64.7355786],[177.4375056,64.7355695],[177.4375164,64.7355557],[177.4376022,64.7355283]]]}},{"type":"Feature","id":"osm-context-99067481","properties":{"osmId":99067481,"kind":"area","landuse":null,"natural":"water","water":null,"waterway":null,"leisure":null,"amenity":null,"railway":null,"name":null,"source":"OpenStreetMap"},"geometry":{"type":"Polygon","coordinates":[[[177.4360326,64.7361707],[177.4360326,64.7362073],[177.4359683,64.7362622],[177.4359254,64.7363538],[177.4360434,64.736395],[177.4361292,64.736395],[177.4361507,64.7363859],[177.4361829,64.7363996],[177.4361829,64.7364546],[177.4362365,64.7364774],[177.4363867,64.7364408],[177.4364296,64.7364591],[177.436494,64.7364591],[177.4366442,64.73645],[177.4366871,64.7364317],[177.4367729,64.7364317],[177.4368802,64.7363767],[177.4369446,64.7363859],[177.4369982,64.736363],[177.4369339,64.7363172],[177.4369768,64.7362806],[177.4369768,64.7362531],[177.436848,64.7362073],[177.436848,64.7361981],[177.4367729,64.7361661],[177.43673,64.7361661],[177.4366978,64.7361523],[177.4367086,64.7361294],[177.4367837,64.7361157],[177.4368051,64.7360699],[177.4367515,64.7360379],[177.43673,64.7360379],[177.4366013,64.7359829],[177.4364725,64.7359921],[177.4364511,64.7360012],[177.4363438,64.7360012],[177.436258,64.7360196],[177.4361185,64.7360699],[177.436097,64.7360882],[177.436097,64.7361157],[177.4360541,64.736134],[177.4360326,64.7361707]]]}},{"type":"Feature","id":"osm-context-99067518","properties":{"osmId":99067518,"kind":"area","landuse":null,"natural":"water","water":null,"waterway":null,"leisure":null,"amenity":null,"railway":null,"name":null,"source":"OpenStreetMap"},"geometry":{"type":"Polygon","coordinates":[[[177.4453405,64.7334094],[177.445319,64.7334094],[177.4452546,64.7333819],[177.4450615,64.7333819],[177.4450079,64.7333957],[177.4449864,64.733414],[177.4450937,64.733469],[177.4450937,64.7335514],[177.4451152,64.7335605],[177.4450937,64.7335789],[177.4450937,64.7336155],[177.4450508,64.7336521],[177.4451152,64.7336979],[177.4451152,64.7337162],[177.4452224,64.733762],[177.4452439,64.7337803],[177.4452439,64.7337987],[177.4453297,64.7338628],[177.4454478,64.7338948],[177.4454692,64.7339132],[177.445598,64.7339315],[177.4456838,64.7339315],[177.4457803,64.7338628],[177.4457803,64.7338261],[177.4456945,64.7337895],[177.445716,64.7337712],[177.4458125,64.7337666],[177.4459198,64.7337208],[177.4459627,64.7337208],[177.4460271,64.73373],[177.4460808,64.7337529],[177.4460378,64.7337987],[177.4460164,64.7338719],[177.4462202,64.7339406],[177.4463275,64.7339498],[177.4464455,64.7338811],[177.4464455,64.7338078],[177.4464241,64.733762],[177.4464026,64.7337529],[177.4463812,64.7336338],[177.4463382,64.7335789],[177.4462953,64.7335514],[177.4462953,64.7335239],[177.4462739,64.7335147],[177.4462524,64.733469],[177.4460915,64.7334277],[177.4459842,64.7334369],[177.4458125,64.7334094],[177.4457803,64.7333957],[177.4457803,64.7333499],[177.4457482,64.7333362],[177.4456838,64.7333362],[177.4455872,64.7333774],[177.4455872,64.7334048],[177.445555,64.7334186],[177.4455121,64.7334186],[177.4454907,64.7334094],[177.4453405,64.7334094]]]}},{"type":"Feature","id":"osm-context-99186039","properties":{"osmId":99186039,"kind":"area","landuse":null,"natural":"water","water":null,"waterway":null,"leisure":null,"amenity":null,"railway":null,"name":null,"source":"OpenStreetMap"},"geometry":{"type":"Polygon","coordinates":[[[177.6217175,64.7741436],[177.6221466,64.7741436],[177.6223612,64.7740156],[177.6220608,64.7739241],[177.6217511,64.7738351],[177.6217604,64.7736132],[177.6217604,64.7733937],[177.6215458,64.7733023],[177.6212025,64.7733023],[177.620945,64.7733754],[177.6206017,64.7733754],[177.6203442,64.7734486],[177.6201725,64.7734486],[177.6198292,64.7735217],[177.6197863,64.7737229],[177.6196146,64.7737961],[177.6196146,64.7739424],[177.6197863,64.7741253],[177.6200008,64.7741436],[177.6201725,64.7742533],[177.6203442,64.7742899],[177.6208591,64.7742899],[177.6212025,64.7742533],[177.62146,64.7741802],[177.6217175,64.7741436]]]}},{"type":"Feature","id":"osm-context-100071867","properties":{"osmId":100071867,"kind":"area","landuse":"grass","natural":null,"water":null,"waterway":null,"leisure":null,"amenity":null,"railway":null,"name":null,"source":"OpenStreetMap"},"geometry":{"type":"Polygon","coordinates":[[[177.4939698,64.7371031],[177.4940265,64.7370094],[177.4940007,64.7369103],[177.4946977,64.7370138],[177.4939698,64.7371031]]]}},{"type":"Feature","id":"osm-context-100071873","properties":{"osmId":100071873,"kind":"area","landuse":"cemetery","natural":null,"water":null,"waterway":null,"leisure":null,"amenity":null,"railway":null,"name":null,"source":"OpenStreetMap"},"geometry":{"type":"Polygon","coordinates":[[[177.5051349,64.7315223],[177.5056332,64.7305575],[177.5037883,64.7302886],[177.5034589,64.7305966],[177.5030423,64.7313372],[177.5044151,64.7316072],[177.5051349,64.7315223]]]}},{"type":"Feature","id":"osm-context-100813772","properties":{"osmId":100813772,"kind":"area","landuse":null,"natural":null,"water":null,"waterway":null,"leisure":"park","amenity":null,"railway":null,"name":"Центральный парк","source":"OpenStreetMap"},"geometry":{"type":"Polygon","coordinates":[[[177.518215,64.7362417],[177.5172846,64.7357822],[177.5184123,64.735414],[177.5187807,64.7355768],[177.5200574,64.7350769],[177.5204556,64.7352663],[177.5203678,64.7353065],[177.5204341,64.7354001],[177.5205575,64.7354442],[177.518554,64.7362352],[177.5184027,64.7362604],[177.5182878,64.7362569],[177.518215,64.7362417]]]}},{"type":"Feature","id":"osm-context-100813780","properties":{"osmId":100813780,"kind":"area","landuse":null,"natural":null,"water":null,"waterway":null,"leisure":null,"amenity":"hospital","railway":null,"name":"Кожно-венерологический диспансер","source":"OpenStreetMap"},"geometry":{"type":"Polygon","coordinates":[[[177.5265054,64.7330097],[177.5261518,64.7328495],[177.5254656,64.7331255],[177.5258192,64.7332857],[177.5265054,64.7330097]]]}},{"type":"Feature","id":"osm-context-100816176","properties":{"osmId":100816176,"kind":"area","landuse":"industrial","natural":null,"water":null,"waterway":null,"leisure":null,"amenity":null,"railway":null,"name":"Водоотстойник \"Анадырская ГМТЭЦ\"","source":"OpenStreetMap"},"geometry":{"type":"Polygon","coordinates":[[[177.4759011,64.7353581],[177.4761861,64.7351371],[177.4761984,64.7350226],[177.4758294,64.7348506],[177.475758,64.7347354],[177.4759285,64.7346881],[177.4761496,64.7346156],[177.4760026,64.7341488],[177.4756172,64.7339268],[177.4755107,64.7336774],[177.4753291,64.7335927],[177.4760698,64.7332047],[177.4764136,64.732867],[177.4743794,64.732416],[177.4718023,64.7324099],[177.4705277,64.7327836],[177.4697295,64.7331374],[177.4694864,64.7334168],[177.4698785,64.7335447],[177.4693549,64.7340398],[177.4698209,64.734129],[177.4698376,64.7342834],[177.4695535,64.7345963],[177.4697201,64.7349247],[177.4698816,64.735361],[177.4697983,64.7354807],[177.4698514,64.7356923],[177.4722631,64.73562],[177.4756839,64.7355379],[177.4759011,64.7353581]]]}},{"type":"Feature","id":"osm-context-101641471","properties":{"osmId":101641471,"kind":"waterway","landuse":null,"natural":null,"water":null,"waterway":"river","leisure":null,"amenity":null,"railway":null,"name":"Казачка","source":"OpenStreetMap"},"geometry":{"type":"LineString","coordinates":[[177.5072681,64.7142514],[177.5072908,64.7146452],[177.5054134,64.7166499],[177.5052458,64.7172155],[177.5087157,64.7189838],[177.5100568,64.7196782],[177.5102076,64.7202007],[177.510075,64.7205358],[177.5094921,64.7211615],[177.5091577,64.7215036],[177.5090767,64.7215812],[177.5086663,64.7217411],[177.5085797,64.7218411],[177.5071162,64.7227284],[177.5059276,64.7233509],[177.5056819,64.7235269],[177.5056027,64.723696],[177.5056185,64.7238618],[177.5059751,64.7242103],[177.5060623,64.7243558],[177.5060385,64.724728],[177.506094,64.7248802],[177.5062207,64.7250189],[177.5064902,64.7252016],[177.5073618,64.7255941],[177.5080256,64.7258489],[177.5083912,64.7259355],[177.5087847,64.7259718],[177.5088868,64.7259951],[177.5089426,64.7260079],[177.5090705,64.7260728],[177.5103041,64.7267393],[177.5106903,64.7269006],[177.5111012,64.727024],[177.5114868,64.7271155],[177.5123757,64.7272735],[177.5128183,64.7273237],[177.5132176,64.7273372],[177.5158421,64.7274184],[177.5181242,64.7275375],[177.518625,64.7275889],[177.5196583,64.7276918],[177.5198865,64.7277026],[177.5204063,64.7276701],[177.5209071,64.7276647],[177.5213508,64.7276918],[177.5218453,64.7277757],[177.5247546,64.728491],[177.5269337,64.7289688],[177.5273893,64.7290957],[177.5290137,64.7299498],[177.5294991,64.7301612],[177.5299943,64.7302965],[177.5322229,64.7308783],[177.5327593,64.7310409],[177.5330383,64.7311348],[177.5332421,64.7312928],[177.5333708,64.7314141],[177.5334352,64.7315584],[177.5334996,64.731792],[177.5332743,64.7323507],[177.5331441,64.7326896],[177.5324769,64.7333522],[177.532179,64.7336552],[177.5319698,64.7338257],[177.5317479,64.7339501],[177.5314626,64.7340584],[177.5289325,64.7347999],[177.5275557,64.7351254],[177.526317,64.7354068],[177.5260976,64.7354734],[177.5255941,64.7356044]]}},{"type":"Feature","id":"osm-context-102548917","properties":{"osmId":102548917,"kind":"area","landuse":null,"natural":null,"water":null,"waterway":null,"leisure":null,"amenity":"parking","railway":null,"name":null,"source":"OpenStreetMap"},"geometry":{"type":"Polygon","coordinates":[[[177.4634387,64.7155664],[177.4626382,64.7148324],[177.4623351,64.7148927],[177.4622512,64.7149094],[177.4630516,64.7156434],[177.463135,64.7156269],[177.4634387,64.7155664]]]}},{"type":"Feature","id":"osm-context-119209856","properties":{"osmId":119209856,"kind":"area","landuse":"industrial","natural":null,"water":null,"waterway":null,"leisure":null,"amenity":null,"railway":null,"name":"Анадырская ветряная электростанция","source":"OpenStreetMap"},"geometry":{"type":"Polygon","coordinates":[[[177.5610773,64.7720581],[177.5712482,64.7675461],[177.5673429,64.7658932],[177.560691,64.7645027],[177.5583611,64.7630617],[177.5586299,64.7624563],[177.5575109,64.7619336],[177.5545112,64.7622338],[177.5473873,64.7617032],[177.5417275,64.7610757],[177.536797,64.7604448],[177.5345135,64.7595827],[177.5332828,64.7597336],[177.5324671,64.7600828],[177.5322087,64.7604439],[177.5324936,64.7607301],[177.5318259,64.760965],[177.5318873,64.7614111],[177.5338595,64.7612304],[177.5365798,64.7633996],[177.5400917,64.7664237],[177.5421516,64.7679605],[177.542967,64.7684178],[177.5498335,64.7698813],[177.5520651,64.7703633],[177.5610773,64.7720581]]]}},{"type":"Feature","id":"osm-context-128938009","properties":{"osmId":128938009,"kind":"area","landuse":"military","natural":null,"water":null,"waterway":null,"leisure":null,"amenity":null,"railway":null,"name":"ПУ ФСБ России по ЧАО","source":"OpenStreetMap"},"geometry":{"type":"Polygon","coordinates":[[[177.5002302,64.7348338],[177.5033997,64.7360271],[177.5049466,64.7357908],[177.504852,64.7351751],[177.5045066,64.7347531],[177.5044073,64.734638],[177.5042701,64.7345229],[177.504437,64.7342921],[177.5033449,64.7339478],[177.5028985,64.7342701],[177.5027463,64.7343642],[177.5023022,64.7342625],[177.5015453,64.7342847],[177.5012473,64.7342019],[177.5005661,64.7343796],[177.5000599,64.7345996],[177.5003816,64.7347228],[177.5002302,64.7348338]]]}},{"type":"Feature","id":"osm-context-128938018","properties":{"osmId":128938018,"kind":"area","landuse":null,"natural":null,"water":null,"waterway":null,"leisure":null,"amenity":"hospital","railway":null,"name":"Чукотская окружная больница","source":"OpenStreetMap"},"geometry":{"type":"Polygon","coordinates":[[[177.5274209,64.7329732],[177.5259819,64.7335135],[177.5260267,64.7335352],[177.525736,64.7336444],[177.5260047,64.7337748],[177.5263001,64.733664],[177.526197,64.7336139],[177.527273,64.73321],[177.5273841,64.7332639],[177.5276133,64.7331778],[177.5275004,64.733123],[177.5276272,64.7330754],[177.5276793,64.7331007],[177.5281678,64.7329173],[177.5282785,64.7329711],[177.5285059,64.7328857],[177.5282186,64.7327463],[177.5280124,64.7328237],[177.5279281,64.7327828],[177.5274209,64.7329732]]]}},{"type":"Feature","id":"osm-context-136438885","properties":{"osmId":136438885,"kind":"area","landuse":null,"natural":null,"water":null,"waterway":null,"leisure":"pitch","amenity":null,"railway":null,"name":null,"source":"OpenStreetMap"},"geometry":{"type":"Polygon","coordinates":[[[177.4924741,64.735215],[177.492816,64.7350545],[177.4920981,64.7347861],[177.4917563,64.7349524],[177.4924741,64.735215]]]}},{"type":"Feature","id":"osm-context-136438887","properties":{"osmId":136438887,"kind":"area","landuse":null,"natural":null,"water":null,"waterway":null,"leisure":"pitch","amenity":null,"railway":null,"name":null,"source":"OpenStreetMap"},"geometry":{"type":"Polygon","coordinates":[[[177.4932448,64.7355044],[177.4935866,64.735344],[177.4928688,64.7350755],[177.492527,64.7352418],[177.4932448,64.7355044]]]}},{"type":"Feature","id":"osm-context-136439452","properties":{"osmId":136439452,"kind":"area","landuse":"grass","natural":null,"water":null,"waterway":null,"leisure":null,"amenity":null,"railway":null,"name":null,"source":"OpenStreetMap"},"geometry":{"type":"Polygon","coordinates":[[[177.5097512,64.7363742],[177.5101825,64.7363165],[177.5102103,64.7363031],[177.5100937,64.7361403],[177.5100381,64.7361237],[177.5099771,64.7361206],[177.5095902,64.7361719],[177.5095569,64.7361972],[177.5096865,64.7363552],[177.5097512,64.7363742]]]}},{"type":"Feature","id":"osm-context-137323643","properties":{"osmId":137323643,"kind":"waterway","landuse":null,"natural":null,"water":null,"waterway":"river","leisure":null,"amenity":null,"railway":null,"name":"Казачка","source":"OpenStreetMap"},"geometry":{"type":"LineString","coordinates":[[177.4733452,64.7049435],[177.4736447,64.7048843]]}},{"type":"Feature","id":"osm-context-137323644","properties":{"osmId":137323644,"kind":"waterway","landuse":null,"natural":null,"water":null,"waterway":"river","leisure":null,"amenity":null,"railway":null,"name":"Казачка","source":"OpenStreetMap"},"geometry":{"type":"LineString","coordinates":[[177.4677267,64.7058079],[177.4678821,64.7058088],[177.4686827,64.705813],[177.4689558,64.7058084],[177.4692016,64.7058001],[177.4694282,64.7057849],[177.4696485,64.705763],[177.4698659,64.7057336],[177.4701057,64.7056934],[177.4704085,64.7056391],[177.4707046,64.7055796],[177.47174,64.705348],[177.4720672,64.7052878],[177.472193,64.7052663],[177.4722735,64.7052297],[177.4723079,64.7052147],[177.4723724,64.7051871],[177.4725366,64.7051582],[177.4727331,64.7050935],[177.473052,64.7050082],[177.4733452,64.7049435]]}},{"type":"Feature","id":"osm-context-137323645","properties":{"osmId":137323645,"kind":"waterway","landuse":null,"natural":null,"water":null,"waterway":"river","leisure":null,"amenity":null,"railway":null,"name":"Казачка","source":"OpenStreetMap"},"geometry":{"type":"LineString","coordinates":[[177.4736447,64.7048843],[177.4743787,64.7046933],[177.4746606,64.7046331],[177.474878,64.704609],[177.4750995,64.7046038],[177.4753089,64.7045883],[177.4755746,64.7045488],[177.4760336,64.7044765],[177.4762148,64.7044215],[177.4762229,64.7043733],[177.4763839,64.7043544],[177.4766054,64.7042941],[177.4766819,64.7042924],[177.4767463,64.7043079],[177.476847,64.7042959],[177.477306,64.7041393],[177.4775999,64.7040619],[177.4779502,64.7039896],[177.4780992,64.7039432],[177.4782723,64.7039122],[177.4784092,64.7038709],[177.4786951,64.7038382],[177.4792548,64.7037212],[177.4798839,64.7035834],[177.4799906,64.7035697],[177.4804106,64.7035892],[177.4806374,64.7035727],[177.4806915,64.7035738],[177.4807637,64.703565],[177.4808358,64.7035617],[177.4811107,64.7035263],[177.4816845,64.7034381],[177.4822583,64.7033198],[177.4824546,64.703266],[177.4826861,64.7031693],[177.4832246,64.7029779],[177.4835417,64.702866],[177.483889,64.7027907],[177.4842413,64.7027327],[177.4845383,64.7027047],[177.485111,64.7026733],[177.4853887,64.7026633],[177.4854814,64.7026719],[177.4856142,64.7027167],[177.4856666,64.7027167],[177.4857713,64.7027253],[177.4858437,64.7027562],[177.4859243,64.7027511],[177.4860209,64.702758],[177.4861095,64.7027855],[177.486182,64.7028302],[177.4863027,64.7028732],[177.4863913,64.7029231],[177.4864799,64.7029541],[177.4865765,64.7030367],[177.4867014,64.703121],[177.4867738,64.7031382],[177.4868987,64.7031382],[177.4870678,64.7031726],[177.4873335,64.7031864],[177.48741,64.703207],[177.4874785,64.7032586],[177.4875832,64.7033034],[177.487708,64.7033188],[177.4880301,64.7033619],[177.4880985,64.7033825],[177.4882113,64.703429],[177.4883321,64.7034926],[177.4883482,64.7035339],[177.4883779,64.7035535],[177.4884764,64.7035741],[177.4885361,64.7035749],[177.4886578,64.7035908],[177.4888516,64.7035159],[177.4888557,64.7034816],[177.4889134,64.7034525],[177.4890041,64.7034613],[177.4891917,64.7034181],[177.4892226,64.7033882],[177.4892762,64.70336],[177.4893443,64.7033441],[177.4894247,64.7033441],[177.4895216,64.7033609],[177.489604,64.703397],[177.4896432,64.703434],[177.4896576,64.7034807],[177.4896535,64.7035247],[177.4896205,64.7036067],[177.4895339,64.7036595],[177.4896102,64.7037159],[177.4898741,64.7038145],[177.4900349,64.7038604],[177.4901833,64.7039194],[177.4903049,64.7039893],[177.490437,64.7040499],[177.4905626,64.7040843],[177.4911102,64.7041697],[177.4913776,64.7042261],[177.4917802,64.70435],[177.491893,64.7043775],[177.4921732,64.7044353],[177.4922634,64.7044683],[177.4923278,64.7045041],[177.4924019,64.7045894],[177.4924696,64.704639],[177.4925533,64.7046789],[177.4929302,64.7048165],[177.493233,64.7049143],[177.4933328,64.7049556],[177.4937194,64.7052377],[177.4937967,64.7053451],[177.4938257,64.7053987],[177.4938031,64.7054359],[177.4935776,64.7054964],[177.4935003,64.7055267],[177.4934713,64.7055666],[177.4934842,64.7056121],[177.4936292,64.7057222],[177.493729,64.7057566],[177.4938579,64.7057648],[177.4940383,64.7057855],[177.4942251,64.7058268],[177.4946599,64.7059782],[177.4949273,64.7060924],[177.49504,64.7061254],[177.4951624,64.7061447],[177.495301,64.7061502],[177.4955554,64.7061392],[177.4962995,64.7060938],[177.4965186,64.7060676],[177.4966474,64.7060456],[177.496831,64.7059947],[177.4969663,64.7059699],[177.4972079,64.7059465],[177.497414,64.7059437],[177.4976266,64.7059603],[177.4978586,64.7060071],[177.4980744,64.7060662],[177.4982709,64.7061406],[177.4983578,64.7061543],[177.498477,64.7061584],[177.4985318,64.7061488],[177.4986026,64.7061034],[177.4987089,64.7060594],[177.4989795,64.7059726],[177.4990826,64.70593],[177.4991631,64.705919],[177.4992469,64.7059231],[177.4993628,64.7059424],[177.4994756,64.7059905],[177.4995207,64.7060373],[177.499656,64.7061392],[177.4997848,64.7062176],[177.4998138,64.7062575],[177.4998138,64.7063429],[177.4998879,64.7064213],[177.4999298,64.7065287],[177.499904,64.7066264],[177.4999459,64.7066745],[177.5000296,64.7067805],[177.5001327,64.7068741],[177.5003743,64.7070406],[177.5004097,64.7070874],[177.5003711,64.7072553],[177.5003968,64.7072966],[177.5004484,64.7073255],[177.5004935,64.7073916],[177.5004741,64.7074439],[177.5003453,64.7075237],[177.5003066,64.7075705],[177.5002937,64.7076544],[177.5002648,64.707704],[177.5000812,64.7078223],[177.4998621,64.7079338],[177.4997945,64.7079916],[177.499759,64.7080576],[177.4997623,64.7081196],[177.4998009,64.7081774],[177.4998879,64.7082503],[177.4999008,64.7083012],[177.4998718,64.7083618],[177.4998009,64.7084471],[177.4997365,64.7084953],[177.4995529,64.7085586],[177.4993854,64.7086494],[177.4993274,64.7087333],[177.4992275,64.7088104],[177.4989956,64.708893],[177.4989248,64.7089466],[177.4988764,64.7090154],[177.4988571,64.7091297],[177.4988152,64.7092466],[177.4986445,64.7094585],[177.4986187,64.7095576],[177.4986542,64.7097241],[177.4986349,64.709881],[177.498593,64.7100571],[177.4986123,64.7101425],[177.4986799,64.7102278],[177.498986,64.7103158],[177.4992185,64.7104228],[177.4993789,64.7104782],[177.4996527,64.710536],[177.4998138,64.7105869],[177.4999716,64.7106722],[177.5003324,64.7109131],[177.5005643,64.7110204],[177.5010314,64.711213],[177.5013052,64.7113506],[177.5016337,64.711535],[177.5018625,64.7116341],[177.5020976,64.7117029],[177.502365,64.711762],[177.502555,64.7117813],[177.5027837,64.7117813],[177.5030639,64.7117648],[177.5033055,64.711729],[177.5041173,64.7115144],[177.504317,64.7114786],[177.5044716,64.7114703],[177.5046133,64.7114841],[177.5047937,64.7115213],[177.5050772,64.7116038],[177.5054937,64.7117367],[177.5057997,64.7117952],[177.505989,64.7118622],[177.5062547,64.7119912],[177.5065326,64.7121839],[177.5067419,64.7122922],[177.5067983,64.7123094],[177.5068788,64.7123593],[177.5069634,64.7124402],[177.5070318,64.7124711],[177.5072573,64.7126225],[177.5073419,64.7127171],[177.5075915,64.7130507],[177.50766,64.7131264],[177.5076882,64.7132468],[177.5077405,64.7133569],[177.5077888,64.7135925],[177.5077848,64.713694],[177.5077526,64.7137404],[177.5077043,64.7137696],[177.5076076,64.7137886],[177.5075432,64.7138092],[177.507511,64.7138384],[177.5074103,64.7140586],[177.5072681,64.7142514]]}},{"type":"Feature","id":"osm-context-137323648","properties":{"osmId":137323648,"kind":"area","landuse":"basin","natural":null,"water":null,"waterway":null,"leisure":null,"amenity":null,"railway":null,"name":null,"source":"OpenStreetMap"},"geometry":{"type":"Polygon","coordinates":[[[177.4708036,64.7056677],[177.4704932,64.70573],[177.4701925,64.705785],[177.4699432,64.7058268],[177.4697096,64.7058584],[177.4694724,64.7058819],[177.4692286,64.7058983],[177.4689695,64.7059071],[177.468686,64.7059118],[177.4678807,64.7059081],[177.4678821,64.7058088],[177.4678835,64.705715],[177.468681,64.7057186],[177.4689428,64.7057142],[177.4691757,64.7057063],[177.469386,64.7056922],[177.4695901,64.705672],[177.4697921,64.7056447],[177.470023,64.7056059],[177.4703104,64.7055533],[177.470608,64.7054935],[177.4707046,64.7055796],[177.4708036,64.7056677]]]}},{"type":"Feature","id":"osm-context-137323649","properties":{"osmId":137323649,"kind":"coastline","landuse":null,"natural":"coastline","water":null,"waterway":null,"leisure":null,"amenity":null,"railway":null,"name":null,"source":"OpenStreetMap"},"geometry":{"type":"LineString","coordinates":[[177.5373062,64.7293328],[177.5372248,64.7290596],[177.5372246,64.729012],[177.5372563,64.728988],[177.5373433,64.7289815],[177.537467,64.7290583],[177.5377416,64.7297238],[177.5378607,64.7297319],[177.5383495,64.7313038],[177.5382573,64.7313503],[177.5384836,64.7320802],[177.5389279,64.7321983],[177.53919,64.7328813],[177.5381692,64.7330788],[177.5378126,64.7339672],[177.5377804,64.7344183],[177.5380057,64.7346037],[177.5382525,64.7347251],[177.5382417,64.7347869],[177.5381023,64.7347846],[177.5374746,64.7346449],[177.537362,64.7347548],[177.5372869,64.7348419],[177.5371098,64.734906],[177.5370698,64.7349406],[177.5369907,64.7349813],[177.5368982,64.7350113],[177.5367561,64.7350402],[177.5366538,64.735072],[177.5362415,64.7352633],[177.5359172,64.7354015],[177.5354491,64.7355708],[177.5353118,64.7356131],[177.5351107,64.7356539],[177.5347596,64.7357398],[177.5343351,64.7358297],[177.5333189,64.7360285],[177.5332365,64.7360527],[177.5331691,64.7360893],[177.5331303,64.7361564],[177.5332426,64.7361735],[177.5332855,64.7363945],[177.5332283,64.7364276],[177.5329852,64.7364546],[177.5325053,64.7364782],[177.5322516,64.7364875],[177.5321117,64.7364553],[177.5320304,64.7362113],[177.5319629,64.7361946],[177.5319269,64.736145],[177.5317495,64.7360582],[177.5317354,64.7359601],[177.5318706,64.7359523],[177.5318767,64.7359136],[177.5318481,64.7358443],[177.531817,64.7357997],[177.5317281,64.7357582],[177.531654,64.7357397],[177.5313516,64.7357009],[177.5308007,64.7356918],[177.5297835,64.7358245],[177.5294868,64.7357581],[177.5274086,64.7362474],[177.5267568,64.7361579],[177.52664,64.7361557],[177.5265214,64.7361334],[177.5264479,64.7361025],[177.5263829,64.7360571],[177.5263076,64.735974],[177.5262557,64.7359341],[177.5261363,64.7358787],[177.5260402,64.7358088],[177.5258092,64.7357356],[177.5255941,64.7356044],[177.5252038,64.7355562],[177.5251754,64.7355759],[177.5250388,64.7356009],[177.5247969,64.7356337],[177.5245729,64.7356896],[177.5241713,64.7358694],[177.5240672,64.7360577],[177.5241515,64.7362714],[177.5239879,64.7365148],[177.5230112,64.7368164],[177.5221982,64.737067],[177.5201904,64.7372701],[177.5186587,64.7372671],[177.5178703,64.737378],[177.5170753,64.7374723],[177.5163136,64.73767],[177.5156204,64.7379681],[177.5144617,64.7389895],[177.513182,64.7392367],[177.5126221,64.7392703],[177.5121494,64.7392986],[177.511769,64.7394433],[177.511769,64.739612],[177.5116554,64.7395635],[177.5114484,64.7396041],[177.5121794,64.7404383],[177.5074818,64.7413674],[177.5072344,64.7411256],[177.5069725,64.7411591],[177.5059467,64.7402096],[177.5047066,64.7404549],[177.5038422,64.7403934],[177.5024048,64.740527],[177.5011646,64.7407132],[177.5002864,64.74077],[177.4994343,64.7409321],[177.4981015,64.741073],[177.4975803,64.7412252],[177.4969974,64.7412879],[177.4953879,64.7413292],[177.4952993,64.7414643],[177.4941608,64.7414192],[177.4896405,64.7413686],[177.4867408,64.7412085],[177.4837918,64.7412431],[177.4812521,64.741133],[177.4787795,64.7408917],[177.4749768,64.7405789],[177.4610333,64.739371],[177.4558067,64.7391505]]}},{"type":"Feature","id":"osm-context-137323650","properties":{"osmId":137323650,"kind":"coastline","landuse":null,"natural":"coastline","water":null,"waterway":null,"leisure":null,"amenity":null,"railway":null,"name":null,"source":"OpenStreetMap"},"geometry":{"type":"LineString","coordinates":[[177.4957998,64.679758],[177.4962606,64.6804806],[177.4991021,64.6845858],[177.5011757,64.6873113],[177.5017594,64.6880402],[177.5045702,64.6914877],[177.5081336,64.6957553],[177.5113745,64.6996482],[177.5130759,64.7017088],[177.5142634,64.7030665],[177.5155566,64.7046689],[177.5160599,64.705267],[177.5167441,64.7060667],[177.5175541,64.7071352],[177.5178021,64.7074751],[177.5190462,64.7091665],[177.5192475,64.7095267],[177.5197886,64.710333],[177.5208366,64.711755],[177.5212434,64.7122955],[177.5215914,64.7128124],[177.5227302,64.7142609],[177.5231265,64.7147527],[177.5233215,64.7149515],[177.5235732,64.7152686],[177.5241268,64.7159807],[177.5246742,64.7167384],[177.5249887,64.7171522],[177.525555,64.7178186],[177.5260142,64.7183559],[177.526515,64.71891],[177.526666,64.7191098],[177.5269529,64.7194387],[177.5273706,64.7198922],[177.5282464,64.7208143],[177.5285534,64.7211238],[177.528951,64.7215386],[177.529102,64.7217126],[177.5292329,64.7218781],[177.5293335,64.7219899],[177.529504,64.722139],[177.5296062,64.7222427],[177.5300178,64.722674],[177.5301708,64.7228528],[177.530351,64.7231128],[177.5306771,64.7234945],[177.5308905,64.7237335],[177.5311724,64.7240086],[177.5316273,64.724514],[177.5317924,64.7246704],[177.5331897,64.7261525],[177.5333121,64.7262887],[177.5333346,64.7263341],[177.5338236,64.7268292],[177.534033,64.7270217],[177.5350275,64.727876],[177.5350758,64.727931],[177.5350905,64.7279537],[177.535109,64.7279669],[177.5351111,64.7279986],[177.5350802,64.7280646],[177.534958,64.7283238],[177.5349796,64.7283282],[177.5349975,64.7283378],[177.5350058,64.7283522],[177.5349569,64.7284376],[177.5349332,64.7284512],[177.5349173,64.7284664],[177.534916,64.7284855],[177.5349239,64.7285019],[177.5349503,64.7285396],[177.5349965,64.7285796],[177.5351031,64.7286528],[177.5352123,64.7287179],[177.5353134,64.7287707],[177.535451,64.728844]]}},{"type":"Feature","id":"osm-context-137649757","properties":{"osmId":137649757,"kind":"area","landuse":"military","natural":null,"water":null,"waterway":null,"leisure":null,"amenity":null,"railway":null,"name":null,"source":"OpenStreetMap"},"geometry":{"type":"Polygon","coordinates":[[[177.5156165,64.7129169],[177.5155427,64.7128674],[177.5150314,64.712667],[177.5142322,64.7125756],[177.513433,64.712667],[177.5130783,64.7127859],[177.512848,64.7129169],[177.5126338,64.7132583],[177.512848,64.7135997],[177.513433,64.7138496],[177.5138867,64.7139249],[177.5142322,64.7139411],[177.5150314,64.7138496],[177.5156165,64.7135997],[177.5158306,64.7132583],[177.5156165,64.7129169]]]}},{"type":"Feature","id":"osm-context-137651232","properties":{"osmId":137651232,"kind":"area","landuse":"quarry","natural":null,"water":null,"waterway":null,"leisure":null,"amenity":null,"railway":null,"name":null,"source":"OpenStreetMap"},"geometry":{"type":"Polygon","coordinates":[[[177.4840149,64.7220841],[177.4856465,64.7224783],[177.4864623,64.7223224],[177.4871493,64.7220841],[177.4881082,64.7216685],[177.4870777,64.7211276],[177.4856107,64.7209168],[177.4847019,64.7211093],[177.4839791,64.7210451],[177.4832491,64.7213385],[177.4827768,64.7215738],[177.4840149,64.7220841]]]}},{"type":"Feature","id":"osm-context-137651234","properties":{"osmId":137651234,"kind":"area","landuse":"quarry","natural":null,"water":null,"waterway":null,"leisure":null,"amenity":null,"railway":null,"name":null,"source":"OpenStreetMap"},"geometry":{"type":"Polygon","coordinates":[[[177.4823102,64.7210726],[177.4834788,64.7208293],[177.4842091,64.7203615],[177.4849979,64.7199436],[177.4861372,64.7194071],[177.486853,64.7186024],[177.4867799,64.7178414],[177.4860288,64.7177025],[177.4855575,64.7175909],[177.4850609,64.7176897],[177.479987,64.7185394],[177.4823102,64.7210726]]]}},{"type":"Feature","id":"osm-context-157989439","properties":{"osmId":157989439,"kind":"area","landuse":null,"natural":null,"water":null,"waterway":null,"leisure":"pitch","amenity":null,"railway":null,"name":null,"source":"OpenStreetMap"},"geometry":{"type":"Polygon","coordinates":[[[177.5112731,64.7369261],[177.5118215,64.7368608],[177.5115608,64.7364621],[177.5110124,64.7365274],[177.5112731,64.7369261]]]}},{"type":"Feature","id":"osm-context-211046413","properties":{"osmId":211046413,"kind":"area","landuse":null,"natural":null,"water":null,"waterway":null,"leisure":null,"amenity":"school","railway":null,"name":"Школа №1","source":"OpenStreetMap"},"geometry":{"type":"Polygon","coordinates":[[[177.5099369,64.7357243],[177.5103922,64.7363102],[177.5105303,64.7363864],[177.5110165,64.7369469],[177.5119042,64.7369814],[177.512352,64.7369206],[177.5124639,64.7367903],[177.5120823,64.7362539],[177.5130344,64.7361175],[177.5128199,64.7358404],[177.5129671,64.7358121],[177.5125619,64.7353528],[177.5100248,64.7356809],[177.5099369,64.7357243]]]}},{"type":"Feature","id":"osm-context-211046437","properties":{"osmId":211046437,"kind":"area","landuse":"grass","natural":null,"water":null,"waterway":null,"leisure":null,"amenity":null,"railway":null,"name":null,"source":"OpenStreetMap"},"geometry":{"type":"Polygon","coordinates":[[[177.512219,64.7355348],[177.512364,64.7354252],[177.5124199,64.7355109],[177.512219,64.7355348]]]}},{"type":"Feature","id":"osm-context-211046438","properties":{"osmId":211046438,"kind":"area","landuse":"grass","natural":null,"water":null,"waterway":null,"leisure":null,"amenity":null,"railway":null,"name":null,"source":"OpenStreetMap"},"geometry":{"type":"Polygon","coordinates":[[[177.5107994,64.7357357],[177.5110741,64.7356966],[177.5108197,64.7356304],[177.5107281,64.7356423],[177.5107994,64.7357357]]]}},{"type":"Feature","id":"osm-context-211046439","properties":{"osmId":211046439,"kind":"area","landuse":null,"natural":null,"water":null,"waterway":null,"leisure":"pitch","amenity":null,"railway":null,"name":null,"source":"OpenStreetMap"},"geometry":{"type":"Polygon","coordinates":[[[177.5117456,64.7366683],[177.5120741,64.7366247],[177.5119052,64.736393],[177.5115768,64.7364366],[177.5117456,64.7366683]]]}},{"type":"Feature","id":"osm-context-211046440","properties":{"osmId":211046440,"kind":"area","landuse":null,"natural":null,"water":null,"waterway":null,"leisure":"pitch","amenity":null,"railway":null,"name":null,"source":"OpenStreetMap"},"geometry":{"type":"Polygon","coordinates":[[[177.5119098,64.7368726],[177.5121835,64.7368378],[177.5120489,64.7366452],[177.5117752,64.73668],[177.5119098,64.7368726]]]}},{"type":"Feature","id":"osm-context-211046442","properties":{"osmId":211046442,"kind":"area","landuse":"grass","natural":null,"water":null,"waterway":null,"leisure":null,"amenity":null,"railway":null,"name":null,"source":"OpenStreetMap"},"geometry":{"type":"Polygon","coordinates":[[[177.5111454,64.735676],[177.5114812,64.7356239],[177.5115219,64.7355978],[177.5113336,64.7355609],[177.5112331,64.7355729],[177.5112565,64.7355898],[177.5110856,64.7356102],[177.5110568,64.7355975],[177.5109342,64.735613],[177.5111454,64.735676]]]}},{"type":"Feature","id":"osm-context-211046443","properties":{"osmId":211046443,"kind":"area","landuse":"grass","natural":null,"water":null,"waterway":null,"leisure":null,"amenity":null,"railway":null,"name":null,"source":"OpenStreetMap"},"geometry":{"type":"Polygon","coordinates":[[[177.5117,64.7355717],[177.511817,64.7354946],[177.5118984,64.7354849],[177.5119467,64.735499],[177.5120968,64.7354773],[177.5120968,64.7354599],[177.5122291,64.7354382],[177.5121172,64.7355402],[177.5117661,64.7355858],[177.5117,64.7355717]]]}},{"type":"Feature","id":"osm-context-211047525","properties":{"osmId":211047525,"kind":"area","landuse":"quarry","natural":null,"water":null,"waterway":null,"leisure":null,"amenity":null,"railway":null,"name":null,"source":"OpenStreetMap"},"geometry":{"type":"Polygon","coordinates":[[[177.4072846,64.7311166],[177.402772,64.7297857],[177.4067923,64.7279118],[177.40109,64.7268084],[177.3974389,64.7257224],[177.397644,64.7203272],[177.4056437,64.7200469],[177.4131511,64.7208002],[177.4170483,64.7243037],[177.4172945,64.7270886],[177.4128229,64.7274389],[177.4138485,64.7292253],[177.4098281,64.7317995],[177.4072846,64.7311166]]]}},{"type":"Feature","id":"osm-context-211047526","properties":{"osmId":211047526,"kind":"area","landuse":"cemetery","natural":null,"water":null,"waterway":null,"leisure":null,"amenity":null,"railway":null,"name":"Анадырское городское кладбище","source":"OpenStreetMap"},"geometry":{"type":"Polygon","coordinates":[[[177.416291,64.737527],[177.4163341,64.737511],[177.4165364,64.7376144],[177.4166875,64.7375605],[177.4170084,64.7374558],[177.417071,64.7373631],[177.4170386,64.7373061],[177.4167251,64.7372761],[177.4167928,64.7371491],[177.4166669,64.7370852],[177.4166101,64.737001],[177.4164365,64.736971],[177.416493,64.7366782],[177.4159807,64.7363047],[177.4151712,64.7359584],[177.4136653,64.7353021],[177.4101352,64.736662],[177.4114105,64.7372519],[177.4115197,64.7373682],[177.4123484,64.7377673],[177.412778,64.7378965],[177.4140377,64.7380929],[177.4144314,64.7381176],[177.416291,64.737527]]]}},{"type":"Feature","id":"osm-context-211047527","properties":{"osmId":211047527,"kind":"area","landuse":null,"natural":null,"water":null,"waterway":null,"leisure":null,"amenity":"kindergarten","railway":null,"name":"Детский сад «Сказка»","source":"OpenStreetMap"},"geometry":{"type":"Polygon","coordinates":[[[177.494549,64.7349924],[177.4927579,64.7343476],[177.4936735,64.7338843],[177.4954645,64.7345291],[177.494549,64.7349924]]]}},{"type":"Feature","id":"osm-context-243580235","properties":{"osmId":243580235,"kind":"area","landuse":null,"natural":"water","water":null,"waterway":null,"leisure":null,"amenity":null,"railway":null,"name":null,"source":"OpenStreetMap"},"geometry":{"type":"Polygon","coordinates":[[[177.5777005,64.7708931],[177.5778509,64.7708361],[177.5780514,64.7708717],[177.5781349,64.7709483],[177.5780848,64.771048],[177.5779386,64.7711032],[177.577759,64.7711228],[177.577596,64.7710996],[177.5775042,64.7710355],[177.5775334,64.7709483],[177.5775835,64.7709163],[177.5777005,64.7708931]]]}},{"type":"Feature","id":"osm-context-243580236","properties":{"osmId":243580236,"kind":"area","landuse":null,"natural":"water","water":null,"waterway":null,"leisure":null,"amenity":null,"railway":null,"name":null,"source":"OpenStreetMap"},"geometry":{"type":"Polygon","coordinates":[[[177.5784106,64.7714913],[177.5784941,64.771372],[177.5786946,64.7712955],[177.578916,64.7712919],[177.5790372,64.7713471],[177.5790998,64.7714629],[177.5790539,64.7715857],[177.5792806,64.7716765],[177.5791664,64.7718539],[177.5788731,64.7719133],[177.5786027,64.7718278],[177.5785234,64.7717869],[177.5785067,64.7717085],[177.5785067,64.7715946],[177.5784106,64.7714913]]]}},{"type":"Feature","id":"osm-context-243580237","properties":{"osmId":243580237,"kind":"area","landuse":null,"natural":"water","water":null,"waterway":null,"leisure":null,"amenity":null,"railway":null,"name":null,"source":"OpenStreetMap"},"geometry":{"type":"Polygon","coordinates":[[[177.5799856,64.7695749],[177.5794244,64.769731],[177.5793003,64.7698015],[177.5790227,64.7699022],[177.5786682,64.7701464],[177.5783138,64.7704939],[177.5785737,64.7705795],[177.5785974,64.77064],[177.5787864,64.7706803],[177.5787628,64.770786],[177.5789636,64.7708011],[177.5790818,64.7708364],[177.5796725,64.7707457],[177.5804877,64.7705695],[177.5811611,64.7703731],[177.5816101,64.770222],[177.5815747,64.7700508],[177.5813856,64.7698191],[177.5810903,64.7696529],[177.5806767,64.7695572],[177.5802869,64.769527],[177.5799856,64.7695749]]]}},{"type":"Feature","id":"osm-context-243580238","properties":{"osmId":243580238,"kind":"area","landuse":null,"natural":"water","water":null,"waterway":null,"leisure":null,"amenity":null,"railway":null,"name":null,"source":"OpenStreetMap"},"geometry":{"type":"Polygon","coordinates":[[[177.581152,64.7688006],[177.5814179,64.7688182],[177.5817841,64.7688787],[177.5820559,64.7690323],[177.5821268,64.7691607],[177.5821858,64.7693571],[177.5818668,64.7693999],[177.5815242,64.7694377],[177.5813352,64.7693244],[177.5812466,64.7692388],[177.5811166,64.7691884],[177.5811402,64.7690348],[177.5812761,64.7689316],[177.5809098,64.7688661],[177.5806322,64.7689416],[177.580455,64.769065],[177.5805554,64.7691985],[177.5809276,64.7693294],[177.5818786,64.7696165],[177.5824457,64.7697953],[177.5824871,64.7696895],[177.5828888,64.7695309],[177.5830188,64.7692841],[177.5832314,64.7690575],[177.5832551,64.7688762],[177.5833496,64.7686898],[177.5835268,64.7685261],[177.5834618,64.7683348],[177.5830956,64.7682466],[177.5827943,64.7682668],[177.5825639,64.7683473],[177.5822331,64.7684581],[177.5818609,64.7685614],[177.5816837,64.7685664],[177.5814769,64.7685765],[177.5812584,64.7686848],[177.581152,64.7688006]]]}},{"type":"Feature","id":"osm-context-268264236","properties":{"osmId":268264236,"kind":"waterway","landuse":null,"natural":null,"water":null,"waterway":"river","leisure":null,"amenity":null,"railway":null,"name":"Казачка","source":"OpenStreetMap"},"geometry":{"type":"LineString","coordinates":[[177.3638821,64.6625918],[177.3639142,64.6628811],[177.3637319,64.6631428],[177.3634207,64.6634045],[177.3630237,64.6636845],[177.36238,64.6639692],[177.3619401,64.664263],[177.3618543,64.6645247],[177.3618114,64.664791],[177.3619401,64.6648644],[177.3622405,64.6648828],[177.3625624,64.6649287],[177.3629057,64.6650481],[177.363174,64.6654062],[177.3632705,64.6656495],[177.3632598,64.6658653],[177.3630881,64.6662876],[177.3630988,64.6665539],[177.363174,64.6666641],[177.3633134,64.6668064],[177.363528,64.6669028],[177.3637104,64.6669441],[177.3639464,64.6669257],[177.3642039,64.6668156],[177.364397,64.6666273],[177.3647511,64.666485],[177.3651051,64.666485],[177.365309,64.6665539],[177.3652661,64.6667191],[177.3652661,64.6669165],[177.3655879,64.6671231],[177.3660171,64.6673297],[177.3661458,64.6674858],[177.3659956,64.6676602],[177.365545,64.667752],[177.3652124,64.6677658],[177.3647725,64.6677933],[177.3643005,64.6678163],[177.3636138,64.6678163],[177.3631847,64.6678714],[177.3628843,64.6679999],[177.362895,64.6681514],[177.3630559,64.6682845],[177.3634851,64.6684314],[177.3637533,64.6686472],[177.3639357,64.6689226],[177.3637855,64.6690832],[177.3635065,64.669198],[177.3633242,64.6693036],[177.3633456,64.6694872],[177.3635602,64.669758],[177.3636138,64.6700977],[177.3639786,64.67024],[177.3644614,64.6703088],[177.3647833,64.670396],[177.3652446,64.6705659],[177.3652553,64.6707632],[177.3651051,64.6709377],[177.3650086,64.6710799],[177.3650193,64.6712085],[177.365309,64.6713232],[177.3654163,64.6715068],[177.3654163,64.671851],[177.3652446,64.6719796],[177.3646438,64.6721999],[177.3645043,64.6724018],[177.3644829,64.6725303],[177.3645151,64.6726313],[177.3650622,64.6730719],[177.3658562,64.6735217],[177.3664892,64.6739256],[177.3669612,64.6740403],[177.3677981,64.6741459],[177.3686457,64.6742376],[177.3693859,64.6742193],[177.3699331,64.6741275],[177.3708558,64.6738567],[177.3712313,64.6736777],[177.3721218,64.673641],[177.3729479,64.6737236],[177.3733771,64.6738521],[177.3734522,64.6739439],[177.373302,64.6741],[177.3724115,64.6743203],[177.3715317,64.6744579],[177.3709738,64.6746415],[177.3707485,64.6749536],[177.3705983,64.675128],[177.3702443,64.6752473],[177.3698366,64.6752473],[177.3691714,64.6752014],[177.3686993,64.6751096],[177.3681521,64.6751004],[177.3676693,64.675206],[177.3675835,64.6753896],[177.367723,64.675564],[177.3679268,64.6756649],[177.3683238,64.6757475],[177.3687315,64.6759586],[177.3691285,64.6761514],[177.3691177,64.6764175],[177.3691392,64.676647],[177.3689353,64.6768902],[177.3686993,64.6771105],[177.3687403,64.6772608],[177.3689314,64.6774322],[177.3691714,64.6776931],[177.3693779,64.6777944],[177.3695769,64.6778245],[177.3700805,64.6778493],[177.370486,64.6778105],[177.3709947,64.6778191],[177.3713574,64.6778472],[177.3719366,64.677915],[177.3728785,64.6780593],[177.3737423,64.6782101],[177.3740797,64.6782877],[177.3741855,64.6783599],[177.3744802,64.6784859],[177.374646,64.6788615],[177.3745961,64.6789597],[177.3744875,64.6790169],[177.374297,64.6791806],[177.3740761,64.6792865],[177.3739924,64.6794525],[177.3740316,64.6795454],[177.3741527,64.6796558],[177.3743646,64.6797686],[177.3745605,64.6797998],[177.3747493,64.6797998],[177.3749843,64.6797549],[177.3751446,64.6796635],[177.3755613,64.6795903],[177.3763543,64.6794451],[177.3765695,64.6793553],[177.377121,64.6790914],[177.3775769,64.6789132],[177.377876,64.6787891],[177.3778921,64.6786931],[177.3778974,64.6786421],[177.3779277,64.6786185],[177.3780274,64.6786124],[177.3781592,64.6786139],[177.3783994,64.6786368],[177.3786588,64.6786595],[177.3789661,64.6787435],[177.379228,64.6787661],[177.3796561,64.67882],[177.3798752,64.6788749],[177.379981,64.6789589],[177.3799971,64.679193],[177.3799259,64.6794077],[177.3797407,64.6795936],[177.379698,64.6796971],[177.3798547,64.6800581],[177.3799473,64.6802363],[177.3803675,64.6803765],[177.3811226,64.6805303],[177.382045,64.6806735],[177.3826077,64.6807953],[177.3829746,64.6809842],[177.3833948,64.6816605],[177.3835373,64.6818508],[177.3838685,64.6820793],[177.3845167,64.6823611],[177.3851079,64.6825103],[177.3859235,64.6826093],[177.3870556,64.6827811],[177.3883867,64.6829336],[177.3891433,64.6829723],[177.3896526,64.6830409],[177.3901868,64.683184],[177.3903934,64.6832815],[177.3905181,64.6835907],[177.3906605,64.6840323],[177.3909205,64.6842943],[177.39138,64.6846268],[177.3917788,64.6849801],[177.3922347,64.6851339],[177.3929613,64.6852938],[177.3940511,64.6854141],[177.3943788,64.6855268],[177.3945227,64.6857779],[177.3943101,64.6861683],[177.3937579,64.6867116],[177.3935727,64.6869628],[177.3933234,64.6871075],[177.3926046,64.6873891],[177.3923381,64.6876052],[177.3922812,64.6878732],[177.3925305,64.6881778],[177.3930365,64.68845],[177.3940187,64.6887472],[177.3947339,64.6890874],[177.3955599,64.6892231],[177.3971213,64.6892295],[177.3994577,64.6891443],[177.4004179,64.6891619],[177.401264,64.6893018],[177.402085,64.6896227],[177.4033845,64.6901179],[177.4042811,64.6901524],[177.4058324,64.6901868],[177.4067692,64.6905184],[177.4071822,64.6911644],[177.4073736,64.6917759],[177.4079579,64.6920558],[177.4089048,64.6921721],[177.4109195,64.6918491],[177.4124984,64.6918634],[177.4129543,64.6921704],[177.4133674,64.6933701],[177.4144644,64.6938938],[177.4157323,64.6940826],[177.4181114,64.6940887],[177.4192511,64.6941861],[177.4201628,64.6945576],[177.420462,64.6951543],[177.4196072,64.6959337],[177.4196785,64.6965426],[177.4212455,64.6970419],[177.4244509,64.6968958],[177.4257747,64.6970827],[177.4313879,64.6999675],[177.4316454,64.7014346],[177.4322032,64.7023333],[177.4342632,64.7031768],[177.4422454,64.7047538],[177.4534893,64.7073026],[177.4589395,64.7064225],[177.4640464,64.705744],[177.4673349,64.7057818],[177.4677267,64.7058079]]}},{"type":"Feature","id":"osm-context-315550470","properties":{"osmId":315550470,"kind":"area","landuse":null,"natural":null,"water":null,"waterway":null,"leisure":null,"amenity":"parking","railway":null,"name":null,"source":"OpenStreetMap"},"geometry":{"type":"Polygon","coordinates":[[[177.5137482,64.7355245],[177.5136104,64.7353182],[177.5139852,64.7352726],[177.514123,64.735479],[177.5137482,64.7355245]]]}},{"type":"Feature","id":"osm-context-315550471","properties":{"osmId":315550471,"kind":"area","landuse":null,"natural":null,"water":null,"waterway":null,"leisure":null,"amenity":"parking","railway":null,"name":null,"source":"OpenStreetMap"},"geometry":{"type":"Polygon","coordinates":[[[177.5145122,64.7346462],[177.5142454,64.7345371],[177.5143268,64.7344522],[177.5146772,64.7346172],[177.5145122,64.7346462]]]}},{"type":"Feature","id":"osm-context-364941857","properties":{"osmId":364941857,"kind":"coastline","landuse":null,"natural":"coastline","water":null,"waterway":null,"leisure":null,"amenity":null,"railway":null,"name":null,"source":"OpenStreetMap"},"geometry":{"type":"LineString","coordinates":[[177.6691349,64.7172913],[177.6718288,64.716404],[177.6729092,64.7161726],[177.673996,64.7158459],[177.6744536,64.7155373],[177.6753146,64.715235],[177.6759012,64.7145613],[177.6760429,64.7119952],[177.6761496,64.7117221],[177.6767522,64.7102311],[177.6789144,64.7100282],[177.6799858,64.7086456],[177.680136,64.7077609],[177.6812194,64.7068165],[177.6779533,64.7011473],[177.6753402,64.7018198],[177.6747393,64.7031126],[177.6735598,64.7032254],[177.6727953,64.6998812],[177.6715846,64.699073],[177.6710105,64.6984202],[177.6706173,64.6976378],[177.6661214,64.6974823],[177.6652936,64.6974931],[177.664028,64.6986898],[177.6614472,64.6995242],[177.6603029,64.699543],[177.6592906,64.6993487],[177.6581316,64.6987844],[177.6565764,64.6980508],[177.6556521,64.6974363],[177.6549333,64.6968845],[177.654097,64.6967841],[177.6530554,64.6969221],[177.6508547,64.6973297],[177.6489768,64.6978062],[177.6479499,64.6981824],[177.6472016,64.6987781],[177.6469376,64.6992609],[177.647275,64.7002076],[177.6483606,64.7019443],[177.6492556,64.7030728],[177.6504293,64.7041949],[177.6521898,64.7053358],[177.6551498,64.7066786],[177.6579358,64.7078653],[177.6603967,64.7087092],[177.665777,64.7106431],[177.6665139,64.7108263],[177.6676316,64.7113097],[177.6688414,64.7118856],[177.6683208,64.7118943],[177.6676355,64.7117558],[177.6667438,64.7115217],[177.6661848,64.7112655],[177.6644368,64.7105893],[177.6589008,64.7085877],[177.6580729,64.7082505],[177.65727,64.7079544],[177.6547705,64.706849],[177.6525744,64.7059371],[177.6508318,64.7052017],[177.6479792,64.7041385],[177.6424776,64.7019067],[177.6371241,64.6995319],[177.6359653,64.6991696],[177.6356649,64.6991651],[177.6347637,64.6994585],[177.6345169,64.6994631],[177.6341092,64.699619],[177.6334333,64.6992751],[177.6335835,64.6992109],[177.632972,64.6988578],[177.6331115,64.6988028],[177.632736,64.6985965],[177.6329183,64.6985231],[177.6328647,64.6984864],[177.6332509,64.6983351],[177.6332617,64.698248],[177.6331329,64.6981976],[177.6329613,64.6982251],[177.6323712,64.6983076],[177.6322049,64.6983053],[177.6319742,64.6983443],[177.6320225,64.6983787],[177.6315665,64.6984704],[177.6304024,64.6975281],[177.6312988,64.6968337],[177.6318133,64.6966477],[177.6329613,64.6965605],[177.6335513,64.6964184],[177.6340234,64.6962762],[177.6351714,64.6962441],[177.6388192,64.6962992],[177.6411795,64.696235],[177.6418662,64.6960974],[177.642219,64.6958389],[177.6423348,64.6955666],[177.6423685,64.6953122]]}},{"type":"Feature","id":"osm-context-442286876","properties":{"osmId":442286876,"kind":"area","landuse":null,"natural":null,"water":null,"waterway":null,"leisure":null,"amenity":"kindergarten","railway":null,"name":"Детский сад Золотой ключик","source":"OpenStreetMap"},"geometry":{"type":"Polygon","coordinates":[[[177.5212054,64.7333787],[177.5226163,64.7328543],[177.523775,64.7334245],[177.522568,64.7338893],[177.5224232,64.7338389],[177.5222783,64.7338938],[177.5212054,64.7333787]]]}},{"type":"Feature","id":"osm-context-442286889","properties":{"osmId":442286889,"kind":"area","landuse":"residential","natural":null,"water":null,"waterway":null,"leisure":null,"amenity":null,"railway":null,"name":null,"source":"OpenStreetMap"},"geometry":{"type":"Polygon","coordinates":[[[177.5209226,64.7352533],[177.5252141,64.7335888],[177.5225534,64.7322607],[177.5181438,64.7338933],[177.5209226,64.7352533]]]}},{"type":"Feature","id":"osm-context-442286890","properties":{"osmId":442286890,"kind":"area","landuse":"residential","natural":null,"water":null,"waterway":null,"leisure":null,"amenity":null,"railway":null,"name":null,"source":"OpenStreetMap"},"geometry":{"type":"Polygon","coordinates":[[[177.5172846,64.7357822],[177.5154744,64.7348843],[177.5177633,64.7339664],[177.5200574,64.7350769],[177.5187807,64.7355768],[177.5184123,64.735414],[177.5177845,64.735619],[177.5172846,64.7357822]]]}},{"type":"Feature","id":"osm-context-442321949","properties":{"osmId":442321949,"kind":"area","landuse":null,"natural":null,"water":null,"waterway":null,"leisure":null,"amenity":"kindergarten","railway":null,"name":"Детский сад \"Сказка\"","source":"OpenStreetMap"},"geometry":{"type":"Polygon","coordinates":[[[177.5024467,64.7376972],[177.5032514,64.7375736],[177.5033855,64.7376904],[177.5039079,64.7376123],[177.504238,64.7380318],[177.5040427,64.7380622],[177.5041751,64.7382284],[177.5030315,64.7383932],[177.5024467,64.7376972]]]}},{"type":"Feature","id":"osm-context-442328588","properties":{"osmId":442328588,"kind":"area","landuse":null,"natural":null,"water":null,"waterway":null,"leisure":null,"amenity":"kindergarten","railway":null,"name":"Детский сад «Парус»","source":"OpenStreetMap"},"geometry":{"type":"Polygon","coordinates":[[[177.5111796,64.7377653],[177.511437,64.7372708],[177.5129284,64.7374196],[177.5127352,64.7378133],[177.5125582,64.7378042],[177.5125099,64.7378729],[177.512408,64.7378866],[177.5111796,64.7377653]]]}},{"type":"Feature","id":"osm-context-442337572","properties":{"osmId":442337572,"kind":"area","landuse":null,"natural":null,"water":null,"waterway":null,"leisure":"playground","amenity":null,"railway":null,"name":null,"source":"OpenStreetMap"},"geometry":{"type":"Polygon","coordinates":[[[177.5101013,64.7351988],[177.5105119,64.7351372],[177.5102837,64.73486],[177.5098731,64.7349215],[177.5101013,64.7351988]]]}},{"type":"Feature","id":"osm-context-442337591","properties":{"osmId":442337591,"kind":"area","landuse":null,"natural":null,"water":null,"waterway":null,"leisure":null,"amenity":"kindergarten","railway":null,"name":"Детский сад «Ладушки»","source":"OpenStreetMap"},"geometry":{"type":"Polygon","coordinates":[[[177.5064186,64.7354964],[177.5057964,64.7348439],[177.5049112,64.734979],[177.5050453,64.7357323],[177.5064186,64.7354964]]]}},{"type":"Feature","id":"osm-context-442350498","properties":{"osmId":442350498,"kind":"area","landuse":"residential","natural":null,"water":null,"waterway":null,"leisure":null,"amenity":null,"railway":null,"name":null,"source":"OpenStreetMap"},"geometry":{"type":"Polygon","coordinates":[[[177.5136183,64.7383773],[177.5161396,64.7371549],[177.5165687,64.7370313],[177.5174861,64.736839],[177.5180761,64.7367589],[177.5179082,64.7365487],[177.5137363,64.7371046],[177.5135271,64.737171],[177.5133823,64.7372465],[177.5131677,64.7374915],[177.5128512,64.738089],[177.5136183,64.7383773]]]}},{"type":"Feature","id":"osm-context-442350499","properties":{"osmId":442350499,"kind":"area","landuse":"residential","natural":null,"water":null,"waterway":null,"leisure":null,"amenity":null,"railway":null,"name":null,"source":"OpenStreetMap"},"geometry":{"type":"Polygon","coordinates":[[[177.5081367,64.7357947],[177.5148852,64.7348697],[177.5149388,64.734746],[177.5120206,64.7332669],[177.5093868,64.731955],[177.5072914,64.7326185],[177.5073887,64.7328219],[177.5095996,64.7325882],[177.5103093,64.733473],[177.5105109,64.7337366],[177.5107331,64.7340271],[177.5090379,64.7342515],[177.5081689,64.7341507],[177.5074179,64.7342606],[177.5066025,64.7341004],[177.5065381,64.7343568],[177.5079221,64.7357672],[177.5081367,64.7357947]]]}},{"type":"Feature","id":"osm-context-442350500","properties":{"osmId":442350500,"kind":"area","landuse":"residential","natural":null,"water":null,"waterway":null,"leisure":null,"amenity":null,"railway":null,"name":null,"source":"OpenStreetMap"},"geometry":{"type":"Polygon","coordinates":[[[177.517873,64.7364618],[177.5180535,64.7363684],[177.5180225,64.7362712],[177.5162048,64.7353436],[177.5156576,64.7355405],[177.5129003,64.735687],[177.5130076,64.7358244],[177.5128574,64.7358473],[177.5130934,64.7361312],[177.5121922,64.7362503],[177.512793,64.73696],[177.5132007,64.7369096],[177.5132955,64.7370369],[177.517873,64.7364618]]]}},{"type":"Feature","id":"osm-context-442350501","properties":{"osmId":442350501,"kind":"area","landuse":"residential","natural":null,"water":null,"waterway":null,"leisure":null,"amenity":null,"railway":null,"name":null,"source":"OpenStreetMap"},"geometry":{"type":"Polygon","coordinates":[[[177.5077451,64.7358679],[177.5061251,64.7341233],[177.5045694,64.7343751],[177.5048376,64.734833],[177.50502,64.7358038],[177.5033892,64.7360602],[177.500074,64.7348651],[177.5002349,64.7347781],[177.499956,64.7346819],[177.5000633,64.7346316],[177.4994303,64.7344118],[177.4996341,64.734311],[177.4990655,64.734137],[177.497939,64.7347002],[177.5002027,64.7354894],[177.5029171,64.7364357],[177.5032175,64.7365044],[177.5035072,64.7364815],[177.5077451,64.7358679]]]}},{"type":"Feature","id":"osm-context-442350502","properties":{"osmId":442350502,"kind":"area","landuse":"residential","natural":null,"water":null,"waterway":null,"leisure":null,"amenity":null,"railway":null,"name":null,"source":"OpenStreetMap"},"geometry":{"type":"Polygon","coordinates":[[[177.5021768,64.7366486],[177.5024022,64.736612],[177.5024792,64.736565],[177.5025524,64.7365204],[177.5024773,64.7363922],[177.4913729,64.7325502],[177.4886263,64.7339241],[177.4884761,64.7342721],[177.4885834,64.7346567],[177.4890984,64.7350322],[177.4905361,64.7355909],[177.4931217,64.7366395],[177.49501,64.73696],[177.4953533,64.73696],[177.4962974,64.7368592],[177.4968983,64.7367951],[177.4975205,64.7367631],[177.4985612,64.7366944],[177.5000847,64.7367448],[177.5008787,64.7367585],[177.5021768,64.7366486]]]}},{"type":"Feature","id":"osm-context-442350503","properties":{"osmId":442350503,"kind":"area","landuse":"residential","natural":null,"water":null,"waterway":null,"leisure":null,"amenity":null,"railway":null,"name":null,"source":"OpenStreetMap"},"geometry":{"type":"Polygon","coordinates":[[[177.5117148,64.7381596],[177.5118972,64.7379078],[177.5109638,64.7378299],[177.51135,64.7370012],[177.5110496,64.7369783],[177.5106848,64.7369462],[177.5105132,64.7370699],[177.5087581,64.7369848],[177.5086249,64.7369783],[177.5085605,64.7371386],[177.5082279,64.7371614],[177.5073803,64.7360534],[177.5016833,64.7368272],[177.5013132,64.7369501],[177.5012971,64.7369554],[177.5011254,64.7371386],[177.5010396,64.737688],[177.5015707,64.7377086],[177.5022963,64.7385976],[177.5024174,64.738746],[177.5036068,64.7389499],[177.504217,64.7388793],[177.504255,64.7389295],[177.5042792,64.7389614],[177.5054855,64.7389796],[177.5071385,64.7387623],[177.5078979,64.7385591],[177.5079108,64.7385557],[177.5080429,64.7384938],[177.5079989,64.7384442],[177.5079512,64.7383843],[177.5083245,64.7383139],[177.508377,64.7382417],[177.508252,64.7380167],[177.5083436,64.7379527],[177.5084051,64.7378904],[177.5085712,64.7378711],[177.5117148,64.7381596]]]}},{"type":"Feature","id":"osm-context-442350504","properties":{"osmId":442350504,"kind":"area","landuse":"garages","natural":null,"water":null,"waterway":null,"leisure":null,"amenity":null,"railway":null,"name":null,"source":"OpenStreetMap"},"geometry":{"type":"Polygon","coordinates":[[[177.5105109,64.7337366],[177.5088716,64.7339538],[177.5084049,64.7338874],[177.5081689,64.7341507],[177.5090379,64.7342515],[177.5107331,64.7340271],[177.5105109,64.7337366]]]}},{"type":"Feature","id":"osm-context-442350505","properties":{"osmId":442350505,"kind":"area","landuse":"commercial","natural":null,"water":null,"waterway":null,"leisure":null,"amenity":null,"railway":null,"name":null,"source":"OpenStreetMap"},"geometry":{"type":"Polygon","coordinates":[[[177.5129003,64.735687],[177.5156576,64.7355405],[177.5162048,64.7353436],[177.5154538,64.7349819],[177.5151856,64.7349773],[177.5125785,64.7353436],[177.5129003,64.735687]]]}},{"type":"Feature","id":"osm-context-483184658","properties":{"osmId":483184658,"kind":"area","landuse":null,"natural":null,"water":null,"waterway":null,"leisure":"park","amenity":null,"railway":null,"name":"The square of the Lyceum of the city of Anadyr","source":"OpenStreetMap"},"geometry":{"type":"Polygon","coordinates":[[[177.5058163,64.7368052],[177.5060478,64.7367745],[177.5059786,64.7366755],[177.5059267,64.7366012],[177.5065978,64.736513],[177.5063746,64.7362036],[177.5055124,64.7363169],[177.5050542,64.7363771],[177.5051879,64.7365624],[177.5051983,64.7368255],[177.5058163,64.7368052]]]}},{"type":"Feature","id":"osm-context-483185263","properties":{"osmId":483185263,"kind":"area","landuse":null,"natural":null,"water":null,"waterway":null,"leisure":"park","amenity":null,"railway":null,"name":"Парк им. Л.Ф. Гриневицкого","source":"OpenStreetMap"},"geometry":{"type":"Polygon","coordinates":[[[177.5154949,64.7346489],[177.5162356,64.7343777],[177.5159135,64.7342155],[177.5153557,64.7344094],[177.5147095,64.7340918],[177.5144781,64.7341414],[177.5143701,64.7340698],[177.5141457,64.7341623],[177.5151964,64.7346907],[177.5154949,64.7346489]]]}},{"type":"Feature","id":"osm-context-483186194","properties":{"osmId":483186194,"kind":"area","landuse":null,"natural":null,"water":null,"waterway":null,"leisure":"park","amenity":null,"railway":null,"name":"Park the First Revolutionary Committee of Chukotka","source":"OpenStreetMap"},"geometry":{"type":"Polygon","coordinates":[[[177.512681,64.73809],[177.512437,64.7382628],[177.51226,64.7384002],[177.5121988,64.7384822],[177.5121446,64.738763],[177.5122304,64.7388786],[177.5124049,64.738979],[177.512555,64.7390183],[177.5128229,64.7390593],[177.5131322,64.739048],[177.5133614,64.7389976],[177.5135361,64.7389232],[177.5135996,64.738854],[177.5136212,64.7388073],[177.5135945,64.7387468],[177.5131621,64.7383812],[177.5127432,64.7380938],[177.512681,64.73809]]]}},{"type":"Feature","id":"osm-context-609390348","properties":{"osmId":609390348,"kind":"area","landuse":null,"natural":"water","water":"lake","waterway":null,"leisure":null,"amenity":null,"railway":null,"name":null,"source":"OpenStreetMap"},"geometry":{"type":"Polygon","coordinates":[[[177.5754672,64.7693227],[177.5756226,64.7694005],[177.5755753,64.769484],[177.5757037,64.7695532],[177.5758997,64.7695416],[177.5760552,64.7694725],[177.5762985,64.7694495],[177.5764742,64.7694725],[177.577042,64.76934],[177.5773326,64.7692852],[177.5775218,64.7693141],[177.57763,64.769412],[177.5775691,64.7695042],[177.5776029,64.7695935],[177.5775353,64.7696627],[177.5771366,64.7697433],[177.576846,64.7698269],[177.5762241,64.769847],[177.5759943,64.7699133],[177.5756564,64.7699306],[177.5753996,64.769847],[177.5750819,64.769726],[177.5750211,64.7696396],[177.5748454,64.7696194],[177.5748454,64.7694898],[177.5750549,64.7693285],[177.5754672,64.7693227]]]}},{"type":"Feature","id":"osm-context-660039024","properties":{"osmId":660039024,"kind":"area","landuse":null,"natural":null,"water":null,"waterway":null,"leisure":null,"amenity":"parking","railway":null,"name":null,"source":"OpenStreetMap"},"geometry":{"type":"Polygon","coordinates":[[[177.5198478,64.7353613],[177.5201858,64.7352319],[177.5203736,64.7353063],[177.5204326,64.7353968],[177.5202502,64.7354666],[177.5198398,64.7354574],[177.5198478,64.7353613]]]}},{"type":"Feature","id":"osm-context-660041946","properties":{"osmId":660041946,"kind":"area","landuse":null,"natural":null,"water":null,"waterway":null,"leisure":"park","amenity":null,"railway":null,"name":null,"source":"OpenStreetMap"},"geometry":{"type":"Polygon","coordinates":[[[177.5207177,64.7367881],[177.5207016,64.7368088],[177.52075,64.7368335],[177.521063,64.7368983],[177.5211726,64.7369097],[177.5212764,64.7369042],[177.5214451,64.7368844],[177.5216415,64.7368488],[177.521888,64.7367824],[177.5221919,64.7366811],[177.5225682,64.7365498],[177.522798,64.7364636],[177.5228851,64.7364059],[177.5229092,64.7363489],[177.5229018,64.7363023],[177.5228499,64.7362414],[177.5227757,64.7362018],[177.5224032,64.7360523],[177.5219974,64.7358688],[177.5217583,64.7359471],[177.5218028,64.7359732],[177.521825,64.7359985],[177.5218269,64.7360215],[177.5218009,64.7360579],[177.5217293,64.736094],[177.5216231,64.7360493],[177.5215709,64.7360727],[177.5218464,64.7361948],[177.5218901,64.736224],[177.521904,64.7362484],[177.5218934,64.7362792],[177.5218551,64.7363086],[177.5217393,64.7363473],[177.5217232,64.7363592],[177.5217193,64.7363761],[177.521738,64.7364009],[177.5217082,64.7364212],[177.5207177,64.7367881]]]}},{"type":"Feature","id":"osm-context-685797435","properties":{"osmId":685797435,"kind":"area","landuse":"harbour","natural":null,"water":null,"waterway":null,"leisure":null,"amenity":null,"railway":null,"name":"Анадырский морской порт, ММПП «Анадырь»","source":"OpenStreetMap"},"geometry":{"type":"Polygon","coordinates":[[[177.5075734,64.7412313],[177.5062054,64.7400913],[177.5047785,64.7403065],[177.5046498,64.7401966],[177.5034106,64.7400982],[177.5032067,64.7398601],[177.5073534,64.7391894],[177.5081795,64.739099],[177.5082234,64.739037],[177.5082922,64.7389399],[177.5086892,64.7388758],[177.5091237,64.7386858],[177.5102556,64.7385049],[177.5111085,64.7385209],[177.5118703,64.739265],[177.5112855,64.7395992],[177.5120795,64.740421],[177.5075734,64.7412313]]]}},{"type":"Feature","id":"osm-context-753574070","properties":{"osmId":753574070,"kind":"area","landuse":"industrial","natural":null,"water":null,"waterway":null,"leisure":null,"amenity":null,"railway":null,"name":null,"source":"OpenStreetMap"},"geometry":{"type":"Polygon","coordinates":[[[177.4986738,64.7341603],[177.4973855,64.733491],[177.496318,64.7339058],[177.4929316,64.7327431],[177.4909145,64.732011],[177.4901931,64.7314139],[177.4901342,64.7310871],[177.4917685,64.7301946],[177.4931819,64.7294561],[177.4944481,64.7283279],[177.5017436,64.7298678],[177.5035914,64.7301695],[177.5079994,64.7309642],[177.5091939,64.7318513],[177.5069041,64.7325452],[177.5007424,64.7331328],[177.4986738,64.7341603]]]}},{"type":"Feature","id":"osm-context-753574071","properties":{"osmId":753574071,"kind":"area","landuse":"industrial","natural":null,"water":null,"waterway":null,"leisure":null,"amenity":null,"railway":null,"name":null,"source":"OpenStreetMap"},"geometry":{"type":"Polygon","coordinates":[[[177.5091141,64.7314679],[177.5096588,64.7315855],[177.5179453,64.7286062],[177.5182017,64.7283135],[177.5153882,64.727687],[177.5135169,64.7277882],[177.5113315,64.727676],[177.5095242,64.7273449],[177.5060955,64.7267403],[177.5058739,64.7260687],[177.5056015,64.7255029],[177.5037243,64.7248994],[177.5009931,64.7245977],[177.4977466,64.7249812],[177.4963994,64.7250283],[177.4952362,64.725833],[177.4938891,64.7279073],[177.5016925,64.7296515],[177.5084947,64.7308708],[177.5091141,64.7314679]]]}},{"type":"Feature","id":"osm-context-772943234","properties":{"osmId":772943234,"kind":"area","landuse":"construction","natural":null,"water":null,"waterway":null,"leisure":null,"amenity":null,"railway":null,"name":null,"source":"OpenStreetMap"},"geometry":{"type":"Polygon","coordinates":[[[177.5143179,64.7323017],[177.5150957,64.732678],[177.5137708,64.7331768],[177.512993,64.7328004],[177.5143179,64.7323017]]]}},{"type":"Feature","id":"osm-context-858340082","properties":{"osmId":858340082,"kind":"area","landuse":"industrial","natural":null,"water":null,"waterway":null,"leisure":null,"amenity":null,"railway":null,"name":"Анадырская ГМТЭЦ","source":"OpenStreetMap"},"geometry":{"type":"Polygon","coordinates":[[[177.4821675,64.7290807],[177.4818456,64.7286249],[177.4818134,64.7284051],[177.4818778,64.7281142],[177.4820012,64.7279425],[177.4825054,64.7276814],[177.4827629,64.7275257],[177.4832672,64.727489],[177.4839485,64.7272875],[177.4853861,64.7270997],[177.4854559,64.7280845],[177.4853325,64.7281074],[177.4853539,64.7282448],[177.4851608,64.7282562],[177.4851555,64.7285952],[177.4854612,64.7286089],[177.4854183,64.7288746],[177.4848229,64.7291059],[177.4821675,64.7290807]]]}},{"type":"Feature","id":"osm-context-858340083","properties":{"osmId":858340083,"kind":"area","landuse":"industrial","natural":null,"water":null,"waterway":null,"leisure":null,"amenity":null,"railway":null,"name":"Анадырская ТЭЦ","source":"OpenStreetMap"},"geometry":{"type":"Polygon","coordinates":[[[177.50193,64.7320072],[177.502622,64.7311829],[177.502917,64.730505],[177.5028366,64.7303333],[177.5025201,64.7303425],[177.5014096,64.729944],[177.4998862,64.7297036],[177.4998271,64.7297253],[177.498486,64.7292433],[177.497043,64.7290349],[177.496689,64.729202],[177.4963027,64.7292066],[177.4943393,64.7286879],[177.4943635,64.7285814],[177.4942321,64.7285505],[177.4931028,64.7296108],[177.4937922,64.7299818],[177.4935454,64.7302188],[177.4936768,64.7302554],[177.4935722,64.7303299],[177.4952728,64.7309264],[177.496241,64.7311783],[177.495895,64.7313855],[177.496174,64.7314977],[177.4960265,64.7315802],[177.5000149,64.7328842],[177.5005996,64.7325499],[177.5008678,64.7326415],[177.50193,64.7320072]]]}},{"type":"Feature","id":"osm-context-1215909757","properties":{"osmId":1215909757,"kind":"waterway","landuse":null,"natural":null,"water":null,"waterway":"river","leisure":null,"amenity":null,"railway":null,"name":"Казачка","source":"OpenStreetMap"},"geometry":{"type":"LineString","coordinates":[[177.4726122,64.7086987],[177.4741503,64.7095611],[177.4771676,64.7099765],[177.4817942,64.7100195],[177.4845098,64.709468],[177.4874266,64.7096328],[177.4896896,64.7104133],[177.4911983,64.7105207],[177.4937128,64.7102916],[177.4958417,64.7107284],[177.496881,64.7114803],[177.4976688,64.7115806],[177.4983897,64.7116593],[177.4982891,64.7120675],[177.4971492,64.7119529],[177.4955902,64.7121319],[177.4952047,64.712626],[177.495525,64.7136786],[177.4960323,64.7140965],[177.4967559,64.7143303],[177.4975472,64.7143184],[177.4984744,64.7141138],[177.5003035,64.7130072],[177.5036868,64.7121534],[177.505933,64.7123611],[177.507207,64.7131917],[177.5072681,64.7142514]]}},{"type":"Feature","id":"osm-context-1215909758","properties":{"osmId":1215909758,"kind":"area","landuse":null,"natural":"water","water":null,"waterway":null,"leisure":null,"amenity":null,"railway":null,"name":null,"source":"OpenStreetMap"},"geometry":{"type":"Polygon","coordinates":[[[177.524085,64.7234877],[177.524085,64.723671],[177.5242138,64.723726],[177.5245142,64.7236343],[177.5246859,64.7234877],[177.5244713,64.7233961],[177.524085,64.7234877]]]}},{"type":"Feature","id":"osm-context-1215909759","properties":{"osmId":1215909759,"kind":"area","landuse":null,"natural":"water","water":null,"waterway":null,"leisure":null,"amenity":null,"railway":null,"name":null,"source":"OpenStreetMap"},"geometry":{"type":"Polygon","coordinates":[[[177.5117683,64.7228097],[177.5119829,64.7227181],[177.5120687,64.7224616],[177.5116825,64.7223333],[177.5112534,64.7223333],[177.5111246,64.7224616],[177.5115538,64.7227181],[177.5117683,64.7228097]]]}},{"type":"Feature","id":"osm-context-1215909760","properties":{"osmId":1215909760,"kind":"area","landuse":null,"natural":"water","water":null,"waterway":null,"leisure":null,"amenity":null,"railway":null,"name":null,"source":"OpenStreetMap"},"geometry":{"type":"Polygon","coordinates":[[[177.5193214,64.7249353],[177.5191069,64.7250269],[177.5198364,64.7254117],[177.5204372,64.7253751],[177.520566,64.7253201],[177.5204372,64.7252285],[177.5198793,64.7251369],[177.5193214,64.7249353]]]}},{"type":"Feature","id":"osm-context-1215909761","properties":{"osmId":1215909761,"kind":"area","landuse":null,"natural":"water","water":null,"waterway":null,"leisure":null,"amenity":null,"railway":null,"name":null,"source":"OpenStreetMap"},"geometry":{"type":"Polygon","coordinates":[[[177.5225401,64.726163],[177.5227547,64.7262546],[177.5230122,64.7262546],[177.5232267,64.726163],[177.5232267,64.7257965],[177.5230551,64.7256499],[177.5227547,64.7255583],[177.5224113,64.725595],[177.5221968,64.7256866],[177.5222397,64.7257782],[177.5225401,64.726163]]]}},{"type":"Feature","id":"osm-context-1215909762","properties":{"osmId":1215909762,"kind":"area","landuse":null,"natural":"water","water":"wastewater","waterway":null,"leisure":null,"amenity":null,"railway":null,"name":null,"source":"OpenStreetMap"},"geometry":{"type":"Polygon","coordinates":[[[177.4739617,64.7352031],[177.4742029,64.7351451],[177.4744318,64.7350681],[177.4744669,64.7350216],[177.474529,64.7349772],[177.4745311,64.7349093],[177.4746167,64.7348497],[177.4746091,64.7347687],[177.4746437,64.7347169],[177.474724,64.7346207],[177.4746742,64.7345626],[177.4745646,64.7345353],[177.4745403,64.734484],[177.4743553,64.7345383],[177.4742861,64.7344954],[177.4745138,64.7344285],[177.4744926,64.7344153],[177.4744892,64.7344126],[177.4744216,64.7343706],[177.4745192,64.7342948],[177.4745273,64.7342104],[177.4746473,64.7341823],[177.4744422,64.7341957],[177.4743015,64.7341541],[177.4742732,64.7342045],[177.4741281,64.7341929],[177.4741549,64.7341303],[177.4741802,64.7341118],[177.4740284,64.73401],[177.473692,64.7339734],[177.4735829,64.7338935],[177.4733193,64.733909],[177.4731346,64.7338859],[177.4726613,64.7337431],[177.4723814,64.7337491],[177.4722525,64.7337298],[177.4721167,64.7336737],[177.4718858,64.7336727],[177.4718001,64.7336457],[177.4717279,64.7336875],[177.4718142,64.7338051],[177.4718214,64.7340982],[177.4719065,64.7343491],[177.4718926,64.734461],[177.4718327,64.7349278],[177.4716324,64.7350451],[177.4715924,64.7351362],[177.4716823,64.7352051],[177.4718128,64.7352393],[177.4719966,64.7352434],[177.4730912,64.7353477],[177.473333,64.7353073],[177.4734305,64.7352612],[177.4734861,64.7352152],[177.4735692,64.735249],[177.4735169,64.7352925],[177.4736092,64.7353155],[177.4737529,64.7352853],[177.4739617,64.7352031]]]}},{"type":"Feature","id":"osm-context-1215909763","properties":{"osmId":1215909763,"kind":"area","landuse":null,"natural":"water","water":null,"waterway":null,"leisure":null,"amenity":null,"railway":null,"name":null,"source":"OpenStreetMap"},"geometry":{"type":"Polygon","coordinates":[[[177.4927998,64.7126926],[177.4925852,64.7127842],[177.4924994,64.7129309],[177.4920702,64.7131875],[177.4921989,64.7132425],[177.4927139,64.7132059],[177.4931431,64.7132792],[177.4936152,64.7131509],[177.4938726,64.7128209],[177.4936581,64.7126926],[177.4931431,64.7126559],[177.4927998,64.7126926]]]}},{"type":"Feature","id":"osm-context-1215909768","properties":{"osmId":1215909768,"kind":"coastline","landuse":null,"natural":"coastline","water":null,"waterway":null,"leisure":null,"amenity":null,"railway":null,"name":null,"source":"OpenStreetMap"},"geometry":{"type":"LineString","coordinates":[[177.4558067,64.7391505],[177.4537381,64.7390642],[177.4498798,64.7390197],[177.4485265,64.7390159],[177.4471546,64.739012],[177.4470166,64.7390482],[177.4467779,64.7390567],[177.4466462,64.739018],[177.4465724,64.7389373],[177.4462698,64.7387908],[177.4456926,64.738697],[177.4450089,64.7386242],[177.4436679,64.7386345],[177.440994,64.7387204],[177.4384771,64.7388744],[177.436701,64.7390368],[177.4352829,64.7392036],[177.4343695,64.7390564],[177.4334158,64.73899],[177.4306127,64.7391368],[177.4283633,64.7396056],[177.427857,64.7397276],[177.4277442,64.7397548],[177.4276759,64.7397615],[177.4268719,64.7398404],[177.4258447,64.7398343],[177.4252301,64.7399365],[177.4248238,64.7399151],[177.4232828,64.740137],[177.4226266,64.740386],[177.4226319,64.7404937],[177.4226351,64.7405579],[177.4222571,64.7407314],[177.4222598,64.740858],[177.4222605,64.7408905],[177.4222614,64.7409351],[177.4194318,64.7413695],[177.4194398,64.741546],[177.4180697,64.7417341],[177.4179106,64.741654],[177.4120607,64.7424478],[177.4080422,64.7432702],[177.4042582,64.7440809],[177.4002655,64.7449129],[177.3976959,64.7456332],[177.3952147,64.7461666]]}},{"type":"Feature","id":"osm-context-1215909769","properties":{"osmId":1215909769,"kind":"coastline","landuse":null,"natural":"coastline","water":null,"waterway":null,"leisure":null,"amenity":null,"railway":null,"name":null,"source":"OpenStreetMap"},"geometry":{"type":"LineString","coordinates":[[177.535451,64.728844],[177.5354259,64.7288901],[177.5354272,64.7289042],[177.5354655,64.728942],[177.5355275,64.7289842],[177.5356146,64.7290343],[177.5358242,64.7291444],[177.5359446,64.7291958],[177.5360568,64.7292366],[177.5362283,64.7292845],[177.5363932,64.7293204],[177.5365631,64.7293493],[177.5367165,64.7293697],[177.5368308,64.7293792],[177.5369439,64.7293832],[177.537043,64.7293828],[177.5371274,64.7293788],[177.5372203,64.7293693],[177.5373202,64.7293533],[177.5373062,64.7293328]]}},{"type":"Feature","id":"osm-context-1259968213","properties":{"osmId":1259968213,"kind":"area","landuse":"residential","natural":null,"water":null,"waterway":null,"leisure":null,"amenity":null,"railway":null,"name":"ул. Строителей, участок № 37","source":"OpenStreetMap"},"geometry":{"type":"Polygon","coordinates":[[[177.4879201,64.7365258],[177.4878155,64.7362854],[177.4872657,64.7363323],[177.4871208,64.7365865],[177.4879201,64.7365258]]]}},{"type":"Feature","id":"osm-context-1373739658","properties":{"osmId":1373739658,"kind":"area","landuse":"residential","natural":null,"water":null,"waterway":null,"leisure":null,"amenity":null,"railway":null,"name":"Резиденция губернатора Чукотского АО","source":"OpenStreetMap"},"geometry":{"type":"Polygon","coordinates":[[[177.5058933,64.7388794],[177.5056689,64.7386419],[177.5061412,64.7385606],[177.5061909,64.7386132],[177.50629,64.7386181],[177.507948,64.738333],[177.5081047,64.738499],[177.5075014,64.7386588],[177.5071269,64.7387579],[177.5059301,64.7389194],[177.5058933,64.7388794]]]}},{"type":"Feature","id":"osm-context-1373739661","properties":{"osmId":1373739661,"kind":"area","landuse":null,"natural":null,"water":null,"waterway":null,"leisure":null,"amenity":"parking","railway":null,"name":null,"source":"OpenStreetMap"},"geometry":{"type":"Polygon","coordinates":[[[177.5031039,64.7385447],[177.503867,64.7384283],[177.5037987,64.7383468],[177.5030357,64.7384633],[177.5030736,64.7385086],[177.5031039,64.7385447]]]}},{"type":"Feature","id":"osm-context-1373739662","properties":{"osmId":1373739662,"kind":"area","landuse":null,"natural":null,"water":null,"waterway":null,"leisure":null,"amenity":"parking","railway":null,"name":null,"source":"OpenStreetMap"},"geometry":{"type":"Polygon","coordinates":[[[177.5010392,64.7388109],[177.5010533,64.7388864],[177.502268,64.7387287],[177.5021264,64.7386653],[177.5010392,64.7388109]]]}},{"type":"Feature","id":"osm-context-1373739663","properties":{"osmId":1373739663,"kind":"area","landuse":null,"natural":null,"water":null,"waterway":null,"leisure":null,"amenity":"parking","railway":null,"name":null,"source":"OpenStreetMap"},"geometry":{"type":"Polygon","coordinates":[[[177.5006975,64.738766],[177.5006265,64.7386748],[177.500951,64.7386288],[177.501022,64.73872],[177.5006975,64.738766]]]}},{"type":"Feature","id":"osm-context-1373739668","properties":{"osmId":1373739668,"kind":"area","landuse":"grass","natural":null,"water":null,"waterway":null,"leisure":null,"amenity":null,"railway":null,"name":null,"source":"OpenStreetMap"},"geometry":{"type":"Polygon","coordinates":[[[177.5010533,64.7388864],[177.5002071,64.7390081],[177.5001548,64.7390081],[177.5001208,64.7389996],[177.5000925,64.7389851],[177.5000783,64.7389652],[177.5000882,64.7389386],[177.5001236,64.7389211],[177.5001717,64.7389096],[177.5022963,64.7385976],[177.5024174,64.738746],[177.5023731,64.7387501],[177.502268,64.7387287],[177.5021264,64.7386653],[177.5010392,64.7388109],[177.5010533,64.7388864]]]}},{"type":"Feature","id":"osm-context-1373739669","properties":{"osmId":1373739669,"kind":"area","landuse":null,"natural":null,"water":null,"waterway":null,"leisure":null,"amenity":"parking","railway":null,"name":null,"source":"OpenStreetMap"},"geometry":{"type":"Polygon","coordinates":[[[177.5018867,64.7383344],[177.501863,64.7383955],[177.5015069,64.7384425],[177.5014684,64.7383895],[177.5016312,64.738368],[177.5014784,64.7381576],[177.5016074,64.7381438],[177.5017512,64.7383514],[177.5018867,64.7383344]]]}},{"type":"Feature","id":"osm-context-1373739670","properties":{"osmId":1373739670,"kind":"area","landuse":"grass","natural":null,"water":null,"waterway":null,"leisure":null,"amenity":null,"railway":null,"name":null,"source":"OpenStreetMap"},"geometry":{"type":"Polygon","coordinates":[[[177.5001376,64.7391885],[177.5000735,64.7392022],[177.4998517,64.7391233],[177.499795,64.7390949],[177.4996619,64.7390108],[177.4996101,64.7389729],[177.499551,64.7388919],[177.4995559,64.738792],[177.4996249,64.7386258],[177.4998887,64.7382619],[177.500177,64.7379505],[177.500463,64.7376802],[177.500527,64.7375981],[177.5005517,64.737515],[177.5005714,64.7374393],[177.5005147,64.7373562],[177.5003471,64.7372194],[177.4997309,64.7369375],[177.4997013,64.7369038],[177.4997038,64.7368649],[177.4997358,64.736846],[177.4997975,64.7368334],[177.4998862,64.7368313],[177.5000144,64.7368491],[177.5001228,64.736866],[177.5002337,64.7368839],[177.5003225,64.7369123],[177.5003964,64.7369396],[177.500463,64.736968],[177.500532,64.7370059],[177.5005961,64.7370427],[177.5006774,64.737089],[177.5007612,64.7371458],[177.5008006,64.7371826],[177.5008154,64.7372226],[177.5008228,64.7372752],[177.5007809,64.7376423],[177.5006947,64.7377475],[177.4997777,64.7387994],[177.4997457,64.7388961],[177.499758,64.7389519],[177.4998615,64.739036],[177.5001376,64.7391885]]]}},{"type":"Feature","id":"osm-context-1373888768","properties":{"osmId":1373888768,"kind":"waterway","landuse":null,"natural":null,"water":null,"waterway":"stream","leisure":null,"amenity":null,"railway":null,"name":"Ключевой","source":"OpenStreetMap"},"geometry":{"type":"LineString","coordinates":[[177.4270228,64.7206111],[177.4270616,64.7206476],[177.4271017,64.7206778],[177.4270216,64.7207028],[177.4269415,64.7207186],[177.4269415,64.7207621],[177.4270431,64.720837],[177.4271664,64.7208647],[177.4272527,64.7208765],[177.4273112,64.720862],[177.4272711,64.7208278],[177.4272773,64.7208068],[177.4273266,64.7207976],[177.4273697,64.7208213],[177.4274252,64.720841],[177.4274406,64.7208805],[177.4275022,64.7209015],[177.4275977,64.720937],[177.4276105,64.7209823],[177.4276712,64.7210481],[177.4277366,64.721082],[177.4278207,64.7211139],[177.4279141,64.7211399],[177.4279187,64.7211698],[177.4277413,64.7211598],[177.4276852,64.7211797],[177.4277086,64.7212136],[177.427746,64.7212416],[177.4278347,64.7212655],[177.427858,64.7212994],[177.4279094,64.7213433],[177.4280075,64.7213692],[177.4280448,64.721421],[177.4280915,64.7214729],[177.4280915,64.7215287],[177.4281196,64.7215766],[177.4280308,64.7216224],[177.4277226,64.7216404],[177.4276712,64.7216823],[177.4277226,64.7217521],[177.4277646,64.72178],[177.427774,64.7218019],[177.4278113,64.7218318],[177.4278767,64.7218518],[177.4279047,64.7218857],[177.4279001,64.7219315],[177.4279561,64.7219595],[177.4280775,64.7219774],[177.4281429,64.7220073],[177.4281616,64.7220452],[177.4281102,64.7220911],[177.4281476,64.722131],[177.428241,64.7221429],[177.4283577,64.7221649],[177.4284138,64.7221868],[177.4284791,64.7221908],[177.4285577,64.7222532],[177.4286309,64.7222983],[177.4285252,64.7223539],[177.428517,64.7224268],[177.428574,64.722465],[177.4286309,64.722517],[177.4285821,64.7225622],[177.428517,64.7225934],[177.4283951,64.7226802],[177.4283463,64.7227323],[177.4284927,64.7227983],[177.4285577,64.722833],[177.4287203,64.7228608],[177.4288829,64.7228295],[177.4289968,64.7227913],[177.4291431,64.7227983],[177.4292407,64.7228608],[177.4293276,64.7229052],[177.4293091,64.7229447],[177.4292413,64.722971],[177.4292537,64.7230105],[177.4292352,64.7230526],[177.4292475,64.7230973],[177.4292167,64.7231289],[177.4292413,64.7231815],[177.4291736,64.7232131],[177.4290688,64.7232526],[177.4290503,64.7233078],[177.429001,64.7233315],[177.4287792,64.723321],[177.4286251,64.7233315],[177.4284957,64.7233604],[177.4283787,64.7233815],[177.4283971,64.723442],[177.4284649,64.7234867],[177.428317,64.7234788],[177.4283047,64.7235157],[177.4283232,64.723563],[177.4284095,64.7235893],[177.4284772,64.7235604],[177.4285327,64.7235972],[177.4285327,64.7236235],[177.428619,64.7236367],[177.4287299,64.7236183],[177.4287792,64.7236472],[177.4288223,64.7236709],[177.4288347,64.7237183],[177.4287361,64.7237446],[177.4286806,64.7237604],[177.4286251,64.7237972],[177.4284464,64.723863],[177.4283922,64.7239077],[177.4284033,64.7239314],[177.4284957,64.7239524],[177.4285697,64.723963],[177.4286436,64.7239866],[177.4286498,64.7240156],[177.4284649,64.7240314],[177.4283232,64.7240629],[177.4283725,64.7240971],[177.4285758,64.7240919],[177.4286991,64.7241208],[177.4286498,64.7241603],[177.4285758,64.7242076],[177.4284588,64.7242129],[177.4284156,64.7241708],[177.4282924,64.7241866],[177.4282862,64.724234],[177.4282493,64.7242629],[177.4282431,64.7243129],[177.4282184,64.7243787],[177.428354,64.7243997],[177.4283602,64.7244418],[177.4284711,64.724455],[177.4284772,64.7245786],[177.4284156,64.7246128],[177.428354,64.7245734],[177.4282431,64.7245734],[177.428126,64.7246023],[177.428126,64.724647],[177.4280829,64.7246786],[177.4281075,64.7247286],[177.4282369,64.7247707],[177.428317,64.7247523],[177.4283602,64.7248049],[177.4283787,64.7248417],[177.4284033,64.7248812],[177.4284711,64.7248838],[177.4285204,64.724918],[177.4285635,64.7249549],[177.4285512,64.7250048],[177.4285265,64.7250364],[177.4284957,64.7250759],[177.4284033,64.7250548],[177.4284218,64.7250075],[177.4283294,64.7249996],[177.4282431,64.7250391],[177.4282924,64.7250864],[177.428317,64.7251232],[177.4283355,64.7251522],[177.4283602,64.7251916],[177.4283663,64.7252259],[177.4283478,64.7252522],[177.4283602,64.7252995],[177.428428,64.7253232],[177.4284033,64.7254074],[177.4282985,64.7254653],[177.4281815,64.7255652],[177.428089,64.7255784],[177.428163,64.7256731],[177.4281691,64.7257178],[177.4280706,64.7257441],[177.4279535,64.7257468],[177.4277994,64.7257783],[177.4277933,64.7258152],[177.4278056,64.7258994],[177.4277131,64.7259915],[177.4277008,64.7260362],[177.4277624,64.7260888],[177.4276885,64.7261546],[177.4277378,64.7262151],[177.4278426,64.726223],[177.427935,64.7261914],[177.4280089,64.7261572],[177.4280952,64.7262098],[177.4281753,64.7262203],[177.4282801,64.7261967],[177.4283971,64.7262256],[177.4284711,64.7262519],[177.428582,64.726244],[177.4286313,64.7263019],[177.4286806,64.7263887],[177.4287484,64.7264361],[177.4287854,64.7264992],[177.4287422,64.7265518],[177.4287114,64.7266071],[177.4285943,64.7266334],[177.4284341,64.7267728],[177.428354,64.7267991],[177.4284156,64.7268833],[177.4284588,64.726957],[177.4284095,64.7269833],[177.4284156,64.7270622],[177.4284526,64.7271017],[177.4285574,64.7271727],[177.4285019,64.7272411],[177.4285204,64.7273227],[177.428428,64.7273621],[177.4284896,64.7273963],[177.428545,64.7274489],[177.4286436,64.7274779],[177.4286868,64.7275147],[177.4288162,64.7275015],[177.4288347,64.7274647],[177.4289579,64.7274489],[177.4290134,64.7274779],[177.4291119,64.7275226],[177.4292413,64.7275673],[177.4293091,64.727591],[177.4293338,64.7276199],[177.4292537,64.7276778],[177.4290935,64.7277515],[177.4291428,64.7277857],[177.4291181,64.7278409],[177.4290811,64.7279093],[177.4289456,64.7279988],[177.4290072,64.7281092],[177.4288963,64.7282118],[177.4287915,64.728275],[177.42881,64.7283802],[177.4288778,64.7284354],[177.4289949,64.7285065],[177.429038,64.7285459],[177.4292105,64.7285512],[177.4293523,64.7285722],[177.4294262,64.7286117],[177.4294262,64.7286538],[177.4294201,64.728709],[177.4294509,64.7287406],[177.4295002,64.7287774],[177.4296419,64.7287801],[177.4298083,64.7287695],[177.4298945,64.72883],[177.4299007,64.7288905],[177.4300239,64.7289116],[177.4302088,64.7289931],[177.4301903,64.7290826],[177.430332,64.729151],[177.4304738,64.7291878],[177.4305847,64.7291694],[177.4306278,64.729201],[177.4307264,64.7292588],[177.4307695,64.7293483],[177.4306463,64.7294088],[177.4306833,64.729464],[177.4306093,64.7294982],[177.4306278,64.729614],[177.4305539,64.7296876],[177.4305477,64.7297428],[177.4306217,64.7297955],[177.4305785,64.7299059],[177.4306463,64.729977],[177.4305231,64.7300348],[177.4305785,64.7300901],[177.4306189,64.7301359],[177.4306595,64.7301984],[177.4305619,64.7302574],[177.4304888,64.7303372],[177.4304725,64.7303858],[177.4305782,64.7304622],[177.4306189,64.7305663],[177.4305863,64.7306149],[177.4305619,64.7306982],[177.4307083,64.7307885],[177.4305945,64.7308475],[177.4306676,64.730903],[177.430749,64.7309828],[177.4309116,64.7310765],[177.4311799,64.7310904],[177.4313019,64.7311217],[177.43131,64.7311945],[177.4314726,64.7312293],[177.4315946,64.7312466],[177.4317165,64.7312917],[177.431871,64.731323],[177.4319198,64.7313785],[177.4320092,64.7314444],[177.4321068,64.7315034],[177.4321719,64.7315972],[177.4322207,64.7316596],[177.4323101,64.731729],[177.4322125,64.731788],[177.4322776,64.7318575],[177.4322044,64.7318956],[177.4320824,64.7319477],[177.4320824,64.7320067],[177.4321881,64.7320345],[177.4323345,64.7320588],[177.4323589,64.7321212],[177.4324321,64.7321733],[177.4324402,64.7322184],[177.4324239,64.7322601],[177.4325296,64.732333],[177.4325703,64.7324128],[177.4325052,64.7324891],[177.4324077,64.7325308],[177.432302,64.7326071],[177.4322776,64.7326627],[177.4321393,64.7327043],[177.431993,64.7327355],[177.4319605,64.7327876],[177.4318304,64.7328188],[177.4317003,64.7328917],[177.4316921,64.7329542],[177.4315783,64.7329889],[177.4313019,64.7330201],[177.4312531,64.7330826],[177.4311392,64.7331312],[177.4309847,64.733159],[177.4309197,64.7332318],[177.430814,64.7332874],[177.4307002,64.7333984],[177.4305132,64.7334331],[177.4302123,64.7334331],[177.4301879,64.7335164],[177.4300416,64.7335407],[177.4298871,64.7335442],[177.4297651,64.7335997],[177.4296757,64.7336344],[177.429513,64.7336587],[177.4293179,64.7337732],[177.4292529,64.7338322],[177.4293179,64.7338774],[177.4292529,64.7339329],[177.4291472,64.7339606],[177.4291472,64.7340092],[177.4291553,64.7340578],[177.4290902,64.7341099],[177.4289845,64.7341272],[177.4288544,64.7342036],[177.428765,64.7342279],[177.4286105,64.7342418],[177.4285532,64.7343118],[177.428393,64.7343354],[177.4283375,64.7343959],[177.4283437,64.7344748],[177.4281526,64.734509],[177.428091,64.7345616],[177.4280232,64.7345958],[177.428054,64.7346379],[177.4279924,64.73468],[177.4278692,64.7346668],[177.4276966,64.7347668],[177.4276782,64.7348115],[177.4275611,64.7348115],[177.4274502,64.7348299],[177.4273392,64.7348693],[177.4272838,64.7348956],[177.4273023,64.7349377],[177.4272222,64.7349614],[177.4271605,64.7350114],[177.4271975,64.7350587],[177.4272406,64.7351034],[177.4271544,64.7351455],[177.4271359,64.7351981],[177.4271051,64.7352533],[177.4270435,64.7352822],[177.4269572,64.7352822],[177.4268648,64.7353112],[177.4267785,64.7353296],[177.4267538,64.7353585],[177.4268278,64.7353611],[177.4268771,64.7353822],[177.4268956,64.735419],[177.4268709,64.7354506],[177.4268463,64.7354795],[177.42676,64.7355216],[177.4266984,64.7355479],[177.4265998,64.7355689],[177.4265135,64.7355978],[177.4264457,64.7356268],[177.4263595,64.7356557],[177.4262362,64.7356662],[177.4261068,64.7356531],[177.4259959,64.7356347],[177.4259158,64.7356373],[177.4258049,64.7357241],[177.4257679,64.7357451],[177.4256631,64.7357556],[177.4256015,64.7357898],[177.4255337,64.7358372],[177.4254783,64.7358529],[177.425583,64.735895],[177.4255522,64.7359345],[177.4254228,64.7359713],[177.4253859,64.736016],[177.4253242,64.7360528],[177.4253489,64.7360975],[177.4252873,64.7361159],[177.4252688,64.7361633],[177.4253057,64.7362106],[177.4252934,64.7362527],[177.4253612,64.7362685],[177.4253859,64.736329],[177.4254413,64.7363605],[177.4255214,64.7363894],[177.4255029,64.7364447],[177.4254536,64.736513],[177.4251702,64.7365656],[177.4251579,64.736613],[177.425164,64.7366656],[177.4252565,64.7367129],[177.4252996,64.7367944],[177.4252072,64.736847],[177.4252318,64.7368891],[177.4252503,64.7369154],[177.4251763,64.7369365],[177.4251086,64.7369628],[177.425127,64.7370153],[177.4251702,64.7370758],[177.4251825,64.7371258],[177.4252256,64.73716],[177.4251887,64.7371837],[177.4251887,64.7372468],[177.425238,64.7372967],[177.4251887,64.7373414],[177.4252873,64.7373809],[177.4253119,64.7374203],[177.4252565,64.737444],[177.4252441,64.7374782],[177.4252195,64.7375124],[177.4252503,64.7375492],[177.4253181,64.7375755],[177.4253674,64.7376044],[177.4253735,64.7376465],[177.4253735,64.7376886],[177.4253366,64.7377385],[177.4253242,64.7377964],[177.4253674,64.7378358],[177.4253797,64.7378648],[177.4253181,64.7378963],[177.4253489,64.7379437],[177.4253797,64.73797],[177.4255153,64.7380041],[177.4255954,64.7380041],[177.4257309,64.7380041],[177.4257634,64.7380398],[177.4257928,64.7380496]]}},{"type":"Feature","id":"osm-context-1373888769","properties":{"osmId":1373888769,"kind":"waterway","landuse":null,"natural":null,"water":null,"waterway":"stream","leisure":null,"amenity":null,"railway":null,"name":"Ключевой","source":"OpenStreetMap"},"geometry":{"type":"LineString","coordinates":[[177.4259513,64.7381903],[177.4259713,64.7382093],[177.4253859,64.7383276],[177.4252873,64.738325],[177.425238,64.7383486],[177.4252195,64.7383855],[177.425187,64.7384285],[177.4252178,64.7384482],[177.4252671,64.7384614],[177.4252918,64.7384863],[177.4253072,64.7385179],[177.4252794,64.7385468],[177.4252671,64.7385836],[177.4252856,64.7386231],[177.4253226,64.7386573],[177.4253811,64.7386862],[177.4254551,64.7386954],[177.4255259,64.738698],[177.4255598,64.7387427],[177.4255906,64.7387717],[177.4256368,64.7387993],[177.4256091,64.7388216],[177.425603,64.7388532],[177.4255444,64.7388703],[177.4254489,64.7388729],[177.4253626,64.7388795],[177.4252825,64.7388966],[177.4252271,64.7389255],[177.4252024,64.7389557],[177.4252548,64.7389807],[177.4253164,64.7389912],[177.4253719,64.7390044],[177.4254243,64.7390149],[177.4254766,64.7390215],[177.4255475,64.7390228],[177.4256122,64.7390175],[177.4256615,64.7390202],[177.4257385,64.7390149],[177.4258248,64.7390096],[177.4258833,64.7390083],[177.4259357,64.7390202],[177.4259881,64.7390451],[177.4260466,64.7390636],[177.4260867,64.7390833],[177.4261082,64.7391109],[177.4262808,64.7391832],[177.4263208,64.7392082],[177.4263886,64.7392332],[177.4264472,64.7392621],[177.4265242,64.7392923],[177.4265581,64.739316],[177.4266105,64.7393318],[177.4266628,64.7393686],[177.4266659,64.7394028],[177.4266382,64.7394409],[177.4266351,64.7394843],[177.4266259,64.7395264],[177.4266782,64.7395579],[177.4267583,64.7395697],[177.4268693,64.7395579],[177.4269186,64.7395369],[177.4269833,64.739504],[177.4270017,64.7394633],[177.4270449,64.739433],[177.4271188,64.7394278],[177.4271959,64.7394304],[177.4272729,64.7394462],[177.4273191,64.7394803],[177.4273592,64.7395027],[177.4273961,64.7395211],[177.4274639,64.7395369],[177.427467,64.7395513],[177.4274577,64.7395776],[177.4275286,64.7395855],[177.4275995,64.7395868],[177.4276395,64.7396],[177.4276518,64.7396223],[177.4276459,64.7396808],[177.4277442,64.7397548]]}},{"type":"Feature","id":"osm-context-1373888770","properties":{"osmId":1373888770,"kind":"waterway","landuse":null,"natural":null,"water":null,"waterway":"stream","leisure":null,"amenity":null,"railway":null,"name":"Ключевой","source":"OpenStreetMap"},"geometry":{"type":"LineString","coordinates":[[177.4257928,64.7380496],[177.4259513,64.7381903]]}},{"type":"Feature","id":"osm-context-1373888771","properties":{"osmId":1373888771,"kind":"waterway","landuse":null,"natural":null,"water":null,"waterway":"stream","leisure":null,"amenity":null,"railway":null,"name":"Ключевой","source":"OpenStreetMap"},"geometry":{"type":"LineString","coordinates":[[177.3959613,64.7180577],[177.3959409,64.7180351],[177.3959613,64.7180126],[177.3959857,64.7179969],[177.396071,64.71799],[177.3961645,64.7179779],[177.3962702,64.7179588],[177.3963475,64.7179692],[177.3964573,64.7179622],[177.3965142,64.7179449],[177.3965548,64.7179258],[177.3965955,64.7179015],[177.3966158,64.7178858],[177.3966768,64.7178893],[177.3967296,64.7178997],[177.3968069,64.7178876],[177.3968394,64.717865],[177.3969085,64.7178285],[177.3969288,64.7177938],[177.3969451,64.717766],[177.3970183,64.7177435],[177.3970508,64.7177105],[177.3971321,64.7176792],[177.3971646,64.7176514],[177.3971484,64.7176254],[177.3971606,64.7175976],[177.3972134,64.7175681],[177.3972581,64.7175334],[177.3972866,64.7175021],[177.3972866,64.7174709],[177.3973395,64.7174292],[177.3974736,64.7173927],[177.3975996,64.7173684],[177.3977053,64.7173302],[177.3977338,64.7172851],[177.3978598,64.7172347],[177.3980225,64.7171792],[177.3981607,64.7171062],[177.3983511,64.7170408],[177.3984497,64.7169803],[177.3985606,64.7169435],[177.398653,64.7169171],[177.3986715,64.7168408],[177.398764,64.7167934],[177.3989735,64.7167513],[177.3990905,64.7167198],[177.3991275,64.7166776],[177.3992877,64.7166382],[177.3994418,64.7166355],[177.3995712,64.7166513],[177.3995958,64.7166145],[177.3995342,64.7165908],[177.3995034,64.7165592],[177.3995712,64.7165355],[177.3997068,64.7165066],[177.399867,64.7164776],[177.3999409,64.7164355],[177.3998731,64.7163987],[177.3998978,64.7163592],[177.3999717,64.7163592],[177.4000457,64.7163276],[177.4000703,64.7163039],[177.4001997,64.7162855],[177.4001812,64.7162566],[177.4001196,64.7162408],[177.4000826,64.716196],[177.4001073,64.7161592],[177.4002244,64.7161697],[177.4002613,64.7162092],[177.4003599,64.7162276],[177.40044,64.7162197],[177.4004955,64.7162039],[177.4004524,64.716175],[177.4003901,64.7161743],[177.4003335,64.7161607],[177.4003512,64.716135],[177.4003406,64.7161153],[177.4002733,64.7161153],[177.4002521,64.7160987],[177.4002839,64.716064],[177.4003547,64.716064],[177.4004361,64.71607],[177.4004963,64.7160776],[177.40056,64.7160428],[177.4005317,64.7160095],[177.4005281,64.7159733],[177.4006095,64.7159702],[177.4006449,64.7159884],[177.400737,64.7159717],[177.4007511,64.7159415],[177.4007334,64.7159098],[177.4007476,64.7158826],[177.4008361,64.7158962],[177.4008785,64.7158856],[177.400875,64.7158584],[177.4008998,64.7158357],[177.4009599,64.7158342],[177.4010166,64.7158448],[177.4010944,64.7158357],[177.4011192,64.7158206],[177.4011475,64.7158085],[177.4012749,64.7158145],[177.4012749,64.7157904],[177.4012749,64.7157677],[177.4013174,64.7157556],[177.4012891,64.7157299],[177.4012785,64.7157133],[177.4013528,64.7157042],[177.4014448,64.7157057],[177.4015545,64.7156936],[177.4016253,64.7156694],[177.4016465,64.7156437],[177.4017385,64.715615],[177.4018412,64.715618],[177.401958,64.7155712],[177.4020288,64.7155394],[177.4021102,64.7155273],[177.4021526,64.71555],[177.4022093,64.715556],[177.4022411,64.7155349],[177.4022482,64.7155198],[177.4023473,64.7155183],[177.4024252,64.7155228],[177.4025172,64.7154971],[177.4025419,64.715482],[177.4026481,64.7154699],[177.4026835,64.7155062],[177.4027932,64.7155031],[177.4028428,64.7154926],[177.402956,64.7155319],[177.403041,64.715544],[177.4030764,64.7155092],[177.4031719,64.715485],[177.4032958,64.7154472],[177.4033737,64.715414],[177.4033524,64.7153807],[177.4033312,64.7153414],[177.4033737,64.7153278],[177.4034267,64.7153157],[177.4034834,64.7153353],[177.4035223,64.7153641],[177.403586,64.7153716],[177.4036426,64.715352],[177.4036426,64.7153187],[177.4036993,64.7153112],[177.4037276,64.715293],[177.4037948,64.7152976],[177.403855,64.7152719],[177.4038975,64.7152583],[177.4038798,64.7152341],[177.4039116,64.7151978],[177.4039789,64.7152069],[177.4040178,64.7151736],[177.4040744,64.7151555],[177.4042337,64.7151419],[177.4042938,64.7151192],[177.404439,64.7150829],[177.4044567,64.7150557],[177.4045522,64.715036],[177.4046513,64.7150391],[177.4047716,64.7150119],[177.4048743,64.7149831],[177.4049132,64.7149453],[177.4048389,64.7149332],[177.4048707,64.7149075],[177.4049026,64.7148879],[177.4048849,64.7148456],[177.4050371,64.7148199],[177.4051256,64.714835],[177.4052494,64.7148456],[177.4053202,64.7148834],[177.4053733,64.7148939],[177.4054653,64.714897],[177.4055432,64.7149212],[177.4056246,64.7149212],[177.4057378,64.7149106],[177.4058228,64.7149348],[177.4059467,64.7149242],[177.4060847,64.7149227],[177.4062192,64.7149196],[177.4063006,64.7148955],[177.4064386,64.7148819],[177.406428,64.714841],[177.406343,64.7148335],[177.4063112,64.7147957],[177.4064103,64.7147881],[177.4065058,64.7147806],[177.4064386,64.7147503],[177.4064528,64.7147261],[177.4065448,64.7147095],[177.4066333,64.7147503],[177.4067076,64.7147503],[177.4067961,64.7147609],[177.4068739,64.7147534],[177.4069305,64.7147246],[177.4070013,64.7147458],[177.4070934,64.7147352],[177.4071571,64.7147186],[177.4072385,64.7146944],[177.4073234,64.7146944],[177.4074119,64.7146914],[177.4075853,64.7146914],[177.4076915,64.7147005],[177.4077552,64.7147503],[177.4078543,64.7147851],[177.4079569,64.714835],[177.408102,64.7148562],[177.4081339,64.7148849],[177.4082294,64.7149212],[177.4083179,64.7149257],[177.4083999,64.7149669],[177.4084985,64.7149984],[177.4086525,64.7150406],[177.4087635,64.7151011],[177.4088621,64.715109],[177.408936,64.7151485],[177.4090654,64.7151458],[177.4091517,64.7151827],[177.4092564,64.715209],[177.4093735,64.7152485],[177.4094598,64.7152616],[177.409583,64.7152537],[177.4097247,64.715288],[177.409848,64.7153274],[177.4098911,64.7153722],[177.4099219,64.7154143],[177.410076,64.7154406],[177.4101869,64.7154801],[177.4102424,64.7155459],[177.4101992,64.7155933],[177.4101931,64.7156459],[177.4101314,64.7156696],[177.4102362,64.7157354],[177.41023,64.715767],[177.41023,64.715817],[177.4102362,64.7158591],[177.4103656,64.715888],[177.4103656,64.715938],[177.4103348,64.7159907],[177.4104026,64.7160249],[177.4104704,64.7160696],[177.4105874,64.7161249],[177.410723,64.7161407],[177.4107908,64.7161828],[177.4108647,64.7162249],[177.4109572,64.7162275],[177.410988,64.7162512],[177.4111235,64.7162591],[177.4111975,64.7162828],[177.4113022,64.7163118],[177.4115241,64.7164012],[177.4115302,64.7164723],[177.4116042,64.7165118],[177.4117089,64.7165276],[177.4117644,64.7165907],[177.4117459,64.7166513],[177.4118815,64.7166934],[177.4119431,64.7167513],[177.4120663,64.7168092],[177.4122081,64.7168276],[177.4122019,64.7168881],[177.4123067,64.7169118],[177.4125039,64.7169276],[177.4126148,64.7169197],[177.4126949,64.7169513],[177.4127319,64.7170171],[177.4127503,64.7170618],[177.4128674,64.717125],[177.4129414,64.717146],[177.4129598,64.7171855],[177.4130461,64.7171829],[177.4131324,64.7171803],[177.4131509,64.7172092],[177.4132433,64.7172092],[177.4133665,64.7172224],[177.413422,64.7172118],[177.4135391,64.7172092],[177.4136192,64.7172039],[177.4136623,64.7172276],[177.4136786,64.717252],[177.4137242,64.7172589],[177.4137725,64.717268],[177.4138288,64.7172566],[177.4138101,64.7172417],[177.413794,64.7172222],[177.4138557,64.717213],[177.4139039,64.7172188],[177.4139871,64.7172062],[177.4140354,64.717205],[177.4140649,64.7171936],[177.4141131,64.7172119],[177.4141266,64.7172314],[177.4141614,64.7172577],[177.4142177,64.7172566],[177.4142768,64.71726],[177.4143331,64.7172577],[177.4143814,64.7172795],[177.4144136,64.7173058],[177.4145155,64.7173276],[177.4146094,64.717323],[177.414671,64.7173322],[177.4147166,64.7173482],[177.4147971,64.7173413],[177.4148105,64.7173642],[177.4148078,64.7173791],[177.4148427,64.7173906],[177.4148856,64.7173803],[177.4149178,64.7173917],[177.4149312,64.7174227],[177.4149661,64.7174628],[177.414958,64.7174868],[177.4149741,64.7175097],[177.4150466,64.7175281],[177.4150492,64.7175475],[177.4150814,64.7175601],[177.4151807,64.7175544],[177.4153014,64.7175498],[177.4153845,64.7175555],[177.4154435,64.7175452],[177.4155642,64.7175441],[177.4156527,64.7175487],[177.4157359,64.7175429],[177.415811,64.7175555],[177.4158056,64.7175727],[177.4158244,64.7175865],[177.415878,64.7175807],[177.4159049,64.7175567],[177.4159397,64.7175498],[177.4160175,64.7175464],[177.4160792,64.7175498],[177.4161436,64.7175475],[177.4161865,64.7175487],[177.4162589,64.7175349],[177.416326,64.7175441],[177.416326,64.7175613],[177.4163903,64.7175704],[177.4164762,64.7175773],[177.416503,64.7175922],[177.4166049,64.7175945],[177.4166532,64.7176002],[177.4167954,64.7175991],[177.4168973,64.7175807],[177.4169965,64.7175624],[177.4170797,64.7175407],[177.4171145,64.7174971],[177.4172057,64.717402],[177.4173533,64.7173482],[177.4174525,64.717331],[177.4175303,64.717339],[177.4176054,64.7173574],[177.4176456,64.7173929],[177.4176349,64.7174135],[177.4177073,64.7174444],[177.4178307,64.7175154],[177.4179004,64.7175326],[177.4180319,64.7175727],[177.418123,64.7175888],[177.418225,64.7175865],[177.4183993,64.7175945],[177.4184717,64.7175842],[177.4185576,64.7175991],[177.4186568,64.7176185],[177.4187802,64.7176506],[177.4188714,64.7176815],[177.4190109,64.7177068],[177.4191342,64.7177136],[177.4193247,64.7177194],[177.4194507,64.7177239],[177.4195714,64.7177663],[177.419719,64.7178293],[177.4197082,64.717858],[177.4197887,64.7178843],[177.4198853,64.7178832],[177.4200033,64.717882],[177.4201159,64.7178614],[177.4202259,64.7178694],[177.420301,64.7179038],[177.4203654,64.7179496],[177.4204619,64.7179668],[177.4205585,64.7179817],[177.420639,64.7180195],[177.4207462,64.7180641],[177.4208857,64.7181237],[177.4210037,64.7181753],[177.4210279,64.7181982],[177.4210869,64.7182096],[177.4211057,64.7182371],[177.4211969,64.7182383],[177.4212639,64.7182577],[177.4213283,64.7182463],[177.4214356,64.7182589],[177.4215643,64.7182623],[177.4216421,64.7182875],[177.421744,64.7182921],[177.421803,64.7183093],[177.4218781,64.718315],[177.4219398,64.7183024],[177.4220444,64.7183162],[177.4220739,64.7183425],[177.4221893,64.7183688],[177.4221839,64.7184238],[177.4221732,64.7184593],[177.4222644,64.7184765],[177.4223341,64.7185029],[177.4223314,64.7185246],[177.4223904,64.718543],[177.4224468,64.7185819],[177.4224468,64.7186163],[177.4225111,64.7186415],[177.4226023,64.7186495],[177.4226882,64.7186518],[177.4228142,64.7186678],[177.4229135,64.7186816],[177.4230127,64.7187033],[177.4230932,64.7187262],[177.42312,64.718748],[177.4231656,64.7187617],[177.4232166,64.7187709],[177.4232836,64.7188167],[177.4232864,64.7188875],[177.4232911,64.7189493],[177.4233191,64.719039],[177.4233425,64.7190909],[177.4233752,64.7191527],[177.4234452,64.7191966],[177.4234452,64.7192444],[177.4237721,64.7193781],[177.4238142,64.7194239],[177.4239029,64.7194937],[177.4239262,64.7195396],[177.424001,64.7195695],[177.424099,64.7195835],[177.4241831,64.7196294],[177.4242391,64.7196772],[177.4242251,64.719737],[177.4242204,64.7198108],[177.4242718,64.7198667],[177.4243419,64.7199185],[177.424496,64.7199325],[177.4245847,64.7199584],[177.4246781,64.7199624],[177.4247855,64.7199345],[177.4248322,64.7199006],[177.4248836,64.7198886],[177.4249676,64.7198926],[177.4250097,64.7199185],[177.4250937,64.7199145],[177.4250984,64.7198826],[177.4251311,64.7198547],[177.4251918,64.7198547],[177.4252665,64.7198328],[177.4252992,64.7198727],[177.4253973,64.7198886],[177.4255047,64.7198886],[177.4256074,64.7198727],[177.4256681,64.7198308],[177.4257275,64.7198634],[177.4257584,64.7198897],[177.4257953,64.7199279],[177.4258939,64.7199463],[177.4260326,64.7200042],[177.4260449,64.720041],[177.4260942,64.7200831],[177.4261712,64.7200805],[177.4262544,64.7201002],[177.4263499,64.720141],[177.4264177,64.7201858],[177.4264701,64.7201989],[177.4265163,64.7202423],[177.4265502,64.7202831],[177.4265933,64.7203344],[177.4266303,64.7203726],[177.4267042,64.7203752],[177.4267196,64.7204068],[177.4267689,64.7204331],[177.4268218,64.7204416],[177.4268584,64.720447]]}},{"type":"Feature","id":"osm-context-1373888772","properties":{"osmId":1373888772,"kind":"waterway","landuse":null,"natural":null,"water":null,"waterway":"stream","leisure":null,"amenity":null,"railway":null,"name":"Ключевой","source":"OpenStreetMap"},"geometry":{"type":"LineString","coordinates":[[177.4268584,64.720447],[177.4270228,64.7206111]]}},{"type":"Feature","id":"osm-context-1373901973","properties":{"osmId":1373901973,"kind":"area","landuse":null,"natural":"water","water":"stream","waterway":null,"leisure":null,"amenity":null,"railway":null,"name":"Ключевой","source":"OpenStreetMap"},"geometry":{"type":"Polygon","coordinates":[[[177.425399,64.7383358],[177.425397,64.7383991],[177.4254224,64.7384104],[177.4255057,64.7384134],[177.425584,64.7384082],[177.4255444,64.7383874],[177.4255637,64.7383622],[177.4256084,64.7383419],[177.4256328,64.7383388],[177.4256653,64.7383484],[177.4256907,64.738344],[177.4256958,64.738331],[177.4257334,64.7383267],[177.4257578,64.7383349],[177.4258044,64.7383769],[177.4257612,64.7384201],[177.4257626,64.7384594],[177.4258252,64.7384878],[177.4259326,64.7384914],[177.4259819,64.7385283],[177.425966,64.7385443],[177.4259978,64.7385613],[177.4259949,64.7385957],[177.4260414,64.7386134],[177.425983,64.7386248],[177.425997,64.7386399],[177.4259479,64.738664],[177.425931,64.7386744],[177.4258536,64.7386772],[177.425829,64.7386885],[177.425805,64.7387057],[177.425807,64.7387312],[177.4258442,64.7387265],[177.4258569,64.7387132],[177.4258808,64.7387165],[177.4258799,64.7387371],[177.4259437,64.7387434],[177.4260083,64.7387271],[177.4259985,64.738701],[177.4260168,64.7386974],[177.4260267,64.7387046],[177.426076,64.7386978],[177.4260598,64.738676],[177.4259969,64.7386725],[177.4260179,64.7386384],[177.4260611,64.7386323],[177.4261119,64.7386377],[177.4261245,64.7386524],[177.4262171,64.7386518],[177.4262401,64.7386265],[177.4262153,64.7386063],[177.4262823,64.7385992],[177.4262793,64.7386243],[177.4263315,64.7386303],[177.4263506,64.7386528],[177.4264069,64.738659],[177.4264309,64.7386872],[177.4264522,64.7387135],[177.4264091,64.7387283],[177.4264389,64.7387472],[177.4264421,64.738779],[177.4265049,64.7387944],[177.4265633,64.7387868],[177.4265605,64.7387464],[177.4265894,64.7387446],[177.4266412,64.7387781],[177.4266454,64.7388116],[177.4267047,64.738806],[177.4267811,64.7388428],[177.4267715,64.7388559],[177.4268076,64.738866],[177.4267825,64.738882],[177.4268085,64.738895],[177.4268576,64.7388826],[177.4268998,64.738901],[177.4269883,64.7389067],[177.4270495,64.7388764],[177.4270341,64.7388408],[177.4269556,64.7388487],[177.4269497,64.7388068],[177.4270313,64.7387934],[177.4271322,64.7388478],[177.4272234,64.7388433],[177.4272566,64.7388728],[177.42739,64.7388769],[177.4274933,64.7388539],[177.4275543,64.7387938],[177.4273933,64.7386942],[177.4271897,64.7387199],[177.4270633,64.7387196],[177.4269586,64.7387533],[177.4268961,64.7388006],[177.4268049,64.7387557],[177.426681,64.7387506],[177.4265764,64.738722],[177.4265134,64.7386258],[177.4263475,64.7385913],[177.4262841,64.7385142],[177.4261901,64.7385573],[177.4261123,64.7385618],[177.426127,64.7385394],[177.4260338,64.7385071],[177.4259816,64.7384775],[177.4259804,64.7384457],[177.425984,64.7383841],[177.4258815,64.7383568],[177.4257944,64.7383367],[177.4258005,64.7383228],[177.4258533,64.7383163],[177.4258828,64.7383033],[177.4259194,64.7382924],[177.4259519,64.7382759],[177.4260007,64.7382716],[177.4260271,64.7382811],[177.4260942,64.738285],[177.4261247,64.7382781],[177.4261399,64.7382586],[177.4261277,64.7382395],[177.426141,64.738223],[177.4261806,64.7382044],[177.4261908,64.7381883],[177.4261674,64.7381818],[177.4261328,64.7381896],[177.4260942,64.7381814],[177.4260373,64.7381866],[177.4260098,64.7381896],[177.4259513,64.7381903],[177.4259153,64.7381979],[177.4253492,64.7382989],[177.4252791,64.738315],[177.4252242,64.7383297],[177.4251968,64.7383497],[177.425213,64.7383609],[177.4251998,64.7383839],[177.4251713,64.73841],[177.4251581,64.7384282],[177.4251754,64.7384412],[177.4252069,64.7384499],[177.4252293,64.7384598],[177.4252516,64.7384694],[177.4252567,64.7384876],[177.4252608,64.7385067],[177.4252059,64.738511],[177.4251754,64.7385154],[177.4251632,64.7385579],[177.4252283,64.7385869],[177.4252435,64.7386372],[177.4253482,64.7386858],[177.4253685,64.7386993],[177.4253909,64.7387058],[177.4254529,64.7387045],[177.4255139,64.7387244],[177.425524,64.7387483],[177.4255088,64.7387556],[177.4254874,64.7387487],[177.4254752,64.7387569],[177.4255078,64.7387847],[177.4255738,64.7387856],[177.4255921,64.7387938],[177.4255931,64.7388138],[177.4255464,64.7388081],[177.4255423,64.7388437],[177.4254519,64.7388567],[177.4254285,64.738842],[177.4252557,64.7388754],[177.4251429,64.7389422],[177.4251632,64.738969],[177.4252059,64.738992],[177.4252486,64.7389994],[177.4252872,64.7390007],[177.4253645,64.7390263],[177.4254102,64.739022],[177.4254224,64.7390328],[177.4254976,64.7390324],[177.4255139,64.7390497],[177.4255881,64.7390497],[177.4256155,64.7390384],[177.4256724,64.7390345],[177.4257273,64.7390319],[177.4258757,64.7390337],[177.4259123,64.7390376],[177.4259184,64.7390519],[177.4259387,64.7390549],[177.4259519,64.7390619],[177.4260271,64.7390753],[177.4260281,64.7390883],[177.4260525,64.7390935],[177.4260556,64.7391109],[177.4261166,64.7391234],[177.4262345,64.7391816],[177.4262365,64.7391967],[177.4262639,64.7392046],[177.4262721,64.7392254],[177.4263188,64.7392288],[177.4263849,64.7392527],[177.4264184,64.7392787],[177.4264652,64.7392909],[177.426518,64.7393147],[177.4265414,64.739342],[177.4265943,64.7393399],[177.4266115,64.7393538],[177.4266248,64.739414],[177.4265678,64.7394969],[177.4265902,64.739535],[177.4266136,64.7395737],[177.4266522,64.7395858],[177.4267884,64.7395897],[177.4268331,64.7395849],[177.426891,64.7395806],[177.4269551,64.7395641],[177.4270506,64.7394895],[177.4270963,64.7394474],[177.4272112,64.7394457],[177.4272844,64.7394774],[177.4273189,64.739516],[177.4273545,64.7395277],[177.4273962,64.7395307],[177.427447,64.7395589],[177.4274328,64.7395784],[177.4274561,64.7395897],[177.4275283,64.7395897],[177.4275496,64.7396096],[177.42754,64.7396453],[177.4276759,64.7397615],[177.4277442,64.7397548],[177.427857,64.7397276],[177.4277265,64.7396162],[177.427693,64.7395671],[177.4275039,64.7395702],[177.4274795,64.7395589],[177.4274775,64.7395268],[177.4274633,64.7395086],[177.4273921,64.7394921],[177.4272458,64.7394149],[177.4272031,64.7394136],[177.4271736,64.739395],[177.4270618,64.7394175],[177.427011,64.7394123],[177.4269134,64.7395077],[177.4267853,64.7395411],[177.4267325,64.7395429],[177.4266817,64.7395199],[177.4266685,64.7394964],[177.4266898,64.7393993],[177.4266918,64.7393663],[177.4266217,64.7393065],[177.4265719,64.739306],[177.426332,64.7391638],[177.4262863,64.7391699],[177.4261318,64.7390896],[177.4261654,64.7390723],[177.4261572,64.7390554],[177.4261125,64.7390549],[177.4260952,64.7390358],[177.4261308,64.7390254],[177.4261105,64.7390128],[177.4260129,64.7390276],[177.4260007,64.7390207],[177.4260037,64.739002],[177.4259702,64.7389699],[177.4257791,64.7389933],[177.4257649,64.7390046],[177.4255586,64.7390146],[177.4255169,64.739005],[177.425399,64.738992],[177.4253401,64.738976],[177.4253228,64.7389604],[177.425277,64.7389625],[177.4252659,64.7389313],[177.4252943,64.7389035],[177.4253909,64.7388996],[177.4254549,64.7388814],[177.4254996,64.738897],[177.425583,64.7388923],[177.4256389,64.7388675],[177.4256673,64.7388151],[177.4257009,64.7387808],[177.4256877,64.7387678],[177.4256419,64.7387708],[177.4255982,64.7387322],[177.4255708,64.7387318],[177.4255464,64.7386815],[177.4254102,64.738675],[177.4253472,64.7386589],[177.4253004,64.7386195],[177.4253299,64.7385344],[177.4253949,64.7385336],[177.4253807,64.7385045],[177.4253208,64.7384811],[177.4252496,64.7384364],[177.425212,64.7384308],[177.425213,64.7384152],[177.4252537,64.7383935],[177.4252598,64.7383501],[177.4252943,64.7383315],[177.425399,64.7383358]]]}},{"type":"Feature","id":"osm-context-1373901974","properties":{"osmId":1373901974,"kind":"area","landuse":null,"natural":"water","water":"pond","waterway":null,"leisure":null,"amenity":null,"railway":null,"name":null,"source":"OpenStreetMap"},"geometry":{"type":"Polygon","coordinates":[[[177.4255265,64.7381041],[177.4255654,64.7380784],[177.4255252,64.7380412],[177.4255628,64.738016],[177.4255896,64.7379685],[177.4255681,64.7379347],[177.4256177,64.737917],[177.4256915,64.7379078],[177.4257331,64.7379307],[177.4257626,64.7379611],[177.4259275,64.7379656],[177.4260348,64.7379576],[177.4260764,64.7379828],[177.4260871,64.7379983],[177.4255265,64.7381041]]]}},{"type":"Feature","id":"osm-context-1373901975","properties":{"osmId":1373901975,"kind":"area","landuse":null,"natural":"water","water":"pond","waterway":null,"leisure":null,"amenity":null,"railway":null,"name":null,"source":"OpenStreetMap"},"geometry":{"type":"Polygon","coordinates":[[[177.4238188,64.738394],[177.424622,64.7382395],[177.4246477,64.7382126],[177.4247738,64.7381837],[177.424657,64.7380741],[177.4246967,64.7380283],[177.4246313,64.7380173],[177.4244539,64.7380681],[177.4242974,64.7380701],[177.4241223,64.738104],[177.4239775,64.7381648],[177.4239682,64.7382136],[177.4238748,64.7382515],[177.4238281,64.7382923],[177.4236763,64.7383133],[177.4236997,64.738385],[177.4238188,64.738394]]]}},{"type":"Feature","id":"osm-context-1373901976","properties":{"osmId":1373901976,"kind":"area","landuse":null,"natural":"water","water":"pond","waterway":null,"leisure":null,"amenity":null,"railway":null,"name":null,"source":"OpenStreetMap"},"geometry":{"type":"Polygon","coordinates":[[[177.4249969,64.7397423],[177.4250278,64.7397452],[177.4250492,64.739724],[177.4250881,64.7397217],[177.4250868,64.7397337],[177.4251646,64.7397326],[177.4252504,64.7397165],[177.4252598,64.7396936],[177.4252987,64.739669],[177.425237,64.7396587],[177.425186,64.7396816],[177.4251565,64.7396811],[177.4251458,64.7396587],[177.4250962,64.7396421],[177.4250466,64.7396576],[177.4249916,64.7396879],[177.42495,64.7396873],[177.4249969,64.7397423]]]}},{"type":"Feature","id":"osm-context-1373901977","properties":{"osmId":1373901977,"kind":"area","landuse":null,"natural":"water","water":"pond","waterway":null,"leisure":null,"amenity":null,"railway":null,"name":null,"source":"OpenStreetMap"},"geometry":{"type":"Polygon","coordinates":[[[177.4255901,64.7395303],[177.4258089,64.7395277],[177.4258119,64.7395053],[177.4257549,64.739481],[177.4257827,64.7394685],[177.4258797,64.7394705],[177.4259044,64.7394652],[177.4259567,64.7394691],[177.4260014,64.7394277],[177.4259614,64.7393745],[177.4258936,64.7393863],[177.4258212,64.7393456],[177.4257626,64.7393679],[177.4257349,64.7394238],[177.425644,64.7394258],[177.4256286,64.7394724],[177.4255593,64.7394987],[177.4255901,64.7395303]]]}},{"type":"Feature","id":"osm-context-1373901978","properties":{"osmId":1373901978,"kind":"area","landuse":null,"natural":"water","water":"pond","waterway":null,"leisure":null,"amenity":null,"railway":null,"name":null,"source":"OpenStreetMap"},"geometry":{"type":"Polygon","coordinates":[[[177.4252098,64.7396083],[177.4252483,64.7395973],[177.4253055,64.7395928],[177.4253557,64.7395724],[177.4254048,64.739551],[177.4254083,64.7395296],[177.4253978,64.7394972],[177.4253534,64.7394972],[177.4253394,64.7395226],[177.4252974,64.7395236],[177.4252647,64.7395375],[177.4252063,64.7395679],[177.4252098,64.7396083]]]}},{"type":"Feature","id":"osm-context-1373901979","properties":{"osmId":1373901979,"kind":"area","landuse":null,"natural":"water","water":"pond","waterway":null,"leisure":null,"amenity":null,"railway":null,"name":null,"source":"OpenStreetMap"},"geometry":{"type":"Polygon","coordinates":[[[177.425078,64.7395554],[177.4250515,64.7395363],[177.4250028,64.7395289],[177.4249977,64.7395124],[177.4250302,64.7394977],[177.4250769,64.7394977],[177.4250648,64.739469],[177.4251186,64.7394612],[177.4251715,64.7394686],[177.4252203,64.7394985],[177.4252538,64.7394994],[177.4252568,64.7395319],[177.4251877,64.7395393],[177.4251603,64.7395558],[177.425078,64.7395554]]]}},{"type":"Feature","id":"osm-context-1373901980","properties":{"osmId":1373901980,"kind":"area","landuse":null,"natural":"water","water":"pond","waterway":null,"leisure":null,"amenity":null,"railway":null,"name":null,"source":"OpenStreetMap"},"geometry":{"type":"Polygon","coordinates":[[[177.4249129,64.739498],[177.4249578,64.7395032],[177.4249999,64.7394892],[177.4249578,64.7394506],[177.4249642,64.7394168],[177.4249059,64.7394183],[177.4248843,64.7394245],[177.4248825,64.739407],[177.4248218,64.7394085],[177.4247926,64.739421],[177.4247862,64.7394656],[177.4248212,64.7394803],[177.4248726,64.739478],[177.4249129,64.739498]]]}},{"type":"Feature","id":"osm-context-1373901981","properties":{"osmId":1373901981,"kind":"area","landuse":null,"natural":"water","water":"pond","waterway":null,"leisure":null,"amenity":null,"railway":null,"name":null,"source":"OpenStreetMap"},"geometry":{"type":"Polygon","coordinates":[[[177.4246097,64.7392742],[177.4246634,64.7392548],[177.4247299,64.7392598],[177.4247287,64.7392224],[177.4246785,64.7392224],[177.4246377,64.7391975],[177.4246459,64.7391646],[177.4247229,64.7391417],[177.4246692,64.7391173],[177.424668,64.7390899],[177.4246178,64.7390784],[177.4245886,64.7390864],[177.4245408,64.7390306],[177.4244824,64.739056],[177.4245186,64.7390675],[177.4245093,64.7390978],[177.4245536,64.7391168],[177.4245711,64.7391342],[177.4245723,64.7391651],[177.4245735,64.739182],[177.4245408,64.7392005],[177.4245361,64.7392473],[177.4246097,64.7392742]]]}},{"type":"Feature","id":"osm-context-1373901982","properties":{"osmId":1373901982,"kind":"area","landuse":null,"natural":"water","water":"pond","waterway":null,"leisure":null,"amenity":null,"railway":null,"name":null,"source":"OpenStreetMap"},"geometry":{"type":"Polygon","coordinates":[[[177.424107,64.7392567],[177.4241553,64.7392464],[177.4241419,64.7392281],[177.4241741,64.7392132],[177.4241473,64.7391949],[177.4242358,64.7391765],[177.4243565,64.73918],[177.4244074,64.7391491],[177.4243994,64.7390884],[177.4243618,64.7390907],[177.4243082,64.7390506],[177.4243082,64.7390266],[177.4242572,64.7390049],[177.4241875,64.7390174],[177.4241848,64.73899],[177.4242599,64.7389854],[177.424284,64.7389556],[177.4242089,64.7389396],[177.4242411,64.7389236],[177.4243323,64.7389259],[177.424386,64.7389121],[177.4244316,64.7389156],[177.4245067,64.7388915],[177.4245281,64.7388664],[177.4244879,64.7388412],[177.4244021,64.7388412],[177.4243377,64.7388881],[177.4242116,64.7388973],[177.4241928,64.7388549],[177.4242197,64.7388114],[177.4243135,64.7387828],[177.424386,64.7388046],[177.4245147,64.7387988],[177.4245737,64.7387611],[177.4244396,64.7386832],[177.4243055,64.7386764],[177.4241928,64.7386718],[177.424158,64.7387221],[177.4241955,64.7387656],[177.4240641,64.7387771],[177.4240534,64.7388034],[177.4240829,64.7388458],[177.423981,64.7388744],[177.4239649,64.7389717],[177.4238737,64.7389465],[177.4237717,64.7389728],[177.4236993,64.7389648],[177.4234552,64.7389751],[177.423348,64.7390495],[177.4233989,64.739109],[177.4234123,64.7391548],[177.4232407,64.7391811],[177.4232594,64.7392189],[177.423356,64.7392269],[177.4234928,64.7392006],[177.4235518,64.739275],[177.4236591,64.7393002],[177.4237798,64.7392944],[177.4238012,64.7392567],[177.4236537,64.7392246],[177.4237074,64.7391846],[177.4238468,64.7391926],[177.4238737,64.7391548],[177.4237852,64.7391136],[177.4238468,64.7390587],[177.4239434,64.7390667],[177.4239139,64.7390152],[177.4240641,64.739014],[177.4240507,64.7390678],[177.4240802,64.7390907],[177.4241607,64.7390907],[177.424217,64.7391136],[177.4241473,64.7391479],[177.4240453,64.7391788],[177.4240105,64.739212],[177.424107,64.7392567]]]}},{"type":"Feature","id":"osm-context-1373901983","properties":{"osmId":1373901983,"kind":"area","landuse":null,"natural":"water","water":"pond","waterway":null,"leisure":null,"amenity":null,"railway":null,"name":null,"source":"OpenStreetMap"},"geometry":{"type":"Polygon","coordinates":[[[177.4229839,64.7391482],[177.4229166,64.7390803],[177.4229839,64.7390365],[177.4230617,64.7390546],[177.4230369,64.7390908],[177.4231113,64.7391165],[177.4230299,64.7391241],[177.4230369,64.7391497],[177.4229839,64.7391482]]]}},{"type":"Feature","id":"osm-context-1373901984","properties":{"osmId":1373901984,"kind":"area","landuse":null,"natural":"water","water":"pond","waterway":null,"leisure":null,"amenity":null,"railway":null,"name":null,"source":"OpenStreetMap"},"geometry":{"type":"Polygon","coordinates":[[[177.4229945,64.7389685],[177.4229272,64.7389051],[177.4229839,64.7388749],[177.4230582,64.7388703],[177.4230546,64.7389066],[177.4231148,64.7389413],[177.4230794,64.7389791],[177.4229945,64.7389685]]]}},{"type":"Feature","id":"osm-context-1373901985","properties":{"osmId":1373901985,"kind":"area","landuse":null,"natural":"water","water":"pond","waterway":null,"leisure":null,"amenity":null,"railway":null,"name":null,"source":"OpenStreetMap"},"geometry":{"type":"Polygon","coordinates":[[[177.423267,64.738751],[177.4232104,64.7387208],[177.423221,64.7386906],[177.4240492,64.7385441],[177.4240846,64.7385683],[177.4240492,64.7386211],[177.4239678,64.7385939],[177.4237731,64.7386377],[177.4237165,64.7386815],[177.4236422,64.7386483],[177.4235395,64.7386695],[177.423536,64.7387057],[177.4234404,64.7387555],[177.423267,64.738751]]]}},{"type":"Feature","id":"osm-context-1373901986","properties":{"osmId":1373901986,"kind":"area","landuse":null,"natural":"water","water":"pond","waterway":null,"leisure":null,"amenity":null,"railway":null,"name":null,"source":"OpenStreetMap"},"geometry":{"type":"Polygon","coordinates":[[[177.4283808,64.7392286],[177.4283686,64.7391835],[177.428515,64.7391453],[177.4285109,64.7391106],[177.4286613,64.7390846],[177.4286979,64.739095],[177.4288321,64.7390655],[177.4289052,64.7390881],[177.4291898,64.739036],[177.4293362,64.7390274],[177.4293728,64.7390499],[177.4291858,64.7391072],[177.4290597,64.7390863],[177.4289947,64.7390881],[177.4289581,64.7391297],[177.4288565,64.7391176],[177.4287874,64.7391436],[177.4287345,64.7391314],[177.4284784,64.7391904],[177.4284337,64.7392251],[177.4283808,64.7392286]]]}},{"type":"Feature","id":"osm-context-1373901987","properties":{"osmId":1373901987,"kind":"area","landuse":null,"natural":"water","water":"pond","waterway":null,"leisure":null,"amenity":null,"railway":null,"name":null,"source":"OpenStreetMap"},"geometry":{"type":"Polygon","coordinates":[[[177.4286207,64.7389875],[177.4285556,64.7389406],[177.4296533,64.7384999],[177.4297183,64.7385034],[177.4297427,64.7385208],[177.4296899,64.7385572],[177.4292102,64.7387532],[177.4290923,64.7387914],[177.4291085,64.73884],[177.4287914,64.7389007],[177.4286207,64.7389875]]]}},{"type":"Feature","id":"osm-context-1374008724","properties":{"osmId":1374008724,"kind":"area","landuse":null,"natural":null,"water":null,"waterway":null,"leisure":null,"amenity":"parking","railway":null,"name":null,"source":"OpenStreetMap"},"geometry":{"type":"Polygon","coordinates":[[[177.4168247,64.7375145],[177.4169775,64.7374214],[177.4170207,64.7373806],[177.4168204,64.7373004],[177.4165721,64.7373769],[177.4168247,64.7375145]]]}},{"type":"Feature","id":"osm-context-1374008755","properties":{"osmId":1374008755,"kind":"area","landuse":null,"natural":"water","water":"wastewater","waterway":null,"leisure":null,"amenity":null,"railway":null,"name":null,"source":"OpenStreetMap"},"geometry":{"type":"Polygon","coordinates":[[[177.4714773,64.7350147],[177.4714237,64.7350753],[177.4712654,64.7351211],[177.4710991,64.7351452],[177.4709328,64.7351165],[177.4707236,64.7350719],[177.4706673,64.735033],[177.4706351,64.7348166],[177.4705912,64.7342283],[177.4705991,64.734073],[177.4706807,64.7338524],[177.4709664,64.7336724],[177.4711881,64.7336224],[177.4714183,64.7334977],[177.4715524,64.7335526],[177.4715363,64.7336786],[177.4716275,64.7337862],[177.4716811,64.7340128],[177.4716704,64.7341571],[177.4717616,64.7342601],[177.471767,64.7344708],[177.4716972,64.7347364],[177.4716328,64.7348829],[177.4716221,64.7349218],[177.4714773,64.7350147]]]}},{"type":"Feature","id":"osm-context-1374015171","properties":{"osmId":1374015171,"kind":"area","landuse":"religious","natural":null,"water":null,"waterway":null,"leisure":null,"amenity":null,"railway":null,"name":null,"source":"OpenStreetMap"},"geometry":{"type":"Polygon","coordinates":[[[177.4163681,64.7371483],[177.4165486,64.7372398],[177.4167405,64.7371709],[177.41656,64.7370794],[177.4163681,64.7371483]]]}},{"type":"Feature","id":"osm-context-1374079511","properties":{"osmId":1374079511,"kind":"area","landuse":null,"natural":"water","water":"pond","waterway":null,"leisure":null,"amenity":null,"railway":null,"name":null,"source":"OpenStreetMap"},"geometry":{"type":"Polygon","coordinates":[[[177.4215786,64.7398995],[177.4215618,64.7398828],[177.4215823,64.7398525],[177.421644,64.7398461],[177.4216458,64.739878],[177.421601,64.739886],[177.4215786,64.7398995]]]}},{"type":"Feature","id":"osm-context-1374079512","properties":{"osmId":1374079512,"kind":"area","landuse":null,"natural":"water","water":"pond","waterway":null,"leisure":null,"amenity":null,"railway":null,"name":null,"source":"OpenStreetMap"},"geometry":{"type":"Polygon","coordinates":[[[177.4216178,64.7399346],[177.4216402,64.7399027],[177.4216851,64.7398995],[177.4216907,64.7399203],[177.421728,64.7399203],[177.4217336,64.7398772],[177.4217131,64.7398629],[177.4217187,64.7398461],[177.4217467,64.7398318],[177.4217859,64.7398318],[177.4218046,64.7398541],[177.4218289,64.7398605],[177.4218121,64.7398764],[177.4218345,64.739882],[177.4218532,64.7398995],[177.4218905,64.7399035],[177.4218962,64.7398788],[177.4219391,64.7398748],[177.4219541,64.7398629],[177.4219354,64.7398541],[177.421913,64.7398605],[177.4218868,64.7398374],[177.4219111,64.7398174],[177.421969,64.7398087],[177.4220306,64.7398119],[177.4220736,64.7398119],[177.422068,64.7398302],[177.4221222,64.7398406],[177.4221371,64.7398613],[177.4221633,64.7398573],[177.4221969,64.7398708],[177.4222492,64.7398517],[177.422266,64.7398621],[177.4222305,64.7398852],[177.422238,64.7398932],[177.4222585,64.7398836],[177.422281,64.7398836],[177.4222903,64.7399027],[177.4223127,64.7399043],[177.4223295,64.7398964],[177.4223445,64.7399043],[177.4223519,64.7399139],[177.4223519,64.7399306],[177.4223949,64.739933],[177.4223968,64.7399219],[177.4224491,64.7399155],[177.4224453,64.7399067],[177.4224341,64.7398948],[177.4224304,64.7398836],[177.4223632,64.7398836],[177.4223557,64.7398916],[177.4223239,64.7398868],[177.4223314,64.7398756],[177.4223221,64.7398605],[177.4223258,64.7398485],[177.4223632,64.7398429],[177.4223968,64.7398422],[177.4224061,64.7398597],[177.4224379,64.7398661],[177.4224659,64.7398876],[177.4224771,64.7398693],[177.4224771,64.7398533],[177.422464,64.7398461],[177.4224341,64.7398366],[177.422408,64.739831],[177.4224042,64.739815],[177.4224024,64.7398023],[177.4224211,64.7397879],[177.4224509,64.73978],[177.4224808,64.7397879],[177.4224771,64.7397656],[177.4224902,64.7397441],[177.4225425,64.7397441],[177.4225593,64.7397616],[177.422591,64.7397632],[177.4226004,64.7397879],[177.4226602,64.7398158],[177.4226583,64.7398374],[177.4226807,64.7398429],[177.4226863,64.739874],[177.4226714,64.7398788],[177.4226377,64.739874],[177.422634,64.7398613],[177.4226079,64.7398541],[177.4225873,64.7398605],[177.4226023,64.7398852],[177.4226583,64.7398916],[177.4226639,64.7399362],[177.4226004,64.7399426],[177.422578,64.739953],[177.4225219,64.7399482],[177.4224846,64.7399545],[177.4225033,64.7399816],[177.4224827,64.7400149],[177.4224117,64.7400284],[177.4224192,64.7400428],[177.422479,64.7400332],[177.4224939,64.74005],[177.422464,64.7400802],[177.4223725,64.7400858],[177.4223258,64.740097],[177.4223053,64.7401193],[177.4223146,64.7401384],[177.4222474,64.7401623],[177.4222268,64.7401759],[177.422182,64.7401783],[177.4221708,64.7401982],[177.4222119,64.7402158],[177.422154,64.7402492],[177.422083,64.7402692],[177.4219653,64.7402811],[177.4219821,64.7403026],[177.4219578,64.7403202],[177.4219111,64.7403465],[177.4219036,64.740325],[177.4218625,64.7403433],[177.4218102,64.7403002],[177.4217561,64.740305],[177.421728,64.7403281],[177.4217486,64.7403441],[177.4215487,64.7403297],[177.4215151,64.7403465],[177.4214945,64.7403449],[177.4214889,64.7403242],[177.4215581,64.7403066],[177.4215356,64.7402931],[177.4215487,64.7402755],[177.4216926,64.7402994],[177.4217299,64.7402875],[177.4217243,64.7402612],[177.4218046,64.7402628],[177.4218121,64.7402524],[177.4218663,64.7402317],[177.4218588,64.7402221],[177.4218775,64.7401998],[177.4218495,64.7401847],[177.4214927,64.7402421],[177.4214591,64.7402803],[177.4213619,64.7402684],[177.4210799,64.7403114],[177.4210313,64.7403058],[177.4210257,64.7402867],[177.4210556,64.7402684],[177.4211041,64.7402763],[177.4213544,64.7402213],[177.4217579,64.7401743],[177.4217542,64.7401584],[177.4218308,64.7401592],[177.42187,64.7401432],[177.4218644,64.7401257],[177.421898,64.7401201],[177.4219148,64.7401089],[177.4220082,64.7401113],[177.4220437,64.7400882],[177.422096,64.7400842],[177.4220923,64.7400539],[177.4221465,64.7400332],[177.4221185,64.7399989],[177.4221371,64.7399814],[177.4221073,64.7399814],[177.4220923,64.7399957],[177.4220624,64.7400013],[177.4220587,64.7400228],[177.4220139,64.7400228],[177.4220288,64.740042],[177.4220045,64.7400484],[177.4220026,64.7400699],[177.4220008,64.7400826],[177.421997,64.740097],[177.4218794,64.7400643],[177.4218457,64.7400723],[177.4218158,64.7400707],[177.4218345,64.7400356],[177.4217654,64.7400165],[177.421771,64.7399942],[177.4217467,64.7399886],[177.4217449,64.739971],[177.4217299,64.7399663],[177.421743,64.7399439],[177.4216683,64.739928],[177.4216533,64.739936],[177.4217206,64.7399527],[177.4217,64.7399615],[177.4216459,64.7399495],[177.4216178,64.7399346]]]}},{"type":"Feature","id":"osm-context-1374079513","properties":{"osmId":1374079513,"kind":"area","landuse":null,"natural":"water","water":"pond","waterway":null,"leisure":null,"amenity":null,"railway":null,"name":null,"source":"OpenStreetMap"},"geometry":{"type":"Polygon","coordinates":[[[177.4203549,64.7402773],[177.420345,64.7402278],[177.4203818,64.7402133],[177.4203719,64.7401921],[177.4203393,64.7401903],[177.4203209,64.740171],[177.4202841,64.7401758],[177.4202869,64.7401879],[177.4202869,64.7401958],[177.4202176,64.7401964],[177.4202629,64.7401867],[177.4202799,64.7401553],[177.4203124,64.7401504],[177.4203379,64.7401474],[177.4203294,64.7401631],[177.4203506,64.7401837],[177.4204667,64.7401837],[177.4204865,64.7402121],[177.4204214,64.7402181],[177.4204059,64.7402356],[177.4204243,64.740255],[177.4203903,64.7402749],[177.4203549,64.7402773]]]}},{"type":"Feature","id":"osm-context-1374079514","properties":{"osmId":1374079514,"kind":"area","landuse":null,"natural":"water","water":"pond","waterway":null,"leisure":null,"amenity":null,"railway":null,"name":null,"source":"OpenStreetMap"},"geometry":{"type":"Polygon","coordinates":[[[177.4196768,64.7403691],[177.4197263,64.7403649],[177.4197249,64.7403806],[177.4197546,64.7403709],[177.4197561,64.7403522],[177.4198226,64.740351],[177.4198679,64.7403238],[177.4199259,64.7403232],[177.4199174,64.7403105],[177.4198835,64.7402924],[177.4199146,64.7402689],[177.4199358,64.7402459],[177.4199245,64.7402386],[177.4199288,64.7402254],[177.419875,64.7402308],[177.419841,64.7402411],[177.4198254,64.740258],[177.4198028,64.7402562],[177.4197886,64.7402332],[177.4197674,64.740235],[177.419732,64.7402501],[177.4197178,64.7402495],[177.4197164,64.7402235],[177.4197461,64.7402187],[177.4197391,64.7402096],[177.4197037,64.7402133],[177.4195989,64.7402972],[177.4195819,64.7403057],[177.4195947,64.7403208],[177.4196145,64.7403456],[177.4196768,64.7403691]]]}},{"type":"Feature","id":"osm-context-1374079515","properties":{"osmId":1374079515,"kind":"area","landuse":null,"natural":"water","water":"pond","waterway":null,"leisure":null,"amenity":null,"railway":null,"name":null,"source":"OpenStreetMap"},"geometry":{"type":"Polygon","coordinates":[[[177.419262,64.7402966],[177.4194927,64.7401281],[177.4194432,64.7401033],[177.4194205,64.7401027],[177.4193894,64.7400846],[177.4193512,64.7400906],[177.4193257,64.7400906],[177.4192974,64.7400973],[177.4192634,64.7400943],[177.4192082,64.7400985],[177.4191912,64.7401094],[177.4191417,64.7401215],[177.4191289,64.7401662],[177.4190949,64.7401583],[177.4190638,64.740168],[177.4190355,64.7402024],[177.4189619,64.740226],[177.4189604,64.7402556],[177.4189845,64.7402773],[177.419085,64.7402882],[177.4191388,64.7402827],[177.419262,64.7402966]]]}},{"type":"Feature","id":"osm-context-1374079516","properties":{"osmId":1374079516,"kind":"area","landuse":null,"natural":"water","water":"pond","waterway":null,"leisure":null,"amenity":null,"railway":null,"name":null,"source":"OpenStreetMap"},"geometry":{"type":"Polygon","coordinates":[[[177.4198004,64.7404279],[177.4197955,64.7404133],[177.4197516,64.7404085],[177.4198085,64.7403807],[177.4198362,64.7403883],[177.4198703,64.7403821],[177.4199272,64.7403793],[177.4199533,64.740355],[177.4199744,64.7403481],[177.4199777,64.7403363],[177.4200004,64.7403488],[177.4200118,64.7403786],[177.4199614,64.74038],[177.4199711,64.7403967],[177.4198833,64.7404168],[177.4198459,64.7404293],[177.4198004,64.7404279]]]}},{"type":"Feature","id":"osm-context-1374079517","properties":{"osmId":1374079517,"kind":"area","landuse":null,"natural":"water","water":"pond","waterway":null,"leisure":null,"amenity":null,"railway":null,"name":null,"source":"OpenStreetMap"},"geometry":{"type":"Polygon","coordinates":[[[177.4266762,64.7381804],[177.426614,64.7381603],[177.4266075,64.7381236],[177.426659,64.738119],[177.426732,64.7381227],[177.4267363,64.7381511],[177.4267041,64.7381767],[177.4266762,64.7381804]]]}},{"type":"Feature","id":"osm-context-1374079518","properties":{"osmId":1374079518,"kind":"area","landuse":null,"natural":"water","water":"pond","waterway":null,"leisure":null,"amenity":null,"railway":null,"name":null,"source":"OpenStreetMap"},"geometry":{"type":"Polygon","coordinates":[[[177.4270109,64.738478],[177.427056,64.7384386],[177.4271096,64.7384386],[177.4271311,64.7384496],[177.4271268,64.7384634],[177.427101,64.7384679],[177.4271096,64.7384872],[177.4270388,64.7384936],[177.4270109,64.738478]]]}},{"type":"Feature","id":"osm-context-1374079519","properties":{"osmId":1374079519,"kind":"area","landuse":null,"natural":"water","water":"pond","waterway":null,"leisure":null,"amenity":null,"railway":null,"name":null,"source":"OpenStreetMap"},"geometry":{"type":"Polygon","coordinates":[[[177.4296502,64.7388654],[177.4296395,64.7388425],[177.4295558,64.7388406],[177.4295751,64.7388022],[177.4296116,64.738793],[177.4295837,64.7387811],[177.4296137,64.7387564],[177.4296738,64.7387637],[177.429676,64.7387921],[177.4297167,64.7387948],[177.4297253,64.7388113],[177.4296803,64.7388205],[177.4296888,64.738847],[177.4297146,64.7388562],[177.4297146,64.7388736],[177.4296502,64.7388654]]]}},{"type":"Feature","id":"osm-context-1374079520","properties":{"osmId":1374079520,"kind":"area","landuse":null,"natural":"water","water":"pond","waterway":null,"leisure":null,"amenity":null,"railway":null,"name":null,"source":"OpenStreetMap"},"geometry":{"type":"Polygon","coordinates":[[[177.4274657,64.7391417],[177.4274915,64.7391033],[177.4275451,64.7390914],[177.4275215,64.7390813],[177.4274915,64.7390392],[177.4275151,64.73903],[177.4275837,64.7390383],[177.4276288,64.7390493],[177.4276567,64.739074],[177.4276267,64.739095],[177.4275945,64.7391106],[177.4275451,64.7391216],[177.4275043,64.7391445],[177.4274657,64.7391417]]]}},{"type":"Feature","id":"osm-context-1374079521","properties":{"osmId":1374079521,"kind":"area","landuse":null,"natural":"water","water":"pond","waterway":null,"leisure":null,"amenity":null,"railway":null,"name":null,"source":"OpenStreetMap"},"geometry":{"type":"Polygon","coordinates":[[[177.4210533,64.7407558],[177.4210557,64.740739],[177.4210915,64.740719],[177.4210767,64.7407048],[177.4210755,64.7406869],[177.4210853,64.7406791],[177.4211124,64.7406812],[177.4211087,64.7407074],[177.4212012,64.7407085],[177.4212529,64.7406906],[177.4212616,64.7406727],[177.4212468,64.7406606],[177.4212998,64.7406538],[177.4213047,64.7406349],[177.4213454,64.7406349],[177.4213478,64.7406501],[177.4213922,64.7406517],[177.4214181,64.7406312],[177.4214033,64.7406223],[177.4213269,64.7406249],[177.4213207,64.7406049],[177.4214057,64.7405634],[177.4213491,64.7405492],[177.421285,64.7405492],[177.4212246,64.7405449],[177.4211814,64.7405271],[177.4212073,64.7405208],[177.4212295,64.7405334],[177.4212443,64.740516],[177.4212813,64.7405371],[177.4213688,64.7405286],[177.4213885,64.7405197],[177.4214168,64.7405234],[177.4214822,64.7404866],[177.4215746,64.7404876],[177.4215894,64.7404624],[177.4216362,64.740465],[177.4216436,64.7404503],[177.4216892,64.7404545],[177.4217237,64.740434],[177.4216917,64.7404193],[177.4217311,64.7404082],[177.4217915,64.7404066],[177.4218087,64.7404119],[177.42181,64.7404308],[177.4217582,64.740444],[177.4217373,64.7404729],[177.4217434,64.7404803],[177.4217311,64.7404855],[177.4217249,64.7404724],[177.4216485,64.7404724],[177.4216128,64.7404918],[177.4215918,64.7404992],[177.4215857,64.7405281],[177.4216066,64.7405413],[177.4216399,64.7405439],[177.4216769,64.7405329],[177.4216867,64.7405213],[177.4217336,64.7405281],[177.4217558,64.7405202],[177.4217915,64.740515],[177.4217903,64.7404997],[177.4217471,64.7404918],[177.4217521,64.7404866],[177.4217915,64.7404897],[177.4218593,64.7404887],[177.4219135,64.7404834],[177.4219825,64.7404708],[177.4219948,64.7404718],[177.4219948,64.7404871],[177.4220183,64.7404876],[177.4220232,64.7405034],[177.4219825,64.7405123],[177.4219887,64.7405265],[177.4220281,64.7405329],[177.4220676,64.7405176],[177.4221341,64.7404971],[177.422176,64.7404824],[177.4222154,64.7404892],[177.4222204,64.7405066],[177.4221723,64.7405213],[177.4220836,64.740526],[177.4220552,64.7405381],[177.4220565,64.7405665],[177.4220207,64.7405786],[177.422001,64.7406012],[177.4217397,64.7405975],[177.4216941,64.740577],[177.4215302,64.7405702],[177.4214969,64.7405918],[177.4215931,64.740606],[177.421619,64.740618],[177.4216029,64.7406412],[177.421598,64.7406538],[177.42163,64.7406633],[177.4216572,64.7406533],[177.4217385,64.7406512],[177.4217434,64.7406675],[177.4217804,64.7406606],[177.4217607,64.740638],[177.4218014,64.7406238],[177.4218568,64.7406244],[177.4218802,64.7406312],[177.4218605,64.7406443],[177.4218926,64.7406433],[177.4219172,64.7406522],[177.4219098,64.7406633],[177.4218802,64.7406764],[177.4217915,64.740678],[177.421736,64.7407053],[177.4216522,64.7407111],[177.4216387,64.7406896],[177.4215955,64.7406817],[177.4215844,64.740657],[177.4215623,64.740658],[177.4215315,64.7406727],[177.4215154,64.7407011],[177.4214846,64.7407085],[177.421492,64.7407132],[177.4215339,64.7407074],[177.4215709,64.7407064],[177.4215734,64.740729],[177.421529,64.7407232],[177.4215142,64.7407374],[177.42146,64.7407343],[177.4214168,64.74075],[177.421386,64.7407232],[177.4213133,64.740738],[177.4213121,64.7407632],[177.421301,64.7407748],[177.4212357,64.7407606],[177.4212394,64.7407369],[177.421216,64.7407469],[177.4211925,64.7407411],[177.4211358,64.740738],[177.4211285,64.7407616],[177.4210533,64.7407558]]]}},{"type":"Feature","id":"osm-context-1374079522","properties":{"osmId":1374079522,"kind":"area","landuse":null,"natural":"water","water":"pond","waterway":null,"leisure":null,"amenity":null,"railway":null,"name":null,"source":"OpenStreetMap"},"geometry":{"type":"Polygon","coordinates":[[[177.4205502,64.7408309],[177.4206266,64.7407788],[177.4206119,64.7407552],[177.4205778,64.7407518],[177.420529,64.7407115],[177.4204737,64.7406859],[177.4204038,64.740631],[177.4202835,64.7406241],[177.420355,64.7406123],[177.4203843,64.7405998],[177.4204965,64.7405991],[177.4205062,64.7406227],[177.4205989,64.7406206],[177.4205843,64.7406047],[177.4207941,64.7405838],[177.4208022,64.7406005],[177.4207372,64.7406109],[177.4207485,64.7406227],[177.4208461,64.7406116],[177.4208689,64.7406151],[177.4209063,64.7406352],[177.4209665,64.7406421],[177.4209665,64.7406227],[177.4210136,64.7406234],[177.4210217,64.7406373],[177.4209746,64.7406574],[177.4209226,64.7406553],[177.4208819,64.7406407],[177.4208738,64.7406338],[177.4208364,64.740631],[177.4207746,64.7406296],[177.420729,64.7406338],[177.420716,64.7406192],[177.4206802,64.7406081],[177.4206461,64.7406199],[177.420625,64.7406373],[177.4205941,64.7406366],[177.4205404,64.7406373],[177.4205014,64.7406407],[177.4204916,64.7406505],[177.4205323,64.7406643],[177.4205225,64.7406761],[177.4205323,64.7406921],[177.4205762,64.7406983],[177.4206119,64.7407303],[177.4206494,64.7407455],[177.4206672,64.7407323],[177.4207144,64.7407358],[177.4207307,64.7407462],[177.4206933,64.7407552],[177.4206672,64.740774],[177.4206737,64.7407851],[177.4206916,64.7407997],[177.4207111,64.7408101],[177.4207404,64.7407983],[177.4207746,64.7408038],[177.4207534,64.7408184],[177.4207632,64.7408288],[177.4208412,64.7408371],[177.4207762,64.7408496],[177.4207453,64.7408586],[177.4207079,64.740851],[177.4206754,64.7408281],[177.4206754,64.7408066],[177.4206542,64.7408038],[177.4206087,64.7408281],[177.4205843,64.7408385],[177.4206185,64.7408455],[177.4206412,64.7408753],[177.4205778,64.7408774],[177.4205339,64.7408919],[177.4205924,64.7408496],[177.4205502,64.7408309]]]}},{"type":"Feature","id":"osm-context-1374079523","properties":{"osmId":1374079523,"kind":"area","landuse":null,"natural":"water","water":"pond","waterway":null,"leisure":null,"amenity":null,"railway":null,"name":null,"source":"OpenStreetMap"},"geometry":{"type":"Polygon","coordinates":[[[177.4367951,64.7380439],[177.4370243,64.7380123],[177.4370662,64.7379439],[177.4370933,64.7378566],[177.4370613,64.7377998],[177.4370071,64.737763],[177.4369208,64.7377662],[177.4368863,64.737742],[177.436805,64.7377388],[177.4367951,64.7377115],[177.4368271,64.7376746],[177.4367803,64.7376315],[177.4366423,64.7376389],[177.4366595,64.7376799],[177.4367162,64.7377188],[177.4367113,64.7377504],[177.4366373,64.7377641],[177.4365733,64.737824],[177.4366472,64.7379376],[177.4366817,64.7379786],[177.4366078,64.7379976],[177.4364969,64.7380028],[177.4364549,64.7380123],[177.4365141,64.7380365],[177.4366349,64.7380123],[177.4367951,64.7380439]]]}},{"type":"Feature","id":"osm-context-1374079524","properties":{"osmId":1374079524,"kind":"area","landuse":null,"natural":"water","water":"pond","waterway":null,"leisure":null,"amenity":null,"railway":null,"name":null,"source":"OpenStreetMap"},"geometry":{"type":"Polygon","coordinates":[[[177.4428649,64.7333077],[177.4428163,64.7332694],[177.4429022,64.7332726],[177.4429097,64.7332391],[177.4430591,64.7332327],[177.4430965,64.7332598],[177.443175,64.7332311],[177.4432758,64.7332567],[177.4433132,64.7332551],[177.4432497,64.7332184],[177.4431787,64.7332104],[177.4432273,64.7331753],[177.4433169,64.7331865],[177.4435859,64.7331674],[177.443627,64.7331992],[177.4437055,64.7332024],[177.4437129,64.7331801],[177.443825,64.7331849],[177.4438362,64.7332088],[177.4437652,64.7332232],[177.4438362,64.7332551],[177.4440043,64.7332917],[177.4440865,64.7332838],[177.4441642,64.7333132],[177.4442547,64.7333475],[177.4442584,64.733381],[177.444307,64.7334193],[177.4441314,64.7334337],[177.44415,64.7333938],[177.4440679,64.7333906],[177.444038,64.7333667],[177.4438362,64.733381],[177.4437503,64.7333619],[177.4435486,64.7333396],[177.443429,64.7332901],[177.4433319,64.7333061],[177.4431862,64.7333172],[177.4430143,64.7332885],[177.4428649,64.7333077]]]}},{"type":"Feature","id":"osm-context-1374079525","properties":{"osmId":1374079525,"kind":"area","landuse":null,"natural":"water","water":"pond","waterway":null,"leisure":null,"amenity":null,"railway":null,"name":null,"source":"OpenStreetMap"},"geometry":{"type":"Polygon","coordinates":[[[177.4466069,64.7330626],[177.4465446,64.7330263],[177.4465786,64.7329997],[177.4465786,64.7329647],[177.4464257,64.732874],[177.4463776,64.7328184],[177.4463832,64.7327351],[177.4465248,64.7326589],[177.4466012,64.7326565],[177.446655,64.7326239],[177.446723,64.7326372],[177.44674,64.7327061],[177.4468221,64.7327701],[177.4469438,64.7328426],[177.4468759,64.7329127],[177.4467966,64.732949],[177.4468136,64.7329659],[177.4469014,64.7329466],[177.4469806,64.7328946],[177.4471165,64.7328499],[177.4471703,64.7328777],[177.447244,64.7328765],[177.4473232,64.7329055],[177.4473685,64.7329478],[177.4474337,64.7329792],[177.4474308,64.7330154],[177.44736,64.7330396],[177.4473346,64.7330916],[177.4472071,64.733123],[177.4470571,64.7331363],[177.4470288,64.7331206],[177.4469212,64.7331182],[177.4468334,64.7330952],[177.4467343,64.7330311],[177.4466069,64.7330626]]]}},{"type":"Feature","id":"osm-context-1374079530","properties":{"osmId":1374079530,"kind":"area","landuse":"brownfield","natural":null,"water":null,"waterway":null,"leisure":null,"amenity":null,"railway":null,"name":null,"source":"OpenStreetMap"},"geometry":{"type":"Polygon","coordinates":[[[177.4229476,64.740024],[177.4228815,64.7399607],[177.4227188,64.7396609],[177.4226607,64.7395931],[177.4227165,64.7396105],[177.4229117,64.739615],[177.4230942,64.7394485],[177.4235152,64.7394285],[177.4238242,64.7393048],[177.4241167,64.7392814],[177.4245141,64.7392709],[177.4247021,64.7393695],[177.424739,64.7394786],[177.4249331,64.739547],[177.4249331,64.73966],[177.424471,64.7398165],[177.4232728,64.7399935],[177.4229476,64.740024]]]}},{"type":"Feature","id":"osm-context-1374147612","properties":{"osmId":1374147612,"kind":"area","landuse":"brownfield","natural":null,"water":null,"waterway":null,"leisure":null,"amenity":null,"railway":null,"name":null,"source":"OpenStreetMap"},"geometry":{"type":"Polygon","coordinates":[[[177.4193189,64.7413707],[177.4196046,64.7413315],[177.4195819,64.7412916],[177.419681,64.741282],[177.4197461,64.7412264],[177.4207445,64.7410676],[177.4214704,64.7409533],[177.4216658,64.7409848],[177.4222605,64.7408905],[177.4221699,64.7408489],[177.4217451,64.7408841],[177.4215253,64.7407478],[177.4206066,64.7409088],[177.4205339,64.7408919],[177.4205924,64.7408496],[177.4205009,64.7408147],[177.4204504,64.740844],[177.4204408,64.7408637],[177.4203861,64.7408921],[177.4202722,64.7408702],[177.4202442,64.7408407],[177.4201714,64.7408192],[177.4201788,64.7407842],[177.420162,64.7407331],[177.4201994,64.7407124],[177.4202834,64.7407148],[177.4204091,64.740722],[177.4203662,64.740657],[177.4200917,64.7406515],[177.4200804,64.7406084],[177.4199852,64.7406196],[177.4199161,64.7405837],[177.4199295,64.7405235],[177.4192677,64.7405464],[177.4187651,64.7407609],[177.4185553,64.7408558],[177.4187828,64.7411259],[177.419787,64.7409739],[177.41986,64.74107],[177.4187828,64.7412339],[177.4188659,64.74132],[177.4190755,64.7413997],[177.4193189,64.7413707]]]}},{"type":"Feature","id":"osm-context-1374147613","properties":{"osmId":1374147613,"kind":"area","landuse":"industrial","natural":null,"water":null,"waterway":null,"leisure":null,"amenity":null,"railway":null,"name":"Рыббаза №2","source":"OpenStreetMap"},"geometry":{"type":"Polygon","coordinates":[[[177.4192677,64.7405464],[177.4190253,64.7404857],[177.4186367,64.740406],[177.4177065,64.7405798],[177.4173826,64.7405139],[177.4170523,64.7401794],[177.4162187,64.7400539],[177.4158272,64.7400723],[177.4154614,64.7400895],[177.4148007,64.7401206],[177.4145885,64.7401942],[177.4141372,64.7403509],[177.4143388,64.7408117],[177.4136493,64.7408644],[177.4136298,64.7412836],[177.4141242,64.7419664],[177.4150999,64.7418359],[177.415269,64.7417721],[177.4172725,64.7414917],[177.4175131,64.7415056],[177.4176237,64.7416083],[177.41804,64.7415722],[177.418269,64.7416676],[177.4193189,64.7415097],[177.4193189,64.7413707],[177.4196046,64.7413315],[177.4195819,64.7412916],[177.419681,64.741282],[177.4197461,64.7412264],[177.4207445,64.7410676],[177.4206066,64.7409088],[177.4205339,64.7408919],[177.4205924,64.7408496],[177.4205009,64.7408147],[177.4204504,64.740844],[177.4204408,64.7408637],[177.4203861,64.7408921],[177.4202722,64.7408702],[177.4202442,64.7408407],[177.4201714,64.7408192],[177.4201788,64.7407842],[177.420162,64.7407331],[177.4201994,64.7407124],[177.4202834,64.7407148],[177.4204091,64.740722],[177.4203662,64.740657],[177.4200917,64.7406515],[177.4200804,64.7406084],[177.4199852,64.7406196],[177.4199161,64.7405837],[177.4199295,64.7405235],[177.4192677,64.7405464]]]}},{"type":"Feature","id":"osm-context-1374147614","properties":{"osmId":1374147614,"kind":"area","landuse":"industrial","natural":null,"water":null,"waterway":null,"leisure":null,"amenity":null,"railway":null,"name":null,"source":"OpenStreetMap"},"geometry":{"type":"Polygon","coordinates":[[[177.4185727,64.7404929],[177.4186581,64.740479],[177.4186328,64.7404508],[177.4185473,64.7404647],[177.4185727,64.7404929]]]}},{"type":"Feature","id":"osm-context-1374291473","properties":{"osmId":1374291473,"kind":"area","landuse":null,"natural":"water","water":"pond","waterway":null,"leisure":null,"amenity":null,"railway":null,"name":null,"source":"OpenStreetMap"},"geometry":{"type":"Polygon","coordinates":[[[177.4498751,64.73513],[177.4499585,64.7351126],[177.4499402,64.7350701],[177.4500561,64.7350345],[177.4500723,64.7350111],[177.4499849,64.734992],[177.4500276,64.7349617],[177.4500012,64.7349313],[177.4498873,64.7349417],[177.4498894,64.7349808],[177.4497938,64.7349981],[177.4497471,64.7350424],[177.4496719,64.7350467],[177.4496637,64.7350632],[177.4496881,64.7350831],[177.4497105,64.7350988],[177.449741,64.7351057],[177.4497613,64.735084],[177.4497268,64.7350857],[177.4497064,64.7350753],[177.4496922,64.7350606],[177.4497329,64.735058],[177.4497735,64.7350571],[177.4497898,64.7350424],[177.4498162,64.7350441],[177.4498121,64.7350597],[177.4497999,64.7350719],[177.449867,64.7350909],[177.4498467,64.7351187],[177.4498751,64.73513]]]}},{"type":"Feature","id":"osm-context-1374479138","properties":{"osmId":1374479138,"kind":"area","landuse":null,"natural":"water","water":"pond","waterway":null,"leisure":null,"amenity":null,"railway":null,"name":null,"source":"OpenStreetMap"},"geometry":{"type":"Polygon","coordinates":[[[177.4459363,64.7383445],[177.4459074,64.7383294],[177.4459111,64.7383087],[177.4459429,64.7382947],[177.44594,64.7382732],[177.4460008,64.7382676],[177.4460531,64.7382676],[177.4460858,64.7382832],[177.4461184,64.7382856],[177.4461278,64.7383051],[177.4460979,64.7383099],[177.4460568,64.7383258],[177.4460269,64.7383418],[177.4459952,64.7383505],[177.4459363,64.7383445]]]}},{"type":"Feature","id":"osm-context-1374479139","properties":{"osmId":1374479139,"kind":"area","landuse":null,"natural":"water","water":"pond","waterway":null,"leisure":null,"amenity":null,"railway":null,"name":null,"source":"OpenStreetMap"},"geometry":{"type":"Polygon","coordinates":[[[177.446704,64.7379616],[177.4466719,64.7379348],[177.4466966,64.737919],[177.4467594,64.7378827],[177.4468186,64.7378717],[177.4468642,64.7378801],[177.4468605,64.7378906],[177.4468938,64.7379243],[177.446842,64.7379416],[177.4468124,64.7379653],[177.446704,64.7379616]]]}},{"type":"Feature","id":"osm-context-1374479140","properties":{"osmId":1374479140,"kind":"area","landuse":null,"natural":"water","water":"pond","waterway":null,"leisure":null,"amenity":null,"railway":null,"name":null,"source":"OpenStreetMap"},"geometry":{"type":"Polygon","coordinates":[[[177.4459053,64.7376758],[177.4465535,64.7376343],[177.4465171,64.737614],[177.446532,64.737602],[177.4465937,64.7375948],[177.4466254,64.7375825],[177.4466189,64.7375709],[177.4465498,64.7375741],[177.446546,64.7375665],[177.4465685,64.737563],[177.4466105,64.7375618],[177.446603,64.737551],[177.4465853,64.737547],[177.4465236,64.7375538],[177.4464713,64.7375566],[177.4464526,64.7375737],[177.4464172,64.7375897],[177.4463592,64.7375956],[177.4462593,64.737598],[177.4462033,64.737598],[177.4461752,64.7375653],[177.4461444,64.7375817],[177.4461556,64.7376028],[177.4461528,64.7376255],[177.4460893,64.7376319],[177.4459455,64.7376371],[177.4459212,64.7376542],[177.4459053,64.7376758]]]}},{"type":"Feature","id":"osm-context-1374479141","properties":{"osmId":1374479141,"kind":"area","landuse":null,"natural":"water","water":"pond","waterway":null,"leisure":null,"amenity":null,"railway":null,"name":null,"source":"OpenStreetMap"},"geometry":{"type":"Polygon","coordinates":[[[177.4467094,64.7371988],[177.4466524,64.7371773],[177.4466703,64.7371482],[177.4467061,64.7371183],[177.4467793,64.7371072],[177.4468492,64.7371107],[177.4469061,64.7371433],[177.4468899,64.7371752],[177.4467972,64.7371787],[177.4467094,64.7371988]]]}},{"type":"Feature","id":"osm-context-1374479142","properties":{"osmId":1374479142,"kind":"area","landuse":null,"natural":"water","water":"pond","waterway":null,"leisure":null,"amenity":null,"railway":null,"name":null,"source":"OpenStreetMap"},"geometry":{"type":"Polygon","coordinates":[[[177.4463874,64.7369594],[177.4463792,64.7369372],[177.4464215,64.7369275],[177.4463874,64.7369157],[177.4463792,64.736899],[177.4463922,64.7368782],[177.446511,64.7368622],[177.4465484,64.7368831],[177.446524,64.736906],[177.4465776,64.7369039],[177.4466232,64.7368914],[177.4466573,64.7368865],[177.4466654,64.7369136],[177.4467061,64.7368948],[177.4467646,64.7368948],[177.4467988,64.7369025],[177.4468183,64.7369233],[177.4467874,64.7369372],[177.4468443,64.7369365],[177.4468801,64.7369393],[177.4468866,64.7369865],[177.4469061,64.7370045],[177.4469094,64.7370205],[177.4468394,64.7370364],[177.4467468,64.7370475],[177.4467028,64.7370225],[177.4466703,64.7370184],[177.4466476,64.7369962],[177.4466264,64.7369892],[177.4466118,64.7369858],[177.4465435,64.7369774],[177.4465256,64.7369781],[177.4465158,64.7369594],[177.4464882,64.7369552],[177.4464345,64.7369615],[177.4463874,64.7369594]]]}},{"type":"Feature","id":"osm-context-1374479143","properties":{"osmId":1374479143,"kind":"area","landuse":null,"natural":"water","water":"stream","waterway":null,"leisure":null,"amenity":null,"railway":null,"name":null,"source":"OpenStreetMap"},"geometry":{"type":"Polygon","coordinates":[[[177.4353311,64.7390896],[177.4353171,64.7390754],[177.4353343,64.7390544],[177.4353568,64.7390393],[177.4353493,64.7390223],[177.4353193,64.7390058],[177.4353493,64.7389962],[177.4354019,64.7389935],[177.4353793,64.7390228],[177.4353933,64.7390411],[177.4353783,64.7390535],[177.4353826,64.7390741],[177.4353729,64.739086],[177.4353311,64.7390896]]]}},{"type":"Feature","id":"osm-context-1374479145","properties":{"osmId":1374479145,"kind":"waterway","landuse":null,"natural":null,"water":null,"waterway":"stream","leisure":null,"amenity":null,"railway":null,"name":null,"source":"OpenStreetMap"},"geometry":{"type":"LineString","coordinates":[[177.4466069,64.7330626],[177.446553,64.7331205],[177.4464028,64.7331425],[177.4462569,64.7331535],[177.4461325,64.7331407],[177.4460209,64.7331471],[177.4458921,64.7331452],[177.4459157,64.7331727],[177.44592,64.7332203],[177.4458578,64.7332377],[177.445832,64.7332707],[177.4457934,64.7333009],[177.4457482,64.7333362],[177.4457012,64.7333834],[177.4456625,64.7334218],[177.445581,64.7334594],[177.4454265,64.7334667],[177.4452913,64.7334658],[177.4450937,64.733469],[177.4449973,64.7334667],[177.4448879,64.7334594],[177.4448257,64.7334411],[177.444757,64.7334227],[177.4446519,64.7333687],[177.4445639,64.7333431],[177.444448,64.7333513],[177.4443965,64.7333458],[177.4443322,64.7333092],[177.4443193,64.733289],[177.4442184,64.7332945],[177.4441642,64.7333132],[177.4440747,64.7333275],[177.4439481,64.7333247],[177.4436992,64.7332973],[177.4436219,64.7332606],[177.4434502,64.7332496],[177.4433751,64.733268],[177.4432314,64.7332899],[177.4430619,64.7332735],[177.4429374,64.7332753],[177.4428649,64.7333077],[177.4428087,64.7333348],[177.4427628,64.7333746],[177.4427432,64.7334231],[177.4427498,64.7334481],[177.4426424,64.7334592],[177.4425839,64.7334787],[177.4426457,64.7335259],[177.4426327,64.7335675],[177.4425364,64.7336344],[177.4424319,64.7336413],[177.4422393,64.733649],[177.4421625,64.7336434],[177.4420123,64.7336741],[177.4418751,64.7336964],[177.44172,64.7337117],[177.4416747,64.7337291],[177.441482,64.7337402],[177.4412861,64.7337193],[177.4410542,64.7336998],[177.4409497,64.7337486],[177.4406199,64.7337848],[177.4400321,64.7338573],[177.4396859,64.7338768],[177.438974,64.7339786],[177.4388727,64.7339841],[177.4385135,64.7341124],[177.4383959,64.7341821],[177.4383078,64.7342336],[177.4382327,64.7342782],[177.4382882,64.7343326],[177.4382588,64.7343647],[177.4382196,64.7343925],[177.4381608,64.7344511],[177.4382098,64.7344957],[177.4382649,64.7344718],[177.4383502,64.7344901],[177.4383339,64.7345361],[177.4382751,64.7345933],[177.438151,64.7345933],[177.4380824,64.7346337],[177.4380498,64.7346908],[177.4380171,64.7347285],[177.4380139,64.734748],[177.4379774,64.7347472],[177.4378669,64.7348302],[177.4378375,64.7348915],[177.4377228,64.7349422],[177.4376966,64.7350342],[177.4374027,64.7351429],[177.437468,64.7352321],[177.4372786,64.7353185],[177.4370304,64.7353743],[177.4369455,64.7355443],[177.4366712,64.7356279],[177.4366903,64.7356885],[177.436632,64.7357506],[177.436534,64.7358008],[177.4365406,64.7358342],[177.4365145,64.7359011],[177.4365014,64.7359485],[177.4364511,64.7360012],[177.4364034,64.7360962],[177.4364426,64.7361966],[177.4365798,64.7362523],[177.4367039,64.7362579],[177.4368476,64.7363025],[177.4369446,64.7363859],[177.4370957,64.7363973],[177.4370762,64.7364502],[177.4370174,64.7365032],[177.437148,64.7365367],[177.4373243,64.7365227],[177.4373897,64.7365394],[177.4375203,64.7365924],[177.4375055,64.7366753],[177.4376363,64.7367505],[177.4376533,64.7368427],[177.4375623,64.7369689],[177.4373747,64.7370223],[177.437352,64.7370732],[177.4373179,64.7371436],[177.4371871,64.7372625],[177.4370449,64.7373037],[177.436971,64.7373887],[177.4368346,64.7374687],[177.4366924,64.737544],[177.4366423,64.7376389],[177.4367436,64.7376823],[177.4367606,64.7377866],[177.4368971,64.737891],[177.4368004,64.7379856],[177.4365141,64.7380365],[177.4364365,64.7380754],[177.4364024,64.7381191],[177.4363569,64.73817],[177.4363861,64.7382005],[177.4363567,64.7382311],[177.4362718,64.7382214],[177.4362196,64.7381879],[177.4361085,64.7381726],[177.4360922,64.7381977],[177.4361085,64.7382493],[177.4361281,64.738266],[177.4361151,64.7383106],[177.4360106,64.7383175],[177.4359452,64.7383482],[177.4359159,64.7383789],[177.4358146,64.7383998],[177.4356644,64.7384067],[177.4355762,64.7384012],[177.4354391,64.7384207],[177.435452,64.7384475]]}},{"type":"Feature","id":"osm-context-1374479146","properties":{"osmId":1374479146,"kind":"area","landuse":null,"natural":"water","water":"pond","waterway":null,"leisure":null,"amenity":null,"railway":null,"name":null,"source":"OpenStreetMap"},"geometry":{"type":"Polygon","coordinates":[[[177.438615,64.7346425],[177.4387505,64.734633],[177.4387629,64.7345541],[177.4388615,64.7345499],[177.4389724,64.7345184],[177.4389108,64.7344816],[177.4388368,64.7344468],[177.4386766,64.7344489],[177.4385657,64.7344374],[177.43844,64.7344384],[177.4383808,64.7344311],[177.4384005,64.7343879],[177.4383882,64.7343458],[177.4382477,64.7343216],[177.4381812,64.7343532],[177.4381195,64.7343963],[177.4381393,64.7344384],[177.4381319,64.73447],[177.4381762,64.7345015],[177.4382379,64.734511],[177.4383291,64.7344658],[177.4384129,64.7344858],[177.4384671,64.7345026],[177.4384819,64.7345352],[177.4385139,64.7345647],[177.438615,64.7346425]]]}},{"type":"Feature","id":"osm-context-1374479147","properties":{"osmId":1374479147,"kind":"waterway","landuse":null,"natural":null,"water":null,"waterway":"stream","leisure":null,"amenity":null,"railway":null,"name":null,"source":"OpenStreetMap"},"geometry":{"type":"LineString","coordinates":[[177.4354979,64.7385557],[177.4355016,64.7385643],[177.4355231,64.7386011],[177.435577,64.7385956],[177.4356093,64.7385845],[177.4356524,64.7385873],[177.4356912,64.7386333],[177.4356481,64.7386848],[177.435661,64.7387703],[177.4356244,64.7387804],[177.4356115,64.7388282],[177.435536,64.7388291],[177.435605,64.7388576],[177.4356352,64.7388769],[177.435577,64.73891],[177.435521,64.7389119],[177.435452,64.73891],[177.4353895,64.7389192],[177.4353982,64.7389431],[177.4354025,64.738967],[177.4353701,64.7389799],[177.4353493,64.7389962]]}},{"type":"Feature","id":"osm-context-1374479148","properties":{"osmId":1374479148,"kind":"waterway","landuse":null,"natural":null,"water":null,"waterway":"stream","leisure":null,"amenity":null,"railway":null,"name":null,"source":"OpenStreetMap"},"geometry":{"type":"LineString","coordinates":[[177.435452,64.7384475],[177.4354979,64.7385557]]}},{"type":"Feature","id":"osm-context-1374479149","properties":{"osmId":1374479149,"kind":"waterway","landuse":null,"natural":null,"water":null,"waterway":"stream","leisure":null,"amenity":null,"railway":null,"name":null,"source":"OpenStreetMap"},"geometry":{"type":"LineString","coordinates":[[177.4458454,64.7352618],[177.4457151,64.7352642],[177.4455113,64.7352981],[177.4452621,64.735344],[177.4450583,64.7354431],[177.4450413,64.7355663],[177.4448261,64.7356364],[177.4446619,64.7357887],[177.4443674,64.7358974],[177.4439767,64.7359579],[177.4436256,64.736098],[177.4431669,64.736231],[177.4428781,64.7363639],[177.4426743,64.7364871],[177.4425101,64.7365451],[177.442159,64.7365451],[177.4418758,64.7364823],[177.441621,64.7364074],[177.4413265,64.7363615],[177.4410434,64.7363784],[177.4407886,64.7364074],[177.4404545,64.7364364],[177.4401487,64.7364992],[177.4399562,64.7364871],[177.4396844,64.7364823],[177.4395654,64.7364751],[177.4393333,64.7365137],[177.4390671,64.7364944],[177.438818,64.7364944],[177.4386254,64.7364823],[177.4384839,64.7364654],[177.4382007,64.7364992],[177.4382234,64.736637],[177.4381328,64.736724],[177.4380761,64.7367941],[177.4377873,64.7368134],[177.4375623,64.7369689]]}},{"type":"Feature","id":"osm-context-1376389127","properties":{"osmId":1376389127,"kind":"area","landuse":null,"natural":null,"water":null,"waterway":null,"leisure":"playground","amenity":null,"railway":null,"name":null,"source":"OpenStreetMap"},"geometry":{"type":"Polygon","coordinates":[[[177.5028256,64.7373816],[177.5027532,64.7373418],[177.5027649,64.737289],[177.5028471,64.7372271],[177.5028536,64.7372222],[177.5029213,64.7371484],[177.5029961,64.7371245],[177.5030731,64.7371186],[177.5031524,64.7371331],[177.5031882,64.7371792],[177.5031548,64.7372262],[177.5029984,64.7373737],[177.502905,64.7373906],[177.5028256,64.7373816]]]}},{"type":"Feature","id":"osm-context-1459820510","properties":{"osmId":1459820510,"kind":"area","landuse":null,"natural":null,"water":null,"waterway":null,"leisure":"pitch","amenity":null,"railway":null,"name":null,"source":"OpenStreetMap"},"geometry":{"type":"Polygon","coordinates":[[[177.5213965,64.731772],[177.5210483,64.7315975],[177.5203931,64.7318356],[177.5207414,64.7320102],[177.5213965,64.731772]]]}},{"type":"Feature","id":"osm-context-1459820511","properties":{"osmId":1459820511,"kind":"area","landuse":null,"natural":null,"water":null,"waterway":null,"leisure":"pitch","amenity":null,"railway":null,"name":null,"source":"OpenStreetMap"},"geometry":{"type":"Polygon","coordinates":[[[177.5206138,64.7320192],[177.5203655,64.7321149],[177.5199661,64.7319262],[177.5202145,64.7318304],[177.5206138,64.7320192]]]}},{"type":"Feature","id":"osm-context-1459820512","properties":{"osmId":1459820512,"kind":"area","landuse":null,"natural":null,"water":null,"waterway":null,"leisure":null,"amenity":"school","railway":null,"name":null,"source":"OpenStreetMap"},"geometry":{"type":"Polygon","coordinates":[[[177.5215557,64.7317519],[177.5196238,64.7324793],[177.5177488,64.731572],[177.5196811,64.7308445],[177.5215557,64.7317519]]]}},{"type":"Feature","id":"osm-context-1515550573","properties":{"osmId":1515550573,"kind":"area","landuse":null,"natural":"water","water":null,"waterway":null,"leisure":null,"amenity":null,"railway":null,"name":null,"source":"OpenStreetMap"},"geometry":{"type":"Polygon","coordinates":[[[177.4683303,64.7263956],[177.4682169,64.7262019],[177.4681957,64.7261906],[177.4682459,64.7261489],[177.4682591,64.7261242],[177.4683408,64.7261174],[177.4683514,64.7260915],[177.468391,64.7260723],[177.4684147,64.7260442],[177.4685097,64.7260543],[177.4685994,64.726096],[177.4686521,64.7261895],[177.4687022,64.7263156],[177.4687576,64.7263674],[177.4688157,64.7263494],[177.468842,64.7263314],[177.4688675,64.7263541],[177.4688368,64.7263787],[177.4687576,64.7264035],[177.4686284,64.7264226],[177.4684965,64.7264282],[177.4683619,64.7264282],[177.4683303,64.7263956]]]}},{"type":"Feature","id":"osm-context-1515550574","properties":{"osmId":1515550574,"kind":"waterway","landuse":null,"natural":null,"water":null,"waterway":"stream","leisure":null,"amenity":null,"railway":null,"name":null,"source":"OpenStreetMap"},"geometry":{"type":"LineString","coordinates":[[177.4748182,64.7162624],[177.474907,64.7161609],[177.4747875,64.7160663],[177.474531,64.7160053],[177.4744319,64.7159368],[177.4744232,64.7158658],[177.4744144,64.7157911],[177.4744494,64.71577],[177.4744552,64.7156816],[177.4743969,64.7156517],[177.474257,64.7156255],[177.4741288,64.7155583],[177.4740705,64.7154724],[177.4740996,64.7153517],[177.4741929,64.7152707],[177.4743736,64.7151873],[177.4745835,64.7151164],[177.474738,64.7150728],[177.4750557,64.714967]]}},{"type":"Feature","id":"osm-context-1515550575","properties":{"osmId":1515550575,"kind":"waterway","landuse":null,"natural":null,"water":null,"waterway":"stream","leisure":null,"amenity":null,"railway":null,"name":null,"source":"OpenStreetMap"},"geometry":{"type":"LineString","coordinates":[[177.4751781,64.714896],[177.4754055,64.7147229],[177.4756305,64.7146309],[177.4756795,64.7146109],[177.4758398,64.7145474],[177.4760526,64.7144328],[177.4760642,64.7143656]]}},{"type":"Feature","id":"osm-context-1515550576","properties":{"osmId":1515550576,"kind":"waterway","landuse":null,"natural":null,"water":null,"waterway":"stream","leisure":null,"amenity":null,"railway":null,"name":null,"source":"OpenStreetMap"},"geometry":{"type":"LineString","coordinates":[[177.4750557,64.714967],[177.4751781,64.714896]]}},{"type":"Feature","id":"osm-context-1515550579","properties":{"osmId":1515550579,"kind":"area","landuse":null,"natural":"water","water":null,"waterway":null,"leisure":null,"amenity":null,"railway":null,"name":null,"source":"OpenStreetMap"},"geometry":{"type":"Polygon","coordinates":[[[177.4706672,64.7295876],[177.4706976,64.7296402],[177.4707553,64.7296539],[177.4708274,64.7296532],[177.4708626,64.7296313],[177.4708754,64.7295985],[177.4708578,64.7295726],[177.4708146,64.7295507],[177.4707313,64.7295486],[177.47068,64.7295698],[177.4706672,64.7295876]]]}},{"type":"Feature","id":"osm-context-1515550582","properties":{"osmId":1515550582,"kind":"area","landuse":null,"natural":"water","water":null,"waterway":null,"leisure":null,"amenity":null,"railway":null,"name":null,"source":"OpenStreetMap"},"geometry":{"type":"Polygon","coordinates":[[[177.4689809,64.7354587],[177.4689987,64.7354192],[177.4690343,64.7353949],[177.4690378,64.73536],[177.4689773,64.7353341],[177.4689631,64.735284],[177.4689773,64.7352385],[177.4690601,64.7352177],[177.4691482,64.7352217],[177.4692682,64.7352211],[177.469383,64.7352385],[177.4694716,64.7352738],[177.4694969,64.7353205],[177.4694685,64.7353706],[177.4694791,64.7354222],[177.4694507,64.7354435],[177.4693048,64.7354633],[177.4692976,64.7354967],[177.4692051,64.7354936],[177.469109,64.7354754],[177.4690165,64.73548],[177.4689809,64.7354587]]]}},{"type":"Feature","id":"osm-context-1521793086","properties":{"osmId":1521793086,"kind":"area","landuse":null,"natural":null,"water":null,"waterway":null,"leisure":"pitch","amenity":null,"railway":null,"name":null,"source":"OpenStreetMap"},"geometry":{"type":"Polygon","coordinates":[[[177.5054484,64.7347908],[177.5058844,64.7347188],[177.5057287,64.7345471],[177.5052927,64.7346191],[177.5054484,64.7347908]]]}},{"type":"Feature","id":"osm-context-1521793087","properties":{"osmId":1521793087,"kind":"area","landuse":null,"natural":null,"water":null,"waterway":null,"leisure":null,"amenity":"parking","railway":null,"name":null,"source":"OpenStreetMap"},"geometry":{"type":"Polygon","coordinates":[[[177.5138846,64.731606],[177.5141241,64.7315249],[177.5139109,64.7314102],[177.5136714,64.7314914],[177.5138846,64.731606]]]}},{"type":"Feature","id":"osm-context-1521793088","properties":{"osmId":1521793088,"kind":"area","landuse":null,"natural":null,"water":null,"waterway":null,"leisure":null,"amenity":"kindergarten","railway":null,"name":"Детский сад Оленёнок","source":"OpenStreetMap"},"geometry":{"type":"Polygon","coordinates":[[[177.5316992,64.7282242],[177.5308176,64.7274569],[177.5300669,64.7276141],[177.5307129,64.7281766],[177.5311465,64.7280858],[177.5313818,64.7282907],[177.5316992,64.7282242]]]}},{"type":"Feature","id":"osm-context-1538992168","properties":{"osmId":1538992168,"kind":"coastline","landuse":null,"natural":"coastline","water":null,"waterway":null,"leisure":null,"amenity":null,"railway":null,"name":null,"source":"OpenStreetMap"},"geometry":{"type":"LineString","coordinates":[[177.6405798,64.7369744],[177.6405866,64.7367339],[177.639994,64.7367032],[177.6400691,64.7365315],[177.6404213,64.7365424],[177.6405127,64.7363533],[177.6401531,64.7363395],[177.640177,64.7362565],[177.640269,64.7362509],[177.6403256,64.73602],[177.6402878,64.7359213],[177.6404088,64.7355545],[177.6408232,64.7345682],[177.6415614,64.7318257],[177.642763,64.7283816],[177.6460246,64.7247172],[177.6514534,64.7221151],[177.656571,64.7204291],[177.6625041,64.7193937],[177.6660017,64.7183307],[177.6672808,64.7179019],[177.6691349,64.7172913]]}}]}
