{"type":"FeatureCollection","properties":{"cityId":"anadyr","cityName":"Анадырь","source":"OpenStreetMap via Overpass API","osmBaseTimestamp":"2026-08-31T14:46:06Z","generatedAt":"2026-08-31T14:48:10.315Z","attribution":"© OpenStreetMap contributors","license":"ODbL","layer":"public-roads"},"features":[{"type":"Feature","id":"osm-road-10312085","properties":{"roadId":"osm-road-10312085","osmId":10312085,"highway":"tertiary","name":"улица Рультытегина","surface":"asphalt","lanes":2,"maxspeed":null,"source":"OpenStreetMap"},"geometry":{"type":"LineString","coordinates":[[177.5094677,64.7318289],[177.5091171,64.7315987],[177.5089307,64.7314451],[177.5088542,64.731372],[177.5084681,64.7310492],[177.5082696,64.7309462],[177.5079853,64.7308201],[177.5076419,64.7307057],[177.5071216,64.7306186],[177.5069577,64.7305937],[177.5058877,64.7304309],[177.5037888,64.7301093],[177.5028125,64.7299444],[177.5022332,64.7298482],[177.5018362,64.729784],[177.5016419,64.7297467],[177.5014661,64.729713],[177.5009296,64.729626],[177.5000686,64.7294094],[177.4990645,64.7291585],[177.4988017,64.7291078],[177.4947767,64.7283317],[177.4922319,64.7277586],[177.4902007,64.727397],[177.4896855,64.7272773],[177.4880576,64.7269503],[177.4878447,64.7269038],[177.4875657,64.7268462],[177.4873783,64.7267897],[177.4872116,64.726727],[177.4870573,64.726654],[177.4868337,64.7265258],[177.4866982,64.7264186],[177.4865865,64.7263399],[177.4864541,64.7262357],[177.4861073,64.7259772],[177.4857616,64.7256736],[177.4854843,64.7254499],[177.4853694,64.7253542],[177.4850854,64.7251649],[177.4848826,64.7249712],[177.4847275,64.724819],[177.4845775,64.7246672],[177.4843806,64.7244656],[177.4841661,64.7242213],[177.4829448,64.7228796],[177.4824719,64.7223242],[177.4811989,64.7210185],[177.4801723,64.7199613],[177.47886,64.7186214],[177.4780288,64.7177274]]}},{"type":"Feature","id":"osm-road-10312087","properties":{"roadId":"osm-road-10312087","osmId":10312087,"highway":"service","name":null,"surface":null,"lanes":null,"maxspeed":null,"source":"OpenStreetMap"},"geometry":{"type":"LineString","coordinates":[[177.4620656,64.7146453],[177.4552752,64.7157743],[177.4401498,64.7182933],[177.4342756,64.7192715],[177.432195,64.7195418],[177.4287167,64.7202438],[177.4191013,64.7218114],[177.4146458,64.7225377],[177.4133668,64.7225429],[177.4117819,64.7222383],[177.4101706,64.7218774],[177.4091085,64.7217943],[177.4079187,64.7223573],[177.4076946,64.7224368],[177.4074596,64.7224854],[177.4072367,64.7225183],[177.4069049,64.7225572],[177.4053532,64.7226911],[177.4047263,64.7227321],[177.4028988,64.7228185],[177.40015,64.7229162],[177.3997489,64.7229488],[177.3993196,64.7230072],[177.3988902,64.7230627],[177.3971143,64.7233822],[177.3949447,64.7237433],[177.3919603,64.7241877],[177.3891679,64.7246523],[177.3888319,64.7247271],[177.3885769,64.7248093],[177.3883583,64.7248849],[177.3881501,64.7249849],[177.3880211,64.7250727],[177.3879263,64.7251693],[177.3878691,64.7252649],[177.387794,64.7254673],[177.3876557,64.7259048],[177.3873748,64.7270203],[177.3871148,64.7280351],[177.386935,64.7285359],[177.3866179,64.7292788],[177.3862755,64.7300166],[177.3853568,64.7318057],[177.3853036,64.7319693],[177.385197,64.7323603],[177.3851637,64.7324428],[177.38512,64.7324759]]}},{"type":"Feature","id":"osm-road-98561187","properties":{"roadId":"osm-road-98561187","osmId":98561187,"highway":"service","name":null,"surface":null,"lanes":null,"maxspeed":null,"source":"OpenStreetMap"},"geometry":{"type":"LineString","coordinates":[[177.5890586,64.7664544],[177.5925328,64.7654527]]}},{"type":"Feature","id":"osm-road-98561188","properties":{"roadId":"osm-road-98561188","osmId":98561188,"highway":"service","name":null,"surface":null,"lanes":null,"maxspeed":null,"source":"OpenStreetMap"},"geometry":{"type":"LineString","coordinates":[[177.5503738,64.768984],[177.5494367,64.768214],[177.5482955,64.7672981],[177.5479748,64.766764],[177.5476969,64.765266],[177.5501883,64.7637944],[177.5512992,64.7630823],[177.5523942,64.7624978],[177.5526572,64.7623876]]}},{"type":"Feature","id":"osm-road-99226817","properties":{"roadId":"osm-road-99226817","osmId":99226817,"highway":"tertiary","name":"Партизанская улица","surface":"asphalt","lanes":2,"maxspeed":null,"source":"OpenStreetMap"},"geometry":{"type":"LineString","coordinates":[[177.531756,64.7344737],[177.5309434,64.7339648]]}},{"type":"Feature","id":"osm-road-99226818","properties":{"roadId":"osm-road-99226818","osmId":99226818,"highway":"tertiary","name":"Партизанская улица","surface":"asphalt","lanes":2,"maxspeed":null,"source":"OpenStreetMap"},"geometry":{"type":"LineString","coordinates":[[177.5246348,64.7332103],[177.5260513,64.7327202],[177.5263249,64.7326607],[177.5267947,64.7326336],[177.5270468,64.7326221],[177.5278638,64.7326194],[177.5282474,64.7326191],[177.5286638,64.7326584],[177.5288677,64.7327042],[177.529098,64.7328],[177.5292914,64.7328805],[177.5296006,64.7329999],[177.5301177,64.7331997],[177.5302319,64.7332835],[177.5303679,64.7334059],[177.530564,64.7336446],[177.5306488,64.7337258],[177.5307621,64.7338521],[177.5309434,64.7339648]]}},{"type":"Feature","id":"osm-road-99226822","properties":{"roadId":"osm-road-99226822","osmId":99226822,"highway":"tertiary","name":"Партизанская улица","surface":"asphalt","lanes":2,"maxspeed":null,"source":"OpenStreetMap"},"geometry":{"type":"LineString","coordinates":[[177.5325053,64.7364782],[177.5324125,64.7361728],[177.5322793,64.7355927],[177.5321334,64.7351269],[177.5320711,64.7348638]]}},{"type":"Feature","id":"osm-road-99693377","properties":{"roadId":"osm-road-99693377","osmId":99693377,"highway":"tertiary","name":"улица Мира","surface":"asphalt","lanes":2,"maxspeed":null,"source":"OpenStreetMap"},"geometry":{"type":"LineString","coordinates":[[177.5164634,64.7292488],[177.5165959,64.7293051],[177.5180707,64.7300227],[177.5183573,64.7301635],[177.5197111,64.7308017]]}},{"type":"Feature","id":"osm-road-99693379","properties":{"roadId":"osm-road-99693379","osmId":99693379,"highway":"tertiary","name":null,"surface":"asphalt","lanes":2,"maxspeed":null,"source":"OpenStreetMap"},"geometry":{"type":"LineString","coordinates":[[177.5186794,64.7277682],[177.5187755,64.7275258]]}},{"type":"Feature","id":"osm-road-99693381","properties":{"roadId":"osm-road-99693381","osmId":99693381,"highway":"tertiary","name":null,"surface":"asphalt","lanes":2,"maxspeed":null,"source":"OpenStreetMap"},"geometry":{"type":"LineString","coordinates":[[177.5187755,64.7275258],[177.5192211,64.72653]]}},{"type":"Feature","id":"osm-road-99693384","properties":{"roadId":"osm-road-99693384","osmId":99693384,"highway":"tertiary","name":"Полярная улица","surface":"asphalt","lanes":2,"maxspeed":null,"source":"OpenStreetMap"},"geometry":{"type":"LineString","coordinates":[[177.5094677,64.7318289],[177.5096284,64.7317386],[177.5107081,64.7313121],[177.5109191,64.7312339],[177.5123749,64.7306941],[177.5127679,64.7305484],[177.5133166,64.7303586],[177.5143418,64.7299767],[177.5164634,64.7292488]]}},{"type":"Feature","id":"osm-road-99693385","properties":{"roadId":"osm-road-99693385","osmId":99693385,"highway":"residential","name":"улица Отке","surface":"asphalt","lanes":2,"maxspeed":null,"source":"OpenStreetMap"},"geometry":{"type":"LineString","coordinates":[[177.5153104,64.7348235],[177.5155357,64.7347404],[177.5157582,64.7346542],[177.5168848,64.7342363],[177.5170007,64.7341937],[177.5177945,64.7339018],[177.5178482,64.7338829],[177.5186089,64.7336149],[177.5188512,64.7335296],[177.519255,64.7333818],[177.519828,64.733172],[177.5223464,64.7322438],[177.5224917,64.7321926]]}},{"type":"Feature","id":"osm-road-99693971","properties":{"roadId":"osm-road-99693971","osmId":99693971,"highway":"tertiary","name":"Советская улица","surface":"asphalt","lanes":2,"maxspeed":null,"source":"OpenStreetMap"},"geometry":{"type":"LineString","coordinates":[[177.5320711,64.7348638],[177.5339191,64.7345283],[177.5360204,64.7341574],[177.5361034,64.7341304],[177.536169,64.7340965]]}},{"type":"Feature","id":"osm-road-99693978","properties":{"roadId":"osm-road-99693978","osmId":99693978,"highway":"residential","name":null,"surface":null,"lanes":null,"maxspeed":null,"source":"OpenStreetMap"},"geometry":{"type":"LineString","coordinates":[[177.5192211,64.72653],[177.5193725,64.7263465],[177.5195549,64.7261908],[177.5197963,64.7260488],[177.5233824,64.7246814],[177.5239081,64.7244936],[177.5241671,64.724395],[177.5243051,64.7243425],[177.524671,64.7242187],[177.5249534,64.7241388],[177.5252399,64.7240579],[177.5253739,64.7240238],[177.5255201,64.7239998],[177.5257123,64.7239789],[177.5265278,64.7239257],[177.5268103,64.7239462],[177.5271268,64.724008],[177.527277,64.724047],[177.5274946,64.7241307]]}},{"type":"Feature","id":"osm-road-100071872","properties":{"roadId":"osm-road-100071872","osmId":100071872,"highway":"service","name":null,"surface":null,"lanes":null,"maxspeed":null,"source":"OpenStreetMap"},"geometry":{"type":"LineString","coordinates":[[177.4981872,64.7367771],[177.498128,64.736604],[177.4981097,64.7365503],[177.4979934,64.7364313],[177.4979273,64.7363316],[177.4974585,64.7356251]]}},{"type":"Feature","id":"osm-road-100071876","properties":{"roadId":"osm-road-100071876","osmId":100071876,"highway":"service","name":null,"surface":null,"lanes":null,"maxspeed":null,"source":"OpenStreetMap"},"geometry":{"type":"LineString","coordinates":[[177.5249812,64.7230751],[177.5239866,64.7228733],[177.5235238,64.7226883],[177.522677,64.7219777],[177.5224279,64.721765],[177.5221551,64.721532],[177.5215897,64.7213235],[177.5206217,64.7210523],[177.5202637,64.7207939],[177.5181211,64.7195818],[177.5178992,64.719261],[177.5168556,64.7173146],[177.5160338,64.7159387],[177.5158423,64.7151721],[177.5154238,64.7147371],[177.5146575,64.7139597]]}},{"type":"Feature","id":"osm-road-100071889","properties":{"roadId":"osm-road-100071889","osmId":100071889,"highway":"unclassified","name":"улица Строителей","surface":"asphalt","lanes":2,"maxspeed":null,"source":"OpenStreetMap"},"geometry":{"type":"LineString","coordinates":[[177.4914762,64.7323598],[177.4904238,64.7329121],[177.4901414,64.7330641],[177.4896818,64.7332734],[177.4895515,64.7333333],[177.4892033,64.7334797],[177.4889749,64.7335852],[177.4887972,64.7336819],[177.4886705,64.7337691],[177.4885623,64.7338624],[177.4884846,64.7339479],[177.488418,64.7340282],[177.4883771,64.7341034],[177.4883465,64.7341775],[177.4883286,64.7342516],[177.488325,64.7343262],[177.4883268,64.7343956],[177.4883366,64.7344562],[177.4883578,64.7345197],[177.488396,64.7345881],[177.4884387,64.7346499],[177.4884994,64.7347227],[177.4885695,64.7347937],[177.4886594,64.7348696],[177.488764,64.7349446],[177.4888871,64.7350196],[177.4889789,64.7350653],[177.4890279,64.7350898],[177.4891683,64.7351508],[177.4893663,64.735228],[177.4896517,64.7353346],[177.4908246,64.7357729],[177.4910953,64.735874],[177.4914247,64.7360004],[177.4917203,64.7361176],[177.4919713,64.736222],[177.4927157,64.7365318],[177.4928533,64.7365881]]}},{"type":"Feature","id":"osm-road-100071892","properties":{"roadId":"osm-road-100071892","osmId":100071892,"highway":"tertiary","name":"улица Отке","surface":"asphalt","lanes":2,"maxspeed":null,"source":"OpenStreetMap"},"geometry":{"type":"LineString","coordinates":[[177.5153104,64.7348235],[177.5150805,64.734905],[177.5148068,64.7349882],[177.514606,64.7350187],[177.5137947,64.7351217],[177.513421,64.7351701],[177.5129027,64.735232],[177.5128634,64.7352375],[177.5117511,64.7353923],[177.5114643,64.7354299],[177.5110142,64.7354939],[177.5097566,64.7356661],[177.5084896,64.7358276],[177.5082608,64.7358587],[177.5079366,64.7359048],[177.5071786,64.736014],[177.5070612,64.7360291],[177.5067036,64.7360782],[177.5064374,64.7361136],[177.5049154,64.7363193],[177.5034987,64.7365186],[177.5029098,64.7365875]]}},{"type":"Feature","id":"osm-road-100071894","properties":{"roadId":"osm-road-100071894","osmId":100071894,"highway":"unclassified","name":null,"surface":null,"lanes":null,"maxspeed":null,"source":"OpenStreetMap"},"geometry":{"type":"LineString","coordinates":[[177.4935548,64.7371848],[177.4939071,64.7370527],[177.4939259,64.7369522],[177.4938,64.7368479],[177.4936678,64.7367863]]}},{"type":"Feature","id":"osm-road-100071896","properties":{"roadId":"osm-road-100071896","osmId":100071896,"highway":"service","name":null,"surface":null,"lanes":null,"maxspeed":null,"source":"OpenStreetMap"},"geometry":{"type":"LineString","coordinates":[[177.4979934,64.7364313],[177.497592,64.7364075],[177.4965878,64.7363544],[177.4962829,64.7363465],[177.4934683,64.7362737],[177.493428,64.7357163]]}},{"type":"Feature","id":"osm-road-100071898","properties":{"roadId":"osm-road-100071898","osmId":100071898,"highway":"tertiary","name":"улица Отке","surface":"asphalt","lanes":2,"maxspeed":null,"source":"OpenStreetMap"},"geometry":{"type":"LineString","coordinates":[[177.4831833,64.736088],[177.4837339,64.736413],[177.4844864,64.736784],[177.4852363,64.737004],[177.4854358,64.7370554],[177.4862965,64.7372772],[177.4866385,64.7373654],[177.4873824,64.7374753],[177.4901869,64.7374408],[177.4905166,64.7374368],[177.49309,64.7372313],[177.4935548,64.7371848],[177.4939008,64.7371505],[177.4943356,64.7371074],[177.4951217,64.7370544]]}},{"type":"Feature","id":"osm-road-100071901","properties":{"roadId":"osm-road-100071901","osmId":100071901,"highway":"tertiary","name":null,"surface":"asphalt","lanes":2,"maxspeed":null,"source":"OpenStreetMap"},"geometry":{"type":"LineString","coordinates":[[177.5192211,64.72653],[177.51849,64.7264474],[177.5182544,64.7264039],[177.5179832,64.7263438],[177.5176936,64.7262742],[177.5164415,64.7259538]]}},{"type":"Feature","id":"osm-road-100071902","properties":{"roadId":"osm-road-100071902","osmId":100071902,"highway":"service","name":null,"surface":null,"lanes":null,"maxspeed":null,"source":"OpenStreetMap"},"geometry":{"type":"LineString","coordinates":[[177.4934683,64.7362737],[177.4935413,64.7365711]]}},{"type":"Feature","id":"osm-road-100071906","properties":{"roadId":"osm-road-100071906","osmId":100071906,"highway":"service","name":null,"surface":null,"lanes":null,"maxspeed":null,"source":"OpenStreetMap"},"geometry":{"type":"LineString","coordinates":[[177.4964437,64.7341394],[177.494024,64.7354321],[177.4938369,64.7355213],[177.493428,64.7357163],[177.4927008,64.7360367],[177.4924298,64.7360986],[177.4921714,64.7360394],[177.4918878,64.7359292]]}},{"type":"Feature","id":"osm-road-100736686","properties":{"roadId":"osm-road-100736686","osmId":100736686,"highway":"service","name":null,"surface":null,"lanes":null,"maxspeed":null,"source":"OpenStreetMap"},"geometry":{"type":"LineString","coordinates":[[177.5109018,64.7333111],[177.5116921,64.7345024]]}},{"type":"Feature","id":"osm-road-100736688","properties":{"roadId":"osm-road-100736688","osmId":100736688,"highway":"service","name":null,"surface":null,"lanes":null,"maxspeed":null,"source":"OpenStreetMap"},"geometry":{"type":"LineString","coordinates":[[177.5050057,64.7290231],[177.5047344,64.7290628],[177.5045911,64.7292602],[177.5039132,64.7299481],[177.5037888,64.7301093]]}},{"type":"Feature","id":"osm-road-100736692","properties":{"roadId":"osm-road-100736692","osmId":100736692,"highway":"service","name":null,"surface":null,"lanes":null,"maxspeed":null,"source":"OpenStreetMap"},"geometry":{"type":"LineString","coordinates":[[177.4970839,64.7230962],[177.4978997,64.7234126],[177.4990944,64.7236478],[177.5016281,64.724378],[177.5023641,64.7245901],[177.5040598,64.7248989],[177.5047515,64.7251078],[177.5053778,64.7252969],[177.5064131,64.7256638],[177.506853,64.7258672],[177.5069414,64.7259492],[177.506913,64.7260944],[177.506743,64.7263122],[177.5064554,64.7264385],[177.5060957,64.7266301],[177.5047903,64.7267173],[177.5044671,64.7267548],[177.5041877,64.7268188],[177.5036351,64.7270421]]}},{"type":"Feature","id":"osm-road-100736696","properties":{"roadId":"osm-road-100736696","osmId":100736696,"highway":"service","name":null,"surface":null,"lanes":null,"maxspeed":null,"source":"OpenStreetMap"},"geometry":{"type":"LineString","coordinates":[[177.5140304,64.7341413],[177.5137628,64.734195],[177.5133449,64.7342571],[177.5116921,64.7345024],[177.5115259,64.7345632],[177.5110186,64.7346287],[177.5108819,64.7346497],[177.5104999,64.7347083],[177.510292,64.7346892],[177.509468,64.7347997],[177.5080811,64.7350601]]}},{"type":"Feature","id":"osm-road-100736697","properties":{"roadId":"osm-road-100736697","osmId":100736697,"highway":"service","name":null,"surface":null,"lanes":null,"maxspeed":null,"source":"OpenStreetMap"},"geometry":{"type":"LineString","coordinates":[[177.5050057,64.7290231],[177.5053256,64.7291372],[177.5057184,64.7292029],[177.5063218,64.7291717],[177.5066863,64.7290162],[177.506913,64.7288087],[177.5072127,64.7285459],[177.5077473,64.7283575],[177.507812,64.728278],[177.5077392,64.7281276],[177.5074962,64.7279893],[177.5066984,64.7276833],[177.5063162,64.7276252],[177.5059574,64.7275069],[177.505277,64.7274775],[177.5050351,64.7274507],[177.5046534,64.7274084],[177.5041756,64.7272683],[177.5036351,64.7270421]]}},{"type":"Feature","id":"osm-road-100736704","properties":{"roadId":"osm-road-100736704","osmId":100736704,"highway":"residential","name":"улица Тевлянто","surface":null,"lanes":null,"maxspeed":null,"source":"OpenStreetMap"},"geometry":{"type":"LineString","coordinates":[[177.5079366,64.7359048],[177.5078888,64.7358542],[177.5078814,64.7358464],[177.506471,64.734354],[177.506785,64.7336239]]}},{"type":"Feature","id":"osm-road-100736707","properties":{"roadId":"osm-road-100736707","osmId":100736707,"highway":"residential","name":null,"surface":null,"lanes":null,"maxspeed":null,"source":"OpenStreetMap"},"geometry":{"type":"LineString","coordinates":[[177.5071764,64.7335688],[177.5069408,64.7335974],[177.506785,64.7336239],[177.5055699,64.7337162],[177.5048368,64.7335188],[177.5038011,64.7333202],[177.501607,64.7332082]]}},{"type":"Feature","id":"osm-road-100736710","properties":{"roadId":"osm-road-100736710","osmId":100736710,"highway":"residential","name":"Полярная улица","surface":null,"lanes":null,"maxspeed":null,"source":"OpenStreetMap"},"geometry":{"type":"LineString","coordinates":[[177.5094677,64.7318289],[177.5089141,64.7320033],[177.5074523,64.7324035],[177.5073179,64.7325745]]}},{"type":"Feature","id":"osm-road-100736716","properties":{"roadId":"osm-road-100736716","osmId":100736716,"highway":"service","name":null,"surface":null,"lanes":null,"maxspeed":null,"source":"OpenStreetMap"},"geometry":{"type":"LineString","coordinates":[[177.5107052,64.7351584],[177.5085217,64.7354754],[177.5080811,64.7350601],[177.5076329,64.7345557],[177.5073094,64.7341077],[177.5069408,64.7335974]]}},{"type":"Feature","id":"osm-road-100736718","properties":{"roadId":"osm-road-100736718","osmId":100736718,"highway":"service","name":null,"surface":null,"lanes":null,"maxspeed":null,"source":"OpenStreetMap"},"geometry":{"type":"LineString","coordinates":[[177.5117511,64.7353923],[177.5117088,64.7353186],[177.5116924,64.7352902],[177.5115934,64.7351714],[177.5115336,64.7350996],[177.5114518,64.7350473],[177.5113256,64.7349988],[177.5112425,64.7349294],[177.5110186,64.7346287]]}},{"type":"Feature","id":"osm-road-100736722","properties":{"roadId":"osm-road-100736722","osmId":100736722,"highway":"residential","name":"улица Ленина","surface":null,"lanes":null,"maxspeed":null,"source":"OpenStreetMap"},"geometry":{"type":"LineString","coordinates":[[177.5127422,64.738014],[177.5131638,64.7373034],[177.513314,64.7372025],[177.5135446,64.7371017],[177.5136053,64.7370855],[177.5137163,64.7370559],[177.5140628,64.7370023],[177.5144879,64.7369468],[177.5149634,64.7368853],[177.5160354,64.7367473],[177.5177657,64.7365331],[177.5179429,64.7364937],[177.5184785,64.7363159]]}},{"type":"Feature","id":"osm-road-100736729","properties":{"roadId":"osm-road-100736729","osmId":100736729,"highway":"service","name":null,"surface":null,"lanes":null,"maxspeed":null,"source":"OpenStreetMap"},"geometry":{"type":"LineString","coordinates":[[177.5110142,64.7354939],[177.5109482,64.7354222],[177.5107052,64.7351584],[177.510292,64.7346892]]}},{"type":"Feature","id":"osm-road-100736730","properties":{"roadId":"osm-road-100736730","osmId":100736730,"highway":"service","name":null,"surface":null,"lanes":null,"maxspeed":null,"source":"OpenStreetMap"},"geometry":{"type":"LineString","coordinates":[[177.506382,64.7385966],[177.5078103,64.7383535],[177.5078761,64.7384389],[177.5079269,64.738506],[177.5076834,64.7385899],[177.5070116,64.7387163],[177.50655,64.7387815],[177.506382,64.7385966]]}},{"type":"Feature","id":"osm-road-100813764","properties":{"roadId":"osm-road-100813764","osmId":100813764,"highway":"service","name":null,"surface":null,"lanes":null,"maxspeed":null,"source":"OpenStreetMap"},"geometry":{"type":"LineString","coordinates":[[177.5306488,64.7337258],[177.5309341,64.7336444],[177.5313741,64.7335486],[177.5316172,64.7334671],[177.5317387,64.7334189],[177.5318515,64.7333152],[177.5319441,64.7330793],[177.5318313,64.733025],[177.5316548,64.7330015],[177.5316027,64.732941],[177.5316374,64.7328521],[177.5317098,64.7326347],[177.5317069,64.7325841],[177.531189,64.7325495],[177.5309833,64.732551]]}},{"type":"Feature","id":"osm-road-100813768","properties":{"roadId":"osm-road-100813768","osmId":100813768,"highway":"service","name":null,"surface":null,"lanes":null,"maxspeed":null,"source":"OpenStreetMap"},"geometry":{"type":"LineString","coordinates":[[177.5272525,64.7236916],[177.5268983,64.7238048],[177.5265278,64.7239257]]}},{"type":"Feature","id":"osm-road-100813769","properties":{"roadId":"osm-road-100813769","osmId":100813769,"highway":"service","name":null,"surface":null,"lanes":null,"maxspeed":null,"source":"OpenStreetMap"},"geometry":{"type":"LineString","coordinates":[[177.5249812,64.7230751],[177.5264957,64.7233494],[177.5270537,64.7235092],[177.5272242,64.7236656],[177.5272525,64.7236916],[177.5274946,64.7241307]]}},{"type":"Feature","id":"osm-road-100813775","properties":{"roadId":"osm-road-100813775","osmId":100813775,"highway":"residential","name":null,"surface":"asphalt","lanes":2,"maxspeed":null,"source":"OpenStreetMap"},"geometry":{"type":"LineString","coordinates":[[177.5167621,64.7318285],[177.5173559,64.7316042],[177.517462,64.7315641],[177.5185531,64.731152],[177.5194859,64.7308698],[177.5197111,64.7308017]]}},{"type":"Feature","id":"osm-road-100813781","properties":{"roadId":"osm-road-100813781","osmId":100813781,"highway":"residential","name":"улица Горького","surface":null,"lanes":null,"maxspeed":null,"source":"OpenStreetMap"},"geometry":{"type":"LineString","coordinates":[[177.5220818,64.7343358],[177.5213923,64.7340016],[177.5203161,64.7334362],[177.519926,64.7332251],[177.519828,64.733172]]}},{"type":"Feature","id":"osm-road-100813784","properties":{"roadId":"osm-road-100813784","osmId":100813784,"highway":"service","name":null,"surface":null,"lanes":null,"maxspeed":null,"source":"OpenStreetMap"},"geometry":{"type":"LineString","coordinates":[[177.5315198,64.7323514],[177.5310684,64.7323292],[177.5309833,64.732551],[177.530701,64.7329948],[177.5305708,64.7333246],[177.5306287,64.7334283],[177.5309341,64.7336444]]}},{"type":"Feature","id":"osm-road-100813787","properties":{"roadId":"osm-road-100813787","osmId":100813787,"highway":"service","name":null,"surface":null,"lanes":null,"maxspeed":null,"source":"OpenStreetMap"},"geometry":{"type":"LineString","coordinates":[[177.4947767,64.7283317],[177.4949527,64.7280984],[177.49584,64.7269221],[177.4963418,64.7263914],[177.4965617,64.7262164],[177.4987052,64.7266075]]}},{"type":"Feature","id":"osm-road-100813794","properties":{"roadId":"osm-road-100813794","osmId":100813794,"highway":"service","name":null,"surface":null,"lanes":null,"maxspeed":null,"source":"OpenStreetMap"},"geometry":{"type":"LineString","coordinates":[[177.5047515,64.7251078],[177.5042937,64.7253046],[177.5033298,64.725719],[177.5033885,64.7258914],[177.502698,64.7263252],[177.5024467,64.726327],[177.5015826,64.7261607],[177.5012591,64.7261465],[177.5008908,64.7262539],[177.5005186,64.7265513]]}},{"type":"Feature","id":"osm-road-100813800","properties":{"roadId":"osm-road-100813800","osmId":100813800,"highway":"service","name":null,"surface":null,"lanes":null,"maxspeed":null,"source":"OpenStreetMap"},"geometry":{"type":"LineString","coordinates":[[177.5203288,64.735567],[177.5208554,64.7358221],[177.521355,64.7360575],[177.5216896,64.7362151],[177.5217152,64.736249],[177.5217112,64.7362846],[177.5216722,64.7363405],[177.5216218,64.736379],[177.5204781,64.736812],[177.5193248,64.7364324],[177.5189647,64.7363166],[177.518708,64.736234]]}},{"type":"Feature","id":"osm-road-100816157","properties":{"roadId":"osm-road-100816157","osmId":100816157,"highway":"tertiary","name":null,"surface":null,"lanes":null,"maxspeed":null,"source":"OpenStreetMap"},"geometry":{"type":"LineString","coordinates":[[177.4831833,64.736088],[177.4835586,64.7354836],[177.483985,64.7347968],[177.4843019,64.7342864],[177.4844852,64.7339911],[177.4845613,64.7338447],[177.48461,64.733727],[177.4846384,64.7336248],[177.4846434,64.7335683],[177.4846424,64.7334868],[177.4846292,64.733413],[177.4846053,64.7333398],[177.4844558,64.7330291],[177.4844234,64.7329408],[177.4843544,64.7327139],[177.4842976,64.7325927],[177.4842731,64.732547],[177.4842327,64.7324715],[177.4828934,64.730362],[177.4826147,64.7299341],[177.4820352,64.7290619],[177.4818552,64.7287579],[177.4817959,64.7286434],[177.4817745,64.7285867],[177.4817634,64.7285296],[177.4817624,64.7284254],[177.481765,64.728299],[177.481778,64.7282148],[177.4818039,64.7281261],[177.4818481,64.7280441],[177.481913,64.7279609],[177.4819961,64.7278778],[177.4821007,64.7277889],[177.4822467,64.7276867],[177.4824253,64.7275776],[177.4826484,64.7274736],[177.4828675,64.7273801],[177.4830987,64.7272866],[177.4833381,64.7272],[177.4835653,64.7271324],[177.4838493,64.7270597],[177.4841657,64.7269869],[177.4852409,64.7267669]]}},{"type":"Feature","id":"osm-road-100816165","properties":{"roadId":"osm-road-100816165","osmId":100816165,"highway":"service","name":null,"surface":null,"lanes":null,"maxspeed":null,"source":"OpenStreetMap"},"geometry":{"type":"LineString","coordinates":[[177.4817745,64.7285867],[177.4809429,64.7289029],[177.4805472,64.7290677],[177.4800875,64.7292977],[177.4792991,64.7298073],[177.4784431,64.7301631],[177.4777111,64.7303169],[177.4769505,64.7302755]]}},{"type":"Feature","id":"osm-road-100816171","properties":{"roadId":"osm-road-100816171","osmId":100816171,"highway":"service","name":null,"surface":null,"lanes":null,"maxspeed":null,"source":"OpenStreetMap"},"geometry":{"type":"LineString","coordinates":[[177.4664468,64.7288057],[177.4681475,64.7283634],[177.4688795,64.7281903],[177.4718754,64.7274643],[177.4721795,64.7274017],[177.4727089,64.7274354],[177.477539,64.7280822],[177.4810531,64.7283904],[177.4813262,64.7284077],[177.4817624,64.7284254]]}},{"type":"Feature","id":"osm-road-100816181","properties":{"roadId":"osm-road-100816181","osmId":100816181,"highway":"service","name":null,"surface":null,"lanes":null,"maxspeed":null,"source":"OpenStreetMap"},"geometry":{"type":"LineString","coordinates":[[177.4846053,64.7333398],[177.4841098,64.7331962],[177.4839501,64.7331435],[177.4789146,64.7312],[177.4788803,64.7311839],[177.4769505,64.7302755],[177.476831,64.7302193],[177.4765514,64.7301297],[177.4763418,64.7300626],[177.4761552,64.7300029],[177.4751641,64.7298779],[177.4727201,64.7298539],[177.4709519,64.7298443],[177.4704275,64.7298235],[177.4700315,64.7297458],[177.4692933,64.7293253],[177.4681475,64.7283634]]}},{"type":"Feature","id":"osm-road-100816188","properties":{"roadId":"osm-road-100816188","osmId":100816188,"highway":"service","name":null,"surface":null,"lanes":null,"maxspeed":null,"source":"OpenStreetMap"},"geometry":{"type":"LineString","coordinates":[[177.4763418,64.7300626],[177.4758189,64.7297015],[177.4753009,64.7293025],[177.4744899,64.7290428],[177.4739493,64.7289419]]}},{"type":"Feature","id":"osm-road-100876560","properties":{"roadId":"osm-road-100876560","osmId":100876560,"highway":"service","name":null,"surface":null,"lanes":null,"maxspeed":null,"source":"OpenStreetMap"},"geometry":{"type":"LineString","coordinates":[[177.5143418,64.7299767],[177.513133,64.7294455],[177.5127739,64.7294367],[177.5121582,64.7291695],[177.5115015,64.7290994],[177.5099398,64.7283694],[177.5098067,64.7280731]]}},{"type":"Feature","id":"osm-road-100876564","properties":{"roadId":"osm-road-100876564","osmId":100876564,"highway":"service","name":null,"surface":null,"lanes":null,"maxspeed":null,"source":"OpenStreetMap"},"geometry":{"type":"LineString","coordinates":[[177.5005186,64.7265513],[177.5012483,64.7267866]]}},{"type":"Feature","id":"osm-road-100876570","properties":{"roadId":"osm-road-100876570","osmId":100876570,"highway":"service","name":null,"surface":null,"lanes":null,"maxspeed":null,"source":"OpenStreetMap"},"geometry":{"type":"LineString","coordinates":[[177.4901414,64.7330641],[177.4912423,64.7336348],[177.4927582,64.7341977]]}},{"type":"Feature","id":"osm-road-100876571","properties":{"roadId":"osm-road-100876571","osmId":100876571,"highway":"service","name":null,"surface":null,"lanes":null,"maxspeed":null,"source":"OpenStreetMap"},"geometry":{"type":"LineString","coordinates":[[177.4889749,64.7335852],[177.4891869,64.7336924],[177.4893609,64.7338723],[177.4897194,64.7341724],[177.4901181,64.734365],[177.4914184,64.7348135]]}},{"type":"Feature","id":"osm-road-100876572","properties":{"roadId":"osm-road-100876572","osmId":100876572,"highway":"pedestrian","name":"улица Дежнёва","surface":null,"lanes":null,"maxspeed":null,"source":"OpenStreetMap"},"geometry":{"type":"LineString","coordinates":[[177.5207943,64.7353851],[177.5206759,64.7353265],[177.5203274,64.7351542],[177.5201775,64.7350801],[177.5179118,64.7339598],[177.5177945,64.7339018]]}},{"type":"Feature","id":"osm-road-100876579","properties":{"roadId":"osm-road-100876579","osmId":100876579,"highway":"residential","name":"Южная улица","surface":"asphalt","lanes":2,"maxspeed":null,"source":"OpenStreetMap"},"geometry":{"type":"LineString","coordinates":[[177.519828,64.733172],[177.5197829,64.7330756],[177.5192563,64.7328528],[177.5192445,64.7328385],[177.5189685,64.7327131],[177.5182967,64.7324078],[177.5177939,64.7321725],[177.5174361,64.7320467],[177.5169814,64.7319088],[177.51687,64.731868],[177.5167621,64.7318285],[177.5165824,64.7317541],[177.5164523,64.7317009],[177.516163,64.7315774],[177.5159843,64.7315011],[177.5157671,64.7314221],[177.5153093,64.7312601],[177.5150048,64.7311542],[177.513406,64.7304039],[177.5133166,64.7303586]]}},{"type":"Feature","id":"osm-road-100876581","properties":{"roadId":"osm-road-100876581","osmId":100876581,"highway":"service","name":null,"surface":null,"lanes":null,"maxspeed":null,"source":"OpenStreetMap"},"geometry":{"type":"LineString","coordinates":[[177.5180707,64.7300227],[177.5160095,64.7307011]]}},{"type":"Feature","id":"osm-road-100876583","properties":{"roadId":"osm-road-100876583","osmId":100876583,"highway":"service","name":null,"surface":null,"lanes":null,"maxspeed":null,"source":"OpenStreetMap"},"geometry":{"type":"LineString","coordinates":[[177.4896818,64.7332734],[177.4906967,64.7339372],[177.4922656,64.7344239]]}},{"type":"Feature","id":"osm-road-100876588","properties":{"roadId":"osm-road-100876588","osmId":100876588,"highway":"service","name":null,"surface":null,"lanes":null,"maxspeed":null,"source":"OpenStreetMap"},"geometry":{"type":"LineString","coordinates":[[177.506743,64.7263122],[177.5072485,64.7265197],[177.5086582,64.7271109],[177.5091185,64.7277034],[177.5092633,64.7278266],[177.5098067,64.7280731],[177.5107693,64.7280568],[177.5111182,64.7279648],[177.5134234,64.7290657]]}},{"type":"Feature","id":"osm-road-100883648","properties":{"roadId":"osm-road-100883648","osmId":100883648,"highway":"tertiary","name":"Кооперативная улица","surface":"asphalt","lanes":2,"maxspeed":null,"source":"OpenStreetMap"},"geometry":{"type":"LineString","coordinates":[[177.5316865,64.7298488],[177.5312521,64.729602],[177.5309827,64.729471],[177.5307451,64.729362],[177.5305036,64.729258],[177.5302614,64.7291592],[177.530028,64.7290697],[177.5297991,64.7289849],[177.5295768,64.7289051],[177.5291177,64.7287449],[177.5286067,64.7285658],[177.5237361,64.7268661],[177.5235012,64.7267903],[177.5232604,64.7267207],[177.5229896,64.7266563],[177.5227141,64.7266018],[177.5224908,64.7265641],[177.522253,64.7265362],[177.5220133,64.7265169],[177.5217586,64.7265034],[177.5214974,64.7264978],[177.5212372,64.7265007],[177.5209401,64.7265087],[177.5206431,64.7265211],[177.5200394,64.7265307],[177.5192211,64.72653]]}},{"type":"Feature","id":"osm-road-100883649","properties":{"roadId":"osm-road-100883649","osmId":100883649,"highway":"tertiary","name":"улица Ленина","surface":"asphalt","lanes":2,"maxspeed":null,"source":"OpenStreetMap"},"geometry":{"type":"LineString","coordinates":[[177.5255006,64.7335954],[177.5252497,64.7336972],[177.5246829,64.7339067],[177.5224272,64.734751],[177.5213865,64.7351601],[177.5208383,64.7353676],[177.5207943,64.7353851],[177.5206804,64.7354296],[177.5203288,64.735567],[177.5189976,64.7361197],[177.518708,64.736234],[177.5184785,64.7363159]]}},{"type":"Feature","id":"osm-road-100883650","properties":{"roadId":"osm-road-100883650","osmId":100883650,"highway":"residential","name":"Колхозная улица","surface":null,"lanes":null,"maxspeed":null,"source":"OpenStreetMap"},"geometry":{"type":"LineString","coordinates":[[177.5281997,64.7247713],[177.5285027,64.7250465],[177.5294259,64.7258853],[177.5302234,64.7266098],[177.5310678,64.7273769],[177.5323053,64.7285011],[177.5324707,64.7286836],[177.5324018,64.7288601],[177.5322135,64.7291979],[177.5321793,64.7292593],[177.5319586,64.729614],[177.5318937,64.7296889],[177.5318417,64.7297374],[177.5317768,64.7297845],[177.5316865,64.7298488]]}},{"type":"Feature","id":"osm-road-100883651","properties":{"roadId":"osm-road-100883651","osmId":100883651,"highway":"service","name":"Набережная улица","surface":null,"lanes":null,"maxspeed":null,"source":"OpenStreetMap"},"geometry":{"type":"LineString","coordinates":[[177.5322793,64.7355927],[177.5327739,64.7356466],[177.5329148,64.7356707],[177.5332045,64.7356799],[177.5338375,64.7355929],[177.5344705,64.7353594],[177.5352108,64.7349152],[177.5356239,64.7345465],[177.5361813,64.7342073]]}},{"type":"Feature","id":"osm-road-100883652","properties":{"roadId":"osm-road-100883652","osmId":100883652,"highway":"tertiary","name":"улица Рультытегина","surface":"asphalt","lanes":2,"maxspeed":null,"source":"OpenStreetMap"},"geometry":{"type":"LineString","coordinates":[[177.5153104,64.7348235],[177.5151222,64.7347232],[177.5140304,64.7341413],[177.5139063,64.7340813],[177.5131458,64.7337195],[177.5126174,64.7334544],[177.5119566,64.7331198],[177.511648,64.7329682],[177.511535,64.7329127],[177.5106745,64.7324654],[177.5106208,64.7324375],[177.5096313,64.7319144],[177.5094677,64.7318289]]}},{"type":"Feature","id":"osm-road-100886285","properties":{"roadId":"osm-road-100886285","osmId":100886285,"highway":"tertiary","name":"Подъезд к Рыббазе №2","surface":"compacted","lanes":null,"maxspeed":null,"source":"OpenStreetMap"},"geometry":{"type":"LineString","coordinates":[[177.4191689,64.7405154],[177.4192296,64.7404436],[177.4200328,64.7399155],[177.4202789,64.7397156],[177.4208108,64.739304],[177.4215016,64.7389124],[177.4218896,64.7388371],[177.4279346,64.7377394],[177.428314,64.7376755],[177.4288139,64.7375979],[177.4291644,64.7375536],[177.4294176,64.7375245],[177.4295831,64.7375134],[177.4297324,64.7375079],[177.4298752,64.7375106],[177.4300342,64.7375189],[177.4302095,64.7375369],[177.4305665,64.7375827],[177.4308132,64.7376201],[177.4310047,64.7376547],[177.4311702,64.7376907],[177.431313,64.7377267],[177.4314559,64.7377724],[177.4315987,64.7378292],[177.4317999,64.7379179],[177.4323841,64.7382032],[177.4325334,64.7382711],[177.4326795,64.7383265],[177.4328418,64.7383819],[177.4330235,64.7384317],[177.4332247,64.7384774],[177.4334162,64.7385121],[177.433624,64.7385398],[177.4338187,64.738555],[177.434007,64.7385605],[177.4342244,64.7385633],[177.4344354,64.7385592],[177.4346157,64.7385535],[177.4347405,64.7385495],[177.4350099,64.738537],[177.4352371,64.7385218],[177.4370291,64.7383765],[177.437227,64.7383605],[177.437596,64.7383327],[177.4387762,64.7382436],[177.4392027,64.7382114],[177.4398641,64.7381615],[177.4405574,64.7381092],[177.442016,64.7379991],[177.442584,64.7379563],[177.4430221,64.7379232],[177.4431285,64.7379154],[177.4436642,64.7378763],[177.4441745,64.7378391],[177.44798,64.7375792],[177.452068,64.7372923],[177.4524749,64.7372611],[177.4528194,64.7372305]]}},{"type":"Feature","id":"osm-road-100886294","properties":{"roadId":"osm-road-100886294","osmId":100886294,"highway":"tertiary","name":"улица Энергетиков","surface":"asphalt","lanes":2,"maxspeed":"40","source":"OpenStreetMap"},"geometry":{"type":"LineString","coordinates":[[177.4914762,64.7323598],[177.4916979,64.7324504],[177.49264,64.732791],[177.4934655,64.7331078],[177.4964437,64.7341394],[177.4967096,64.7342345],[177.4977926,64.7346492],[177.4989704,64.7350862],[177.5001633,64.7355288],[177.5003123,64.7355841],[177.5022363,64.7362541],[177.50258,64.7363738],[177.5026302,64.7363933],[177.5026772,64.7364114],[177.5027489,64.736447],[177.5028105,64.7364855],[177.5028528,64.7365203],[177.5028852,64.7365556],[177.5029098,64.7365875]]}},{"type":"Feature","id":"osm-road-100886300","properties":{"roadId":"osm-road-100886300","osmId":100886300,"highway":"residential","name":"улица Берзиня","surface":null,"lanes":null,"maxspeed":null,"source":"OpenStreetMap"},"geometry":{"type":"LineString","coordinates":[[177.501607,64.7332082],[177.500872,64.7332926],[177.5004488,64.7333713],[177.5002534,64.7334408],[177.499789,64.7336688],[177.4992294,64.7339436],[177.4977926,64.7346492]]}},{"type":"Feature","id":"osm-road-102548919","properties":{"roadId":"osm-road-102548919","osmId":102548919,"highway":"service","name":null,"surface":null,"lanes":null,"maxspeed":null,"source":"OpenStreetMap"},"geometry":{"type":"LineString","coordinates":[[177.4620656,64.7146453],[177.4623351,64.7148927],[177.463135,64.7156269],[177.4632163,64.7157015],[177.4633167,64.7158227]]}},{"type":"Feature","id":"osm-road-119210400","properties":{"roadId":"osm-road-119210400","osmId":119210400,"highway":"service","name":null,"surface":null,"lanes":null,"maxspeed":null,"source":"OpenStreetMap"},"geometry":{"type":"LineString","coordinates":[[177.4146458,64.7225377],[177.414202,64.722697],[177.4141142,64.7228281],[177.414302,64.7233415],[177.4144253,64.7237352],[177.4144093,64.7241477],[177.4138835,64.7246196],[177.413626,64.7250272],[177.4136475,64.7254212],[177.413846,64.7258332],[177.4138674,64.7261768],[177.4135295,64.726516],[177.4129233,64.7267173],[177.4125964,64.7268289],[177.4122743,64.7268707],[177.41199,64.7268707],[177.4118132,64.7268106],[177.4113301,64.7265638],[177.4108312,64.72636],[177.4104236,64.7262592],[177.410048,64.7261905],[177.4097584,64.7261699],[177.4093453,64.7261859],[177.4087177,64.7262225],[177.4083314,64.7262977],[177.4078486,64.7265065],[177.4074788,64.7265861],[177.4067972,64.7266463],[177.4061427,64.7265982],[177.4054722,64.7264836],[177.4052737,64.7264493],[177.4047855,64.7265798],[177.4044318,64.7266274],[177.4040989,64.7266348],[177.4038202,64.726577],[177.4035142,64.7264607],[177.4029992,64.7262432],[177.4026237,64.726179],[177.4020497,64.7262363],[177.4015401,64.7262684],[177.4009875,64.726289],[177.4005316,64.7263668],[177.3998932,64.7265775],[177.3983,64.7271822],[177.3971305,64.7277089],[177.3958431,64.7282036],[177.3947755,64.7284921],[177.3938636,64.7290189],[177.3934291,64.7291883],[177.3930643,64.7292845],[177.3897062,64.7301135],[177.3893414,64.7302623],[177.3890785,64.7304204],[177.3886067,64.7307518],[177.3875014,64.7312356],[177.3867342,64.7315221]]}},{"type":"Feature","id":"osm-road-129992267","properties":{"roadId":"osm-road-129992267","osmId":129992267,"highway":"service","name":null,"surface":null,"lanes":null,"maxspeed":null,"source":"OpenStreetMap"},"geometry":{"type":"LineString","coordinates":[[177.5035337,64.7361033],[177.5050449,64.7359044]]}},{"type":"Feature","id":"osm-road-129992678","properties":{"roadId":"osm-road-129992678","osmId":129992678,"highway":"service","name":null,"surface":null,"lanes":null,"maxspeed":null,"source":"OpenStreetMap"},"geometry":{"type":"LineString","coordinates":[[177.5106283,64.7376519],[177.5093324,64.7375528],[177.509514,64.7370605]]}},{"type":"Feature","id":"osm-road-129992680","properties":{"roadId":"osm-road-129992680","osmId":129992680,"highway":"service","name":null,"surface":null,"lanes":null,"maxspeed":null,"source":"OpenStreetMap"},"geometry":{"type":"LineString","coordinates":[[177.5052518,64.7372561],[177.5035851,64.7374489]]}},{"type":"Feature","id":"osm-road-129992685","properties":{"roadId":"osm-road-129992685","osmId":129992685,"highway":"service","name":null,"surface":null,"lanes":null,"maxspeed":null,"source":"OpenStreetMap"},"geometry":{"type":"LineString","coordinates":[[177.5097566,64.7356661],[177.5098209,64.7357399],[177.5101011,64.7360699],[177.510303,64.7363219],[177.5106642,64.7366026],[177.5108305,64.7368316],[177.5108842,64.7369867],[177.5106283,64.7376519]]}},{"type":"Feature","id":"osm-road-129992686","properties":{"roadId":"osm-road-129992686","osmId":129992686,"highway":"service","name":null,"surface":null,"lanes":null,"maxspeed":null,"source":"OpenStreetMap"},"geometry":{"type":"LineString","coordinates":[[177.5093324,64.7375528],[177.5093331,64.7376133],[177.5093335,64.7376527]]}},{"type":"Feature","id":"osm-road-136438877","properties":{"roadId":"osm-road-136438877","osmId":136438877,"highway":"service","name":null,"surface":null,"lanes":null,"maxspeed":null,"source":"OpenStreetMap"},"geometry":{"type":"LineString","coordinates":[[177.4854464,64.7283649],[177.4856673,64.7284081],[177.4859883,64.728472],[177.486129,64.7285013],[177.4864179,64.7285775]]}},{"type":"Feature","id":"osm-road-136438878","properties":{"roadId":"osm-road-136438878","osmId":136438878,"highway":"service","name":null,"surface":null,"lanes":null,"maxspeed":null,"source":"OpenStreetMap"},"geometry":{"type":"LineString","coordinates":[[177.4857717,64.7267071],[177.4856673,64.7271216],[177.4856083,64.7274869],[177.4854464,64.7283649],[177.4854373,64.7284256]]}},{"type":"Feature","id":"osm-road-136438879","properties":{"roadId":"osm-road-136438879","osmId":136438879,"highway":"tertiary","name":null,"surface":null,"lanes":null,"maxspeed":null,"source":"OpenStreetMap"},"geometry":{"type":"LineString","coordinates":[[177.4852409,64.7267669],[177.4856053,64.7266519],[177.4858406,64.7264977],[177.4860475,64.7262968],[177.4861448,64.7261166],[177.4861073,64.7259772]]}},{"type":"Feature","id":"osm-road-136439451","properties":{"roadId":"osm-road-136439451","osmId":136439451,"highway":"residential","name":"улица Беринга","surface":null,"lanes":null,"maxspeed":null,"source":"OpenStreetMap"},"geometry":{"type":"LineString","coordinates":[[177.511905,64.7381578],[177.5111046,64.7380798],[177.5088788,64.7378511],[177.5084727,64.7378305],[177.5081334,64.7379207],[177.5060933,64.7382678]]}},{"type":"Feature","id":"osm-road-136439559","properties":{"roadId":"osm-road-136439559","osmId":136439559,"highway":"service","name":null,"surface":null,"lanes":null,"maxspeed":null,"source":"OpenStreetMap"},"geometry":{"type":"LineString","coordinates":[[177.5096148,64.725748],[177.51012,64.7255433],[177.5107535,64.7250426],[177.5109985,64.7245825]]}},{"type":"Feature","id":"osm-road-136439561","properties":{"roadId":"osm-road-136439561","osmId":136439561,"highway":"service","name":null,"surface":null,"lanes":null,"maxspeed":null,"source":"OpenStreetMap"},"geometry":{"type":"LineString","coordinates":[[177.5060957,64.7266301],[177.5065243,64.7265975],[177.5069535,64.726556],[177.5072485,64.7265197],[177.5077489,64.7263928],[177.5081417,64.7262614]]}},{"type":"Feature","id":"osm-road-136440964","properties":{"roadId":"osm-road-136440964","osmId":136440964,"highway":"service","name":null,"surface":null,"lanes":null,"maxspeed":null,"source":"OpenStreetMap"},"geometry":{"type":"LineString","coordinates":[[177.5224279,64.721765],[177.5224079,64.7216325],[177.5223915,64.7215243],[177.5224859,64.721321],[177.5226068,64.7211774],[177.5236061,64.720532],[177.5244289,64.7198384],[177.5247655,64.7195235],[177.5249472,64.7193866],[177.5251182,64.7193113],[177.5254975,64.7193319],[177.5256899,64.719357],[177.5259143,64.7193068],[177.5261974,64.719147],[177.5264058,64.7190329]]}},{"type":"Feature","id":"osm-road-136441921","properties":{"roadId":"osm-road-136441921","osmId":136441921,"highway":"service","name":null,"surface":null,"lanes":null,"maxspeed":null,"source":"OpenStreetMap"},"geometry":{"type":"LineString","coordinates":[[177.5550169,64.766373],[177.5569701,64.766344],[177.5580397,64.7659468],[177.5580934,64.7657407],[177.5582608,64.7655633],[177.5591636,64.7651055],[177.5597411,64.7649226]]}},{"type":"Feature","id":"osm-road-136441922","properties":{"roadId":"osm-road-136441922","osmId":136441922,"highway":"service","name":null,"surface":null,"lanes":null,"maxspeed":null,"source":"OpenStreetMap"},"geometry":{"type":"LineString","coordinates":[[177.5613404,64.7659279],[177.5591636,64.7651055]]}},{"type":"Feature","id":"osm-road-136441923","properties":{"roadId":"osm-road-136441923","osmId":136441923,"highway":"unclassified","name":null,"surface":null,"lanes":null,"maxspeed":null,"source":"OpenStreetMap"},"geometry":{"type":"LineString","coordinates":[[177.5449331,64.7617753],[177.5463114,64.7618634],[177.5472442,64.7619627],[177.5481935,64.7620703],[177.5511332,64.7622899],[177.5526572,64.7623876]]}},{"type":"Feature","id":"osm-road-136441924","properties":{"roadId":"osm-road-136441924","osmId":136441924,"highway":"service","name":null,"surface":null,"lanes":null,"maxspeed":null,"source":"OpenStreetMap"},"geometry":{"type":"LineString","coordinates":[[177.5556268,64.7650819],[177.5565599,64.7651891],[177.5571395,64.7653577],[177.5582608,64.7655633]]}},{"type":"Feature","id":"osm-road-137318479","properties":{"roadId":"osm-road-137318479","osmId":137318479,"highway":"tertiary","name":"Партизанская улица","surface":"asphalt","lanes":2,"maxspeed":null,"source":"OpenStreetMap"},"geometry":{"type":"LineString","coordinates":[[177.531756,64.7344737],[177.5319433,64.7346303],[177.5320711,64.7348638]]}},{"type":"Feature","id":"osm-road-137318480","properties":{"roadId":"osm-road-137318480","osmId":137318480,"highway":"tertiary","name":null,"surface":null,"lanes":null,"maxspeed":null,"source":"OpenStreetMap"},"geometry":{"type":"LineString","coordinates":[[177.4852409,64.7267669],[177.4857717,64.7267071],[177.4862307,64.7266883],[177.4867977,64.7267454],[177.4873783,64.7267897]]}},{"type":"Feature","id":"osm-road-137318485","properties":{"roadId":"osm-road-137318485","osmId":137318485,"highway":"tertiary","name":null,"surface":"compacted","lanes":null,"maxspeed":null,"source":"OpenStreetMap"},"geometry":{"type":"LineString","coordinates":[[177.4215016,64.7389124],[177.4213036,64.7388501],[177.4211109,64.738781],[177.420689,64.7386427],[177.4205135,64.7385904],[177.4177043,64.7377492],[177.4169446,64.7375462],[177.4168247,64.7375145],[177.4165721,64.7373769]]}},{"type":"Feature","id":"osm-road-137318488","properties":{"roadId":"osm-road-137318488","osmId":137318488,"highway":"service","name":null,"surface":null,"lanes":null,"maxspeed":null,"source":"OpenStreetMap"},"geometry":{"type":"LineString","coordinates":[[177.4854373,64.7284256],[177.4845646,64.7284212]]}},{"type":"Feature","id":"osm-road-137318491","properties":{"roadId":"osm-road-137318491","osmId":137318491,"highway":"tertiary","name":null,"surface":null,"lanes":2,"maxspeed":null,"source":"OpenStreetMap"},"geometry":{"type":"LineString","coordinates":[[177.5090268,64.7216529],[177.5087529,64.721554]]}},{"type":"Feature","id":"osm-road-137318492","properties":{"roadId":"osm-road-137318492","osmId":137318492,"highway":"tertiary","name":null,"surface":null,"lanes":2,"maxspeed":null,"source":"OpenStreetMap"},"geometry":{"type":"LineString","coordinates":[[177.5164415,64.7259538],[177.5114408,64.7247076],[177.5111976,64.7246438],[177.5109985,64.7245825],[177.5108249,64.7245156],[177.510515,64.7243756],[177.5103722,64.7242828],[177.5102391,64.7241678],[177.5101385,64.724068],[177.5100541,64.7239502],[177.5100022,64.7238532],[177.5099665,64.7237479],[177.5099405,64.7236453],[177.5099049,64.7233758],[177.509809,64.7225901],[177.5097899,64.722469],[177.5097576,64.7223572],[177.5097081,64.7222515],[177.5096447,64.7221507],[177.5095642,64.7220504],[177.5094766,64.7219603],[177.5092851,64.7218134],[177.5090268,64.7216529]]}},{"type":"Feature","id":"osm-road-137318493","properties":{"roadId":"osm-road-137318493","osmId":137318493,"highway":"service","name":null,"surface":null,"lanes":null,"maxspeed":null,"source":"OpenStreetMap"},"geometry":{"type":"LineString","coordinates":[[177.5366363,64.7326258],[177.536448,64.7327768],[177.5359167,64.7330016]]}},{"type":"Feature","id":"osm-road-137318495","properties":{"roadId":"osm-road-137318495","osmId":137318495,"highway":"tertiary","name":null,"surface":null,"lanes":2,"maxspeed":null,"source":"OpenStreetMap"},"geometry":{"type":"LineString","coordinates":[[177.5087529,64.721554],[177.5079926,64.7213991],[177.5075375,64.7213296],[177.5070993,64.7212839],[177.5065737,64.7212821],[177.506141,64.7213149],[177.5056674,64.7213605],[177.5052508,64.7214472],[177.5049829,64.721496],[177.5047759,64.7215447],[177.5042209,64.7216916],[177.4989384,64.7231417],[177.4978997,64.7234126],[177.496718,64.7237346],[177.4954621,64.7240956],[177.4951998,64.7241754],[177.4949999,64.7242441],[177.4948285,64.7243106],[177.4946701,64.7243805],[177.4945533,64.7244481],[177.4944157,64.724539],[177.4942884,64.7246377],[177.4941975,64.724733],[177.4941222,64.7248239],[177.4940366,64.7249426],[177.4922319,64.7277586]]}},{"type":"Feature","id":"osm-road-137318496","properties":{"roadId":"osm-road-137318496","osmId":137318496,"highway":"service","name":null,"surface":null,"lanes":null,"maxspeed":null,"source":"OpenStreetMap"},"geometry":{"type":"LineString","coordinates":[[177.4822399,64.7288541],[177.4845786,64.7288398],[177.4845646,64.7284212],[177.4844385,64.7281742]]}},{"type":"Feature","id":"osm-road-137318498","properties":{"roadId":"osm-road-137318498","osmId":137318498,"highway":"service","name":null,"surface":null,"lanes":null,"maxspeed":null,"source":"OpenStreetMap"},"geometry":{"type":"LineString","coordinates":[[177.5037888,64.7301093],[177.5034427,64.7305024],[177.5032052,64.7309214],[177.502911,64.7313445],[177.5026597,64.7316965],[177.5023061,64.7321771],[177.5023782,64.7323806],[177.5024167,64.7324891]]}},{"type":"Feature","id":"osm-road-137318499","properties":{"roadId":"osm-road-137318499","osmId":137318499,"highway":"tertiary","name":"улица Рультытегина","surface":null,"lanes":null,"maxspeed":null,"source":"OpenStreetMap"},"geometry":{"type":"LineString","coordinates":[[177.5184785,64.7363159],[177.5183272,64.7362653],[177.5176797,64.7359418],[177.5172308,64.7357188],[177.5162248,64.7352351],[177.5155416,64.7349247],[177.5153104,64.7348235]]}},{"type":"Feature","id":"osm-road-137321531","properties":{"roadId":"osm-road-137321531","osmId":137321531,"highway":"residential","name":null,"surface":"concrete","lanes":2,"maxspeed":null,"source":"OpenStreetMap"},"geometry":{"type":"LineString","coordinates":[[177.5009327,64.7372563],[177.5009379,64.7373212],[177.5009328,64.7374182],[177.5009201,64.7375217],[177.5008996,64.7376089],[177.5008729,64.7376597],[177.5008345,64.7377123],[177.5007767,64.737776],[177.500422,64.7381776],[177.4999228,64.7387745],[177.499881,64.7388312],[177.4998586,64.7388739],[177.4998613,64.7389137],[177.4999221,64.7389964],[177.4999987,64.7390537],[177.5001066,64.7391131],[177.5002216,64.7391688]]}},{"type":"Feature","id":"osm-road-137321533","properties":{"roadId":"osm-road-137321533","osmId":137321533,"highway":"unclassified","name":null,"surface":"compacted","lanes":null,"maxspeed":null,"source":"OpenStreetMap"},"geometry":{"type":"LineString","coordinates":[[177.5002216,64.7391688],[177.5007159,64.7393167],[177.5010856,64.7393381],[177.5015489,64.7393407],[177.5023671,64.7393021],[177.5038503,64.7392317],[177.5052468,64.7392025],[177.5061412,64.7391736],[177.5071514,64.7390745],[177.5078597,64.7390081],[177.5082234,64.739037]]}},{"type":"Feature","id":"osm-road-137321534","properties":{"roadId":"osm-road-137321534","osmId":137321534,"highway":"unclassified","name":null,"surface":"compacted","lanes":null,"maxspeed":null,"source":"OpenStreetMap"},"geometry":{"type":"LineString","coordinates":[[177.5007159,64.7393167],[177.5004015,64.7393536],[177.5001645,64.7393148],[177.4999281,64.7392279],[177.4997594,64.7391464],[177.4995603,64.7390118],[177.4994585,64.7389076],[177.4994419,64.7388263],[177.4994565,64.7387409],[177.4995057,64.7386529],[177.4995983,64.7385017],[177.4997563,64.7382942],[177.5003917,64.7376833],[177.5004515,64.737605],[177.5004755,64.7375471],[177.5004831,64.7375057],[177.5004829,64.7374623],[177.5004702,64.7374164],[177.5004466,64.737375],[177.5004085,64.7373354],[177.5003569,64.7372979],[177.5002644,64.7372494],[177.4991949,64.7367918]]}},{"type":"Feature","id":"osm-road-137323646","properties":{"roadId":"osm-road-137323646","osmId":137323646,"highway":"tertiary","name":null,"surface":"asphalt","lanes":2,"maxspeed":null,"source":"OpenStreetMap"},"geometry":{"type":"LineString","coordinates":[[177.4780288,64.7177274],[177.4769917,64.7165238],[177.4768317,64.7163482],[177.4765821,64.7160955],[177.4763424,64.7158676],[177.4761156,64.7156772],[177.4758657,64.715478],[177.4756106,64.7152909],[177.4732073,64.7135528],[177.4730462,64.7134558],[177.472927,64.7133925]]}},{"type":"Feature","id":"osm-road-137323647","properties":{"roadId":"osm-road-137323647","osmId":137323647,"highway":"unclassified","name":null,"surface":"asphalt","lanes":2,"maxspeed":null,"source":"OpenStreetMap"},"geometry":{"type":"LineString","coordinates":[[177.472927,64.7133925],[177.4728012,64.7133443],[177.4721797,64.7132136],[177.4716584,64.7131989],[177.4691946,64.7134946],[177.4687826,64.7135484],[177.4620656,64.7146453]]}},{"type":"Feature","id":"osm-road-137326470","properties":{"roadId":"osm-road-137326470","osmId":137326470,"highway":"tertiary","name":null,"surface":null,"lanes":null,"maxspeed":null,"source":"OpenStreetMap"},"geometry":{"type":"LineString","coordinates":[[177.472927,64.7133925],[177.4726494,64.7131814],[177.4724883,64.7130562],[177.471596,64.7124051],[177.4716538,64.7098465],[177.4716344,64.7071022],[177.471644,64.7070031],[177.4716569,64.7069164],[177.4716795,64.7068352],[177.4717181,64.7067554],[177.4717858,64.7066646],[177.471876,64.7065613],[177.4719984,64.7064388],[177.4721208,64.7063398],[177.4722818,64.7062297],[177.4724977,64.7061085],[177.4730396,64.7058064],[177.4731966,64.7057066],[177.4733094,64.7056223],[177.473398,64.7055483],[177.4734704,64.7054657],[177.4735228,64.7053832],[177.473559,64.7053023],[177.4735791,64.7052318],[177.4735791,64.7051664],[177.4735711,64.7050993],[177.4735469,64.705027],[177.4735107,64.7049617],[177.4734583,64.7048911],[177.4733845,64.7048095],[177.4727197,64.7041138],[177.4725395,64.7039216],[177.4723905,64.7037444],[177.4722617,64.7035792],[177.4721691,64.703445],[177.4721127,64.7033349],[177.4720847,64.7032504],[177.4720737,64.7031796],[177.4720764,64.703095],[177.4720932,64.7030119],[177.4721294,64.7029293],[177.4721978,64.7028037],[177.4725431,64.7022427],[177.4725978,64.7021395],[177.4726848,64.7019234],[177.4727235,64.7018504],[177.4727685,64.7017775],[177.4729624,64.7015303],[177.4730301,64.7014312],[177.4730816,64.7013362],[177.473117,64.701255],[177.4731396,64.701171],[177.473146,64.7010995],[177.4731364,64.701032],[177.4731138,64.7009453],[177.4730837,64.7008708],[177.4730392,64.700804],[177.4729922,64.7007518],[177.4729487,64.7007093],[177.4728806,64.7006533],[177.4715876,64.6997647],[177.4712269,64.699508],[177.4707825,64.6992028],[177.4647643,64.6949111],[177.4597827,64.6913591],[177.4491348,64.6846222],[177.4488082,64.6844051],[177.4486,64.6842484],[177.4484085,64.6840864],[177.4482836,64.6839618],[177.4481837,64.6838461],[177.4481227,64.6837479],[177.4480948,64.6836582],[177.4480813,64.6835723],[177.4480811,64.6834859],[177.4483848,64.6815063],[177.4484229,64.6813398],[177.4484616,64.681208],[177.448518,64.6810732],[177.4485749,64.6809666],[177.4486551,64.6808513],[177.4487479,64.680747],[177.4488462,64.68065],[177.4489636,64.6805542],[177.4491385,64.6804421],[177.47824,64.6637243],[177.4783649,64.6636441],[177.4784606,64.6635604],[177.4785346,64.6634897],[177.4785967,64.6634158],[177.4786527,64.6633366],[177.4786979,64.6632459],[177.4787269,64.6631652],[177.4787412,64.6630767],[177.4787537,64.6629645],[177.4787453,64.6628469],[177.4787079,64.6625593],[177.4786745,64.6622368],[177.4785498,64.6594874],[177.4785173,64.6590892],[177.4784848,64.6587774],[177.4782181,64.6575327],[177.4781446,64.6572788],[177.478037,64.6570231],[177.4778538,64.6566974],[177.4748215,64.6522868],[177.4731154,64.6500291],[177.4718126,64.6481431],[177.4713162,64.6475321],[177.4699513,64.6455397],[177.4665701,64.6401993],[177.4659808,64.6393755],[177.4643057,64.6367713],[177.4621653,64.6333694],[177.4612657,64.6322132],[177.456152,64.6241672],[177.4554959,64.6231347],[177.4552438,64.6227852],[177.454983,64.6225098],[177.454888,64.6224095],[177.454456,64.6219902],[177.4518327,64.6198457],[177.4448606,64.6144626],[177.4438282,64.6135945],[177.4431135,64.6129476],[177.4422201,64.6120964],[177.4415451,64.611424],[177.441029,64.6107941],[177.4404334,64.610028],[177.4397187,64.609015],[177.439004,64.6077976]]}},{"type":"Feature","id":"osm-road-137649754","properties":{"roadId":"osm-road-137649754","osmId":137649754,"highway":"service","name":null,"surface":null,"lanes":null,"maxspeed":null,"source":"OpenStreetMap"},"geometry":{"type":"LineString","coordinates":[[177.4842731,64.732547],[177.4845254,64.7323774],[177.4850359,64.7321318],[177.485522,64.7319572],[177.4858573,64.7318129],[177.4859526,64.7317718],[177.4864857,64.7311858],[177.4869612,64.7309995]]}},{"type":"Feature","id":"osm-road-137681823","properties":{"roadId":"osm-road-137681823","osmId":137681823,"highway":"service","name":null,"surface":null,"lanes":null,"maxspeed":null,"source":"OpenStreetMap"},"geometry":{"type":"LineString","coordinates":[[177.5867169,64.7625503],[177.5864658,64.7622626],[177.5859159,64.7620765],[177.5845419,64.7620566],[177.5834802,64.7619301],[177.581669,64.7619234],[177.5803262,64.7618369],[177.5779373,64.7618568],[177.5750332,64.7622163],[177.5728473,64.7625958],[177.5713172,64.7628621],[177.5676517,64.7634],[177.5665629,64.7637791],[177.5656281,64.764518],[177.5652613,64.7651592],[177.5653493,64.765807],[177.5655594,64.7662774]]}},{"type":"Feature","id":"osm-road-137681824","properties":{"roadId":"osm-road-137681824","osmId":137681824,"highway":"service","name":null,"surface":null,"lanes":null,"maxspeed":null,"source":"OpenStreetMap"},"geometry":{"type":"LineString","coordinates":[[177.5859159,64.7620765],[177.586359,64.7620387],[177.5870187,64.7619538],[177.5872111,64.7619289]]}},{"type":"Feature","id":"osm-road-137681825","properties":{"roadId":"osm-road-137681825","osmId":137681825,"highway":"service","name":null,"surface":null,"lanes":null,"maxspeed":null,"source":"OpenStreetMap"},"geometry":{"type":"LineString","coordinates":[[177.593597,64.7614429],[177.5926446,64.7615361],[177.5913174,64.7615761],[177.5902713,64.7615028]]}},{"type":"Feature","id":"osm-road-148567498","properties":{"roadId":"osm-road-148567498","osmId":148567498,"highway":"residential","name":null,"surface":"concrete","lanes":1,"maxspeed":null,"source":"OpenStreetMap"},"geometry":{"type":"LineString","coordinates":[[177.5028738,64.7379576],[177.5039735,64.7377986],[177.5041082,64.7378176],[177.5043576,64.7381629],[177.5041898,64.7382686],[177.5030043,64.7384516],[177.5028831,64.738433],[177.5027876,64.7383856],[177.5020942,64.737737],[177.502473,64.7373377]]}},{"type":"Feature","id":"osm-road-148567499","properties":{"roadId":"osm-road-148567499","osmId":148567499,"highway":"service","name":null,"surface":null,"lanes":null,"maxspeed":null,"source":"OpenStreetMap"},"geometry":{"type":"LineString","coordinates":[[177.5083075,64.7375721],[177.508049,64.7374635],[177.5079334,64.7374443],[177.5078056,64.7374421],[177.5076557,64.7374564],[177.5072318,64.7375221],[177.5071247,64.7375311],[177.5070246,64.73752],[177.5069483,64.7374928],[177.5069149,64.7374569],[177.5069074,64.7374174],[177.5069554,64.7373726],[177.5070828,64.7373105],[177.5071163,64.7372941],[177.5071719,64.7372414],[177.5071874,64.7371861],[177.5066566,64.736427],[177.5064882,64.7361862],[177.5064374,64.7361136]]}},{"type":"Feature","id":"osm-road-148567500","properties":{"roadId":"osm-road-148567500","osmId":148567500,"highway":"service","name":null,"surface":null,"lanes":null,"maxspeed":null,"source":"OpenStreetMap"},"geometry":{"type":"LineString","coordinates":[[177.5137899,64.7365852],[177.5132258,64.7366623],[177.5130751,64.7364878],[177.5130568,64.7363825],[177.513073,64.7362158],[177.5130759,64.7356644],[177.5136492,64.7356315],[177.513879,64.7356183],[177.5141487,64.7356018],[177.5145296,64.7355815],[177.5147078,64.735572],[177.5152724,64.7355367],[177.5156339,64.7355077],[177.5160084,64.7353714],[177.5162248,64.7352351]]}},{"type":"Feature","id":"osm-road-148567502","properties":{"roadId":"osm-road-148567502","osmId":148567502,"highway":"service","name":null,"surface":null,"lanes":null,"maxspeed":null,"source":"OpenStreetMap"},"geometry":{"type":"LineString","coordinates":[[177.4995087,64.7343998],[177.4992415,64.7345416],[177.5009336,64.7351573],[177.5035337,64.7361033]]}},{"type":"Feature","id":"osm-road-148567503","properties":{"roadId":"osm-road-148567503","osmId":148567503,"highway":"service","name":null,"surface":null,"lanes":null,"maxspeed":null,"source":"OpenStreetMap"},"geometry":{"type":"LineString","coordinates":[[177.5050449,64.7359044],[177.5068039,64.7357015]]}},{"type":"Feature","id":"osm-road-148567506","properties":{"roadId":"osm-road-148567506","osmId":148567506,"highway":"service","name":null,"surface":null,"lanes":null,"maxspeed":null,"source":"OpenStreetMap"},"geometry":{"type":"LineString","coordinates":[[177.5139333,64.7363305],[177.513879,64.7356183]]}},{"type":"Feature","id":"osm-road-148567507","properties":{"roadId":"osm-road-148567507","osmId":148567507,"highway":"service","name":null,"surface":null,"lanes":null,"maxspeed":null,"source":"OpenStreetMap"},"geometry":{"type":"LineString","coordinates":[[177.5125315,64.7362779],[177.5127692,64.7362506],[177.513073,64.7362158]]}},{"type":"Feature","id":"osm-road-148567508","properties":{"roadId":"osm-road-148567508","osmId":148567508,"highway":"service","name":null,"surface":null,"lanes":null,"maxspeed":null,"source":"OpenStreetMap"},"geometry":{"type":"LineString","coordinates":[[177.5073309,64.7362012],[177.5084154,64.7360415]]}},{"type":"Feature","id":"osm-road-148567509","properties":{"roadId":"osm-road-148567509","osmId":148567509,"highway":"service","name":null,"surface":null,"lanes":null,"maxspeed":null,"source":"OpenStreetMap"},"geometry":{"type":"LineString","coordinates":[[177.5080666,64.7371473],[177.5073309,64.7362012],[177.5072377,64.7360858],[177.5071786,64.736014]]}},{"type":"Feature","id":"osm-road-148567510","properties":{"roadId":"osm-road-148567510","osmId":148567510,"highway":"service","name":null,"surface":null,"lanes":null,"maxspeed":null,"source":"OpenStreetMap"},"geometry":{"type":"LineString","coordinates":[[177.5048039,64.7349408],[177.5043047,64.7349262],[177.503717,64.734816],[177.5017061,64.7344388]]}},{"type":"Feature","id":"osm-road-148567511","properties":{"roadId":"osm-road-148567511","osmId":148567511,"highway":"service","name":null,"surface":null,"lanes":null,"maxspeed":null,"source":"OpenStreetMap"},"geometry":{"type":"LineString","coordinates":[[177.5101011,64.7360699],[177.5094949,64.7361455]]}},{"type":"Feature","id":"osm-road-148567512","properties":{"roadId":"osm-road-148567512","osmId":148567512,"highway":"service","name":null,"surface":null,"lanes":null,"maxspeed":null,"source":"OpenStreetMap"},"geometry":{"type":"LineString","coordinates":[[177.5147748,64.7365945],[177.5159986,64.7364435],[177.516925,64.7362802],[177.5171025,64.7362092],[177.5174859,64.7360454],[177.5176797,64.7359418]]}},{"type":"Feature","id":"osm-road-148567513","properties":{"roadId":"osm-road-148567513","osmId":148567513,"highway":"service","name":null,"surface":null,"lanes":null,"maxspeed":null,"source":"OpenStreetMap"},"geometry":{"type":"LineString","coordinates":[[177.5130568,64.7363825],[177.5136867,64.7363451],[177.5139333,64.7363305],[177.51456,64.7363268],[177.5147561,64.7363257]]}},{"type":"Feature","id":"osm-road-148567514","properties":{"roadId":"osm-road-148567514","osmId":148567514,"highway":"service","name":null,"surface":null,"lanes":null,"maxspeed":null,"source":"OpenStreetMap"},"geometry":{"type":"LineString","coordinates":[[177.5086476,64.7363293],[177.5084154,64.7360415],[177.5083308,64.7359394],[177.5082608,64.7358587]]}},{"type":"Feature","id":"osm-road-148567515","properties":{"roadId":"osm-road-148567515","osmId":148567515,"highway":"service","name":null,"surface":null,"lanes":null,"maxspeed":null,"source":"OpenStreetMap"},"geometry":{"type":"LineString","coordinates":[[177.5153108,64.736133],[177.5152724,64.7355367]]}},{"type":"Feature","id":"osm-road-148567516","properties":{"roadId":"osm-road-148567516","osmId":148567516,"highway":"service","name":null,"surface":null,"lanes":null,"maxspeed":null,"source":"OpenStreetMap"},"geometry":{"type":"LineString","coordinates":[[177.510303,64.7363219],[177.5096714,64.7363988]]}},{"type":"Feature","id":"osm-road-148567518","properties":{"roadId":"osm-road-148567518","osmId":148567518,"highway":"service","name":null,"surface":null,"lanes":null,"maxspeed":null,"source":"OpenStreetMap"},"geometry":{"type":"LineString","coordinates":[[177.5032733,64.7373849],[177.5033109,64.7373324],[177.5033352,64.7372984],[177.5047943,64.7371106],[177.5048442,64.7371982]]}},{"type":"Feature","id":"osm-road-148567519","properties":{"roadId":"osm-road-148567519","osmId":148567519,"highway":"service","name":null,"surface":null,"lanes":null,"maxspeed":null,"source":"OpenStreetMap"},"geometry":{"type":"LineString","coordinates":[[177.5168277,64.7360916],[177.5156339,64.7355077]]}},{"type":"Feature","id":"osm-road-148567520","properties":{"roadId":"osm-road-148567520","osmId":148567520,"highway":"service","name":null,"surface":null,"lanes":null,"maxspeed":null,"source":"OpenStreetMap"},"geometry":{"type":"LineString","coordinates":[[177.5059285,64.7347562],[177.5060657,64.7346771],[177.5058887,64.7344687],[177.5058672,64.7344527],[177.5050787,64.7345694]]}},{"type":"Feature","id":"osm-road-148567521","properties":{"roadId":"osm-road-148567521","osmId":148567521,"highway":"service","name":null,"surface":null,"lanes":null,"maxspeed":null,"source":"OpenStreetMap"},"geometry":{"type":"LineString","coordinates":[[177.5058581,64.7379871],[177.505566,64.73801],[177.5052425,64.7380333],[177.5043576,64.7381629]]}},{"type":"Feature","id":"osm-road-148567522","properties":{"roadId":"osm-road-148567522","osmId":148567522,"highway":"service","name":null,"surface":null,"lanes":null,"maxspeed":null,"source":"OpenStreetMap"},"geometry":{"type":"LineString","coordinates":[[177.502473,64.7373377],[177.5025535,64.7374009],[177.5026509,64.7374239],[177.5027838,64.7374303],[177.5032733,64.7373849],[177.5048442,64.7371982]]}},{"type":"Feature","id":"osm-road-148567523","properties":{"roadId":"osm-road-148567523","osmId":148567523,"highway":"service","name":null,"surface":null,"lanes":null,"maxspeed":null,"source":"OpenStreetMap"},"geometry":{"type":"LineString","coordinates":[[177.5147078,64.735572],[177.5147549,64.7363093],[177.5147561,64.7363257],[177.5147748,64.7365945],[177.5149294,64.7368329],[177.5149634,64.7368853]]}},{"type":"Feature","id":"osm-road-148567524","properties":{"roadId":"osm-road-148567524","osmId":148567524,"highway":"service","name":null,"surface":null,"lanes":null,"maxspeed":null,"source":"OpenStreetMap"},"geometry":{"type":"LineString","coordinates":[[177.5051204,64.7367974],[177.5048764,64.7368193],[177.5035873,64.7369756],[177.5030753,64.7370447],[177.5027373,64.7371523],[177.502473,64.7373377]]}},{"type":"Feature","id":"osm-road-148567525","properties":{"roadId":"osm-road-148567525","osmId":148567525,"highway":"service","name":null,"surface":null,"lanes":null,"maxspeed":null,"source":"OpenStreetMap"},"geometry":{"type":"LineString","coordinates":[[177.5048039,64.7349408],[177.5050518,64.7349061],[177.5059285,64.7347562],[177.5066574,64.7355155],[177.5068039,64.7357015],[177.5069401,64.7358744],[177.506991,64.7359381],[177.5070152,64.7359683],[177.5070612,64.7360291]]}},{"type":"Feature","id":"osm-road-148567526","properties":{"roadId":"osm-road-148567526","osmId":148567526,"highway":"service","name":null,"surface":null,"lanes":null,"maxspeed":null,"source":"OpenStreetMap"},"geometry":{"type":"LineString","coordinates":[[177.5142127,64.7376705],[177.5137085,64.737911],[177.5135029,64.7378427],[177.5136037,64.7375939],[177.5136266,64.7374968],[177.5136113,64.7374218],[177.5135008,64.737296],[177.513314,64.7372025]]}},{"type":"Feature","id":"osm-road-153389661","properties":{"roadId":"osm-road-153389661","osmId":153389661,"highway":"tertiary","name":"улица Мира","surface":"asphalt","lanes":2,"maxspeed":null,"source":"OpenStreetMap"},"geometry":{"type":"LineString","coordinates":[[177.5224917,64.7321926],[177.5231543,64.7325221],[177.5233878,64.7326304],[177.5235646,64.7327125],[177.5239156,64.7328758],[177.5246348,64.7332103]]}},{"type":"Feature","id":"osm-road-184122705","properties":{"roadId":"osm-road-184122705","osmId":184122705,"highway":"service","name":null,"surface":null,"lanes":null,"maxspeed":null,"source":"OpenStreetMap"},"geometry":{"type":"LineString","coordinates":[[177.4292197,64.7168814],[177.4229111,64.7169181]]}},{"type":"Feature","id":"osm-road-184122707","properties":{"roadId":"osm-road-184122707","osmId":184122707,"highway":"service","name":null,"surface":null,"lanes":null,"maxspeed":null,"source":"OpenStreetMap"},"geometry":{"type":"LineString","coordinates":[[177.432195,64.7195418],[177.4302711,64.7177887],[177.4292197,64.7168814],[177.4287261,64.7162491],[177.4283828,64.7153143],[177.4291124,64.7151126],[177.4317088,64.7145444]]}},{"type":"Feature","id":"osm-road-185182789","properties":{"roadId":"osm-road-185182789","osmId":185182789,"highway":"service","name":null,"surface":null,"lanes":null,"maxspeed":null,"source":"OpenStreetMap"},"geometry":{"type":"LineString","coordinates":[[177.5681264,64.7774412],[177.5683801,64.7778948],[177.5689878,64.7787665],[177.5691805,64.7791012],[177.5697883,64.7799286],[177.5700254,64.7802886],[177.5697793,64.7806889],[177.569225,64.7808886],[177.5682216,64.7813019]]}},{"type":"Feature","id":"osm-road-188671971","properties":{"roadId":"osm-road-188671971","osmId":188671971,"highway":"service","name":null,"surface":null,"lanes":null,"maxspeed":null,"source":"OpenStreetMap"},"geometry":{"type":"LineString","coordinates":[[177.4973861,64.730931],[177.4961064,64.7316415],[177.4940893,64.7327614],[177.4937648,64.7329416],[177.4934655,64.7331078]]}},{"type":"Feature","id":"osm-road-211046432","properties":{"roadId":"osm-road-211046432","osmId":211046432,"highway":"service","name":null,"surface":null,"lanes":null,"maxspeed":null,"source":"OpenStreetMap"},"geometry":{"type":"LineString","coordinates":[[177.4811989,64.7210185],[177.4799878,64.7211604]]}},{"type":"Feature","id":"osm-road-211046434","properties":{"roadId":"osm-road-211046434","osmId":211046434,"highway":"service","name":null,"surface":null,"lanes":null,"maxspeed":null,"source":"OpenStreetMap"},"geometry":{"type":"LineString","coordinates":[[177.4824719,64.7223242],[177.4829693,64.7221738],[177.48329,64.7220381],[177.4839412,64.7218926]]}},{"type":"Feature","id":"osm-road-211046435","properties":{"roadId":"osm-road-211046435","osmId":211046435,"highway":"service","name":null,"surface":null,"lanes":null,"maxspeed":null,"source":"OpenStreetMap"},"geometry":{"type":"LineString","coordinates":[[177.4857616,64.7256736],[177.4854257,64.725624],[177.4851788,64.7255711],[177.4849414,64.7254774],[177.4848299,64.7253422],[177.4848694,64.7252163],[177.4850854,64.7251649]]}},{"type":"Feature","id":"osm-road-211744897","properties":{"roadId":"osm-road-211744897","osmId":211744897,"highway":"unclassified","name":null,"surface":null,"lanes":null,"maxspeed":null,"source":"OpenStreetMap"},"geometry":{"type":"LineString","coordinates":[[177.471596,64.7124051],[177.4676174,64.7098508],[177.4676818,64.7059961]]}},{"type":"Feature","id":"osm-road-211744898","properties":{"roadId":"osm-road-211744898","osmId":211744898,"highway":"unclassified","name":null,"surface":null,"lanes":null,"maxspeed":null,"source":"OpenStreetMap"},"geometry":{"type":"LineString","coordinates":[[177.4676174,64.7098508],[177.4675423,64.7108548],[177.4674029,64.7116064],[177.4672634,64.711941],[177.466963,64.7125322],[177.4668128,64.7128575],[177.4667699,64.7130179],[177.4668235,64.7130959],[177.4668879,64.7131554],[177.4670209,64.7132111],[177.4674672,64.7132654],[177.4679608,64.7133021],[177.4681882,64.7133394],[177.4683899,64.7134029],[177.4687826,64.7135484]]}},{"type":"Feature","id":"osm-road-296944317","properties":{"roadId":"osm-road-296944317","osmId":296944317,"highway":"tertiary","name":null,"surface":null,"lanes":null,"maxspeed":null,"source":"OpenStreetMap"},"geometry":{"type":"LineString","coordinates":[[177.5655594,64.7662774],[177.5670774,64.7666764],[177.5679498,64.7669306],[177.5684064,64.7671834],[177.5686286,64.7680281],[177.5695029,64.7687758],[177.5698511,64.7690682],[177.570453,64.7696647],[177.5703987,64.7699938],[177.5703126,64.770516],[177.5698598,64.7710876],[177.5681716,64.7718573],[177.566767,64.7723094],[177.5653624,64.7732257],[177.5651617,64.7736533],[177.5678478,64.7772102],[177.5681264,64.7774412]]}},{"type":"Feature","id":"osm-road-296944318","properties":{"roadId":"osm-road-296944318","osmId":296944318,"highway":"tertiary","name":null,"surface":null,"lanes":null,"maxspeed":null,"source":"OpenStreetMap"},"geometry":{"type":"LineString","coordinates":[[177.5526572,64.7623876],[177.5546374,64.7626504],[177.5554992,64.7628773],[177.5567264,64.7631733],[177.5597411,64.7649226]]}},{"type":"Feature","id":"osm-road-296944319","properties":{"roadId":"osm-road-296944319","osmId":296944319,"highway":"tertiary","name":null,"surface":null,"lanes":null,"maxspeed":null,"source":"OpenStreetMap"},"geometry":{"type":"LineString","coordinates":[[177.5597411,64.7649226],[177.5612921,64.7653317],[177.5621851,64.7655508],[177.5633087,64.7658285],[177.5655594,64.7662774]]}},{"type":"Feature","id":"osm-road-296944320","properties":{"roadId":"osm-road-296944320","osmId":296944320,"highway":"tertiary","name":null,"surface":null,"lanes":null,"maxspeed":null,"source":"OpenStreetMap"},"geometry":{"type":"LineString","coordinates":[[177.5681264,64.7774412],[177.5689697,64.77787],[177.5698402,64.7781895],[177.5727827,64.7788333],[177.5750978,64.7793729],[177.5758406,64.7797024],[177.5773173,64.7807587],[177.5795783,64.7825748],[177.5825035,64.7849897],[177.5832699,64.7856198],[177.5837096,64.786064],[177.5840241,64.7864766],[177.584173,64.7868265],[177.5842406,64.7873076],[177.5842171,64.7883224]]}},{"type":"Feature","id":"osm-road-296944322","properties":{"roadId":"osm-road-296944322","osmId":296944322,"highway":"service","name":null,"surface":null,"lanes":null,"maxspeed":null,"source":"OpenStreetMap"},"geometry":{"type":"LineString","coordinates":[[177.5682216,64.7813019],[177.5675502,64.7809655],[177.5673205,64.7807665],[177.5672019,64.7805234],[177.5669332,64.7796206]]}},{"type":"Feature","id":"osm-road-315541726","properties":{"roadId":"osm-road-315541726","osmId":315541726,"highway":"service","name":null,"surface":null,"lanes":null,"maxspeed":null,"source":"OpenStreetMap"},"geometry":{"type":"LineString","coordinates":[[177.4775504,64.7256536],[177.4779689,64.7254329],[177.4777227,64.7252752],[177.479089,64.7245762],[177.4794944,64.7243701]]}},{"type":"Feature","id":"osm-road-315541727","properties":{"roadId":"osm-road-315541727","osmId":315541727,"highway":"service","name":null,"surface":null,"lanes":null,"maxspeed":null,"source":"OpenStreetMap"},"geometry":{"type":"LineString","coordinates":[[177.4801476,64.7248705],[177.4782364,64.7259036],[177.4776489,64.7262212],[177.4772304,64.7263788],[177.476578,64.7261161],[177.4775504,64.7256536],[177.4782364,64.7259036]]}},{"type":"Feature","id":"osm-road-315541730","properties":{"roadId":"osm-road-315541730","osmId":315541730,"highway":"service","name":null,"surface":null,"lanes":null,"maxspeed":null,"source":"OpenStreetMap"},"geometry":{"type":"LineString","coordinates":[[177.4829448,64.7228796],[177.4810216,64.7231309],[177.4791014,64.7235408],[177.4791998,64.7240664],[177.4794944,64.7243701],[177.4797045,64.7245867],[177.4801476,64.7248705],[177.4841661,64.7242213]]}},{"type":"Feature","id":"osm-road-315550468","properties":{"roadId":"osm-road-315550468","osmId":315550468,"highway":"service","name":null,"surface":null,"lanes":null,"maxspeed":null,"source":"OpenStreetMap"},"geometry":{"type":"LineString","coordinates":[[177.5078103,64.7383535],[177.5082359,64.7382726]]}},{"type":"Feature","id":"osm-road-315550469","properties":{"roadId":"osm-road-315550469","osmId":315550469,"highway":"service","name":null,"surface":null,"lanes":null,"maxspeed":null,"source":"OpenStreetMap"},"geometry":{"type":"LineString","coordinates":[[177.5055699,64.7337162],[177.5048685,64.7337748],[177.5042391,64.7338298],[177.5032857,64.7339131]]}},{"type":"Feature","id":"osm-road-315550486","properties":{"roadId":"osm-road-315550486","osmId":315550486,"highway":"service","name":null,"surface":null,"lanes":null,"maxspeed":null,"source":"OpenStreetMap"},"geometry":{"type":"LineString","coordinates":[[177.5137947,64.7351217],[177.5138524,64.7351999],[177.5141487,64.7356018]]}},{"type":"Feature","id":"osm-road-315550492","properties":{"roadId":"osm-road-315550492","osmId":315550492,"highway":"residential","name":"улица Беринга","surface":null,"lanes":null,"maxspeed":null,"source":"OpenStreetMap"},"geometry":{"type":"LineString","coordinates":[[177.5058286,64.7379499],[177.5057176,64.7378006],[177.5052518,64.7372561],[177.5052223,64.7372208],[177.5051348,64.7370935],[177.5051204,64.7367974],[177.5051181,64.7366965],[177.5050815,64.7365337],[177.5049784,64.7363969],[177.5049474,64.7363588],[177.5049154,64.7363193]]}},{"type":"Feature","id":"osm-road-364956068","properties":{"roadId":"osm-road-364956068","osmId":364956068,"highway":"service","name":null,"surface":null,"lanes":null,"maxspeed":null,"source":"OpenStreetMap"},"geometry":{"type":"LineString","coordinates":[[177.6355422,64.783093],[177.6352408,64.7829261],[177.6344596,64.782462],[177.6311606,64.7806052],[177.6307253,64.7802879],[177.630309,64.7795028],[177.6302429,64.7788286],[177.6299766,64.7782936],[177.628248,64.7776245],[177.6256499,64.7774695],[177.6190567,64.7766],[177.6179485,64.7763768],[177.6172437,64.7762068],[177.6149797,64.7754193],[177.6128769,64.7746822],[177.6122454,64.7745701],[177.6087477,64.7740719],[177.5919461,64.7726811],[177.5898095,64.7725075],[177.5891744,64.7722314],[177.5895464,64.7717983],[177.5896419,64.7715181],[177.58948,64.7713397],[177.5892993,64.7706935],[177.5894854,64.7699776],[177.5895457,64.7694143],[177.5899405,64.7686564],[177.5902615,64.7678019],[177.5902411,64.7674166],[177.5890586,64.7664544],[177.5875876,64.7658715],[177.5863786,64.7655144],[177.586147,64.7652809],[177.5860614,64.765071],[177.5863194,64.7636563],[177.5867169,64.7625503]]}},{"type":"Feature","id":"osm-road-364956074","properties":{"roadId":"osm-road-364956074","osmId":364956074,"highway":"service","name":null,"surface":null,"lanes":null,"maxspeed":null,"source":"OpenStreetMap"},"geometry":{"type":"LineString","coordinates":[[177.5867169,64.7625503],[177.5868763,64.7622511],[177.5872111,64.7619289],[177.5877107,64.7616493],[177.5886163,64.7614829],[177.5894594,64.7614096],[177.5902713,64.7615028],[177.5913643,64.7620021],[177.5916922,64.762375]]}},{"type":"Feature","id":"osm-road-369499354","properties":{"roadId":"osm-road-369499354","osmId":369499354,"highway":"service","name":null,"surface":null,"lanes":null,"maxspeed":null,"source":"OpenStreetMap"},"geometry":{"type":"LineString","coordinates":[[177.5320711,64.7348638],[177.5318517,64.7350007],[177.5316371,64.7350897],[177.5314077,64.7351565],[177.5289256,64.735576],[177.5278,64.7358124]]}},{"type":"Feature","id":"osm-road-442286878","properties":{"roadId":"osm-road-442286878","osmId":442286878,"highway":"service","name":null,"surface":null,"lanes":null,"maxspeed":null,"source":"OpenStreetMap"},"geometry":{"type":"LineString","coordinates":[[177.5164024,64.7349315],[177.517551,64.734531],[177.517031,64.7342954],[177.5168848,64.7342363]]}},{"type":"Feature","id":"osm-road-442286879","properties":{"roadId":"osm-road-442286879","osmId":442286879,"highway":"service","name":null,"surface":null,"lanes":null,"maxspeed":null,"source":"OpenStreetMap"},"geometry":{"type":"LineString","coordinates":[[177.5208021,64.7332686],[177.5219939,64.7338526],[177.5218352,64.7339115],[177.5224455,64.7341963]]}},{"type":"Feature","id":"osm-road-442286881","properties":{"roadId":"osm-road-442286881","osmId":442286881,"highway":"service","name":null,"surface":null,"lanes":null,"maxspeed":null,"source":"OpenStreetMap"},"geometry":{"type":"LineString","coordinates":[[177.5157582,64.7346542],[177.5158529,64.7346998],[177.5164024,64.7349315],[177.5164975,64.734978],[177.5176128,64.7354896],[177.5176342,64.7355324],[177.5176116,64.7355763],[177.5175768,64.7356062],[177.5175203,64.735635],[177.517297,64.735719],[177.5172308,64.7357188]]}},{"type":"Feature","id":"osm-road-442286882","properties":{"roadId":"osm-road-442286882","osmId":442286882,"highway":"service","name":null,"surface":null,"lanes":null,"maxspeed":null,"source":"OpenStreetMap"},"geometry":{"type":"LineString","coordinates":[[177.5246829,64.7339067],[177.5240431,64.733605],[177.5224455,64.7341963],[177.5220818,64.7343358]]}},{"type":"Feature","id":"osm-road-442286883","properties":{"roadId":"osm-road-442286883","osmId":442286883,"highway":"service","name":null,"surface":null,"lanes":null,"maxspeed":null,"source":"OpenStreetMap"},"geometry":{"type":"LineString","coordinates":[[177.5240431,64.733605],[177.5240145,64.7334369],[177.5225801,64.7327312]]}},{"type":"Feature","id":"osm-road-442321950","properties":{"roadId":"osm-road-442321950","osmId":442321950,"highway":"residential","name":null,"surface":null,"lanes":null,"maxspeed":null,"source":"OpenStreetMap"},"geometry":{"type":"LineString","coordinates":[[177.5020942,64.737737],[177.5014214,64.7376908],[177.501133,64.7376744],[177.5008729,64.7376597]]}},{"type":"Feature","id":"osm-road-442321951","properties":{"roadId":"osm-road-442321951","osmId":442321951,"highway":"residential","name":null,"surface":"concrete","lanes":1,"maxspeed":null,"source":"OpenStreetMap"},"geometry":{"type":"LineString","coordinates":[[177.4998613,64.7389137],[177.5001717,64.7388754],[177.5011437,64.7387257],[177.5019921,64.7385978],[177.5020483,64.7385653],[177.5020757,64.7385299],[177.5020544,64.738474],[177.5016912,64.7380284],[177.5015342,64.7378358],[177.5014214,64.7376908]]}},{"type":"Feature","id":"osm-road-442344854","properties":{"roadId":"osm-road-442344854","osmId":442344854,"highway":"residential","name":null,"surface":null,"lanes":null,"maxspeed":null,"source":"OpenStreetMap"},"geometry":{"type":"LineString","coordinates":[[177.5073179,64.7325745],[177.5067562,64.7328344],[177.5071764,64.7335688]]}},{"type":"Feature","id":"osm-road-609248020","properties":{"roadId":"osm-road-609248020","osmId":609248020,"highway":"unclassified","name":null,"surface":null,"lanes":null,"maxspeed":null,"source":"OpenStreetMap"},"geometry":{"type":"LineString","coordinates":[[177.5328199,64.760948],[177.5332021,64.7607548],[177.5334357,64.7605073],[177.5333224,64.7601964],[177.5334498,64.7599912],[177.5343205,64.7598433],[177.5346107,64.7599097],[177.5349646,64.7601451],[177.5353822,64.7603202],[177.5363378,64.7604741],[177.5382065,64.7608846],[177.5399549,64.7610687],[177.5416395,64.7611321],[177.5440816,64.7614098],[177.5449331,64.7617753],[177.5445629,64.7628735],[177.54358,64.7636301],[177.5433072,64.7637838],[177.5427639,64.7638407],[177.5406818,64.764059],[177.540474,64.764052],[177.5403091,64.7639627],[177.5403441,64.7638656],[177.5405079,64.763796],[177.5411182,64.7637364],[177.5427639,64.7638407]]}},{"type":"Feature","id":"osm-road-609278871","properties":{"roadId":"osm-road-609278871","osmId":609278871,"highway":"service","name":null,"surface":null,"lanes":null,"maxspeed":null,"source":"OpenStreetMap"},"geometry":{"type":"LineString","coordinates":[[177.58948,64.7713397],[177.5872516,64.7713428],[177.5865284,64.7712504],[177.5852238,64.7709175],[177.5840544,64.7705608],[177.5818256,64.7696791],[177.5803959,64.7692438],[177.5781643,64.769605],[177.5766086,64.7699252],[177.5748705,64.7700212],[177.5739264,64.7699618],[177.5703987,64.7699938]]}},{"type":"Feature","id":"osm-road-609278872","properties":{"roadId":"osm-road-609278872","osmId":609278872,"highway":"service","name":null,"surface":null,"lanes":null,"maxspeed":null,"source":"OpenStreetMap"},"geometry":{"type":"LineString","coordinates":[[177.5695029,64.7687758],[177.5719845,64.7689053],[177.5722741,64.7688733],[177.57398,64.7689694],[177.5750529,64.7687178],[177.5774884,64.7687224],[177.5780999,64.7688139],[177.5790977,64.768759],[177.5797414,64.7688825],[177.5803959,64.7692438]]}},{"type":"Feature","id":"osm-road-609278873","properties":{"roadId":"osm-road-609278873","osmId":609278873,"highway":"service","name":null,"surface":null,"lanes":null,"maxspeed":null,"source":"OpenStreetMap"},"geometry":{"type":"LineString","coordinates":[[177.5587942,64.7690627],[177.5601451,64.768745],[177.5619928,64.7684736],[177.5636383,64.7683092],[177.5686286,64.7680281]]}},{"type":"Feature","id":"osm-road-630316996","properties":{"roadId":"osm-road-630316996","osmId":630316996,"highway":"service","name":null,"surface":null,"lanes":null,"maxspeed":null,"source":"OpenStreetMap"},"geometry":{"type":"LineString","coordinates":[[177.5282474,64.7326191],[177.5290997,64.7323042],[177.5294539,64.7321704],[177.5295748,64.7322335]]}},{"type":"Feature","id":"osm-road-630316998","properties":{"roadId":"osm-road-630316998","osmId":630316998,"highway":"service","name":null,"surface":null,"lanes":null,"maxspeed":null,"source":"OpenStreetMap"},"geometry":{"type":"LineString","coordinates":[[177.5276083,64.7315176],[177.5281189,64.7317869],[177.5290997,64.7323042]]}},{"type":"Feature","id":"osm-road-630317000","properties":{"roadId":"osm-road-630317000","osmId":630317000,"highway":"service","name":null,"surface":null,"lanes":null,"maxspeed":null,"source":"OpenStreetMap"},"geometry":{"type":"LineString","coordinates":[[177.5276083,64.7315176],[177.5289254,64.7310307],[177.5290512,64.7310128],[177.5291803,64.7310252],[177.5292835,64.7310486],[177.529757,64.7312744],[177.5301031,64.7314701],[177.5301935,64.7314632],[177.5303032,64.7314659],[177.5304161,64.7315059],[177.5307646,64.7316836],[177.5310583,64.7319838],[177.5310454,64.7320844],[177.5309647,64.7321684],[177.5307646,64.732251],[177.5295288,64.732729],[177.5293707,64.7327593],[177.529098,64.7328]]}},{"type":"Feature","id":"osm-road-630317002","properties":{"roadId":"osm-road-630317002","osmId":630317002,"highway":"service","name":null,"surface":null,"lanes":null,"maxspeed":null,"source":"OpenStreetMap"},"geometry":{"type":"LineString","coordinates":[[177.5296708,64.7319301],[177.5293384,64.7317469],[177.5301031,64.7314701]]}},{"type":"Feature","id":"osm-road-630317004","properties":{"roadId":"osm-road-630317004","osmId":630317004,"highway":"service","name":null,"surface":null,"lanes":null,"maxspeed":null,"source":"OpenStreetMap"},"geometry":{"type":"LineString","coordinates":[[177.5281189,64.7317869],[177.5285112,64.731647]]}},{"type":"Feature","id":"osm-road-630317005","properties":{"roadId":"osm-road-630317005","osmId":630317005,"highway":"service","name":null,"surface":null,"lanes":null,"maxspeed":null,"source":"OpenStreetMap"},"geometry":{"type":"LineString","coordinates":[[177.5287608,64.7314885],[177.5289303,64.7315727],[177.529757,64.7312744]]}},{"type":"Feature","id":"osm-road-660038965","properties":{"roadId":"osm-road-660038965","osmId":660038965,"highway":"service","name":null,"surface":null,"lanes":null,"maxspeed":null,"source":"OpenStreetMap"},"geometry":{"type":"LineString","coordinates":[[177.5193248,64.7364324],[177.5208554,64.7358221]]}},{"type":"Feature","id":"osm-road-660038966","properties":{"roadId":"osm-road-660038966","osmId":660038966,"highway":"service","name":null,"surface":null,"lanes":null,"maxspeed":null,"source":"OpenStreetMap"},"geometry":{"type":"LineString","coordinates":[[177.5191104,64.736815],[177.5199703,64.7369478],[177.5200407,64.736951],[177.5201185,64.7369463],[177.5201927,64.7369257],[177.5204781,64.736812]]}},{"type":"Feature","id":"osm-road-660038994","properties":{"roadId":"osm-road-660038994","osmId":660038994,"highway":"pedestrian","name":null,"surface":null,"lanes":null,"maxspeed":null,"source":"OpenStreetMap"},"geometry":{"type":"LineString","coordinates":[[177.5193248,64.7364324],[177.5208554,64.7358221],[177.5203288,64.735567],[177.518708,64.736234],[177.5189647,64.7363166],[177.5193248,64.7364324]]}},{"type":"Feature","id":"osm-road-660039014","properties":{"roadId":"osm-road-660039014","osmId":660039014,"highway":"service","name":null,"surface":null,"lanes":null,"maxspeed":null,"source":"OpenStreetMap"},"geometry":{"type":"LineString","coordinates":[[177.5176342,64.7355324],[177.5177201,64.7355595],[177.5178309,64.7355612],[177.5179787,64.7355332],[177.5181045,64.7354957],[177.5190032,64.7351441]]}},{"type":"Feature","id":"osm-road-660039034","properties":{"roadId":"osm-road-660039034","osmId":660039034,"highway":"service","name":null,"surface":null,"lanes":null,"maxspeed":null,"source":"OpenStreetMap"},"geometry":{"type":"LineString","coordinates":[[177.5213865,64.7351601],[177.5214712,64.7352],[177.5215738,64.7352484],[177.5219586,64.7354302]]}},{"type":"Feature","id":"osm-road-660039035","properties":{"roadId":"osm-road-660039035","osmId":660039035,"highway":"pedestrian","name":null,"surface":null,"lanes":null,"maxspeed":null,"source":"OpenStreetMap"},"geometry":{"type":"LineString","coordinates":[[177.5129083,64.7389158],[177.5134789,64.7388257],[177.5130761,64.7383609],[177.5125362,64.7384461],[177.5125055,64.7384509],[177.5129083,64.7389158]]}},{"type":"Feature","id":"osm-road-660039040","properties":{"roadId":"osm-road-660039040","osmId":660039040,"highway":"service","name":null,"surface":null,"lanes":null,"maxspeed":null,"source":"OpenStreetMap"},"geometry":{"type":"LineString","coordinates":[[177.5136053,64.7370855],[177.5140696,64.7373161],[177.5146369,64.7375124],[177.5151098,64.7372649],[177.5156472,64.7371158],[177.5163142,64.7370343],[177.5166387,64.7369947]]}},{"type":"Feature","id":"osm-road-660039041","properties":{"roadId":"osm-road-660039041","osmId":660039041,"highway":"service","name":null,"surface":null,"lanes":null,"maxspeed":null,"source":"OpenStreetMap"},"geometry":{"type":"LineString","coordinates":[[177.5127422,64.738014],[177.5136514,64.7383397],[177.5151159,64.7375388],[177.5154715,64.7374567],[177.5163142,64.7370343]]}},{"type":"Feature","id":"osm-road-660050809","properties":{"roadId":"osm-road-660050809","osmId":660050809,"highway":"unclassified","name":null,"surface":null,"lanes":null,"maxspeed":null,"source":"OpenStreetMap"},"geometry":{"type":"LineString","coordinates":[[177.500422,64.7381776],[177.5008403,64.7381285],[177.5016912,64.7380284]]}},{"type":"Feature","id":"osm-road-660050810","properties":{"roadId":"osm-road-660050810","osmId":660050810,"highway":"residential","name":null,"surface":"concrete","lanes":2,"maxspeed":null,"source":"OpenStreetMap"},"geometry":{"type":"LineString","coordinates":[[177.4999987,64.7390537],[177.5023139,64.7387624]]}},{"type":"Feature","id":"osm-road-660050811","properties":{"roadId":"osm-road-660050811","osmId":660050811,"highway":"residential","name":null,"surface":null,"lanes":null,"maxspeed":null,"source":"OpenStreetMap"},"geometry":{"type":"LineString","coordinates":[[177.5127422,64.738014],[177.511905,64.7381578]]}},{"type":"Feature","id":"osm-road-660050812","properties":{"roadId":"osm-road-660050812","osmId":660050812,"highway":"service","name":null,"surface":null,"lanes":null,"maxspeed":null,"source":"OpenStreetMap"},"geometry":{"type":"LineString","coordinates":[[177.5047714,64.7382694],[177.5054652,64.7381653],[177.505566,64.73801]]}},{"type":"Feature","id":"osm-road-660050813","properties":{"roadId":"osm-road-660050813","osmId":660050813,"highway":"service","name":null,"surface":null,"lanes":null,"maxspeed":null,"source":"OpenStreetMap"},"geometry":{"type":"LineString","coordinates":[[177.5050393,64.7385775],[177.5062291,64.7384215]]}},{"type":"Feature","id":"osm-road-660050818","properties":{"roadId":"osm-road-660050818","osmId":660050818,"highway":"service","name":null,"surface":null,"lanes":null,"maxspeed":null,"source":"OpenStreetMap"},"geometry":{"type":"LineString","coordinates":[[177.5096714,64.7363988],[177.5094949,64.7361455],[177.5093015,64.7358943]]}},{"type":"Feature","id":"osm-road-660050819","properties":{"roadId":"osm-road-660050819","osmId":660050819,"highway":"service","name":null,"surface":null,"lanes":null,"maxspeed":null,"source":"OpenStreetMap"},"geometry":{"type":"LineString","coordinates":[[177.5231543,64.7325221],[177.5229745,64.7325829]]}},{"type":"Feature","id":"osm-road-660050821","properties":{"roadId":"osm-road-660050821","osmId":660050821,"highway":"service","name":null,"surface":null,"lanes":null,"maxspeed":null,"source":"OpenStreetMap"},"geometry":{"type":"LineString","coordinates":[[177.5227572,64.732666],[177.5225801,64.7327312],[177.5224853,64.7327313],[177.5223935,64.732749],[177.5208021,64.7332686],[177.5203161,64.7334362]]}},{"type":"Feature","id":"osm-road-660050822","properties":{"roadId":"osm-road-660050822","osmId":660050822,"highway":"service","name":null,"surface":null,"lanes":null,"maxspeed":null,"source":"OpenStreetMap"},"geometry":{"type":"LineString","coordinates":[[177.5229745,64.7325829],[177.5227572,64.732666]]}},{"type":"Feature","id":"osm-road-660050823","properties":{"roadId":"osm-road-660050823","osmId":660050823,"highway":"service","name":null,"surface":null,"lanes":null,"maxspeed":null,"source":"OpenStreetMap"},"geometry":{"type":"LineString","coordinates":[[177.529098,64.7328],[177.5282509,64.7330614],[177.5259536,64.7338954],[177.5258715,64.7340158],[177.5256694,64.7346377]]}},{"type":"Feature","id":"osm-road-660050827","properties":{"roadId":"osm-road-660050827","osmId":660050827,"highway":"service","name":null,"surface":null,"lanes":null,"maxspeed":null,"source":"OpenStreetMap"},"geometry":{"type":"LineString","coordinates":[[177.5235209,64.7352512],[177.5256694,64.7346377],[177.526961,64.7342391],[177.5273487,64.7342739],[177.52788,64.7346256]]}},{"type":"Feature","id":"osm-road-660050830","properties":{"roadId":"osm-road-660050830","osmId":660050830,"highway":"service","name":null,"surface":null,"lanes":null,"maxspeed":null,"source":"OpenStreetMap"},"geometry":{"type":"LineString","coordinates":[[177.5256694,64.7346377],[177.5263462,64.7350395]]}},{"type":"Feature","id":"osm-road-660050831","properties":{"roadId":"osm-road-660050831","osmId":660050831,"highway":"tertiary","name":null,"surface":null,"lanes":null,"maxspeed":null,"source":"OpenStreetMap"},"geometry":{"type":"LineString","coordinates":[[177.5307621,64.7338521],[177.5305765,64.7339007],[177.5304594,64.7339125],[177.5303547,64.733898],[177.5302997,64.7338793],[177.5302715,64.7338533],[177.5302684,64.7338204],[177.5302931,64.7337678],[177.5303701,64.7337126],[177.530564,64.7336446]]}},{"type":"Feature","id":"osm-road-660050832","properties":{"roadId":"osm-road-660050832","osmId":660050832,"highway":"service","name":null,"surface":null,"lanes":null,"maxspeed":null,"source":"OpenStreetMap"},"geometry":{"type":"LineString","coordinates":[[177.5304594,64.7339125],[177.5301174,64.7340269],[177.5300065,64.7340624],[177.5292424,64.7342899],[177.528928,64.7343664],[177.528047,64.7345805],[177.52788,64.7346256],[177.5263462,64.7350395],[177.5251046,64.7353853]]}},{"type":"Feature","id":"osm-road-660050834","properties":{"roadId":"osm-road-660050834","osmId":660050834,"highway":"service","name":null,"surface":null,"lanes":null,"maxspeed":null,"source":"OpenStreetMap"},"geometry":{"type":"LineString","coordinates":[[177.52862,64.7341624],[177.528928,64.7343664]]}},{"type":"Feature","id":"osm-road-660050835","properties":{"roadId":"osm-road-660050835","osmId":660050835,"highway":"service","name":null,"surface":null,"lanes":null,"maxspeed":null,"source":"OpenStreetMap"},"geometry":{"type":"LineString","coordinates":[[177.5300065,64.7340624],[177.5296183,64.733948],[177.5295536,64.7339099],[177.5295432,64.7338877],[177.5295628,64.7338638],[177.5302314,64.7335601]]}},{"type":"Feature","id":"osm-road-660050846","properties":{"roadId":"osm-road-660050846","osmId":660050846,"highway":"service","name":null,"surface":null,"lanes":null,"maxspeed":null,"source":"OpenStreetMap"},"geometry":{"type":"LineString","coordinates":[[177.5276317,64.7336725],[177.5279041,64.7335576],[177.5279389,64.7335271],[177.5279578,64.7334725],[177.527985,64.7334414],[177.5280317,64.7334164],[177.5282334,64.7333288],[177.5286174,64.7331732],[177.5288156,64.7331151],[177.5291554,64.7330592],[177.5294668,64.7330169],[177.5296006,64.7329999]]}},{"type":"Feature","id":"osm-road-668048363","properties":{"roadId":"osm-road-668048363","osmId":668048363,"highway":"service","name":null,"surface":null,"lanes":null,"maxspeed":null,"source":"OpenStreetMap"},"geometry":{"type":"LineString","coordinates":[[177.49584,64.7269221],[177.4986631,64.727394],[177.4994758,64.7275646],[177.500124,64.727816]]}},{"type":"Feature","id":"osm-road-668048364","properties":{"roadId":"osm-road-668048364","osmId":668048364,"highway":"unclassified","name":null,"surface":null,"lanes":null,"maxspeed":null,"source":"OpenStreetMap"},"geometry":{"type":"LineString","coordinates":[[177.4691946,64.7134946],[177.470237,64.7129011],[177.4709988,64.7124932],[177.471596,64.7124051]]}},{"type":"Feature","id":"osm-road-685791567","properties":{"roadId":"osm-road-685791567","osmId":685791567,"highway":"service","name":null,"surface":null,"lanes":null,"maxspeed":null,"source":"OpenStreetMap"},"geometry":{"type":"LineString","coordinates":[[177.4937648,64.7329416],[177.4946344,64.7332391],[177.4951869,64.7331475],[177.4957877,64.7332597],[177.497676,64.7322522]]}},{"type":"Feature","id":"osm-road-685791568","properties":{"roadId":"osm-road-685791568","osmId":685791568,"highway":"service","name":null,"surface":null,"lanes":null,"maxspeed":null,"source":"OpenStreetMap"},"geometry":{"type":"LineString","coordinates":[[177.4844864,64.736784],[177.4840744,64.7369762],[177.4837576,64.737124],[177.482822,64.7373946],[177.4817359,64.7377087],[177.4809377,64.7379395]]}},{"type":"Feature","id":"osm-road-685791570","properties":{"roadId":"osm-road-685791570","osmId":685791570,"highway":"service","name":null,"surface":null,"lanes":null,"maxspeed":null,"source":"OpenStreetMap"},"geometry":{"type":"LineString","coordinates":[[177.4868845,64.7380771],[177.4866521,64.7385324],[177.4865663,64.738901],[177.4885172,64.7391598]]}},{"type":"Feature","id":"osm-road-685791572","properties":{"roadId":"osm-road-685791572","osmId":685791572,"highway":"service","name":null,"surface":null,"lanes":null,"maxspeed":null,"source":"OpenStreetMap"},"geometry":{"type":"LineString","coordinates":[[177.4866385,64.7373654],[177.4862659,64.7378319],[177.4864161,64.7379967],[177.4868845,64.7380771],[177.4876285,64.7382531],[177.4883044,64.7383607],[177.4895489,64.7384568]]}},{"type":"Feature","id":"osm-road-685797446","properties":{"roadId":"osm-road-685797446","osmId":685797446,"highway":"service","name":null,"surface":null,"lanes":null,"maxspeed":null,"source":"OpenStreetMap"},"geometry":{"type":"LineString","coordinates":[[177.4896855,64.7272773],[177.4887174,64.7279402],[177.4886423,64.7281692],[177.4890071,64.7283341],[177.4889427,64.7289982],[177.4892378,64.7293944],[177.4901873,64.7301684],[177.4905069,64.7302155]]}},{"type":"Feature","id":"osm-road-685800450","properties":{"roadId":"osm-road-685800450","osmId":685800450,"highway":"service","name":null,"surface":null,"lanes":null,"maxspeed":null,"source":"OpenStreetMap"},"geometry":{"type":"LineString","coordinates":[[177.5057003,64.7311912],[177.5066614,64.7310706],[177.5072218,64.7314715],[177.5083512,64.7314599],[177.5085109,64.7314954]]}},{"type":"Feature","id":"osm-road-685800451","properties":{"roadId":"osm-road-685800451","osmId":685800451,"highway":"service","name":null,"surface":null,"lanes":null,"maxspeed":null,"source":"OpenStreetMap"},"geometry":{"type":"LineString","coordinates":[[177.5023782,64.7323806],[177.5028068,64.7323242],[177.5031218,64.7321572],[177.5044076,64.7319926],[177.5057336,64.7318228],[177.5063503,64.7317828],[177.5064779,64.7317658],[177.5085109,64.7314954],[177.5089307,64.7314451]]}},{"type":"Feature","id":"osm-road-753574060","properties":{"roadId":"osm-road-753574060","osmId":753574060,"highway":"service","name":null,"surface":null,"lanes":null,"maxspeed":null,"source":"OpenStreetMap"},"geometry":{"type":"LineString","coordinates":[[177.4633167,64.7158227],[177.4652997,64.7165284],[177.4653533,64.7166361],[177.4644521,64.7171172],[177.4630091,64.7165949],[177.4636689,64.7162237],[177.4633739,64.7159419],[177.4633167,64.7158227]]}},{"type":"Feature","id":"osm-road-772943231","properties":{"roadId":"osm-road-772943231","osmId":772943231,"highway":"service","name":null,"surface":null,"lanes":null,"maxspeed":null,"source":"OpenStreetMap"},"geometry":{"type":"LineString","coordinates":[[177.5157671,64.7314221],[177.5156924,64.7316087],[177.5157422,64.7317187],[177.5158081,64.7317503],[177.5159185,64.7317997],[177.5161219,64.7318287],[177.5162666,64.7318055],[177.5164523,64.7317009]]}},{"type":"Feature","id":"osm-road-772943233","properties":{"roadId":"osm-road-772943233","osmId":772943233,"highway":"service","name":null,"surface":null,"lanes":null,"maxspeed":null,"source":"OpenStreetMap"},"geometry":{"type":"LineString","coordinates":[[177.5153093,64.7312601],[177.5146835,64.7315523],[177.514347,64.7315802],[177.5133499,64.7318994],[177.5132616,64.7320989],[177.5121945,64.7324843],[177.5117452,64.7322408],[177.5125397,64.731957]]}},{"type":"Feature","id":"osm-road-772943248","properties":{"roadId":"osm-road-772943248","osmId":772943248,"highway":"service","name":null,"surface":null,"lanes":null,"maxspeed":null,"source":"OpenStreetMap"},"geometry":{"type":"LineString","coordinates":[[177.494024,64.7354321],[177.4959507,64.7361831],[177.4962829,64.7363465]]}},{"type":"Feature","id":"osm-road-848452463","properties":{"roadId":"osm-road-848452463","osmId":848452463,"highway":"service","name":null,"surface":null,"lanes":null,"maxspeed":null,"source":"OpenStreetMap"},"geometry":{"type":"LineString","coordinates":[[177.512864,64.7338285],[177.5129575,64.7337886],[177.5130184,64.7337649],[177.5131458,64.7337195]]}},{"type":"Feature","id":"osm-road-848452464","properties":{"roadId":"osm-road-848452464","osmId":848452464,"highway":"service","name":null,"surface":null,"lanes":null,"maxspeed":null,"source":"OpenStreetMap"},"geometry":{"type":"LineString","coordinates":[[177.5108819,64.7346497],[177.5104654,64.7340923]]}},{"type":"Feature","id":"osm-road-848452465","properties":{"roadId":"osm-road-848452465","osmId":848452465,"highway":"service","name":null,"surface":null,"lanes":null,"maxspeed":null,"source":"OpenStreetMap"},"geometry":{"type":"LineString","coordinates":[[177.5117013,64.7336984],[177.5119005,64.7336672],[177.5120265,64.7336359],[177.5121729,64.7335856],[177.5126174,64.7334544]]}},{"type":"Feature","id":"osm-road-848452466","properties":{"roadId":"osm-road-848452466","osmId":848452466,"highway":"service","name":null,"surface":null,"lanes":null,"maxspeed":null,"source":"OpenStreetMap"},"geometry":{"type":"LineString","coordinates":[[177.5170007,64.7341937],[177.5169239,64.7341522],[177.5164321,64.7338832],[177.5172939,64.7335881]]}},{"type":"Feature","id":"osm-road-848452467","properties":{"roadId":"osm-road-848452467","osmId":848452467,"highway":"service","name":null,"surface":null,"lanes":null,"maxspeed":null,"source":"OpenStreetMap"},"geometry":{"type":"LineString","coordinates":[[177.5172939,64.7335881],[177.5177594,64.7338369],[177.5178482,64.7338829]]}},{"type":"Feature","id":"osm-road-848452468","properties":{"roadId":"osm-road-848452468","osmId":848452468,"highway":"service","name":null,"surface":null,"lanes":null,"maxspeed":null,"source":"OpenStreetMap"},"geometry":{"type":"LineString","coordinates":[[177.5140304,64.7341413],[177.5141085,64.7341131],[177.5145149,64.7339686]]}},{"type":"Feature","id":"osm-road-1087760580","properties":{"roadId":"osm-road-1087760580","osmId":1087760580,"highway":"primary","name":null,"surface":null,"lanes":null,"maxspeed":null,"source":"OpenStreetMap"},"geometry":{"type":"LineString","coordinates":[[177.640737,64.7374448],[177.6400341,64.7377121],[177.6395604,64.737859],[177.6359707,64.7384593],[177.6344791,64.7386579],[177.6281664,64.7391253],[177.6221691,64.73928],[177.6181662,64.7393113],[177.6088521,64.7392014],[177.6004285,64.7391495],[177.5919116,64.7390017],[177.5807461,64.7386462],[177.5705606,64.7385199],[177.5567379,64.7389136],[177.5389298,64.7396815],[177.5379226,64.7396573],[177.5373001,64.7395865],[177.5366462,64.739353],[177.5359243,64.7390088],[177.5351367,64.7386482],[177.5341001,64.7381007],[177.5339397,64.738016],[177.5333855,64.7374941],[177.53269,64.7369135],[177.5324907,64.7365485],[177.5325053,64.7364782]]}},{"type":"Feature","id":"osm-road-1152589557","properties":{"roadId":"osm-road-1152589557","osmId":1152589557,"highway":"unclassified","name":"Съезд \"Платформа Вертикаль87\"","surface":"compacted","lanes":null,"maxspeed":null,"source":"OpenStreetMap"},"geometry":{"type":"LineString","coordinates":[[177.44798,64.7375792],[177.4477256,64.7372328],[177.4477735,64.736623],[177.447918,64.735995],[177.4480627,64.7359047],[177.4489317,64.735677],[177.4505755,64.7350258],[177.4506516,64.7349095],[177.4506848,64.7347487],[177.4506591,64.7344759],[177.4506023,64.7342033],[177.4494815,64.7337887],[177.4478982,64.7333268],[177.4477249,64.7332142],[177.4476275,64.7331075],[177.4479003,64.7327307]]}},{"type":"Feature","id":"osm-road-1152589559","properties":{"roadId":"osm-road-1152589559","osmId":1152589559,"highway":"tertiary","name":"Подъезд к Рыббазе №2","surface":"compacted","lanes":1,"maxspeed":null,"source":"OpenStreetMap"},"geometry":{"type":"LineString","coordinates":[[177.4528194,64.7372305],[177.4526499,64.7372919],[177.451861,64.7374383],[177.4483848,64.7379712],[177.4480449,64.738128],[177.4479151,64.7382369],[177.4471864,64.7384229],[177.4469593,64.7385975],[177.4468729,64.7388062],[177.4469004,64.7389657]]}},{"type":"Feature","id":"osm-road-1209682682","properties":{"roadId":"osm-road-1209682682","osmId":1209682682,"highway":"service","name":null,"surface":null,"lanes":null,"maxspeed":null,"source":"OpenStreetMap"},"geometry":{"type":"LineString","coordinates":[[177.5310678,64.7273769],[177.5303307,64.7275276],[177.5306823,64.7278616]]}},{"type":"Feature","id":"osm-road-1209684116","properties":{"roadId":"osm-road-1209684116","osmId":1209684116,"highway":"service","name":null,"surface":null,"lanes":null,"maxspeed":null,"source":"OpenStreetMap"},"geometry":{"type":"LineString","coordinates":[[177.5302234,64.7266098],[177.5309833,64.7264646],[177.5302338,64.7257187]]}},{"type":"Feature","id":"osm-road-1209684117","properties":{"roadId":"osm-road-1209684117","osmId":1209684117,"highway":"residential","name":"улица Береговая","surface":null,"lanes":null,"maxspeed":null,"source":"OpenStreetMap"},"geometry":{"type":"LineString","coordinates":[[177.527908,64.7245063],[177.5290763,64.7242588],[177.5296462,64.7247983]]}},{"type":"Feature","id":"osm-road-1209684654","properties":{"roadId":"osm-road-1209684654","osmId":1209684654,"highway":"service","name":null,"surface":null,"lanes":null,"maxspeed":null,"source":"OpenStreetMap"},"geometry":{"type":"LineString","coordinates":[[177.5281997,64.7247713],[177.5289525,64.7246172]]}},{"type":"Feature","id":"osm-road-1210706831","properties":{"roadId":"osm-road-1210706831","osmId":1210706831,"highway":"service","name":null,"surface":null,"lanes":null,"maxspeed":null,"source":"OpenStreetMap"},"geometry":{"type":"LineString","coordinates":[[177.5123749,64.7306941],[177.5113231,64.7301165],[177.5110281,64.7297845],[177.5101741,64.7292781],[177.5100356,64.729196],[177.509805,64.7291318],[177.5094616,64.7291799],[177.5088286,64.7293128]]}},{"type":"Feature","id":"osm-road-1210706832","properties":{"roadId":"osm-road-1210706832","osmId":1210706832,"highway":"service","name":null,"surface":null,"lanes":null,"maxspeed":null,"source":"OpenStreetMap"},"geometry":{"type":"LineString","coordinates":[[177.5101741,64.7292781],[177.5095528,64.7294845]]}},{"type":"Feature","id":"osm-road-1210706833","properties":{"roadId":"osm-road-1210706833","osmId":1210706833,"highway":"service","name":null,"surface":null,"lanes":null,"maxspeed":null,"source":"OpenStreetMap"},"geometry":{"type":"LineString","coordinates":[[177.5069577,64.7305937],[177.5075144,64.730428],[177.507627,64.7297341],[177.5084102,64.7301372],[177.5078791,64.7303096],[177.5075144,64.730428]]}},{"type":"Feature","id":"osm-road-1210706834","properties":{"roadId":"osm-road-1210706834","osmId":1210706834,"highway":"service","name":null,"surface":null,"lanes":null,"maxspeed":null,"source":"OpenStreetMap"},"geometry":{"type":"LineString","coordinates":[[177.5078791,64.7303096],[177.5087911,64.7307211]]}},{"type":"Feature","id":"osm-road-1210706835","properties":{"roadId":"osm-road-1210706835","osmId":1210706835,"highway":"service","name":null,"surface":null,"lanes":null,"maxspeed":null,"source":"OpenStreetMap"},"geometry":{"type":"LineString","coordinates":[[177.5109191,64.7312339],[177.5087321,64.7301646]]}},{"type":"Feature","id":"osm-road-1210707556","properties":{"roadId":"osm-road-1210707556","osmId":1210707556,"highway":"service","name":null,"surface":null,"lanes":null,"maxspeed":null,"source":"OpenStreetMap"},"geometry":{"type":"LineString","coordinates":[[177.4939008,64.7371505],[177.49468,64.7385923],[177.4945888,64.7390433]]}},{"type":"Feature","id":"osm-road-1210707557","properties":{"roadId":"osm-road-1210707557","osmId":1210707557,"highway":"service","name":null,"surface":null,"lanes":null,"maxspeed":null,"source":"OpenStreetMap"},"geometry":{"type":"LineString","coordinates":[[177.49309,64.7372313],[177.4933858,64.737939]]}},{"type":"Feature","id":"osm-road-1210707558","properties":{"roadId":"osm-road-1210707558","osmId":1210707558,"highway":"service","name":null,"surface":null,"lanes":null,"maxspeed":null,"source":"OpenStreetMap"},"geometry":{"type":"LineString","coordinates":[[177.4961064,64.7369545],[177.4965379,64.7382025],[177.4966434,64.7385076],[177.4968955,64.7386175],[177.4973002,64.738585],[177.4981776,64.7385145],[177.4979952,64.7377911]]}},{"type":"Feature","id":"osm-road-1210708788","properties":{"roadId":"osm-road-1210708788","osmId":1210708788,"highway":"service","name":null,"surface":null,"lanes":null,"maxspeed":null,"source":"OpenStreetMap"},"geometry":{"type":"LineString","coordinates":[[177.5016419,64.7297467],[177.5015438,64.7298577],[177.5007713,64.729789],[177.4998593,64.7296332],[177.4989527,64.7293745]]}},{"type":"Feature","id":"osm-road-1210708789","properties":{"roadId":"osm-road-1210708789","osmId":1210708789,"highway":"service","name":null,"surface":null,"lanes":null,"maxspeed":null,"source":"OpenStreetMap"},"geometry":{"type":"LineString","coordinates":[[177.4998593,64.7296332],[177.4995106,64.7298393]]}},{"type":"Feature","id":"osm-road-1210708790","properties":{"roadId":"osm-road-1210708790","osmId":1210708790,"highway":"service","name":null,"surface":null,"lanes":null,"maxspeed":null,"source":"OpenStreetMap"},"geometry":{"type":"LineString","coordinates":[[177.5015438,64.7298577],[177.5018817,64.7299538],[177.5024343,64.7301828],[177.5026113,64.7302951],[177.5027488,64.7304922],[177.5027296,64.7306052],[177.5024758,64.7312357],[177.5017911,64.7320139],[177.5008681,64.7325491]]}},{"type":"Feature","id":"osm-road-1210709047","properties":{"roadId":"osm-road-1210709047","osmId":1210709047,"highway":"residential","name":"переулок Чукотский","surface":null,"lanes":null,"maxspeed":null,"source":"OpenStreetMap"},"geometry":{"type":"LineString","coordinates":[[177.5206662,64.7312611],[177.5214502,64.7309533],[177.5223255,64.7306096],[177.5226259,64.7303531],[177.5227493,64.7302295],[177.5227976,64.7298768]]}},{"type":"Feature","id":"osm-road-1210709048","properties":{"roadId":"osm-road-1210709048","osmId":1210709048,"highway":"service","name":null,"surface":null,"lanes":null,"maxspeed":null,"source":"OpenStreetMap"},"geometry":{"type":"LineString","coordinates":[[177.5214502,64.7309533],[177.5214618,64.7307905],[177.5213975,64.7306783],[177.5210917,64.7305592],[177.5206518,64.7304539],[177.5204426,64.7302661],[177.5208181,64.7301333]]}},{"type":"Feature","id":"osm-road-1219448395","properties":{"roadId":"osm-road-1219448395","osmId":1219448395,"highway":"tertiary","name":"улица Энергетиков","surface":"asphalt","lanes":2,"maxspeed":"40","source":"OpenStreetMap"},"geometry":{"type":"LineString","coordinates":[[177.4902007,64.727397],[177.4910148,64.7280429],[177.4911523,64.7281619],[177.4912513,64.7282641],[177.4913268,64.7283582],[177.4913755,64.7284411],[177.4914089,64.7285189],[177.4914281,64.7285918],[177.4914361,64.7286592],[177.4914329,64.72873],[177.491417,64.7288063],[177.4913946,64.7288813],[177.4913499,64.7289821],[177.4912925,64.7290911],[177.4911839,64.7292573],[177.4905552,64.7301473],[177.4905069,64.7302155],[177.4900445,64.7308695],[177.4899902,64.7309717],[177.4899583,64.7310534],[177.4899391,64.7311338],[177.4899327,64.7312183],[177.4899391,64.7313014],[177.4899615,64.73139],[177.4899934,64.7314744],[177.4900508,64.731563],[177.4901211,64.7316475],[177.490204,64.7317319],[177.4902272,64.7317501],[177.4902998,64.7318069],[177.4904275,64.73189],[177.4905552,64.7319567],[177.4906694,64.7320135],[177.4908401,64.7320921],[177.4910239,64.7321683],[177.4914762,64.7323598]]}},{"type":"Feature","id":"osm-road-1219448396","properties":{"roadId":"osm-road-1219448396","osmId":1219448396,"highway":"tertiary","name":"улица Мира","surface":"asphalt","lanes":2,"maxspeed":null,"source":"OpenStreetMap"},"geometry":{"type":"LineString","coordinates":[[177.5246348,64.7332103],[177.5255006,64.7335954]]}},{"type":"Feature","id":"osm-road-1219448397","properties":{"roadId":"osm-road-1219448397","osmId":1219448397,"highway":"tertiary","name":"Полярная улица","surface":"asphalt","lanes":2,"maxspeed":null,"source":"OpenStreetMap"},"geometry":{"type":"LineString","coordinates":[[177.5164634,64.7292488],[177.5179878,64.7286512],[177.5183045,64.7284085],[177.5184337,64.7282268],[177.5186794,64.7277682]]}},{"type":"Feature","id":"osm-road-1219448398","properties":{"roadId":"osm-road-1219448398","osmId":1219448398,"highway":"tertiary","name":"Кооперативная улица","surface":"asphalt","lanes":2,"maxspeed":null,"source":"OpenStreetMap"},"geometry":{"type":"LineString","coordinates":[[177.536169,64.7340965],[177.5362061,64.7340641],[177.5362317,64.7340296],[177.5362402,64.7339956],[177.5362434,64.7339538],[177.536234,64.7339083],[177.5362156,64.7338494],[177.5359167,64.7330016],[177.5358852,64.7329194],[177.5358516,64.7328481],[177.5358073,64.7327639],[177.5357333,64.7326488],[177.5356207,64.7324944],[177.5349567,64.7316892],[177.5348285,64.7315494],[177.5347438,64.7314651],[177.5346482,64.7313807],[177.5345471,64.7313041],[177.5344096,64.7312116],[177.5342554,64.7311213],[177.5341196,64.7310484],[177.5339556,64.7309632],[177.5316865,64.7298488]]}},{"type":"Feature","id":"osm-road-1219448399","properties":{"roadId":"osm-road-1219448399","osmId":1219448399,"highway":"residential","name":"Колхозная улица","surface":null,"lanes":null,"maxspeed":null,"source":"OpenStreetMap"},"geometry":{"type":"LineString","coordinates":[[177.5274946,64.7241307],[177.5276264,64.7242504],[177.527908,64.7245063],[177.5281997,64.7247713]]}},{"type":"Feature","id":"osm-road-1219448400","properties":{"roadId":"osm-road-1219448400","osmId":1219448400,"highway":"tertiary","name":"улица Отке","surface":"asphalt","lanes":2,"maxspeed":null,"source":"OpenStreetMap"},"geometry":{"type":"LineString","coordinates":[[177.4951217,64.7370544],[177.4961064,64.7369545],[177.4975305,64.73681],[177.4977568,64.7367971],[177.4979627,64.7367854],[177.4981872,64.7367771],[177.4991949,64.7367918],[177.4999421,64.7368072],[177.5001731,64.736812],[177.5004131,64.7368153],[177.5006173,64.7368154],[177.5007311,64.7368139],[177.5007738,64.7368134],[177.5009534,64.736808],[177.5011324,64.7367995],[177.5013021,64.7367884],[177.5015202,64.736772],[177.5017318,64.7367542],[177.5019396,64.7367332],[177.5021597,64.7367071],[177.5024266,64.7366624],[177.5029098,64.7365875]]}},{"type":"Feature","id":"osm-road-1219448401","properties":{"roadId":"osm-road-1219448401","osmId":1219448401,"highway":"tertiary","name":"улица Мира","surface":"asphalt","lanes":2,"maxspeed":null,"source":"OpenStreetMap"},"geometry":{"type":"LineString","coordinates":[[177.5197111,64.7308017],[177.5206662,64.7312611],[177.5207343,64.7312938],[177.522129,64.7320037],[177.5223755,64.7321292],[177.5224917,64.7321926]]}},{"type":"Feature","id":"osm-road-1219448402","properties":{"roadId":"osm-road-1219448402","osmId":1219448402,"highway":"unclassified","name":"улица Строителей","surface":"asphalt","lanes":2,"maxspeed":null,"source":"OpenStreetMap"},"geometry":{"type":"LineString","coordinates":[[177.4928533,64.7365881],[177.4929799,64.7366339],[177.4931084,64.7366745],[177.4932267,64.7367038],[177.493372,64.7367324],[177.4935888,64.7367699],[177.4936678,64.7367863],[177.4951217,64.7370544]]}},{"type":"Feature","id":"osm-road-1222159976","properties":{"roadId":"osm-road-1222159976","osmId":1222159976,"highway":"service","name":null,"surface":null,"lanes":null,"maxspeed":null,"source":"OpenStreetMap"},"geometry":{"type":"LineString","coordinates":[[177.5206804,64.7354296],[177.5205674,64.7353727],[177.5203634,64.7352698],[177.5199516,64.7354118]]}},{"type":"Feature","id":"osm-road-1222165082","properties":{"roadId":"osm-road-1222165082","osmId":1222165082,"highway":"service","name":null,"surface":null,"lanes":null,"maxspeed":null,"source":"OpenStreetMap"},"geometry":{"type":"LineString","coordinates":[[177.5256899,64.719357],[177.5261517,64.7197076],[177.5262429,64.7200191],[177.526536,64.7201637],[177.5264969,64.7203167],[177.526321,64.7203696],[177.5260344,64.7203946],[177.5259433,64.7204558],[177.5260344,64.7205281],[177.5262429,64.7206032],[177.527018,64.7211706],[177.5276889,64.7215183]]}},{"type":"Feature","id":"osm-road-1222165083","properties":{"roadId":"osm-road-1222165083","osmId":1222165083,"highway":"service","name":null,"surface":null,"lanes":null,"maxspeed":null,"source":"OpenStreetMap"},"geometry":{"type":"LineString","coordinates":[[177.5272242,64.7236656],[177.5275846,64.7235848],[177.527767,64.7234485],[177.5276628,64.7232677]]}},{"type":"Feature","id":"osm-road-1222165084","properties":{"roadId":"osm-road-1222165084","osmId":1222165084,"highway":"service","name":null,"surface":null,"lanes":null,"maxspeed":null,"source":"OpenStreetMap"},"geometry":{"type":"LineString","coordinates":[[177.5224079,64.7216325],[177.5236766,64.721852],[177.5245429,64.7214042],[177.5242758,64.7208396]]}},{"type":"Feature","id":"osm-road-1222165085","properties":{"roadId":"osm-road-1222165085","osmId":1222165085,"highway":"service","name":null,"surface":null,"lanes":null,"maxspeed":null,"source":"OpenStreetMap"},"geometry":{"type":"LineString","coordinates":[[177.5241671,64.724395],[177.5252138,64.7248362],[177.5256502,64.7252367],[177.5266011,64.7250365]]}},{"type":"Feature","id":"osm-road-1222165086","properties":{"roadId":"osm-road-1222165086","osmId":1222165086,"highway":"service","name":null,"surface":null,"lanes":null,"maxspeed":null,"source":"OpenStreetMap"},"geometry":{"type":"LineString","coordinates":[[177.5285027,64.7250465],[177.5275065,64.7252868],[177.5271938,64.7254592],[177.5267509,64.7256121],[177.5262168,64.725715]]}},{"type":"Feature","id":"osm-road-1222165087","properties":{"roadId":"osm-road-1222165087","osmId":1222165087,"highway":"service","name":null,"surface":null,"lanes":null,"maxspeed":null,"source":"OpenStreetMap"},"geometry":{"type":"LineString","coordinates":[[177.5294259,64.7258853],[177.5302338,64.7257187],[177.5312908,64.7255009],[177.5319747,64.726185]]}},{"type":"Feature","id":"osm-road-1222165089","properties":{"roadId":"osm-road-1222165089","osmId":1222165089,"highway":"service","name":null,"surface":null,"lanes":null,"maxspeed":null,"source":"OpenStreetMap"},"geometry":{"type":"LineString","coordinates":[[177.5276264,64.7242504],[177.5291674,64.7239741]]}},{"type":"Feature","id":"osm-road-1222166792","properties":{"roadId":"osm-road-1222166792","osmId":1222166792,"highway":"service","name":null,"surface":null,"lanes":null,"maxspeed":null,"source":"OpenStreetMap"},"geometry":{"type":"LineString","coordinates":[[177.4977568,64.7367971],[177.4978162,64.7369766],[177.4983401,64.7370001],[177.4997465,64.7374403],[177.4997851,64.7375391],[177.4991178,64.7379675],[177.4990185,64.7380758],[177.4988972,64.7382711],[177.4988475,64.73849],[177.4981776,64.7385145]]}},{"type":"Feature","id":"osm-road-1222166796","properties":{"roadId":"osm-road-1222166796","osmId":1222166796,"highway":"service","name":null,"surface":null,"lanes":null,"maxspeed":null,"source":"OpenStreetMap"},"geometry":{"type":"LineString","coordinates":[[177.4973002,64.738585],[177.4975349,64.7388195],[177.4973198,64.7390996]]}},{"type":"Feature","id":"osm-road-1222226199","properties":{"roadId":"osm-road-1222226199","osmId":1222226199,"highway":"service","name":null,"surface":null,"lanes":null,"maxspeed":null,"source":"OpenStreetMap"},"geometry":{"type":"LineString","coordinates":[[177.4949527,64.7280984],[177.4954235,64.7280976],[177.4959418,64.7282004],[177.4964442,64.7283001],[177.4967312,64.728357],[177.4969004,64.7284358],[177.4975619,64.7285245],[177.4983235,64.7274933],[177.4971654,64.727334],[177.4967372,64.7272751],[177.4962466,64.7272076],[177.4954235,64.7280976]]}},{"type":"Feature","id":"osm-road-1222226200","properties":{"roadId":"osm-road-1222226200","osmId":1222226200,"highway":"service","name":null,"surface":null,"lanes":null,"maxspeed":null,"source":"OpenStreetMap"},"geometry":{"type":"LineString","coordinates":[[177.4988017,64.7291078],[177.4990927,64.7287478],[177.498985,64.7286296],[177.4984543,64.7285146]]}},{"type":"Feature","id":"osm-road-1222226206","properties":{"roadId":"osm-road-1222226206","osmId":1222226206,"highway":"service","name":null,"surface":null,"lanes":null,"maxspeed":null,"source":"OpenStreetMap"},"geometry":{"type":"LineString","coordinates":[[177.4959418,64.7282004],[177.4967372,64.7272751]]}},{"type":"Feature","id":"osm-road-1222226207","properties":{"roadId":"osm-road-1222226207","osmId":1222226207,"highway":"service","name":null,"surface":null,"lanes":null,"maxspeed":null,"source":"OpenStreetMap"},"geometry":{"type":"LineString","coordinates":[[177.4964442,64.7283001],[177.4971654,64.727334]]}},{"type":"Feature","id":"osm-road-1222227084","properties":{"roadId":"osm-road-1222227084","osmId":1222227084,"highway":"residential","name":"улица Куркутского","surface":null,"lanes":null,"maxspeed":null,"source":"OpenStreetMap"},"geometry":{"type":"LineString","coordinates":[[177.500872,64.7332926],[177.5002681,64.7330481],[177.4961064,64.7316415]]}},{"type":"Feature","id":"osm-road-1222227085","properties":{"roadId":"osm-road-1222227085","osmId":1222227085,"highway":"service","name":null,"surface":null,"lanes":null,"maxspeed":null,"source":"OpenStreetMap"},"geometry":{"type":"LineString","coordinates":[[177.5026597,64.7316965],[177.5040799,64.7316159],[177.5043636,64.7317261],[177.5054193,64.7316309]]}},{"type":"Feature","id":"osm-road-1222227086","properties":{"roadId":"osm-road-1222227086","osmId":1222227086,"highway":"service","name":null,"surface":null,"lanes":null,"maxspeed":null,"source":"OpenStreetMap"},"geometry":{"type":"LineString","coordinates":[[177.5043636,64.7317261],[177.5044076,64.7319926]]}},{"type":"Feature","id":"osm-road-1222227088","properties":{"roadId":"osm-road-1222227088","osmId":1222227088,"highway":"service","name":null,"surface":null,"lanes":null,"maxspeed":null,"source":"OpenStreetMap"},"geometry":{"type":"LineString","coordinates":[[177.5064779,64.7317658],[177.5067447,64.7321476]]}},{"type":"Feature","id":"osm-road-1222227909","properties":{"roadId":"osm-road-1222227909","osmId":1222227909,"highway":"service","name":null,"surface":null,"lanes":null,"maxspeed":null,"source":"OpenStreetMap"},"geometry":{"type":"LineString","coordinates":[[177.4902272,64.7317501],[177.4905626,64.731648],[177.490806,64.7315218],[177.49232,64.7320422]]}},{"type":"Feature","id":"osm-road-1222227910","properties":{"roadId":"osm-road-1222227910","osmId":1222227910,"highway":"service","name":null,"surface":null,"lanes":null,"maxspeed":null,"source":"OpenStreetMap"},"geometry":{"type":"LineString","coordinates":[[177.4905626,64.731648],[177.4921413,64.7322261]]}},{"type":"Feature","id":"osm-road-1222227967","properties":{"roadId":"osm-road-1222227967","osmId":1222227967,"highway":"service","name":null,"surface":null,"lanes":null,"maxspeed":null,"source":"OpenStreetMap"},"geometry":{"type":"LineString","coordinates":[[177.4940893,64.7327614],[177.4927423,64.7323262],[177.4935885,64.731837],[177.4926346,64.7315349]]}},{"type":"Feature","id":"osm-road-1222229224","properties":{"roadId":"osm-road-1222229224","osmId":1222229224,"highway":"service","name":null,"surface":null,"lanes":null,"maxspeed":null,"source":"OpenStreetMap"},"geometry":{"type":"LineString","coordinates":[[177.4854358,64.7370554],[177.4851415,64.737314],[177.4847261,64.737941],[177.4841415,64.7378491],[177.4843953,64.7375964],[177.4851415,64.737314]]}},{"type":"Feature","id":"osm-road-1222229225","properties":{"roadId":"osm-road-1222229225","osmId":1222229225,"highway":"service","name":null,"surface":null,"lanes":null,"maxspeed":null,"source":"OpenStreetMap"},"geometry":{"type":"LineString","coordinates":[[177.4841415,64.7378491],[177.484003,64.7379706],[177.4832492,64.7381216]]}},{"type":"Feature","id":"osm-road-1222229226","properties":{"roadId":"osm-road-1222229226","osmId":1222229226,"highway":"service","name":null,"surface":null,"lanes":null,"maxspeed":null,"source":"OpenStreetMap"},"geometry":{"type":"LineString","coordinates":[[177.4831833,64.736088],[177.4829743,64.7362268],[177.4827261,64.7363915],[177.4832643,64.7366249],[177.4837143,64.73682],[177.4840744,64.7369762],[177.4844415,64.7371827],[177.484103,64.7374125],[177.4832062,64.7376543],[177.4821169,64.737948],[177.4813876,64.7381446]]}},{"type":"Feature","id":"osm-road-1222229227","properties":{"roadId":"osm-road-1222229227","osmId":1222229227,"highway":"service","name":null,"surface":null,"lanes":null,"maxspeed":null,"source":"OpenStreetMap"},"geometry":{"type":"LineString","coordinates":[[177.4837143,64.73682],[177.4824623,64.7371514],[177.4824184,64.737163],[177.4813728,64.7374805],[177.4804722,64.7377539]]}},{"type":"Feature","id":"osm-road-1222229228","properties":{"roadId":"osm-road-1222229228","osmId":1222229228,"highway":"service","name":null,"surface":null,"lanes":null,"maxspeed":null,"source":"OpenStreetMap"},"geometry":{"type":"LineString","coordinates":[[177.4821169,64.737948],[177.4817359,64.7377087],[177.4813728,64.7374805],[177.4810344,64.7372679],[177.480303,64.7368085]]}},{"type":"Feature","id":"osm-road-1222229229","properties":{"roadId":"osm-road-1222229229","osmId":1222229229,"highway":"service","name":null,"surface":null,"lanes":null,"maxspeed":null,"source":"OpenStreetMap"},"geometry":{"type":"LineString","coordinates":[[177.4832643,64.7366249],[177.4821488,64.7369395],[177.4818799,64.7370153],[177.4810344,64.7372679],[177.4799184,64.7375668]]}},{"type":"Feature","id":"osm-road-1222229230","properties":{"roadId":"osm-road-1222229230","osmId":1222229230,"highway":"service","name":null,"surface":null,"lanes":null,"maxspeed":null,"source":"OpenStreetMap"},"geometry":{"type":"LineString","coordinates":[[177.4829743,64.7362268],[177.4822876,64.7362832],[177.4815799,64.7364605],[177.4807799,64.7366181],[177.480303,64.7368085],[177.4794107,64.7370711],[177.4788799,64.73714]]}},{"type":"Feature","id":"osm-road-1222229231","properties":{"roadId":"osm-road-1222229231","osmId":1222229231,"highway":"service","name":null,"surface":null,"lanes":null,"maxspeed":null,"source":"OpenStreetMap"},"geometry":{"type":"LineString","coordinates":[[177.4832062,64.7376543],[177.482822,64.7373946],[177.4824623,64.7371514],[177.4821488,64.7369395]]}},{"type":"Feature","id":"osm-road-1222229771","properties":{"roadId":"osm-road-1222229771","osmId":1222229771,"highway":"service","name":null,"surface":null,"lanes":null,"maxspeed":null,"source":"OpenStreetMap"},"geometry":{"type":"LineString","coordinates":[[177.4992294,64.7339436],[177.5001456,64.734287],[177.5007349,64.7340855],[177.500909,64.7338712],[177.5002226,64.7338626],[177.499789,64.7336688]]}},{"type":"Feature","id":"osm-road-1222396444","properties":{"roadId":"osm-road-1222396444","osmId":1222396444,"highway":"service","name":null,"surface":null,"lanes":null,"maxspeed":null,"source":"OpenStreetMap"},"geometry":{"type":"LineString","coordinates":[[177.5016281,64.724378],[177.5012112,64.7247388],[177.5021499,64.724998]]}},{"type":"Feature","id":"osm-road-1222396445","properties":{"roadId":"osm-road-1222396445","osmId":1222396445,"highway":"service","name":null,"surface":null,"lanes":null,"maxspeed":null,"source":"OpenStreetMap"},"geometry":{"type":"LineString","coordinates":[[177.4965617,64.7262164],[177.4968874,64.7259115],[177.4976599,64.7258016],[177.4985397,64.7256779],[177.4990332,64.7253893],[177.5001168,64.7250045]]}},{"type":"Feature","id":"osm-road-1222396446","properties":{"roadId":"osm-road-1222396446","osmId":1222396446,"highway":"service","name":null,"surface":null,"lanes":null,"maxspeed":null,"source":"OpenStreetMap"},"geometry":{"type":"LineString","coordinates":[[177.5036351,64.7270421],[177.5024547,64.7274139]]}},{"type":"Feature","id":"osm-road-1222396447","properties":{"roadId":"osm-road-1222396447","osmId":1222396447,"highway":"service","name":null,"surface":null,"lanes":null,"maxspeed":null,"source":"OpenStreetMap"},"geometry":{"type":"LineString","coordinates":[[177.5042937,64.7253046],[177.5045544,64.7255799],[177.5049842,64.7257551]]}},{"type":"Feature","id":"osm-road-1222396448","properties":{"roadId":"osm-road-1222396448","osmId":1222396448,"highway":"service","name":null,"surface":null,"lanes":null,"maxspeed":null,"source":"OpenStreetMap"},"geometry":{"type":"LineString","coordinates":[[177.5050351,64.7274507],[177.5046911,64.7277434],[177.5033819,64.7282245],[177.5030498,64.7284275],[177.5045218,64.7288974]]}},{"type":"Feature","id":"osm-road-1222396449","properties":{"roadId":"osm-road-1222396449","osmId":1222396449,"highway":"service","name":null,"surface":null,"lanes":null,"maxspeed":null,"source":"OpenStreetMap"},"geometry":{"type":"LineString","coordinates":[[177.5009296,64.729626],[177.5014409,64.7290031],[177.5011054,64.7289371],[177.5006202,64.7288418],[177.5008743,64.7285137],[177.5013628,64.7286026],[177.5011054,64.7289371]]}},{"type":"Feature","id":"osm-road-1223391391","properties":{"roadId":"osm-road-1223391391","osmId":1223391391,"highway":"service","name":null,"surface":null,"lanes":null,"maxspeed":null,"source":"OpenStreetMap"},"geometry":{"type":"LineString","coordinates":[[177.51687,64.731868],[177.5166151,64.7320398],[177.5167546,64.7322024],[177.518144,64.7330485]]}},{"type":"Feature","id":"osm-road-1223398982","properties":{"roadId":"osm-road-1223398982","osmId":1223398982,"highway":"residential","name":"улица Ленина","surface":null,"lanes":null,"maxspeed":null,"source":"OpenStreetMap"},"geometry":{"type":"LineString","coordinates":[[177.5058286,64.7379499],[177.5059348,64.7379332],[177.5083075,64.7375721],[177.5083751,64.7375774],[177.5093335,64.7376527],[177.5120802,64.7379156],[177.5125547,64.7379669],[177.5127422,64.738014]]}},{"type":"Feature","id":"osm-road-1223398983","properties":{"roadId":"osm-road-1223398983","osmId":1223398983,"highway":"service","name":null,"surface":null,"lanes":null,"maxspeed":null,"source":"OpenStreetMap"},"geometry":{"type":"LineString","coordinates":[[177.511905,64.7381578],[177.5120802,64.7379156]]}},{"type":"Feature","id":"osm-road-1223398985","properties":{"roadId":"osm-road-1223398985","osmId":1223398985,"highway":"residential","name":"улица Беринга","surface":null,"lanes":null,"maxspeed":null,"source":"OpenStreetMap"},"geometry":{"type":"LineString","coordinates":[[177.506382,64.7385966],[177.5062291,64.7384215],[177.5060933,64.7382678]]}},{"type":"Feature","id":"osm-road-1223398986","properties":{"roadId":"osm-road-1223398986","osmId":1223398986,"highway":"residential","name":"улица Беринга","surface":null,"lanes":null,"maxspeed":null,"source":"OpenStreetMap"},"geometry":{"type":"LineString","coordinates":[[177.5060933,64.7382678],[177.5058581,64.7379871],[177.5058286,64.7379499]]}},{"type":"Feature","id":"osm-road-1223399410","properties":{"roadId":"osm-road-1223399410","osmId":1223399410,"highway":"service","name":"улица Ленина","surface":"asphalt","lanes":2,"maxspeed":null,"source":"OpenStreetMap"},"geometry":{"type":"LineString","coordinates":[[177.5255006,64.7335954],[177.5257293,64.7335193],[177.5259141,64.7334477]]}},{"type":"Feature","id":"osm-road-1223399411","properties":{"roadId":"osm-road-1223399411","osmId":1223399411,"highway":"service","name":"улица Ленина","surface":"asphalt","lanes":2,"maxspeed":null,"source":"OpenStreetMap"},"geometry":{"type":"LineString","coordinates":[[177.5274968,64.7328825],[177.5278156,64.7327226],[177.5278638,64.7326194]]}},{"type":"Feature","id":"osm-road-1224056014","properties":{"roadId":"osm-road-1224056014","osmId":1224056014,"highway":"service","name":null,"surface":null,"lanes":null,"maxspeed":null,"source":"OpenStreetMap"},"geometry":{"type":"LineString","coordinates":[[177.5026302,64.7363933],[177.5027856,64.7363242],[177.5029841,64.7363975],[177.5035337,64.7361033]]}},{"type":"Feature","id":"osm-road-1224056527","properties":{"roadId":"osm-road-1224056527","osmId":1224056527,"highway":"service","name":null,"surface":null,"lanes":null,"maxspeed":null,"source":"OpenStreetMap"},"geometry":{"type":"LineString","coordinates":[[177.5106745,64.7324654],[177.5107606,64.7324334],[177.5117737,64.7320572],[177.5114036,64.731858],[177.5135869,64.7310794],[177.5146835,64.7315523]]}},{"type":"Feature","id":"osm-road-1224058082","properties":{"roadId":"osm-road-1224058082","osmId":1224058082,"highway":"service","name":null,"surface":null,"lanes":null,"maxspeed":null,"source":"OpenStreetMap"},"geometry":{"type":"LineString","coordinates":[[177.5189685,64.7327131],[177.5194073,64.7325395],[177.517462,64.7315641]]}},{"type":"Feature","id":"osm-road-1224059699","properties":{"roadId":"osm-road-1224059699","osmId":1224059699,"highway":"service","name":null,"surface":null,"lanes":null,"maxspeed":null,"source":"OpenStreetMap"},"geometry":{"type":"LineString","coordinates":[[177.5173559,64.7316042],[177.5166446,64.7312356],[177.516371,64.7312082],[177.5161511,64.7311555],[177.5158989,64.7310021]]}},{"type":"Feature","id":"osm-road-1224092184","properties":{"roadId":"osm-road-1224092184","osmId":1224092184,"highway":"service","name":null,"surface":null,"lanes":null,"maxspeed":null,"source":"OpenStreetMap"},"geometry":{"type":"LineString","coordinates":[[177.511648,64.7329682],[177.5117289,64.7329386],[177.5125074,64.732653],[177.5121945,64.7324843]]}},{"type":"Feature","id":"osm-road-1224092185","properties":{"roadId":"osm-road-1224092185","osmId":1224092185,"highway":"service","name":null,"surface":null,"lanes":null,"maxspeed":null,"source":"OpenStreetMap"},"geometry":{"type":"LineString","coordinates":[[177.5136983,64.733249],[177.5153048,64.7326729]]}},{"type":"Feature","id":"osm-road-1224135853","properties":{"roadId":"osm-road-1224135853","osmId":1224135853,"highway":"service","name":null,"surface":null,"lanes":null,"maxspeed":null,"source":"OpenStreetMap"},"geometry":{"type":"LineString","coordinates":[[177.5136983,64.733249],[177.5141688,64.733433],[177.5145594,64.7334524],[177.5150409,64.7334253],[177.5156768,64.7332702],[177.5162128,64.7330802]]}},{"type":"Feature","id":"osm-road-1224135854","properties":{"roadId":"osm-road-1224135854","osmId":1224135854,"highway":"service","name":null,"surface":null,"lanes":null,"maxspeed":null,"source":"OpenStreetMap"},"geometry":{"type":"LineString","coordinates":[[177.5186089,64.7336149],[177.5185243,64.7335659],[177.5181751,64.7333632]]}},{"type":"Feature","id":"osm-road-1224226126","properties":{"roadId":"osm-road-1224226126","osmId":1224226126,"highway":"service","name":null,"surface":null,"lanes":null,"maxspeed":null,"source":"OpenStreetMap"},"geometry":{"type":"LineString","coordinates":[[177.522129,64.7320037],[177.522949,64.7316998],[177.523388,64.7319091]]}},{"type":"Feature","id":"osm-road-1224226127","properties":{"roadId":"osm-road-1224226127","osmId":1224226127,"highway":"service","name":null,"surface":null,"lanes":null,"maxspeed":null,"source":"OpenStreetMap"},"geometry":{"type":"LineString","coordinates":[[177.5235236,64.7325829],[177.5244525,64.7322423]]}},{"type":"Feature","id":"osm-road-1224226128","properties":{"roadId":"osm-road-1224226128","osmId":1224226128,"highway":"service","name":null,"surface":null,"lanes":null,"maxspeed":null,"source":"OpenStreetMap"},"geometry":{"type":"LineString","coordinates":[[177.5244525,64.7322423],[177.5246027,64.7323209]]}},{"type":"Feature","id":"osm-road-1224226129","properties":{"roadId":"osm-road-1224226129","osmId":1224226129,"highway":"service","name":null,"surface":null,"lanes":null,"maxspeed":null,"source":"OpenStreetMap"},"geometry":{"type":"LineString","coordinates":[[177.5233878,64.7326304],[177.5235236,64.7325829]]}},{"type":"Feature","id":"osm-road-1224226131","properties":{"roadId":"osm-road-1224226131","osmId":1224226131,"highway":"service","name":null,"surface":null,"lanes":null,"maxspeed":null,"source":"OpenStreetMap"},"geometry":{"type":"LineString","coordinates":[[177.524953,64.7324989],[177.5240614,64.7328254]]}},{"type":"Feature","id":"osm-road-1224226132","properties":{"roadId":"osm-road-1224226132","osmId":1224226132,"highway":"service","name":null,"surface":null,"lanes":null,"maxspeed":null,"source":"OpenStreetMap"},"geometry":{"type":"LineString","coordinates":[[177.5246027,64.7323209],[177.5247745,64.7324124],[177.524953,64.7324989]]}},{"type":"Feature","id":"osm-road-1224226133","properties":{"roadId":"osm-road-1224226133","osmId":1224226133,"highway":"service","name":null,"surface":null,"lanes":null,"maxspeed":null,"source":"OpenStreetMap"},"geometry":{"type":"LineString","coordinates":[[177.5240614,64.7328254],[177.5239156,64.7328758]]}},{"type":"Feature","id":"osm-road-1224226134","properties":{"roadId":"osm-road-1224226134","osmId":1224226134,"highway":"service","name":null,"surface":null,"lanes":null,"maxspeed":null,"source":"OpenStreetMap"},"geometry":{"type":"LineString","coordinates":[[177.5244525,64.7322423],[177.5243266,64.7321822],[177.5252279,64.7318612]]}},{"type":"Feature","id":"osm-road-1224226135","properties":{"roadId":"osm-road-1224226135","osmId":1224226135,"highway":"service","name":null,"surface":null,"lanes":null,"maxspeed":null,"source":"OpenStreetMap"},"geometry":{"type":"LineString","coordinates":[[177.524953,64.7324989],[177.5250411,64.732543],[177.5259705,64.7322021]]}},{"type":"Feature","id":"osm-road-1224251208","properties":{"roadId":"osm-road-1224251208","osmId":1224251208,"highway":"service","name":null,"surface":null,"lanes":null,"maxspeed":null,"source":"OpenStreetMap"},"geometry":{"type":"LineString","coordinates":[[177.5213923,64.7340016],[177.5209398,64.7341749],[177.5203544,64.7343991],[177.5207889,64.7345983]]}},{"type":"Feature","id":"osm-road-1224251209","properties":{"roadId":"osm-road-1224251209","osmId":1224251209,"highway":"service","name":null,"surface":null,"lanes":null,"maxspeed":null,"source":"OpenStreetMap"},"geometry":{"type":"LineString","coordinates":[[177.5209398,64.7341749],[177.5213522,64.7343762]]}},{"type":"Feature","id":"osm-road-1224262303","properties":{"roadId":"osm-road-1224262303","osmId":1224262303,"highway":"residential","name":null,"surface":null,"lanes":null,"maxspeed":null,"source":"OpenStreetMap"},"geometry":{"type":"LineString","coordinates":[[177.5220818,64.7343358],[177.521968,64.7344139],[177.5221213,64.7345382],[177.5224272,64.734751]]}},{"type":"Feature","id":"osm-road-1224289899","properties":{"roadId":"osm-road-1224289899","osmId":1224289899,"highway":"service","name":null,"surface":null,"lanes":null,"maxspeed":null,"source":"OpenStreetMap"},"geometry":{"type":"LineString","coordinates":[[177.5022363,64.7362541],[177.5017852,64.7363441],[177.5010073,64.7364059],[177.5009512,64.7364191],[177.5005648,64.73651]]}},{"type":"Feature","id":"osm-road-1224289900","properties":{"roadId":"osm-road-1224289900","osmId":1224289900,"highway":"service","name":null,"surface":null,"lanes":null,"maxspeed":null,"source":"OpenStreetMap"},"geometry":{"type":"LineString","coordinates":[[177.498128,64.736604],[177.4985075,64.736486],[177.499242,64.7364055],[177.4995697,64.7363704],[177.4998379,64.7363795],[177.4999425,64.7365226]]}},{"type":"Feature","id":"osm-road-1224289901","properties":{"roadId":"osm-road-1224289901","osmId":1224289901,"highway":"service","name":null,"surface":null,"lanes":null,"maxspeed":null,"source":"OpenStreetMap"},"geometry":{"type":"LineString","coordinates":[[177.4989704,64.7350862],[177.4983224,64.7354122],[177.499647,64.7359196],[177.5005358,64.73626],[177.5009512,64.7364191]]}},{"type":"Feature","id":"osm-road-1224300288","properties":{"roadId":"osm-road-1224300288","osmId":1224300288,"highway":"service","name":null,"surface":null,"lanes":null,"maxspeed":null,"source":"OpenStreetMap"},"geometry":{"type":"LineString","coordinates":[[177.4979273,64.7363316],[177.4990912,64.736185],[177.4992084,64.7363528]]}},{"type":"Feature","id":"osm-road-1224311780","properties":{"roadId":"osm-road-1224311780","osmId":1224311780,"highway":"service","name":null,"surface":null,"lanes":null,"maxspeed":null,"source":"OpenStreetMap"},"geometry":{"type":"LineString","coordinates":[[177.4858573,64.7318129],[177.4865899,64.7320171]]}},{"type":"Feature","id":"osm-road-1224323266","properties":{"roadId":"osm-road-1224323266","osmId":1224323266,"highway":"service","name":null,"surface":null,"lanes":null,"maxspeed":null,"source":"OpenStreetMap"},"geometry":{"type":"LineString","coordinates":[[177.4788803,64.7311839],[177.4779132,64.7315958]]}},{"type":"Feature","id":"osm-road-1224334889","properties":{"roadId":"osm-road-1224334889","osmId":1224334889,"highway":"service","name":null,"surface":null,"lanes":null,"maxspeed":null,"source":"OpenStreetMap"},"geometry":{"type":"LineString","coordinates":[[177.4765514,64.7301297],[177.4760482,64.7301655],[177.4756251,64.730218],[177.4748943,64.7302771],[177.4745405,64.7303461],[177.4736251,64.7309109]]}},{"type":"Feature","id":"osm-road-1242696198","properties":{"roadId":"osm-road-1242696198","osmId":1242696198,"highway":"residential","name":"Подъезд","surface":null,"lanes":2,"maxspeed":null,"source":"OpenStreetMap"},"geometry":{"type":"LineString","coordinates":[[177.4908246,64.7357729],[177.49016,64.7359846],[177.4893889,64.7361168],[177.4879431,64.736249],[177.4873924,64.736296]]}},{"type":"Feature","id":"osm-road-1242696199","properties":{"roadId":"osm-road-1242696199","osmId":1242696199,"highway":"residential","name":"Подъезд","surface":null,"lanes":2,"maxspeed":null,"source":"OpenStreetMap"},"geometry":{"type":"LineString","coordinates":[[177.4862965,64.7372772],[177.4866839,64.7367632],[177.4870826,64.7362343],[177.4871652,64.7359434],[177.486876,64.7357818],[177.4855404,64.73525],[177.4851067,64.7350414],[177.4845697,64.7348974],[177.483985,64.7347968]]}},{"type":"Feature","id":"osm-road-1242696200","properties":{"roadId":"osm-road-1242696200","osmId":1242696200,"highway":"residential","name":"Подъезд","surface":null,"lanes":2,"maxspeed":null,"source":"OpenStreetMap"},"geometry":{"type":"LineString","coordinates":[[177.4896517,64.7353346],[177.4891342,64.7353852],[177.4886041,64.7354322],[177.4881566,64.7353088],[177.4874612,64.735012],[177.4865662,64.7346623],[177.4859053,64.7344801],[177.4843019,64.7342864]]}},{"type":"Feature","id":"osm-road-1242696201","properties":{"roadId":"osm-road-1242696201","osmId":1242696201,"highway":"residential","name":"Подъезд","surface":null,"lanes":2,"maxspeed":null,"source":"OpenStreetMap"},"geometry":{"type":"LineString","coordinates":[[177.4866839,64.7367632],[177.4851136,64.7360874],[177.4841153,64.7356819],[177.4835586,64.7354836]]}},{"type":"Feature","id":"osm-road-1243996828","properties":{"roadId":"osm-road-1243996828","osmId":1243996828,"highway":"tertiary","name":"Ледовая переправа Анадырь-Аэропорт","surface":"ice_road","lanes":2,"maxspeed":"60","source":"OpenStreetMap"},"geometry":{"type":"LineString","coordinates":[[177.536169,64.7340965],[177.5361813,64.7342073],[177.5362301,64.7343473],[177.5363749,64.7345969],[177.5366716,64.7349364],[177.5369006,64.7353662],[177.5369166,64.7355382],[177.5366591,64.7361427],[177.5358178,64.736989],[177.5341001,64.7381007],[177.531487,64.7397422],[177.5262475,64.7431398],[177.5250249,64.7458536],[177.5245472,64.7494433],[177.5244313,64.7547782],[177.5252455,64.7595275],[177.5260786,64.7616318],[177.529518,64.7653569],[177.5371231,64.7696901],[177.5466838,64.7736601],[177.5571251,64.7805094],[177.5632815,64.7832903],[177.5674372,64.7841016],[177.5684816,64.7843055]]}},{"type":"Feature","id":"osm-road-1244107036","properties":{"roadId":"osm-road-1244107036","osmId":1244107036,"highway":"residential","name":null,"surface":null,"lanes":null,"maxspeed":null,"source":"OpenStreetMap"},"geometry":{"type":"LineString","coordinates":[[177.5034276,64.735839],[177.5041584,64.7350592],[177.5035799,64.7349509],[177.503717,64.734816]]}},{"type":"Feature","id":"osm-road-1245149610","properties":{"roadId":"osm-road-1245149610","osmId":1245149610,"highway":"service","name":"улица Мандрикова","surface":null,"lanes":null,"maxspeed":null,"source":"OpenStreetMap"},"geometry":{"type":"LineString","coordinates":[[177.5125074,64.732653],[177.5136983,64.733249]]}},{"type":"Feature","id":"osm-road-1322494614","properties":{"roadId":"osm-road-1322494614","osmId":1322494614,"highway":"residential","name":"Чукотская улица","surface":null,"lanes":null,"maxspeed":null,"source":"OpenStreetMap"},"geometry":{"type":"LineString","coordinates":[[177.5109018,64.7333111],[177.5116512,64.7331894],[177.5119566,64.7331198]]}},{"type":"Feature","id":"osm-road-1373584419","properties":{"roadId":"osm-road-1373584419","osmId":1373584419,"highway":"service","name":null,"surface":"gravel","lanes":null,"maxspeed":null,"source":"OpenStreetMap"},"geometry":{"type":"LineString","coordinates":[[177.5073094,64.7341077],[177.5084557,64.7339528],[177.5085315,64.7339426],[177.5103062,64.7336927]]}},{"type":"Feature","id":"osm-road-1373584643","properties":{"roadId":"osm-road-1373584643","osmId":1373584643,"highway":"service","name":null,"surface":"gravel","lanes":null,"maxspeed":null,"source":"OpenStreetMap"},"geometry":{"type":"LineString","coordinates":[[177.5105157,64.733861],[177.5090861,64.734053],[177.5084557,64.7339528]]}},{"type":"Feature","id":"osm-road-1373739659","properties":{"roadId":"osm-road-1373739659","osmId":1373739659,"highway":"residential","name":null,"surface":"gravel","lanes":1,"maxspeed":null,"source":"OpenStreetMap"},"geometry":{"type":"LineString","coordinates":[[177.5023139,64.7387624],[177.5035136,64.7389596],[177.5035907,64.7389662],[177.5038185,64.73895],[177.5041903,64.7389268],[177.504255,64.7389295]]}},{"type":"Feature","id":"osm-road-1374008714","properties":{"roadId":"osm-road-1374008714","osmId":1374008714,"highway":"service","name":null,"surface":"compacted","lanes":null,"maxspeed":null,"source":"OpenStreetMap"},"geometry":{"type":"LineString","coordinates":[[177.4526499,64.7372919],[177.4526227,64.7373807],[177.4531624,64.7377453],[177.4532911,64.7378781]]}},{"type":"Feature","id":"osm-road-1374008715","properties":{"roadId":"osm-road-1374008715","osmId":1374008715,"highway":"unclassified","name":"Песчанка","surface":"compacted","lanes":null,"maxspeed":null,"source":"OpenStreetMap"},"geometry":{"type":"LineString","coordinates":[[177.4479151,64.7382369],[177.4480092,64.7383086],[177.4481083,64.7384611],[177.4482463,64.7385699],[177.4484374,64.7386726],[177.4489648,64.7387285],[177.449209,64.738727],[177.4495027,64.7386847],[177.4496939,64.7386137],[177.4504087,64.7386099],[177.4505539,64.7386091]]}},{"type":"Feature","id":"osm-road-1374008716","properties":{"roadId":"osm-road-1374008716","osmId":1374008716,"highway":"service","name":null,"surface":"compacted","lanes":null,"maxspeed":null,"source":"OpenStreetMap"},"geometry":{"type":"LineString","coordinates":[[177.4160619,64.7371139],[177.4163152,64.7370032],[177.4164086,64.736762],[177.4163993,64.7366664],[177.4162825,64.7365846],[177.415554,64.736196],[177.4147087,64.7358153],[177.4142557,64.7356977],[177.413721,64.7355552],[177.413247,64.7355981],[177.4129435,64.7356519],[177.4104497,64.7366066],[177.410389,64.7366684],[177.411588,64.73731],[177.4116067,64.7373409],[177.4124216,64.7377425],[177.4126958,64.737814],[177.4129293,64.7378878],[177.413373,64.7379376],[177.4141365,64.7380542],[177.4144611,64.7380562],[177.4145849,64.7380353],[177.41477,64.7379359],[177.4148809,64.7379227],[177.4157913,64.7376289],[177.4165721,64.7373769],[177.4160619,64.7371139],[177.4156519,64.7369464],[177.4148779,64.7366302],[177.4147223,64.7365683],[177.414328,64.7363543],[177.4139847,64.7361952],[177.4134188,64.7359227],[177.4125916,64.7362221],[177.4125378,64.7362416],[177.4122503,64.7363694],[177.4122316,64.7365467],[177.4123157,64.7366006],[177.4123017,64.7367002],[177.4124091,64.7368337],[177.4126846,64.7370091],[177.4128481,64.7370852],[177.4136653,64.7374655],[177.4140249,64.7375951],[177.4142537,64.7377067],[177.4143331,64.7377465],[177.4144826,64.7377924],[177.41477,64.7379359]]}},{"type":"Feature","id":"osm-road-1374008717","properties":{"roadId":"osm-road-1374008717","osmId":1374008717,"highway":"service","name":null,"surface":"compacted","lanes":null,"maxspeed":null,"source":"OpenStreetMap"},"geometry":{"type":"LineString","coordinates":[[177.411588,64.73731],[177.4126846,64.7370091]]}},{"type":"Feature","id":"osm-road-1374008718","properties":{"roadId":"osm-road-1374008718","osmId":1374008718,"highway":"service","name":null,"surface":"compacted","lanes":null,"maxspeed":null,"source":"OpenStreetMap"},"geometry":{"type":"LineString","coordinates":[[177.4126958,64.737814],[177.4136653,64.7374655]]}},{"type":"Feature","id":"osm-road-1374008725","properties":{"roadId":"osm-road-1374008725","osmId":1374008725,"highway":"unclassified","name":null,"surface":"compacted","lanes":null,"maxspeed":null,"source":"OpenStreetMap"},"geometry":{"type":"LineString","coordinates":[[177.4218896,64.7388371],[177.4218934,64.7389008],[177.4223181,64.739144],[177.4226437,64.7396288],[177.4234259,64.7396273],[177.4242753,64.7395578]]}},{"type":"Feature","id":"osm-road-1374008726","properties":{"roadId":"osm-road-1374008726","osmId":1374008726,"highway":"unclassified","name":null,"surface":"compacted","lanes":null,"maxspeed":null,"source":"OpenStreetMap"},"geometry":{"type":"LineString","coordinates":[[177.4226437,64.7396288],[177.4228658,64.7400107],[177.4229818,64.7401036]]}},{"type":"Feature","id":"osm-road-1374008735","properties":{"roadId":"osm-road-1374008735","osmId":1374008735,"highway":"tertiary","name":"Подъезд к Рыббазе №2","surface":"compacted","lanes":null,"maxspeed":null,"source":"OpenStreetMap"},"geometry":{"type":"LineString","coordinates":[[177.4528194,64.7372305],[177.4531443,64.737197],[177.4534851,64.7371502],[177.4564442,64.7368165],[177.4579022,64.7366539],[177.4584423,64.7365892],[177.4588886,64.7365286],[177.4602528,64.7363187],[177.4606382,64.7362667],[177.4609881,64.7362234],[177.4618401,64.7361369],[177.4624639,64.7360828],[177.4643606,64.7359486],[177.4649337,64.7359183],[177.4656754,64.7358821],[177.4661374,64.7358642],[177.4666529,64.7358468],[177.4689502,64.7357906],[177.4694421,64.7357754],[177.4717356,64.7357074],[177.4725817,64.7356861],[177.4754403,64.7356142],[177.4758031,64.7355986],[177.4759172,64.7355937],[177.4764329,64.735581],[177.4768255,64.7355676],[177.4773905,64.7355508],[177.4777813,64.7355305],[177.4782844,64.7354981],[177.4786463,64.7354637],[177.4789098,64.7354234],[177.4792104,64.7353806],[177.4797018,64.7353081],[177.4799533,64.7352915],[177.4802002,64.7352755],[177.4804887,64.7352809],[177.4806931,64.7352888],[177.4809883,64.7353],[177.4812398,64.7353426],[177.4814599,64.7353946],[177.4817058,64.7354791],[177.4819529,64.735581],[177.4828086,64.73599],[177.4831833,64.736088]]}},{"type":"Feature","id":"osm-road-1374008736","properties":{"roadId":"osm-road-1374008736","osmId":1374008736,"highway":"tertiary","name":"Автозимник Анадырь-Шахтёрский","surface":"ice_road","lanes":2,"maxspeed":"60","source":"OpenStreetMap"},"geometry":{"type":"LineString","coordinates":[[177.4469004,64.7389657],[177.4469003,64.7390719],[177.4468311,64.7394546],[177.4467634,64.7401226],[177.44724,64.7412478],[177.448791,64.7430838],[177.4522884,64.7459391],[177.4567944,64.7485464],[177.4656331,64.7530942],[177.4756734,64.757669],[177.4852865,64.7623994],[177.4974959,64.7670742],[177.5110571,64.7716383],[177.5214468,64.7740175],[177.5370407,64.7784473],[177.5521786,64.7823304],[177.5567554,64.7832444],[177.5615527,64.7839095],[177.5669855,64.7846968],[177.5686727,64.7849431]]}},{"type":"Feature","id":"osm-road-1374008742","properties":{"roadId":"osm-road-1374008742","osmId":1374008742,"highway":"unclassified","name":null,"surface":null,"lanes":null,"maxspeed":null,"source":"OpenStreetMap"},"geometry":{"type":"LineString","coordinates":[[177.4758031,64.7355986],[177.4757926,64.735517],[177.4762593,64.735153],[177.4763183,64.7350225],[177.4760285,64.7348188],[177.475758,64.7347354]]}},{"type":"Feature","id":"osm-road-1374008743","properties":{"roadId":"osm-road-1374008743","osmId":1374008743,"highway":"service","name":null,"surface":"compacted","lanes":null,"maxspeed":null,"source":"OpenStreetMap"},"geometry":{"type":"LineString","coordinates":[[177.4722631,64.73562],[177.4717317,64.7355166],[177.4714515,64.7354488],[177.4711433,64.7354309],[177.4706576,64.735409],[177.4703494,64.7354249],[177.4697983,64.7354807]]}},{"type":"Feature","id":"osm-road-1374008746","properties":{"roadId":"osm-road-1374008746","osmId":1374008746,"highway":"service","name":null,"surface":"gravel","lanes":null,"maxspeed":null,"source":"OpenStreetMap"},"geometry":{"type":"LineString","coordinates":[[177.4708018,64.7352977],[177.4707369,64.7352751],[177.470657,64.7352467],[177.4704296,64.7351117],[177.4703453,64.7340843],[177.47047,64.7338419],[177.4707985,64.7335631],[177.4711284,64.7334645],[177.4713502,64.7334382],[177.4716645,64.7334882],[177.4716275,64.7336039],[177.4716829,64.7337118],[177.4717384,64.7338591],[177.4717692,64.7340747],[177.4718308,64.734251],[177.4718555,64.7344351],[177.4717939,64.7346823],[177.4717446,64.7348979],[177.4715597,64.7350216]]}},{"type":"Feature","id":"osm-road-1374008747","properties":{"roadId":"osm-road-1374008747","osmId":1374008747,"highway":"service","name":null,"surface":"compacted","lanes":null,"maxspeed":null,"source":"OpenStreetMap"},"geometry":{"type":"LineString","coordinates":[[177.4708018,64.7352977],[177.4710975,64.7353819],[177.4714515,64.7354488],[177.4717939,64.7354055],[177.4720712,64.735345],[177.4722314,64.7353109],[177.4728722,64.7353687],[177.4732913,64.7353713],[177.4735131,64.7352661]]}},{"type":"Feature","id":"osm-road-1374008748","properties":{"roadId":"osm-road-1374008748","osmId":1374008748,"highway":"service","name":null,"surface":"gravel","lanes":null,"maxspeed":null,"source":"OpenStreetMap"},"geometry":{"type":"LineString","coordinates":[[177.4711284,64.7334645],[177.4713858,64.7333435],[177.471853,64.7333435],[177.4723131,64.733271],[177.4729289,64.7329991],[177.4732262,64.7326456],[177.473842,64.7325126],[177.4743304,64.7324854],[177.4749463,64.732564],[177.4753143,64.7326667],[177.4755196,64.7327966],[177.4761921,64.7329054]]}},{"type":"Feature","id":"osm-road-1374008749","properties":{"roadId":"osm-road-1374008749","osmId":1374008749,"highway":"service","name":null,"surface":"gravel","lanes":null,"maxspeed":null,"source":"OpenStreetMap"},"geometry":{"type":"LineString","coordinates":[[177.475758,64.7347354],[177.4755244,64.7346523],[177.4751016,64.7345377],[177.4747601,64.7344128],[177.4745649,64.734326]]}},{"type":"Feature","id":"osm-road-1374008750","properties":{"roadId":"osm-road-1374008750","osmId":1374008750,"highway":"service","name":null,"surface":"compacted","lanes":null,"maxspeed":null,"source":"OpenStreetMap"},"geometry":{"type":"LineString","coordinates":[[177.4706576,64.735409],[177.470734,64.735345],[177.4708018,64.7352977]]}},{"type":"Feature","id":"osm-road-1374008751","properties":{"roadId":"osm-road-1374008751","osmId":1374008751,"highway":"unclassified","name":null,"surface":"compacted","lanes":null,"maxspeed":null,"source":"OpenStreetMap"},"geometry":{"type":"LineString","coordinates":[[177.4725817,64.7356861],[177.4722631,64.73562]]}},{"type":"Feature","id":"osm-road-1374008752","properties":{"roadId":"osm-road-1374008752","osmId":1374008752,"highway":"unclassified","name":null,"surface":"compacted","lanes":null,"maxspeed":null,"source":"OpenStreetMap"},"geometry":{"type":"LineString","coordinates":[[177.4697983,64.7354807],[177.4692893,64.7355485],[177.468897,64.7355565],[177.4686417,64.7356125],[177.4687054,64.7356971],[177.4689502,64.7357906]]}},{"type":"Feature","id":"osm-road-1374008758","properties":{"roadId":"osm-road-1374008758","osmId":1374008758,"highway":"service","name":null,"surface":"compacted","lanes":null,"maxspeed":null,"source":"OpenStreetMap"},"geometry":{"type":"LineString","coordinates":[[177.4437293,64.7380667],[177.4436642,64.7378763]]}},{"type":"Feature","id":"osm-road-1374008759","properties":{"roadId":"osm-road-1374008759","osmId":1374008759,"highway":"service","name":null,"surface":"compacted","lanes":null,"maxspeed":null,"source":"OpenStreetMap"},"geometry":{"type":"LineString","coordinates":[[177.4431747,64.7380535],[177.4431285,64.7379154]]}},{"type":"Feature","id":"osm-road-1374008760","properties":{"roadId":"osm-road-1374008760","osmId":1374008760,"highway":"service","name":null,"surface":"compacted","lanes":null,"maxspeed":null,"source":"OpenStreetMap"},"geometry":{"type":"LineString","coordinates":[[177.4426263,64.7380969],[177.442584,64.7379563]]}},{"type":"Feature","id":"osm-road-1374008761","properties":{"roadId":"osm-road-1374008761","osmId":1374008761,"highway":"service","name":null,"surface":"compacted","lanes":null,"maxspeed":null,"source":"OpenStreetMap"},"geometry":{"type":"LineString","coordinates":[[177.4419731,64.7384335],[177.4419515,64.7383178],[177.4419792,64.7381627],[177.4420439,64.7380614],[177.442016,64.7379991]]}},{"type":"Feature","id":"osm-road-1374008762","properties":{"roadId":"osm-road-1374008762","osmId":1374008762,"highway":"service","name":null,"surface":"compacted","lanes":null,"maxspeed":null,"source":"OpenStreetMap"},"geometry":{"type":"LineString","coordinates":[[177.4406852,64.7385071],[177.4405342,64.7383928],[177.4405188,64.7382113],[177.4405574,64.7381092]]}},{"type":"Feature","id":"osm-road-1374008763","properties":{"roadId":"osm-road-1374008763","osmId":1374008763,"highway":"service","name":null,"surface":"compacted","lanes":null,"maxspeed":null,"source":"OpenStreetMap"},"geometry":{"type":"LineString","coordinates":[[177.439878,64.7382613],[177.4398641,64.7381615]]}},{"type":"Feature","id":"osm-road-1374008764","properties":{"roadId":"osm-road-1374008764","osmId":1374008764,"highway":"service","name":null,"surface":"compacted","lanes":null,"maxspeed":null,"source":"OpenStreetMap"},"geometry":{"type":"LineString","coordinates":[[177.4392618,64.7383849],[177.4392027,64.7382114]]}},{"type":"Feature","id":"osm-road-1374008765","properties":{"roadId":"osm-road-1374008765","osmId":1374008765,"highway":"service","name":null,"surface":"compacted","lanes":null,"maxspeed":null,"source":"OpenStreetMap"},"geometry":{"type":"LineString","coordinates":[[177.4387762,64.7382436],[177.4388181,64.7383388],[177.4386764,64.7384309],[177.4387287,64.7385663]]}},{"type":"Feature","id":"osm-road-1374008766","properties":{"roadId":"osm-road-1374008766","osmId":1374008766,"highway":"service","name":null,"surface":"compacted","lanes":null,"maxspeed":null,"source":"OpenStreetMap"},"geometry":{"type":"LineString","coordinates":[[177.4369695,64.7387938],[177.4371019,64.7386965],[177.4370311,64.7385703],[177.4370291,64.7383765]]}},{"type":"Feature","id":"osm-road-1374008767","properties":{"roadId":"osm-road-1374008767","osmId":1374008767,"highway":"service","name":null,"surface":"compacted","lanes":null,"maxspeed":null,"source":"OpenStreetMap"},"geometry":{"type":"LineString","coordinates":[[177.4376504,64.7385269],[177.437596,64.7383327]]}},{"type":"Feature","id":"osm-road-1374008768","properties":{"roadId":"osm-road-1374008768","osmId":1374008768,"highway":"service","name":null,"surface":"compacted","lanes":null,"maxspeed":null,"source":"OpenStreetMap"},"geometry":{"type":"LineString","coordinates":[[177.4346618,64.738808],[177.4346157,64.7385535]]}},{"type":"Feature","id":"osm-road-1374008769","properties":{"roadId":"osm-road-1374008769","osmId":1374008769,"highway":"unclassified","name":null,"surface":"compacted","lanes":null,"maxspeed":null,"source":"OpenStreetMap"},"geometry":{"type":"LineString","coordinates":[[177.4495027,64.7386847],[177.4495102,64.7384703]]}},{"type":"Feature","id":"osm-road-1374008770","properties":{"roadId":"osm-road-1374008770","osmId":1374008770,"highway":"unclassified","name":null,"surface":"compacted","lanes":null,"maxspeed":null,"source":"OpenStreetMap"},"geometry":{"type":"LineString","coordinates":[[177.4504087,64.7386099],[177.4504127,64.7384148]]}},{"type":"Feature","id":"osm-road-1376389111","properties":{"roadId":"osm-road-1376389111","osmId":1376389111,"highway":"service","name":null,"surface":"compacted","lanes":null,"maxspeed":null,"source":"OpenStreetMap"},"geometry":{"type":"LineString","coordinates":[[177.5005358,64.73626],[177.5002341,64.7362575],[177.4999291,64.7362627]]}},{"type":"Feature","id":"osm-road-1376389112","properties":{"roadId":"osm-road-1376389112","osmId":1376389112,"highway":"service","name":null,"surface":"compacted","lanes":null,"maxspeed":null,"source":"OpenStreetMap"},"geometry":{"type":"LineString","coordinates":[[177.4999291,64.7362627],[177.4994454,64.7363252],[177.4992084,64.7363528]]}},{"type":"Feature","id":"osm-road-1376389113","properties":{"roadId":"osm-road-1376389113","osmId":1376389113,"highway":"service","name":null,"surface":null,"lanes":null,"maxspeed":null,"source":"OpenStreetMap"},"geometry":{"type":"LineString","coordinates":[[177.5115934,64.7351714],[177.5119269,64.7351167],[177.5121277,64.7350689],[177.5118008,64.7346583]]}},{"type":"Feature","id":"osm-road-1376389114","properties":{"roadId":"osm-road-1376389114","osmId":1376389114,"highway":"service","name":null,"surface":null,"lanes":null,"maxspeed":null,"source":"OpenStreetMap"},"geometry":{"type":"LineString","coordinates":[[177.5128634,64.7352375],[177.5128128,64.7351701],[177.5123752,64.7345885]]}},{"type":"Feature","id":"osm-road-1376389115","properties":{"roadId":"osm-road-1376389115","osmId":1376389115,"highway":"residential","name":null,"surface":null,"lanes":null,"maxspeed":null,"source":"OpenStreetMap"},"geometry":{"type":"LineString","coordinates":[[177.5145149,64.7339686],[177.5143183,64.7338444],[177.5147855,64.7336677]]}},{"type":"Feature","id":"osm-road-1376389122","properties":{"roadId":"osm-road-1376389122","osmId":1376389122,"highway":"service","name":null,"surface":null,"lanes":null,"maxspeed":null,"source":"OpenStreetMap"},"geometry":{"type":"LineString","coordinates":[[177.5009336,64.7351573],[177.5001633,64.7355288]]}},{"type":"Feature","id":"osm-road-1435847958","properties":{"roadId":"osm-road-1435847958","osmId":1435847958,"highway":"service","name":null,"surface":null,"lanes":null,"maxspeed":null,"source":"OpenStreetMap"},"geometry":{"type":"LineString","coordinates":[[177.4901869,64.7374408],[177.4912874,64.7379965],[177.491349,64.7381573],[177.4918182,64.7384692],[177.4923182,64.7386891],[177.4929224,64.738818],[177.493072,64.73885],[177.4933056,64.7389601]]}},{"type":"Feature","id":"osm-road-1435847959","properties":{"roadId":"osm-road-1435847959","osmId":1435847959,"highway":"service","name":null,"surface":null,"lanes":null,"maxspeed":null,"source":"OpenStreetMap"},"geometry":{"type":"LineString","coordinates":[[177.4965379,64.7382025],[177.495177,64.738301],[177.495277,64.7389019]]}},{"type":"Feature","id":"osm-road-1435847960","properties":{"roadId":"osm-road-1435847960","osmId":1435847960,"highway":"service","name":null,"surface":null,"lanes":null,"maxspeed":null,"source":"OpenStreetMap"},"geometry":{"type":"LineString","coordinates":[[177.4929224,64.738818],[177.4923699,64.7389446],[177.4917757,64.7388565],[177.4915068,64.7388166],[177.4915795,64.7386809],[177.4902986,64.73846],[177.4897989,64.7389484],[177.4898625,64.7392198]]}},{"type":"Feature","id":"osm-road-1435847961","properties":{"roadId":"osm-road-1435847961","osmId":1435847961,"highway":"service","name":null,"surface":null,"lanes":null,"maxspeed":null,"source":"OpenStreetMap"},"geometry":{"type":"LineString","coordinates":[[177.4917757,64.7388565],[177.4911616,64.739371]]}},{"type":"Feature","id":"osm-road-1447927355","properties":{"roadId":"osm-road-1447927355","osmId":1447927355,"highway":"residential","name":null,"surface":null,"lanes":null,"maxspeed":null,"source":"OpenStreetMap"},"geometry":{"type":"LineString","coordinates":[[177.501607,64.7332082],[177.5048589,64.732831],[177.5069953,64.7325697],[177.5074523,64.7324035]]}},{"type":"Feature","id":"osm-road-1459514281","properties":{"roadId":"osm-road-1459514281","osmId":1459514281,"highway":"service","name":null,"surface":null,"lanes":null,"maxspeed":null,"source":"OpenStreetMap"},"geometry":{"type":"LineString","coordinates":[[177.5322135,64.7291979],[177.5331429,64.7291958],[177.533446,64.7292118],[177.53369,64.7292863],[177.5339529,64.7293882],[177.5342077,64.7294534],[177.5344115,64.7295634],[177.5354388,64.7300156]]}},{"type":"Feature","id":"osm-road-1459514282","properties":{"roadId":"osm-road-1459514282","osmId":1459514282,"highway":"service","name":null,"surface":null,"lanes":null,"maxspeed":null,"source":"OpenStreetMap"},"geometry":{"type":"LineString","coordinates":[[177.5342077,64.7294534],[177.5344867,64.7293813],[177.5349453,64.7293149],[177.5350875,64.7293138],[177.5351733,64.7293218],[177.5353342,64.7293538],[177.5357875,64.729671]]}}]}
