{"type":"FeatureCollection","properties":{"cityId":"naryan-mar","cityName":"Нарьян-Мар","source":"OpenStreetMap via Overpass API","osmBaseTimestamp":"2026-08-31T14:46:06Z","generatedAt":"2026-08-31T14:48:09.278Z","attribution":"© OpenStreetMap contributors","license":"ODbL","layer":"map-context"},"features":[{"type":"Feature","id":"osm-context-38595470","properties":{"osmId":38595470,"kind":"waterway","landuse":null,"natural":null,"water":null,"waterway":"river","leisure":null,"amenity":null,"railway":null,"name":"Печора","source":"OpenStreetMap"},"geometry":{"type":"LineString","coordinates":[[52.5616836,67.6943673],[52.5758886,67.6941055],[52.5899648,67.6936995],[52.6019382,67.6934714],[52.609148,67.6931782],[52.61271,67.692885],[52.6151561,67.6925266],[52.6185035,67.6919239],[52.6221942,67.6909139],[52.62434,67.6903111],[52.6276874,67.6889589],[52.6340389,67.6860832],[52.6352405,67.6854803],[52.636292,67.6848448],[52.6378798,67.6838263],[52.6393389,67.6825552],[52.641871,67.6786193],[52.6424932,67.6779021],[52.6434374,67.6773071],[52.6454544,67.6765166],[52.6482868,67.6758808],[52.6537585,67.6753755],[52.6584215,67.6750047],[52.6607574,67.6748227],[52.6697444,67.6750739],[52.6857947,67.6764432],[52.7055358,67.6791164],[52.7186679,67.6809092],[52.7293109,67.6817893],[52.7354049,67.6816263],[52.7402972,67.6808114],[52.7457904,67.6796706],[52.7624415,67.6764758],[52.773342,67.6753674],[52.7838992,67.6750087],[52.8018978,67.6753091],[52.817266,67.6754488],[52.8267717,67.6754733],[52.8386163,67.6754244],[52.8437876,67.6752043],[52.8470278,67.6749435],[52.8531432,67.6742751],[52.8684211,67.6724247],[52.8850078,67.6696937],[52.9070897,67.6660052],[52.9233741,67.6633337],[52.934103,67.6619473],[52.9505825,67.6602999],[52.9585647,67.6595984],[52.9643154,67.6593701],[52.9702377,67.6593048],[52.977662,67.6593701],[52.9879617,67.6600878],[52.9931545,67.6606424],[52.999463,67.6612949],[53.0062007,67.6623877],[53.0169749,67.663881],[53.0331044,67.6656627],[53.0427646,67.6670684],[53.0467443,67.6676224],[53.0547593,67.6687543],[53.0704685,67.6721688],[53.072329,67.6726526],[53.0903577,67.6773397],[53.1054639,67.6815937],[53.1152916,67.6845922],[53.1202268,67.6864335],[53.1270504,67.6896269],[53.1347126,67.6947861],[53.1396246,67.6994813],[53.1421995,67.7033405],[53.1453323,67.7090874],[53.146448,67.7132868],[53.1494756,67.7243156],[53.1537671,67.7334237],[53.1604619,67.7408052],[53.1628534,67.7431804],[53.1816633,67.7516362],[53.1886157,67.7553218],[53.2020685,67.7619568],[53.2160611,67.7696568],[53.234948,67.7789651],[53.23812,67.780763],[53.2397741,67.781619],[53.2438629,67.7841848],[53.2607671,67.800089],[53.2601789,67.8031264],[53.2586103,67.8070521],[53.2530498,67.8294967],[53.2541656,67.8323792],[53.2567405,67.8348403],[53.2719755,67.843276],[53.2972525,67.8571733],[53.3077239,67.8614108],[53.3246326,67.8666178],[53.3458327,67.870789],[53.363943,67.8736988],[53.3816241,67.8763818],[53.4099483,67.8802281],[53.4413808,67.8855106],[53.4536595,67.8877863],[53.4709455,67.8904231],[53.5195541,67.8982551],[53.5358619,67.9005156],[53.5561179,67.9028727],[53.5916518,67.9058753],[53.6478709,67.9105236],[53.6633205,67.9126215],[53.6795425,67.9160423],[53.7074653,67.9228925],[53.7175655,67.9254631],[53.7270068,67.9282047],[53.7369632,67.9315265],[53.7591075,67.9402317],[53.7769603,67.9473225],[53.7824029,67.9492616],[53.7853717,67.9503193],[53.7958654,67.9527701],[53.8182448,67.9568272],[53.8458521,67.961604],[53.8633132,67.9662605],[53.8771793,67.9700814],[53.893271,67.9757633],[53.9111774,67.9827442],[53.9230917,67.9876568],[53.9352809,67.9916411],[53.9492572,67.9955732],[53.9614006,67.9988008],[53.9721235,68.0019593],[53.9801813,68.0046655],[53.9941119,68.0106565],[54.0145396,68.0204244],[54.0535926,68.0430289],[54.07402,68.0548362],[54.0997173,68.0718363],[54.1124724,68.0800665],[54.1334151,68.0943526],[54.1409682,68.1002758],[54.1456031,68.1054294],[54.1495513,68.1105179],[54.1528928,68.1171425],[54.1617392,68.1292618],[54.166374,68.1346326],[54.1806106,68.1512187],[54.1878317,68.1618512],[54.2103193,68.1928641],[54.2134093,68.2163192],[54.2144392,68.2198864],[54.2164992,68.2232619],[54.2179149,68.2258136],[54.2190741,68.2267643],[54.2247389,68.2293112],[54.233837,68.2319214],[54.2436217,68.234595],[54.2506416,68.2361219],[54.256615,68.2370482],[54.2654227,68.2384139],[54.2985533,68.2424867],[54.3143461,68.2452226],[54.3210409,68.2464315],[54.3292807,68.24834],[54.3522834,68.2549868],[54.358034,68.25699],[54.3608665,68.2581982],[54.3638705,68.2596925],[54.3673895,68.2615681],[54.3761015,68.267194],[54.3778684,68.2681616],[54.385414,68.2731999],[54.4061683,68.2894657],[54.4141127,68.2956889],[54.4167364,68.2980427],[54.4192278,68.3002775]]}},{"type":"Feature","id":"osm-context-75694980","properties":{"osmId":75694980,"kind":"area","landuse":null,"natural":"water","water":null,"waterway":null,"leisure":null,"amenity":null,"railway":null,"name":null,"source":"OpenStreetMap"},"geometry":{"type":"Polygon","coordinates":[[[53.0264302,67.6188534],[53.0271253,67.6186489],[53.0275044,67.6183001],[53.0285324,67.6180568],[53.0293345,67.6184443],[53.0303071,67.6183912],[53.0299054,67.6186369],[53.0286395,67.6189627],[53.0280983,67.6190636],[53.0273026,67.6189484],[53.0267034,67.6189058],[53.0264302,67.6188534]]]}},{"type":"Feature","id":"osm-context-75694981","properties":{"osmId":75694981,"kind":"area","landuse":null,"natural":"water","water":null,"waterway":null,"leisure":null,"amenity":null,"railway":null,"name":null,"source":"OpenStreetMap"},"geometry":{"type":"Polygon","coordinates":[[[53.1149184,67.6285558],[53.1143561,67.6288662],[53.1139233,67.6291957],[53.1135407,67.6294369],[53.1141602,67.6298119],[53.1153376,67.6303984],[53.1170186,67.630526],[53.1174249,67.6307173],[53.1171555,67.6309325],[53.1173154,67.6311091],[53.1177854,67.6311722],[53.1180866,67.6308856],[53.1176758,67.6307918],[53.1185602,67.6306214],[53.1199728,67.6295991],[53.1204788,67.6287297],[53.1195654,67.6283112],[53.1185042,67.6280684],[53.1164364,67.6277571],[53.116909,67.6274878],[53.1171615,67.6271966],[53.1175663,67.6269457],[53.1181093,67.6268959],[53.1190361,67.6266246],[53.1200282,67.6262973],[53.1201816,67.6260649],[53.1198075,67.6260241],[53.1194285,67.6262473],[53.1187165,67.6263933],[53.1180613,67.6263927],[53.1176749,67.6266103],[53.1172237,67.6267819],[53.116545,67.6270721],[53.1160875,67.6271386],[53.115345,67.6273469],[53.1146673,67.6276813],[53.1147593,67.6279985],[53.1153159,67.6281397],[53.1149184,67.6285558]]]}},{"type":"Feature","id":"osm-context-75694991","properties":{"osmId":75694991,"kind":"area","landuse":null,"natural":"water","water":"lake","waterway":null,"leisure":null,"amenity":null,"railway":null,"name":"Банное","source":"OpenStreetMap"},"geometry":{"type":"Polygon","coordinates":[[[53.1268514,67.6600331],[53.1267015,67.6601287],[53.1266425,67.6602633],[53.1267611,67.6605013],[53.1274965,67.6610821],[53.1276642,67.661092],[53.1278643,67.6611752],[53.1279511,67.6612484],[53.128126,67.6613005],[53.1285477,67.6613761],[53.1286648,67.6614694],[53.1292293,67.6615332],[53.1299391,67.6615639],[53.1308246,67.6615584],[53.1317988,67.6614838],[53.1321657,67.6615011],[53.1325443,67.6614253],[53.1336723,67.6611366],[53.1358394,67.6606048],[53.1363339,67.6604308],[53.1365641,67.6603213],[53.136802,67.6601777],[53.13697,67.6599371],[53.1368209,67.659684],[53.1366019,67.6594414],[53.1362545,67.6592276],[53.1355218,67.6590265],[53.1349155,67.6589615],[53.1343271,67.6589373],[53.1334053,67.6589261],[53.1324255,67.6590024],[53.1306839,67.6592065],[53.1291783,67.6594275],[53.1279405,67.659697],[53.1268514,67.6600331]]]}},{"type":"Feature","id":"osm-context-75694999","properties":{"osmId":75694999,"kind":"area","landuse":null,"natural":"water","water":null,"waterway":null,"leisure":null,"amenity":null,"railway":null,"name":null,"source":"OpenStreetMap"},"geometry":{"type":"Polygon","coordinates":[[[53.0624944,67.6118266],[53.0631114,67.611427],[53.0640987,67.6106514],[53.0662584,67.6097113],[53.0682946,67.6087946],[53.0695287,67.6087476],[53.069899,67.6082305],[53.072182,67.6084655],[53.0755141,67.6087711],[53.0765566,67.609648],[53.0770635,67.6111503],[53.076995,67.6121791],[53.0757493,67.6124979],[53.0738456,67.6123513],[53.0731076,67.6126491],[53.0722438,67.612857],[53.0685415,67.6130075],[53.065703,67.6129781],[53.0639164,67.61262],[53.0633582,67.6125081],[53.0624944,67.6118266]]]}},{"type":"Feature","id":"osm-context-75695001","properties":{"osmId":75695001,"kind":"area","landuse":null,"natural":"water","water":null,"waterway":null,"leisure":null,"amenity":null,"railway":null,"name":null,"source":"OpenStreetMap"},"geometry":{"type":"Polygon","coordinates":[[[52.9799122,67.6251358],[52.9801025,67.6252577],[52.9801729,67.6253599],[52.9803402,67.6254051],[52.9803824,67.6255013],[52.9805285,67.625629],[52.9806636,67.6256692],[52.9809651,67.6258407],[52.981282,67.6259814],[52.9813791,67.6262218],[52.9816511,67.6264466],[52.981819,67.6265242],[52.982083,67.6267303],[52.9823447,67.6268257],[52.9828664,67.626797],[52.9828294,67.6266118],[52.9830381,67.6265396],[52.9832062,67.6265556],[52.983171,67.6265288],[52.9829633,67.6264926],[52.9829562,67.6264686],[52.9831663,67.6263629],[52.9832942,67.6263533],[52.9833647,67.6262849],[52.9830513,67.6263081],[52.9833726,67.6261741],[52.9831701,67.6260987],[52.9830944,67.6260971],[52.9830698,67.6261574],[52.9830106,67.6261537],[52.9827795,67.6260993],[52.9827459,67.6260247],[52.9825804,67.6260046],[52.9823973,67.625924],[52.9822908,67.6257166],[52.9821605,67.6256027],[52.9820443,67.6255974],[52.9817908,67.6254325],[52.9816429,67.6254419],[52.9814479,67.6253517],[52.981143,67.6251551],[52.9809951,67.6249741],[52.9808545,67.6247997],[52.9806535,67.6247463],[52.9804638,67.6247446],[52.9801219,67.6247905],[52.9800796,67.6248736],[52.9798869,67.6249259],[52.9799122,67.6251358]]]}},{"type":"Feature","id":"osm-context-75695006","properties":{"osmId":75695006,"kind":"area","landuse":null,"natural":"water","water":null,"waterway":null,"leisure":null,"amenity":null,"railway":null,"name":"Пеляжье озеро","source":"OpenStreetMap"},"geometry":{"type":"Polygon","coordinates":[[[53.0014046,67.6042104],[53.0011601,67.6044562],[53.0011624,67.6048746],[53.0016406,67.6054066],[53.0015296,67.6055163],[53.0013418,67.6055488],[53.0008604,67.6053559],[52.9999543,67.6049926],[52.9993544,67.6051392],[52.9991649,67.6055185],[52.9996704,67.606024],[53.0004022,67.6063588],[53.0013078,67.6065595],[53.0020967,67.6065815],[53.0019034,67.6062036],[53.002122,67.6059571],[53.0027349,67.6060722],[53.0033671,67.6061482],[53.0041409,67.6063408],[53.0051569,67.6063287],[53.0062101,67.6061805],[53.0077582,67.6057713],[53.0081269,67.6056214],[53.0090139,67.605558],[53.0097993,67.6054383],[53.0100344,67.6053104],[53.0107285,67.6050369],[53.0107911,67.6052055],[53.0110506,67.6054372],[53.0105477,67.6056882],[53.0105699,67.6057953],[53.0106124,67.6058678],[53.0107703,67.6059798],[53.0116757,67.6061564],[53.0124881,67.6060191],[53.012642,67.6058395],[53.0123391,67.6053379],[53.0120578,67.6049106],[53.0118336,67.6042065],[53.0108543,67.6034843],[53.0090484,67.6029504],[53.0084226,67.6029318],[53.0082008,67.6028367],[53.0075818,67.6029212],[53.0072676,67.6029283],[53.0071633,67.60276],[53.0067476,67.6025953],[53.0059755,67.6027122],[53.0057153,67.6028579],[53.0057523,67.6029866],[53.0060664,67.6030726],[53.0067594,67.6031114],[53.0072687,67.6032073],[53.007323,67.6032944],[53.00681,67.6034902],[53.005166,67.6036],[53.0028294,67.6037811],[53.001964,67.6040056],[53.0014046,67.6042104]]]}},{"type":"Feature","id":"osm-context-75695014","properties":{"osmId":75695014,"kind":"area","landuse":null,"natural":"water","water":null,"waterway":null,"leisure":null,"amenity":null,"railway":null,"name":null,"source":"OpenStreetMap"},"geometry":{"type":"Polygon","coordinates":[[[53.1314788,67.637969],[53.1310345,67.6378519],[53.1312893,67.6374642],[53.1319527,67.6370916],[53.13239,67.6365479],[53.1336587,67.6363944],[53.1345433,67.6356371],[53.1345433,67.6345552],[53.1348193,67.6338579],[53.1374815,67.6332568],[53.1386814,67.6330583],[53.1401166,67.6332279],[53.1416201,67.6339781],[53.1421256,67.6344229],[53.1434353,67.6346323],[53.1442022,67.6346911],[53.145255,67.6348205],[53.1465486,67.6354448],[53.1472741,67.6357303],[53.1475856,67.6363956],[53.1482605,67.636504],[53.1484577,67.6368715],[53.1480651,67.6371036],[53.1479394,67.6374509],[53.1476632,67.6375223],[53.1470308,67.6374761],[53.1470857,67.6375964],[53.1477072,67.6379091],[53.1475821,67.6382842],[53.1471805,67.6386902],[53.1459168,67.6390508],[53.1438948,67.6392311],[53.1436266,67.6392027],[53.1432364,67.6389472],[53.1427259,67.6384859],[53.1416267,67.6383897],[53.1402301,67.6385219],[53.138221,67.6387796],[53.1375763,67.6391349],[53.1366385,67.6390979],[53.1354786,67.6391818],[53.1351752,67.6391229],[53.1348277,67.6388465],[53.1354279,67.6383296],[53.1351784,67.6380435],[53.1344251,67.637888],[53.1335008,67.6380532],[53.1328049,67.6382677],[53.1321294,67.6382492],[53.1314788,67.637969]]]}},{"type":"Feature","id":"osm-context-75695017","properties":{"osmId":75695017,"kind":"area","landuse":null,"natural":"water","water":null,"waterway":null,"leisure":null,"amenity":null,"railway":null,"name":null,"source":"OpenStreetMap"},"geometry":{"type":"Polygon","coordinates":[[[52.9701137,67.6225291],[52.9704274,67.6226616],[52.970761,67.6227761],[52.9715169,67.6230055],[52.9718666,67.6229803],[52.9719975,67.6229239],[52.9717707,67.622708],[52.9720934,67.6227413],[52.9724249,67.6229339],[52.9727675,67.6229934],[52.9731401,67.6228508],[52.9737796,67.6229354],[52.9744117,67.6226849],[52.9742566,67.6225653],[52.9734629,67.622552],[52.9730442,67.6224889],[52.9735152,67.6224158],[52.9736924,67.622359],[52.9728436,67.6222398],[52.9722808,67.6221598],[52.9717445,67.622097],[52.971509,67.6221325],[52.9712124,67.6222996],[52.9710031,67.6224391],[52.970785,67.6225719],[52.9701137,67.6225291]]]}},{"type":"Feature","id":"osm-context-75695018","properties":{"osmId":75695018,"kind":"area","landuse":null,"natural":"water","water":null,"waterway":null,"leisure":null,"amenity":null,"railway":null,"name":null,"source":"OpenStreetMap"},"geometry":{"type":"Polygon","coordinates":[[[53.1447145,67.6773205],[53.1458913,67.6758576],[53.145976,67.6757391],[53.1470637,67.6742169],[53.1488532,67.6734434],[53.149717,67.6725995],[53.1521235,67.6719666],[53.1553939,67.6716618],[53.1589728,67.6719197],[53.1603303,67.6726229],[53.161441,67.6727636],[53.1621197,67.6736778],[53.1629836,67.6737481],[53.163724,67.6731855],[53.1648964,67.6732558],[53.1655135,67.6738419],[53.1670561,67.6742638],[53.1684753,67.6742872],[53.1684753,67.6740294],[53.1675497,67.6737012],[53.1675497,67.6734434],[53.1685987,67.6734668],[53.1699562,67.6737012],[53.1717457,67.6733027],[53.1731649,67.672998],[53.1753246,67.6730449],[53.1760033,67.6734902],[53.1761267,67.6741231],[53.1753246,67.6746388],[53.1747075,67.6749435],[53.1739671,67.6749904],[53.1731649,67.6746154],[53.1727201,67.6746754],[53.1731308,67.6750234],[53.170793,67.6752514],[53.1705402,67.6749754],[53.1694345,67.6753834],[53.1688658,67.6752514],[53.1681392,67.6756114],[53.1679496,67.6760435],[53.1647903,67.6771835],[53.163653,67.6773755],[53.163337,67.6776875],[53.1621681,67.6781674],[53.1604305,67.6784074],[53.1597038,67.6781674],[53.1591668,67.6779514],[53.1585665,67.6779634],[53.1576503,67.6787554],[53.1566393,67.6789474],[53.1537012,67.6789594],[53.1526902,67.6787914],[53.1506367,67.6784914],[53.146498,67.6782394],[53.145487,67.6785634],[53.1445077,67.6786114],[53.1438442,67.6789234],[53.1425173,67.6787914],[53.1415063,67.6783954],[53.1413168,67.6778554],[53.1420434,67.6773755],[53.1433703,67.6772315],[53.1447145,67.6773205]]]}},{"type":"Feature","id":"osm-context-75695020","properties":{"osmId":75695020,"kind":"area","landuse":null,"natural":"water","water":null,"waterway":null,"leisure":null,"amenity":null,"railway":null,"name":null,"source":"OpenStreetMap"},"geometry":{"type":"Polygon","coordinates":[[[53.0733521,67.6443794],[53.073582,67.6439627],[53.0740048,67.6438377],[53.0739658,67.6437566],[53.0734881,67.6435786],[53.0737582,67.6430024],[53.0733915,67.6423665],[53.0746852,67.6419458],[53.0747737,67.6415854],[53.0750214,67.6414242],[53.0750381,67.6411353],[53.0753434,67.6408896],[53.0760375,67.6406239],[53.0769521,67.6402821],[53.0775446,67.6403421],[53.0778916,67.6405233],[53.0780515,67.6408192],[53.0780921,67.6411919],[53.0788018,67.6421712],[53.0797495,67.6426121],[53.081062,67.6427746],[53.0812499,67.642989],[53.0816022,67.6431007],[53.0824242,67.6431588],[53.0822376,67.6433129],[53.0820602,67.6436769],[53.0826003,67.6438645],[53.0823165,67.6440339],[53.0808159,67.6443493],[53.0801445,67.6449201],[53.0787357,67.6449854],[53.0773983,67.6447633],[53.0764666,67.6445754],[53.0760375,67.6443493],[53.0753786,67.6443513],[53.0749712,67.6445446],[53.0746858,67.6444719],[53.0742161,67.6441548],[53.0739476,67.6442734],[53.0733521,67.6443794]]]}},{"type":"Feature","id":"osm-context-75695024","properties":{"osmId":75695024,"kind":"area","landuse":null,"natural":"water","water":null,"waterway":null,"leisure":null,"amenity":null,"railway":null,"name":null,"source":"OpenStreetMap"},"geometry":{"type":"Polygon","coordinates":[[[53.1053104,67.6339352],[53.1051859,67.6339788],[53.1050237,67.6340049],[53.1049647,67.6340629],[53.1049991,67.6341621],[53.1051777,67.6342727],[53.1053589,67.6343458],[53.1056002,67.6343963],[53.1056847,67.6344209],[53.1057217,67.634446],[53.1057674,67.634446],[53.1057803,67.6344744],[53.1057703,67.6345068],[53.1060326,67.6346906],[53.1062499,67.6347679],[53.1064178,67.6347938],[53.1064507,67.6348078],[53.1067961,67.6348426],[53.1071343,67.6348567],[53.1074516,67.6348652],[53.1077167,67.6348809],[53.1078688,67.6349048],[53.1081876,67.6349094],[53.1083923,67.6348995],[53.1084765,67.6348831],[53.1087919,67.6348797],[53.108982,67.6348972],[53.109161,67.6348978],[53.1092741,67.6348903],[53.1093526,67.634871],[53.1094215,67.6348358],[53.1093911,67.634811],[53.1093973,67.6348013],[53.1094342,67.6348009],[53.1094423,67.6347795],[53.1094812,67.6347599],[53.1095323,67.6347571],[53.1095625,67.6347615],[53.1095768,67.6347689],[53.1096065,67.6347667],[53.1096144,67.6347559],[53.1095867,67.6347393],[53.1095946,67.6346908],[53.1095603,67.6346876],[53.1095399,67.6346755],[53.1094983,67.6346758],[53.109441,67.6346824],[53.1093909,67.6346612],[53.1093726,67.6346274],[53.1093136,67.6346097],[53.1092927,67.6345894],[53.1092975,67.6345692],[53.1092669,67.6345619],[53.1092862,67.6345429],[53.1092846,67.6345202],[53.1092524,67.6344957],[53.1091695,67.6344857],[53.1089721,67.6344347],[53.108727,67.6344093],[53.1087014,67.6344193],[53.1085876,67.6344166],[53.1084596,67.6343921],[53.1080127,67.6342473],[53.1070733,67.6338294],[53.1069997,67.6337655],[53.1069653,67.6336851],[53.1068719,67.6336178],[53.106697,67.6335671],[53.1064787,67.633571],[53.106004,67.6335746],[53.1057758,67.6336421],[53.1055005,67.6337637],[53.1053104,67.6339352]]]}},{"type":"Feature","id":"osm-context-75695026","properties":{"osmId":75695026,"kind":"area","landuse":null,"natural":"water","water":null,"waterway":null,"leisure":null,"amenity":null,"railway":null,"name":null,"source":"OpenStreetMap"},"geometry":{"type":"Polygon","coordinates":[[[53.1201934,67.6243773],[53.1201144,67.6239263],[53.1206278,67.6236707],[53.1209437,67.623385],[53.1205883,67.6229791],[53.1204698,67.6223026],[53.1208647,67.6221372],[53.1214176,67.6221522],[53.121931,67.6219417],[53.1230368,67.6218666],[53.1241425,67.6223026],[53.1245374,67.6223326],[53.1246954,67.6228137],[53.1248928,67.6232197],[53.1248928,67.6235955],[53.1244584,67.6239112],[53.1230762,67.623806],[53.1222469,67.6238361],[53.1213781,67.6240165],[53.1212597,67.624257],[53.1204698,67.6245426],[53.1201934,67.6243773]]]}},{"type":"Feature","id":"osm-context-75695027","properties":{"osmId":75695027,"kind":"area","landuse":null,"natural":"water","water":null,"waterway":null,"leisure":null,"amenity":null,"railway":null,"name":null,"source":"OpenStreetMap"},"geometry":{"type":"Polygon","coordinates":[[[53.0389094,67.6165196],[53.04011,67.6163391],[53.0405523,67.6160504],[53.0406154,67.6153045],[53.0410577,67.6149917],[53.0410577,67.6142818],[53.0412789,67.6138727],[53.0425742,67.6134516],[53.0437119,67.6134288],[53.0437747,67.6134275],[53.0449775,67.6135831],[53.0452205,67.6139241],[53.044708,67.6145493],[53.0434403,67.6154614],[53.0437488,67.6155683],[53.0451149,67.6154712],[53.0454898,67.6155405],[53.0452981,67.6156785],[53.0450607,67.6157704],[53.0445685,67.6158111],[53.0440564,67.6158285],[53.0436606,67.6157389],[53.0422371,67.6158527],[53.0420371,67.6160384],[53.0415316,67.6165798],[53.0406154,67.6169647],[53.0394781,67.6171211],[53.0385619,67.617073],[53.0385142,67.6170458],[53.038246,67.6168926],[53.0384671,67.616676],[53.0389094,67.6165196]]]}},{"type":"Feature","id":"osm-context-75695033","properties":{"osmId":75695033,"kind":"area","landuse":null,"natural":"water","water":null,"waterway":null,"leisure":null,"amenity":null,"railway":null,"name":null,"source":"OpenStreetMap"},"geometry":{"type":"Polygon","coordinates":[[[52.974157,67.6238516],[52.9741276,67.6239279],[52.9739955,67.6239845],[52.9740395,67.6240221],[52.9740122,67.6240994],[52.9739222,67.624123],[52.9738662,67.624307],[52.9736717,67.6244631],[52.9735052,67.6245595],[52.9734931,67.6246312],[52.9735843,67.624752],[52.9738319,67.6249091],[52.9741651,67.6251831],[52.974272,67.6252756],[52.974327,67.6253384],[52.9742032,67.6254274],[52.9741563,67.6255554],[52.9742032,67.6256368],[52.9742995,67.6257153],[52.9741757,67.6259274],[52.9739042,67.6260109],[52.9736947,67.6261146],[52.9733331,67.6262753],[52.9732398,67.6263936],[52.9732789,67.6266092],[52.9735086,67.6268278],[52.973935,67.6270215],[52.9741,67.6270529],[52.974374,67.6272322],[52.9749665,67.6274272],[52.9751155,67.6274642],[52.9751677,67.6274502],[52.9752325,67.6274631],[52.9753905,67.6276229],[52.9755677,67.6276957],[52.9757564,67.6277225],[52.9758662,67.6277418],[52.9760071,67.6277129],[52.9760815,67.6277288],[52.9761,67.6277451],[52.9761845,67.6277451],[52.9762803,67.627759],[52.9763789,67.627789],[52.9764183,67.627744],[52.9763789,67.6277032],[52.9763901,67.6276689],[52.9764042,67.6276346],[52.9764924,67.6276099],[52.976634,67.6276029],[52.9767672,67.6275785],[52.9769696,67.6274437],[52.9767605,67.6272909],[52.9764175,67.6272298],[52.9763644,67.6271715],[52.97648,67.6270794],[52.9761939,67.6268344],[52.9760574,67.626831],[52.9759903,67.6267862],[52.9760289,67.6267087],[52.9758473,67.6266334],[52.9757933,67.6264865],[52.9758473,67.6264051],[52.9760452,67.6262406],[52.9763189,67.6260619],[52.976335,67.625896],[52.9763075,67.62582],[52.9763488,67.6257598],[52.9764794,67.6256865],[52.9766241,67.6255364],[52.976672,67.6252572],[52.9765757,67.6250635],[52.9767232,67.6248966],[52.9768046,67.6248701],[52.9768871,67.6247256],[52.9768101,67.624623],[52.9765955,67.6245099],[52.976513,67.6244282],[52.9765196,67.6243452],[52.9765955,67.6242565],[52.9767275,67.6241413],[52.9765607,67.624008],[52.9762049,67.6239633],[52.9761059,67.6239067],[52.975843,67.6236997],[52.9751376,67.6236826],[52.974648,67.6237119],[52.9743729,67.6238188],[52.974157,67.6238516]]]}},{"type":"Feature","id":"osm-context-75695034","properties":{"osmId":75695034,"kind":"area","landuse":null,"natural":"water","water":null,"waterway":null,"leisure":null,"amenity":null,"railway":null,"name":null,"source":"OpenStreetMap"},"geometry":{"type":"Polygon","coordinates":[[[53.0054524,67.6147816],[53.0071308,67.6146124],[53.0087104,67.6148192],[53.0095496,67.615308],[53.010142,67.615872],[53.0121659,67.6159472],[53.0126596,67.6162667],[53.0126102,67.6166427],[53.0119191,67.6169435],[53.0110629,67.6168096],[53.0093759,67.6167895],[53.010142,67.6170562],[53.0107837,67.617451],[53.0107344,67.6178269],[53.0093949,67.617912],[53.0082235,67.617813],[53.0065456,67.6168405],[53.0053537,67.6165111],[53.0058473,67.6157592],[53.0058967,67.615402],[53.0051069,67.6151764],[53.0054524,67.6147816]]]}},{"type":"Feature","id":"osm-context-75695040","properties":{"osmId":75695040,"kind":"area","landuse":null,"natural":"water","water":null,"waterway":null,"leisure":null,"amenity":null,"railway":null,"name":"озеро Стартовое","source":"OpenStreetMap"},"geometry":{"type":"Polygon","coordinates":[[[52.9857133,67.6257871],[52.9872535,67.6253362],[52.9884382,67.6247649],[52.9905796,67.6245495],[52.9917555,67.6246446],[52.9926243,67.6247198],[52.9929007,67.6250656],[52.9927822,67.6253963],[52.9914395,67.6264636],[52.9921109,67.6267642],[52.9898599,67.6268093],[52.9889121,67.6268394],[52.9882013,67.6263133],[52.9862662,67.6262531],[52.9857133,67.6257871]]]}},{"type":"Feature","id":"osm-context-75695053","properties":{"osmId":75695053,"kind":"area","landuse":null,"natural":"water","water":null,"waterway":null,"leisure":null,"amenity":null,"railway":null,"name":null,"source":"OpenStreetMap"},"geometry":{"type":"Polygon","coordinates":[[[53.1234079,67.6321466],[53.1221513,67.6329771],[53.1221555,67.6338217],[53.1229981,67.6340321],[53.1227873,67.6343476],[53.1223134,67.6345279],[53.1222324,67.6347354],[53.1226293,67.6349337],[53.1238682,67.635297],[53.1251568,67.6352943],[53.126364,67.6349626],[53.1274352,67.635102],[53.1286661,67.6351714],[53.1296588,67.6353845],[53.1303929,67.6353262],[53.1314011,67.6351618],[53.1322898,67.6350075],[53.132976,67.6346031],[53.1331735,67.6339118],[53.132897,67.633461],[53.1311989,67.6330553],[53.1310805,67.632394],[53.1315228,67.6319898],[53.1310135,67.6318436],[53.1307151,67.6316773],[53.1300932,67.6309513],[53.1273508,67.6307916],[53.127498,67.6312494],[53.1275991,67.6315086],[53.1280791,67.6317177],[53.1269941,67.6320688],[53.1259503,67.6321247],[53.1250051,67.6319161],[53.1240807,67.6319281],[53.1234079,67.6321466]]]}},{"type":"Feature","id":"osm-context-75695056","properties":{"osmId":75695056,"kind":"area","landuse":null,"natural":"water","water":null,"waterway":null,"leisure":null,"amenity":null,"railway":null,"name":"Безымянное озеро","source":"OpenStreetMap"},"geometry":{"type":"Polygon","coordinates":[[[53.0342555,67.6254119],[53.0349534,67.6254125],[53.0356779,67.6253259],[53.0366299,67.6254638],[53.0367394,67.6253516],[53.0370798,67.6253338],[53.0380284,67.6252105],[53.0391067,67.6250598],[53.0399115,67.6250029],[53.0414824,67.6249058],[53.0434538,67.6249411],[53.0454268,67.6247793],[53.0468057,67.6243662],[53.048896,67.623716],[53.0511062,67.623164],[53.0515264,67.6226121],[53.0518408,67.6220923],[53.0525859,67.6217564],[53.0535716,67.6215768],[53.0541108,67.6212593],[53.0551943,67.6212197],[53.0577751,67.6205449],[53.0580655,67.620218],[53.0582087,67.619649],[53.0569145,67.6189326],[53.0561549,67.6190308],[53.0548026,67.6190664],[53.0536053,67.6192289],[53.0523287,67.6195825],[53.0520949,67.6195184],[53.0512464,67.6192577],[53.0504586,67.6191039],[53.0489381,67.6189017],[53.0472223,67.6188505],[53.0459643,67.6190428],[53.0455178,67.6192032],[53.0453054,67.61945],[53.0439592,67.6195977],[53.0432021,67.6199309],[53.0423629,67.6204572],[53.0424175,67.6206723],[53.0428083,67.6209285],[53.0429399,67.6211566],[53.0423629,67.6216976],[53.0417436,67.6219168],[53.0415731,67.6221111],[53.0409123,67.6227106],[53.0403957,67.622725],[53.0393173,67.6229976],[53.0378567,67.6235361],[53.0369753,67.6236807],[53.036731,67.6238988],[53.0361961,67.6241296],[53.0362002,67.6242837],[53.0357706,67.6243991],[53.0357874,67.6245146],[53.0355768,67.6246204],[53.0353325,67.6246172],[53.0351556,67.6247294],[53.0355094,67.624893],[53.0352904,67.624986],[53.034945,67.6249155],[53.0344976,67.625176],[53.0342555,67.6254119]]]}},{"type":"Feature","id":"osm-context-75695059","properties":{"osmId":75695059,"kind":"area","landuse":null,"natural":"water","water":null,"waterway":null,"leisure":null,"amenity":null,"railway":null,"name":null,"source":"OpenStreetMap"},"geometry":{"type":"Polygon","coordinates":[[[52.975238,67.6181638],[52.9760278,67.6177066],[52.9771019,67.6176465],[52.9773231,67.6172495],[52.977955,67.6176104],[52.9791871,67.6177307],[52.9792503,67.6181638],[52.9787448,67.6183442],[52.9785868,67.6187292],[52.9790607,67.6189818],[52.9797242,67.619054],[52.9799769,67.6195953],[52.9806719,67.6196795],[52.9801665,67.6205095],[52.980356,67.6206779],[52.9808299,67.62075],[52.9808931,67.6210026],[52.9804508,67.6212432],[52.9799769,67.6212552],[52.9794398,67.6206658],[52.9787764,67.6206298],[52.9781761,67.6202328],[52.9782393,67.6193667],[52.9778286,67.6189337],[52.9770388,67.6185006],[52.9755539,67.6185126],[52.9751116,67.6184044],[52.975238,67.6181638]]]}},{"type":"Feature","id":"osm-context-75695063","properties":{"osmId":75695063,"kind":"area","landuse":null,"natural":"water","water":null,"waterway":null,"leisure":null,"amenity":null,"railway":null,"name":null,"source":"OpenStreetMap"},"geometry":{"type":"Polygon","coordinates":[[[52.9522044,67.6208043],[52.9520275,67.6211699],[52.9521629,67.6213507],[52.9527366,67.621541],[52.9541123,67.621833],[52.9561674,67.6216583],[52.957281,67.6217156],[52.9581519,67.6217993],[52.9589506,67.6217469],[52.9601406,67.6215356],[52.9602562,67.6213558],[52.9606314,67.6214847],[52.9609644,67.6213485],[52.9611248,67.621062],[52.9618403,67.6208788],[52.9617539,67.6207473],[52.9607743,67.6209272],[52.9604957,67.6208037],[52.9599558,67.620703],[52.9592307,67.6206407],[52.9579792,67.620536],[52.9572448,67.6205564],[52.9564595,67.6204565],[52.9555491,67.6203387],[52.9547066,67.620429],[52.9544256,67.6204989],[52.9534151,67.6205266],[52.9524731,67.6206266],[52.9522044,67.6208043]]]}},{"type":"Feature","id":"osm-context-75695067","properties":{"osmId":75695067,"kind":"area","landuse":null,"natural":"water","water":null,"waterway":null,"leisure":null,"amenity":null,"railway":null,"name":null,"source":"OpenStreetMap"},"geometry":{"type":"Polygon","coordinates":[[[53.0204934,67.6205616],[53.0202756,67.6203629],[53.0203143,67.6201471],[53.0199665,67.6200883],[53.0197804,67.6200059],[53.020087,67.6198626],[53.0211542,67.6196955],[53.0223535,67.6197507],[53.022684,67.6197352],[53.0224014,67.6200631],[53.0215552,67.6201779],[53.0205847,67.6204512],[53.0206322,67.6205843],[53.0208938,67.6207993],[53.020822,67.6209656],[53.0200905,67.6211314],[53.0201762,67.6209625],[53.0201328,67.6208044],[53.0204934,67.6205616]]]}},{"type":"Feature","id":"osm-context-75695073","properties":{"osmId":75695073,"kind":"area","landuse":null,"natural":"water","water":null,"waterway":null,"leisure":null,"amenity":null,"railway":null,"name":"озеро Муркино","source":"OpenStreetMap"},"geometry":{"type":"Polygon","coordinates":[[[52.9850761,67.6236089],[52.9850761,67.623212],[52.9855184,67.6228872],[52.9861186,67.6227429],[52.9867505,67.622334],[52.9873407,67.6220771],[52.9890346,67.6218538],[52.9913433,67.6217694],[52.9931323,67.621937],[52.9955296,67.6224826],[52.9959756,67.622791],[52.9958493,67.6234164],[52.9959756,67.6238975],[52.9953122,67.6239336],[52.994396,67.6237291],[52.9932902,67.6237412],[52.9921529,67.6238975],[52.990668,67.6238975],[52.9897834,67.6237532],[52.9884565,67.6237893],[52.9879194,67.6239697],[52.9865609,67.6240659],[52.9856132,67.6239095],[52.9850761,67.6236089]]]}},{"type":"Feature","id":"osm-context-86291895","properties":{"osmId":86291895,"kind":"area","landuse":null,"natural":"water","water":null,"waterway":null,"leisure":null,"amenity":null,"railway":null,"name":null,"source":"OpenStreetMap"},"geometry":{"type":"Polygon","coordinates":[[[53.1064728,67.6748423],[53.1065089,67.6749838],[53.1066519,67.6751802],[53.1068885,67.6753787],[53.1071361,67.6755459],[53.1074056,67.6756358],[53.1075231,67.6756641],[53.1076006,67.6756628],[53.1076605,67.6756561],[53.1077731,67.6756828],[53.1078647,67.6756802],[53.1080196,67.6756681],[53.1081428,67.6756895],[53.1082837,67.6756909],[53.1083858,67.6756748],[53.108678,67.6755852],[53.1088048,67.6755571],[53.1088963,67.6755504],[53.1090547,67.6754916],[53.1092554,67.6754755],[53.1094139,67.6754461],[53.1095089,67.6754154],[53.1095688,67.6753752],[53.1096533,67.6752295],[53.1096885,67.675073],[53.1096885,67.6749526],[53.1098223,67.6748082],[53.1099033,67.6746878],[53.109935,67.6745821],[53.1099772,67.6745353],[53.109935,67.6744751],[53.1099878,67.6744016],[53.1100828,67.6743307],[53.1100969,67.6742865],[53.1100265,67.6742504],[53.1097554,67.6742116],[53.1094244,67.6741916],[53.1088752,67.6741889],[53.108178,67.6742384],[53.107671,67.6743106],[53.1071851,67.6744283],[53.1069774,67.6744845],[53.1069281,67.6745567],[53.1068366,67.674649],[53.1067802,67.6746704],[53.106664,67.6746784],[53.1066711,67.6747145],[53.1067168,67.6747306],[53.106664,67.6747506],[53.1065654,67.6747413],[53.1064915,67.6747627],[53.1064728,67.6748423]]]}},{"type":"Feature","id":"osm-context-86291899","properties":{"osmId":86291899,"kind":"area","landuse":null,"natural":null,"water":null,"waterway":null,"leisure":null,"amenity":"hospital","railway":null,"name":"Поликлиника п. Искателей","source":"OpenStreetMap"},"geometry":{"type":"Polygon","coordinates":[[[53.1243213,67.6769765],[53.1241205,67.6770979],[53.1249993,67.6773075],[53.1252001,67.6771861],[53.1243213,67.6769765]]]}},{"type":"Feature","id":"osm-context-86291923","properties":{"osmId":86291923,"kind":"area","landuse":null,"natural":"water","water":null,"waterway":null,"leisure":null,"amenity":null,"railway":null,"name":null,"source":"OpenStreetMap"},"geometry":{"type":"Polygon","coordinates":[[[53.1304833,67.6807606],[53.130442,67.6809277],[53.1306552,67.6811941],[53.1309302,67.6813534],[53.1310128,67.6817582],[53.131446,67.6817634],[53.132003,67.6816511],[53.1322506,67.6816746],[53.1325188,67.6816145],[53.1327526,67.6816197],[53.1331927,67.681497],[53.1335847,67.6813638],[53.133736,67.6812776],[53.1342311,67.6811418],[53.1348363,67.6809747],[53.1350701,67.6808807],[53.1352764,67.6807658],[53.1355858,67.6805568],[53.1357715,67.680374],[53.1357096,67.6801938],[53.1355583,67.6801364],[53.1353589,67.6801442],[53.135242,67.6801468],[53.1350495,67.6800868],[53.1348019,67.6800789],[53.1344168,67.6801442],[53.1338598,67.680267],[53.1333165,67.6803584],[53.1326426,67.6803871],[53.1318517,67.6804681],[53.1309715,67.6805908],[53.1305245,67.6807135],[53.1304833,67.6807606]]]}},{"type":"Feature","id":"osm-context-86291970","properties":{"osmId":86291970,"kind":"area","landuse":"industrial","natural":null,"water":null,"waterway":null,"leisure":null,"amenity":null,"railway":null,"name":null,"source":"OpenStreetMap"},"geometry":{"type":"Polygon","coordinates":[[[53.1153828,67.6750555],[53.1160498,67.6746356],[53.1155588,67.6745231],[53.1153287,67.6746679],[53.1154335,67.6746919],[53.1149965,67.6749669],[53.1153828,67.6750555]]]}},{"type":"Feature","id":"osm-context-86292062","properties":{"osmId":86292062,"kind":"area","landuse":null,"natural":null,"water":null,"waterway":null,"leisure":null,"amenity":"kindergarten","railway":null,"name":null,"source":"OpenStreetMap"},"geometry":{"type":"Polygon","coordinates":[[[53.1158415,67.6653064],[53.1154035,67.6653882],[53.1157864,67.6656842],[53.1159466,67.6656543],[53.1159862,67.6656849],[53.1161671,67.6656512],[53.1161275,67.6656205],[53.1162244,67.6656024],[53.1158415,67.6653064]]]}},{"type":"Feature","id":"osm-context-86292063","properties":{"osmId":86292063,"kind":"area","landuse":null,"natural":null,"water":null,"waterway":null,"leisure":null,"amenity":"kindergarten","railway":null,"name":null,"source":"OpenStreetMap"},"geometry":{"type":"Polygon","coordinates":[[[53.1302185,67.6738193],[53.1299483,67.6739548],[53.1309521,67.6742434],[53.130696,67.6743719],[53.1309267,67.6744383],[53.1314528,67.6741744],[53.1302185,67.6738193]]]}},{"type":"Feature","id":"osm-context-86292137","properties":{"osmId":86292137,"kind":"waterway","landuse":null,"natural":null,"water":null,"waterway":"river","leisure":null,"amenity":null,"railway":null,"name":null,"source":"OpenStreetMap"},"geometry":{"type":"LineString","coordinates":[[53.0971237,67.6697986],[53.0966714,67.6697555]]}},{"type":"Feature","id":"osm-context-86292184","properties":{"osmId":86292184,"kind":"area","landuse":null,"natural":null,"water":null,"waterway":null,"leisure":null,"amenity":"kindergarten","railway":null,"name":null,"source":"OpenStreetMap"},"geometry":{"type":"Polygon","coordinates":[[[53.1144729,67.6655828],[53.1140742,67.6656538],[53.1144395,67.6659499],[53.1148382,67.6658788],[53.1144729,67.6655828]]]}},{"type":"Feature","id":"osm-context-86292211","properties":{"osmId":86292211,"kind":"area","landuse":"industrial","natural":null,"water":null,"waterway":null,"leisure":null,"amenity":null,"railway":null,"name":null,"source":"OpenStreetMap"},"geometry":{"type":"Polygon","coordinates":[[[53.1344223,67.6766453],[53.1351264,67.6768376],[53.1353951,67.6766956],[53.1346336,67.6764877],[53.1344897,67.6765637],[53.1345471,67.6765794],[53.1344223,67.6766453]]]}},{"type":"Feature","id":"osm-context-86292238","properties":{"osmId":86292238,"kind":"area","landuse":null,"natural":null,"water":null,"waterway":null,"leisure":null,"amenity":"parking","railway":null,"name":null,"source":"OpenStreetMap"},"geometry":{"type":"Polygon","coordinates":[[[53.1290958,67.6723192],[53.1288385,67.6724259],[53.1291974,67.6725507],[53.1292207,67.6725588],[53.1292511,67.6725694],[53.1295331,67.6724525],[53.129834,67.6723277],[53.1294214,67.6721841],[53.1293686,67.672206],[53.1289943,67.6720757],[53.1289124,67.6721097],[53.1288593,67.6721317],[53.1288244,67.6721462],[53.1287214,67.6721889],[53.1290958,67.6723192]]]}},{"type":"Feature","id":"osm-context-86293659","properties":{"osmId":86293659,"kind":"waterway","landuse":null,"natural":null,"water":null,"waterway":"stream","leisure":null,"amenity":null,"railway":null,"name":null,"source":"OpenStreetMap"},"geometry":{"type":"LineString","coordinates":[[53.091206,67.6371098],[53.0917835,67.637035],[53.0921583,67.6370327],[53.0923734,67.6370218]]}},{"type":"Feature","id":"osm-context-86293688","properties":{"osmId":86293688,"kind":"area","landuse":null,"natural":null,"water":null,"waterway":null,"leisure":null,"amenity":"kindergarten","railway":null,"name":"Кораблик","source":"OpenStreetMap"},"geometry":{"type":"Polygon","coordinates":[[[53.0016447,67.6377827],[53.0014449,67.6379516],[53.0022361,67.6380871],[53.0024359,67.6379182],[53.0016447,67.6377827]]]}},{"type":"Feature","id":"osm-context-86293775","properties":{"osmId":86293775,"kind":"area","landuse":null,"natural":"water","water":null,"waterway":null,"leisure":null,"amenity":null,"railway":null,"name":"Банное озеро","source":"OpenStreetMap"},"geometry":{"type":"Polygon","coordinates":[[[53.0593108,67.6384736],[53.0594088,67.6384693],[53.0594579,67.6384485],[53.0596435,67.6384055],[53.0597316,67.6384043],[53.0598732,67.6383384],[53.059804,67.6383181],[53.0597662,67.6383301],[53.059719,67.6383193],[53.0597159,67.6382822],[53.0596498,67.6382271],[53.0595837,67.6381577],[53.0594957,67.6380739],[53.0594453,67.6379937],[53.0594485,67.637898],[53.0594799,67.6378561],[53.0594076,67.637807],[53.0594202,67.6377412],[53.0594579,67.6377304],[53.0594202,67.6376694],[53.0593195,67.6376837],[53.0592629,67.6376574],[53.0591905,67.6375736],[53.0591748,67.6374838],[53.0592188,67.6374348],[53.0594308,67.6373215],[53.0592318,67.6373321],[53.0591685,67.6372708],[53.0589986,67.6371451],[53.0588665,67.6369632],[53.0588161,67.6368602],[53.0588665,67.6368423],[53.0588507,67.6366568],[53.0588696,67.6366053],[53.0589231,67.6365909],[53.0589514,67.6365718],[53.0588979,67.636555],[53.0588916,67.6365215],[53.0589546,67.6364078],[53.0589231,67.6363731],[53.058857,67.6363803],[53.0588099,67.6362857],[53.0588445,67.6360966],[53.0588161,67.6360068],[53.0585676,67.635862],[53.0585059,67.6357691],[53.058012,67.6357104],[53.0576408,67.6356733],[53.0574143,67.6356123],[53.0571123,67.6355584],[53.0568669,67.6355584],[53.056439,67.6354866],[53.0561936,67.6355931],[53.0561936,67.6356314],[53.0561119,67.6356398],[53.0560772,67.6356182],[53.0559703,67.6356015],[53.0558382,67.6355668],[53.0557438,67.6354878],[53.0556777,67.6354566],[53.0555047,67.6354351],[53.0553443,67.6354519],[53.0552247,67.6355021],[53.0551209,67.6355069],[53.0551555,67.6355512],[53.0550517,67.6356015],[53.0551775,67.6355787],[53.0552499,67.6355476],[53.0553096,67.6355548],[53.0554638,67.6355093],[53.0555456,67.6355045],[53.0556148,67.63555],[53.055706,67.635629],[53.0558224,67.6356913],[53.0559577,67.6357463],[53.0561874,67.6357882],[53.0563981,67.635781],[53.0564705,67.6358181],[53.0564485,67.6358971],[53.0563478,67.6359821],[53.0560206,67.6361401],[53.0555865,67.6362778],[53.0554072,67.6363879],[53.0552687,67.6365375],[53.0552813,67.6366201],[53.0554669,67.6367889],[53.0558539,67.6370115],[53.0563069,67.637215],[53.0564013,67.6373131],[53.0566183,67.6374975],[53.0567914,67.6375741],[53.0574363,67.6377704],[53.0577068,67.6377548],[53.0578767,67.6377333],[53.0579459,67.6377428],[53.0579928,67.6377699],[53.0579986,67.6377937],[53.0579797,67.6378194],[53.0579557,67.6378548],[53.0581664,67.6379418],[53.0583892,67.637971],[53.0587502,67.6381288],[53.0588577,67.6381522],[53.0589883,67.6382282],[53.0590958,67.6382253],[53.0592648,67.6383451],[53.0593108,67.6384736]]]}},{"type":"Feature","id":"osm-context-86293800","properties":{"osmId":86293800,"kind":"waterway","landuse":null,"natural":null,"water":null,"waterway":"stream","leisure":null,"amenity":null,"railway":null,"name":null,"source":"OpenStreetMap"},"geometry":{"type":"LineString","coordinates":[[53.0800171,67.637935],[53.0805701,67.6376849],[53.0818235,67.6373366],[53.0833842,67.6370584],[53.0841891,67.6369275],[53.0843181,67.636876],[53.0846008,67.6368457],[53.0853135,67.6368737],[53.0861491,67.6369602],[53.0865117,67.6369509],[53.0870647,67.6370748],[53.087716,67.6371309],[53.0880539,67.6370981],[53.0887052,67.6371355],[53.088865,67.6371519],[53.0890554,67.6372851],[53.089252,67.6373366],[53.0897129,67.6373109]]}},{"type":"Feature","id":"osm-context-86293892","properties":{"osmId":86293892,"kind":"area","landuse":null,"natural":null,"water":null,"waterway":null,"leisure":null,"amenity":"kindergarten","railway":null,"name":"Аннушка","source":"OpenStreetMap"},"geometry":{"type":"Polygon","coordinates":[[[52.9912246,67.6344421],[52.9915836,67.6347295],[52.992009,67.6350701],[52.9921155,67.6351554],[52.9925331,67.6350781],[52.9927552,67.6350402],[52.9928355,67.635024],[52.9936853,67.6343647],[52.9918212,67.6340486],[52.9917837,67.6340422],[52.9912246,67.6344421]]]}},{"type":"Feature","id":"osm-context-86294017","properties":{"osmId":86294017,"kind":"waterway","landuse":null,"natural":null,"water":null,"waterway":"stream","leisure":null,"amenity":null,"railway":null,"name":null,"source":"OpenStreetMap"},"geometry":{"type":"LineString","coordinates":[[53.0897129,67.6373109],[53.091206,67.6371098]]}},{"type":"Feature","id":"osm-context-86294025","properties":{"osmId":86294025,"kind":"area","landuse":null,"natural":null,"water":null,"waterway":null,"leisure":null,"amenity":"school","railway":null,"name":null,"source":"OpenStreetMap"},"geometry":{"type":"Polygon","coordinates":[[[52.9973405,67.6371656],[52.9982896,67.6373485],[52.9982626,67.6373688],[52.9990654,67.6375235],[52.9990881,67.6375065],[52.9991483,67.6374612],[52.9991984,67.6374236],[52.9991767,67.6374195],[52.9984698,67.6372832],[52.9984858,67.6372712],[52.9974623,67.637074],[52.9973405,67.6371656]]]}},{"type":"Feature","id":"osm-context-86294040","properties":{"osmId":86294040,"kind":"area","landuse":null,"natural":null,"water":null,"waterway":null,"leisure":null,"amenity":"school","railway":null,"name":"МБОУ СОШ № 1","source":"OpenStreetMap"},"geometry":{"type":"Polygon","coordinates":[[[52.9984753,67.6388475],[52.9982401,67.6388095],[52.9982852,67.6387692],[52.9975788,67.638655],[52.9973426,67.6388665],[52.9980299,67.6389776],[52.9980888,67.6389249],[52.9983611,67.6389688],[52.998176,67.6391347],[52.9983876,67.6391689],[52.9985784,67.6391997],[52.9987682,67.6390296],[52.9990117,67.6390689],[52.9993274,67.638786],[52.9989036,67.6387175],[52.9987375,67.6388664],[52.9984974,67.6388276],[52.9984753,67.6388475]]]}},{"type":"Feature","id":"osm-context-86294057","properties":{"osmId":86294057,"kind":"area","landuse":null,"natural":"water","water":null,"waterway":null,"leisure":null,"amenity":null,"railway":null,"name":null,"source":"OpenStreetMap"},"geometry":{"type":"Polygon","coordinates":[[[53.0340896,67.643644],[53.0341918,67.6437412],[53.0342822,67.6438624],[53.034357,67.6439012],[53.0343609,67.6439341],[53.0345025,67.643988],[53.0346951,67.6441271],[53.0348957,67.64416],[53.0349861,67.6441824],[53.0351592,67.6441645],[53.0352103,67.644178],[53.0352575,67.644172],[53.0353676,67.6441884],[53.0354934,67.6441645],[53.0355603,67.6441809],[53.0357187,67.6441676],[53.0357726,67.6441421],[53.0358985,67.6440732],[53.0359299,67.6440403],[53.0359063,67.6439147],[53.0357726,67.6439282],[53.0356468,67.6438728],[53.0356311,67.6438235],[53.0355249,67.6437861],[53.0354934,67.6437591],[53.0350255,67.6437232],[53.0347502,67.6437098],[53.0344828,67.6436784],[53.0343452,67.6436215],[53.0342272,67.6436066],[53.0341131,67.6436126],[53.0340896,67.643644]]]}},{"type":"Feature","id":"osm-context-86295923","properties":{"osmId":86295923,"kind":"area","landuse":"garages","natural":null,"water":null,"waterway":null,"leisure":null,"amenity":null,"railway":null,"name":"Лодочный кооператив \"Печора\"","source":"OpenStreetMap"},"geometry":{"type":"Polygon","coordinates":[[[52.9767849,67.6329901],[52.976738,67.6330605],[52.9778706,67.6331698],[52.9779175,67.6330993],[52.9767849,67.6329901]]]}},{"type":"Feature","id":"osm-context-86295930","properties":{"osmId":86295930,"kind":"area","landuse":"garages","natural":null,"water":null,"waterway":null,"leisure":null,"amenity":null,"railway":null,"name":"Лодочный кооператив","source":"OpenStreetMap"},"geometry":{"type":"Polygon","coordinates":[[[52.9754818,67.6328512],[52.9754323,67.6329217],[52.9765491,67.6330354],[52.9765986,67.6329649],[52.9754818,67.6328512]]]}},{"type":"Feature","id":"osm-context-86295937","properties":{"osmId":86295937,"kind":"area","landuse":"garages","natural":null,"water":null,"waterway":null,"leisure":null,"amenity":null,"railway":null,"name":"Лодочный кооператив \"Залив\"","source":"OpenStreetMap"},"geometry":{"type":"Polygon","coordinates":[[[52.974217,67.6327522],[52.9741752,67.6328137],[52.9752095,67.6329155],[52.9752513,67.6328539],[52.974217,67.6327522]]]}},{"type":"Feature","id":"osm-context-86295940","properties":{"osmId":86295940,"kind":"area","landuse":null,"natural":"water","water":null,"waterway":null,"leisure":null,"amenity":null,"railway":null,"name":null,"source":"OpenStreetMap"},"geometry":{"type":"Polygon","coordinates":[[[52.9847036,67.6327458],[52.9848695,67.6328043],[52.9849432,67.6328931],[52.9849248,67.6329773],[52.9850108,67.6330942],[52.9851091,67.6332017],[52.9853303,67.6332321],[52.9854286,67.6332134],[52.9857665,67.6332017],[52.9861782,67.6331433],[52.9863626,67.6330451],[52.9864854,67.6329586],[52.9864732,67.6328276],[52.9863318,67.6326944],[52.9860861,67.6326149],[52.9859079,67.6326032],[52.9857358,67.6325774],[52.9854163,67.6325915],[52.9850845,67.632664],[52.9849493,67.6327294],[52.9848449,67.6327505],[52.9847036,67.6327458]]]}},{"type":"Feature","id":"osm-context-86295945","properties":{"osmId":86295945,"kind":"area","landuse":"garages","natural":null,"water":null,"waterway":null,"leisure":null,"amenity":null,"railway":null,"name":"Лодочный кооператив \"Залив\"","source":"OpenStreetMap"},"geometry":{"type":"Polygon","coordinates":[[[52.9741322,67.6328825],[52.9741008,67.63293],[52.9751468,67.6330302],[52.9751783,67.6329827],[52.9741322,67.6328825]]]}},{"type":"Feature","id":"osm-context-86295962","properties":{"osmId":86295962,"kind":"area","landuse":null,"natural":null,"water":null,"waterway":null,"leisure":null,"amenity":"kindergarten","railway":null,"name":null,"source":"OpenStreetMap"},"geometry":{"type":"Polygon","coordinates":[[[52.9816648,67.6360109],[52.9824759,67.6358775],[52.9821321,67.6355749],[52.9817076,67.6356447],[52.9819595,67.6358665],[52.9815728,67.63593],[52.9816648,67.6360109]]]}},{"type":"Feature","id":"osm-context-86295963","properties":{"osmId":86295963,"kind":"area","landuse":"garages","natural":null,"water":null,"waterway":null,"leisure":null,"amenity":null,"railway":null,"name":"Лодочный кооператив","source":"OpenStreetMap"},"geometry":{"type":"Polygon","coordinates":[[[52.9777831,67.633244],[52.9754552,67.633018],[52.9754323,67.6330521],[52.9777603,67.6332781],[52.9777831,67.633244]]]}},{"type":"Feature","id":"osm-context-87217020","properties":{"osmId":87217020,"kind":"area","landuse":null,"natural":"wood","water":null,"waterway":null,"leisure":null,"amenity":null,"railway":null,"name":null,"source":"OpenStreetMap"},"geometry":{"type":"Polygon","coordinates":[[[52.956733,67.6311212],[52.9567358,67.6311447],[52.9567584,67.6311597],[52.9568372,67.6311619],[52.9568795,67.6311254],[52.9568203,67.6311072],[52.956733,67.6311212]]]}},{"type":"Feature","id":"osm-context-87217047","properties":{"osmId":87217047,"kind":"area","landuse":null,"natural":"water","water":null,"waterway":null,"leisure":null,"amenity":null,"railway":null,"name":null,"source":"OpenStreetMap"},"geometry":{"type":"Polygon","coordinates":[[[52.9654898,67.6332399],[52.9654532,67.6332035],[52.9654532,67.6331649],[52.9654926,67.6331424],[52.9655996,67.6331413],[52.9656729,67.6331788],[52.9656841,67.633212],[52.9656363,67.633241],[52.9655687,67.6332485],[52.9654898,67.6332399]]]}},{"type":"Feature","id":"osm-context-87217056","properties":{"osmId":87217056,"kind":"area","landuse":null,"natural":"wood","water":null,"waterway":null,"leisure":null,"amenity":null,"railway":null,"name":null,"source":"OpenStreetMap"},"geometry":{"type":"Polygon","coordinates":[[[52.9595047,67.6303706],[52.9594061,67.6304014],[52.9594589,67.6304282],[52.9595539,67.6304296],[52.9596384,67.6304068],[52.9595927,67.6303599],[52.9595047,67.6303706]]]}},{"type":"Feature","id":"osm-context-87217089","properties":{"osmId":87217089,"kind":"area","landuse":null,"natural":"wood","water":null,"waterway":null,"leisure":null,"amenity":null,"railway":null,"name":null,"source":"OpenStreetMap"},"geometry":{"type":"Polygon","coordinates":[[[52.9589399,67.6314762],[52.9588695,67.6315057],[52.9587463,67.6315044],[52.9586583,67.6315191],[52.9586406,67.6315593],[52.9586935,67.6316009],[52.9587744,67.6316076],[52.9588589,67.6315942],[52.958954,67.6315968],[52.9590561,67.6316196],[52.9591934,67.6315928],[52.9592885,67.6315419],[52.9592005,67.6314803],[52.9591301,67.6314803],[52.9590033,67.6314602],[52.9589399,67.6314762]]]}},{"type":"Feature","id":"osm-context-87217126","properties":{"osmId":87217126,"kind":"area","landuse":null,"natural":"wood","water":null,"waterway":null,"leisure":null,"amenity":null,"railway":null,"name":null,"source":"OpenStreetMap"},"geometry":{"type":"Polygon","coordinates":[[[52.9577848,67.6345262],[52.9578623,67.634486],[52.9579257,67.6344807],[52.9580208,67.6345048],[52.9580489,67.6345544],[52.9579398,67.6345624],[52.9578799,67.634545],[52.9577848,67.6345262]]]}},{"type":"Feature","id":"osm-context-87217141","properties":{"osmId":87217141,"kind":"area","landuse":null,"natural":"water","water":null,"waterway":null,"leisure":null,"amenity":null,"railway":null,"name":null,"source":"OpenStreetMap"},"geometry":{"type":"Polygon","coordinates":[[[52.947473,67.6324947],[52.9474867,67.6324004],[52.9475555,67.6323376],[52.9475348,67.632246],[52.9476036,67.6322016],[52.94792,67.6321466],[52.9482225,67.6320629],[52.9484701,67.6319817],[52.9485801,67.6318221],[52.9486764,67.6317174],[52.9488896,67.6316546],[52.9491647,67.6315839],[52.9495979,67.6314034],[52.9497423,67.6313563],[52.9498248,67.6313589],[52.9500243,67.631406],[52.9502512,67.6313981],[52.95043,67.6313379],[52.950595,67.6312725],[52.9507532,67.6312333],[52.9507876,67.6311705],[52.9507876,67.6310972],[52.9509733,67.6311155],[52.9511589,67.6310867],[52.9513033,67.6311652],[52.9511452,67.6312333],[52.9511314,67.6313118],[52.950987,67.6313903],[52.9507119,67.6314924],[52.950485,67.6315525],[52.9501755,67.6316127],[52.9499761,67.6316939],[52.9498248,67.6318142],[52.9497217,67.6318273],[52.9495429,67.631898],[52.9493366,67.6320472],[52.9491303,67.6321545],[52.9489308,67.6322251],[52.9484357,67.6323141],[52.9482157,67.6324528],[52.9479475,67.6325365],[52.9476036,67.6325234],[52.947473,67.6324947]]]}},{"type":"Feature","id":"osm-context-87217183","properties":{"osmId":87217183,"kind":"area","landuse":null,"natural":"water","water":null,"waterway":null,"leisure":null,"amenity":null,"railway":null,"name":null,"source":"OpenStreetMap"},"geometry":{"type":"Polygon","coordinates":[[[52.9766382,67.6302044],[52.9766171,67.6301522],[52.9766382,67.6300919],[52.9768319,67.6300704],[52.9769199,67.6300651],[52.9769516,67.6300356],[52.9770713,67.6300771],[52.9772016,67.6300798],[52.9773213,67.630057],[52.9774304,67.6300704],[52.9775642,67.6300731],[52.9776382,67.6302018],[52.9775044,67.6302004],[52.977441,67.6302393],[52.977272,67.6302393],[52.9771382,67.6302393],[52.9770783,67.6302071],[52.9769058,67.6301857],[52.9767262,67.630187],[52.9766382,67.6302044]]]}},{"type":"Feature","id":"osm-context-87217198","properties":{"osmId":87217198,"kind":"area","landuse":"industrial","natural":null,"water":null,"waterway":null,"leisure":null,"amenity":null,"railway":null,"name":"Котельная № 5","source":"OpenStreetMap"},"geometry":{"type":"Polygon","coordinates":[[[53.0092293,67.6446472],[53.009466,67.6446864],[53.0097047,67.6444781],[53.0094681,67.6444389],[53.0092293,67.6446472]]]}},{"type":"Feature","id":"osm-context-87217252","properties":{"osmId":87217252,"kind":"area","landuse":null,"natural":null,"water":null,"waterway":null,"leisure":null,"amenity":"kindergarten","railway":null,"name":null,"source":"OpenStreetMap"},"geometry":{"type":"Polygon","coordinates":[[[53.0445538,67.6427457],[53.0448413,67.6426865],[53.0445331,67.64247],[53.0448709,67.6424004],[53.0449318,67.6424431],[53.0450802,67.6424126],[53.0448771,67.6422699],[53.0441033,67.6424294],[53.0445538,67.6427457]]]}},{"type":"Feature","id":"osm-context-87217263","properties":{"osmId":87217263,"kind":"area","landuse":null,"natural":"water","water":null,"waterway":null,"leisure":null,"amenity":null,"railway":null,"name":null,"source":"OpenStreetMap"},"geometry":{"type":"Polygon","coordinates":[[[52.952823,67.6415108],[52.9528832,67.6413506],[52.9530551,67.641174],[52.9532528,67.6410497],[52.9538115,67.6409713],[52.9540522,67.641017],[52.9541382,67.6411707],[52.9541124,67.6412459],[52.9539577,67.6412852],[52.9538459,67.6414127],[52.9536998,67.641465],[52.9534591,67.6415304],[52.953227,67.6415926],[52.9529605,67.6415827],[52.952823,67.6415108]]]}},{"type":"Feature","id":"osm-context-87217270","properties":{"osmId":87217270,"kind":"area","landuse":null,"natural":"wood","water":null,"waterway":null,"leisure":null,"amenity":null,"railway":null,"name":null,"source":"OpenStreetMap"},"geometry":{"type":"Polygon","coordinates":[[[52.9602297,67.6332564],[52.960191,67.6332041],[52.9602297,67.633164],[52.96036,67.6331707],[52.9604093,67.6331961],[52.9603564,67.6332618],[52.9602297,67.6332564]]]}},{"type":"Feature","id":"osm-context-87217280","properties":{"osmId":87217280,"kind":"area","landuse":null,"natural":null,"water":null,"waterway":null,"leisure":null,"amenity":"hospital","railway":null,"name":"Родильное отделение","source":"OpenStreetMap"},"geometry":{"type":"Polygon","coordinates":[[[53.017736,67.636082],[53.0175175,67.6360823],[53.0175144,67.6357574],[53.0181323,67.6357566],[53.0181328,67.6357989],[53.0182816,67.6357987],[53.0182823,67.6358596],[53.018128,67.6358599],[53.0181293,67.6359832],[53.0183186,67.6359829],[53.0183227,67.6363599],[53.0185425,67.6363595],[53.0185447,67.6365651],[53.0186202,67.6365649],[53.0186207,67.6366096],[53.0183941,67.63661],[53.0183938,67.6365834],[53.0179573,67.636584],[53.0179557,67.6364147],[53.0177392,67.636415],[53.0177364,67.6361225],[53.017736,67.636082]]]}},{"type":"Feature","id":"osm-context-87217288","properties":{"osmId":87217288,"kind":"area","landuse":null,"natural":null,"water":null,"waterway":null,"leisure":null,"amenity":"hospital","railway":null,"name":"Центральная поликлиника","source":"OpenStreetMap"},"geometry":{"type":"Polygon","coordinates":[[[53.0055376,67.6437102],[53.005894,67.643769],[53.0062461,67.6434604],[53.0061458,67.6434439],[53.0058897,67.6434016],[53.0055376,67.6437102]]]}},{"type":"Feature","id":"osm-context-87217292","properties":{"osmId":87217292,"kind":"area","landuse":null,"natural":null,"water":null,"waterway":null,"leisure":null,"amenity":"school","railway":null,"name":"Музыкальная школа","source":"OpenStreetMap"},"geometry":{"type":"Polygon","coordinates":[[[53.0002545,67.6410771],[53.0006202,67.6411464],[53.001164,67.6407312],[53.000798,67.6406619],[53.0002545,67.6410771]]]}},{"type":"Feature","id":"osm-context-87217296","properties":{"osmId":87217296,"kind":"area","landuse":null,"natural":null,"water":null,"waterway":null,"leisure":null,"amenity":"clinic","railway":null,"name":"Инфекционное отделение","source":"OpenStreetMap"},"geometry":{"type":"Polygon","coordinates":[[[53.0147262,67.635045],[53.0147424,67.6350523],[53.0148067,67.6350813],[53.0146977,67.6351163],[53.0147913,67.6351585],[53.0149186,67.6351176],[53.0150429,67.6351737],[53.015802,67.6349299],[53.0156764,67.6348733],[53.0157889,67.6348371],[53.0156894,67.6347923],[53.0155792,67.6348277],[53.0155058,67.6347946],[53.0152199,67.6348864],[53.0150396,67.6349443],[53.0147262,67.635045]]]}},{"type":"Feature","id":"osm-context-87217317","properties":{"osmId":87217317,"kind":"area","landuse":null,"natural":"water","water":null,"waterway":null,"leisure":null,"amenity":null,"railway":null,"name":null,"source":"OpenStreetMap"},"geometry":{"type":"Polygon","coordinates":[[[52.965318,67.6330202],[52.9651574,67.6329516],[52.9651236,67.6328712],[52.9650447,67.632794],[52.9651264,67.6327436],[52.9651602,67.6326911],[52.9651799,67.6326289],[52.9654306,67.6325453],[52.9655405,67.6324799],[52.9656306,67.6324574],[52.9657067,67.6324371],[52.9657743,67.6323813],[52.9658841,67.6323267],[52.9661236,67.6322559],[52.9662841,67.6322313],[52.9664954,67.6322366],[52.9666362,67.6322741],[52.9667545,67.6323363],[52.9668165,67.6324231],[52.9668334,67.6325046],[52.9668052,67.6326214],[52.9666869,67.6327469],[52.9665658,67.632883],[52.9663855,67.6330513],[52.9662447,67.6330995],[52.9659743,67.6331359],[52.965856,67.6331434],[52.9654729,67.6330834],[52.965318,67.6330202]]]}},{"type":"Feature","id":"osm-context-87217376","properties":{"osmId":87217376,"kind":"area","landuse":null,"natural":"wood","water":null,"waterway":null,"leisure":null,"amenity":null,"railway":null,"name":null,"source":"OpenStreetMap"},"geometry":{"type":"Polygon","coordinates":[[[52.9566617,67.6349737],[52.9566511,67.6350166],[52.9566969,67.635042],[52.9568448,67.6350407],[52.9569293,67.6350152],[52.9569257,67.6349871],[52.9567779,67.634955],[52.9566898,67.6349576],[52.9566617,67.6349737]]]}},{"type":"Feature","id":"osm-context-87217413","properties":{"osmId":87217413,"kind":"area","landuse":null,"natural":null,"water":null,"waterway":null,"leisure":null,"amenity":"hospital","railway":null,"name":null,"source":"OpenStreetMap"},"geometry":{"type":"Polygon","coordinates":[[[52.9960134,67.6428022],[52.996336,67.6428595],[52.9965934,67.6426498],[52.9962708,67.6425925],[52.9960134,67.6428022]]]}},{"type":"Feature","id":"osm-context-87218328","properties":{"osmId":87218328,"kind":"area","landuse":null,"natural":null,"water":null,"waterway":null,"leisure":null,"amenity":"school","railway":null,"name":"Воскресная школа","source":"OpenStreetMap"},"geometry":{"type":"Polygon","coordinates":[[[53.0110767,67.6383281],[53.0112711,67.6383207],[53.0112576,67.6382699],[53.0112542,67.6382569],[53.0112084,67.6380834],[53.0112308,67.6380825],[53.0112248,67.6380595],[53.0110068,67.6380679],[53.0110349,67.6381741],[53.0109017,67.6381791],[53.0109316,67.6382924],[53.011066,67.6382873],[53.0110767,67.6383281]]]}},{"type":"Feature","id":"osm-context-87218549","properties":{"osmId":87218549,"kind":"area","landuse":null,"natural":"wood","water":null,"waterway":null,"leisure":null,"amenity":null,"railway":null,"name":null,"source":"OpenStreetMap"},"geometry":{"type":"Polygon","coordinates":[[[52.9797109,67.6486236],[52.9798165,67.6486316],[52.9798693,67.6486557],[52.9798447,67.6486946],[52.9797602,67.6487013],[52.9796475,67.6486705],[52.9797109,67.6486236]]]}},{"type":"Feature","id":"osm-context-87218551","properties":{"osmId":87218551,"kind":"area","landuse":null,"natural":"wood","water":null,"waterway":null,"leisure":null,"amenity":null,"railway":null,"name":null,"source":"OpenStreetMap"},"geometry":{"type":"Polygon","coordinates":[[[52.9794855,67.6479484],[52.979546,67.6479965],[52.9796725,67.6480049],[52.979788,67.6479965],[52.9800301,67.6480509],[52.9803272,67.6480676],[52.9805417,67.64803],[52.9806133,67.6479714],[52.9803987,67.6479317],[52.9804922,67.6478584],[52.9806188,67.6478752],[52.9806573,67.6478605],[52.9804812,67.6477998],[52.9802997,67.6478103],[52.9802887,67.6477915],[52.9801787,67.6477664],[52.9799476,67.6477915],[52.9798101,67.6477685],[52.9797055,67.6477182],[52.9795295,67.6477099],[52.9794305,67.6477831],[52.979436,67.647827],[52.979579,67.6478312],[52.979733,67.6478354],[52.9797,67.6478856],[52.9795735,67.6478919],[52.979601,67.6479212],[52.9797055,67.6479254],[52.9797055,67.6479505],[52.9796175,67.6479651],[52.9794855,67.6479484]]]}},{"type":"Feature","id":"osm-context-87218555","properties":{"osmId":87218555,"kind":"area","landuse":null,"natural":"wood","water":null,"waterway":null,"leisure":null,"amenity":null,"railway":null,"name":null,"source":"OpenStreetMap"},"geometry":{"type":"Polygon","coordinates":[[[52.9847952,67.6492495],[52.9847862,67.649234],[52.9848651,67.6491603],[52.984962,67.6491098],[52.9850882,67.6490507],[52.9851806,67.6490472],[52.9852301,67.6490618],[52.9853248,67.6490489],[52.9853856,67.6490524],[52.9854375,67.6490729],[52.9856808,67.6490644],[52.9857867,67.6490738],[52.9860481,67.6490807],[52.9862081,67.6490815],[52.9862464,67.6490944],[52.9862261,67.6491029],[52.9860211,67.6491415],[52.9858273,67.6491723],[52.9857011,67.6491732],[52.9855569,67.6491938],[52.9854758,67.6491921],[52.985282,67.6492255],[52.9851287,67.649228],[52.9850003,67.6492366],[52.9848719,67.6492538],[52.9847952,67.6492495]]]}},{"type":"Feature","id":"osm-context-87218572","properties":{"osmId":87218572,"kind":"area","landuse":null,"natural":"wood","water":null,"waterway":null,"leisure":null,"amenity":null,"railway":null,"name":null,"source":"OpenStreetMap"},"geometry":{"type":"Polygon","coordinates":[[[52.9800269,67.6485566],[52.9800137,67.6486276],[52.9800806,67.6486624],[52.9801968,67.6486772],[52.9803834,67.6486611],[52.9804397,67.6486196],[52.9804291,67.6485553],[52.9803587,67.6485178],[52.9801651,67.6485084],[52.9800269,67.6485566]]]}},{"type":"Feature","id":"osm-context-87218581","properties":{"osmId":87218581,"kind":"area","landuse":null,"natural":"wood","water":null,"waterway":null,"leisure":null,"amenity":null,"railway":null,"name":null,"source":"OpenStreetMap"},"geometry":{"type":"Polygon","coordinates":[[[52.9792324,67.6479337],[52.9792764,67.6479965],[52.9793864,67.6479986],[52.9793974,67.6479588],[52.9792984,67.6479275],[52.9792324,67.6479337]]]}},{"type":"Feature","id":"osm-context-87261172","properties":{"osmId":87261172,"kind":"area","landuse":"industrial","natural":null,"water":null,"waterway":null,"leisure":null,"amenity":null,"railway":null,"name":null,"source":"OpenStreetMap"},"geometry":{"type":"Polygon","coordinates":[[[53.0024488,67.6418072],[53.0026895,67.6418477],[53.0028659,67.6416961],[53.0027734,67.6416805],[53.0028877,67.6415822],[53.0026817,67.6415475],[53.0025594,67.6416527],[53.0026173,67.6416624],[53.0024488,67.6418072]]]}},{"type":"Feature","id":"osm-context-87322999","properties":{"osmId":87322999,"kind":"waterway","landuse":null,"natural":null,"water":null,"waterway":"stream","leisure":null,"amenity":null,"railway":null,"name":null,"source":"OpenStreetMap"},"geometry":{"type":"LineString","coordinates":[[53.0731299,67.6649373],[53.0729638,67.6649775],[53.0728014,67.6650077],[53.07259,67.6651138],[53.0724087,67.6652286],[53.0722954,67.6654023],[53.0722086,67.6655214],[53.0720038,67.6656168]]}},{"type":"Feature","id":"osm-context-87323122","properties":{"osmId":87323122,"kind":"area","landuse":null,"natural":"water","water":null,"waterway":null,"leisure":null,"amenity":null,"railway":null,"name":null,"source":"OpenStreetMap"},"geometry":{"type":"Polygon","coordinates":[[[53.0692169,67.666949],[53.0690753,67.6668772],[53.0690635,67.6667786],[53.0690812,67.6666486],[53.0691343,67.6665813],[53.0691166,67.6664714],[53.0690104,67.666375],[53.0688865,67.6663347],[53.0686446,67.6663033],[53.0684794,67.6663033],[53.0684515,67.6662517],[53.0683533,67.666213],[53.0683005,67.6661699],[53.0683231,67.6661298],[53.0684289,67.6661082],[53.0684553,67.6660767],[53.0684855,67.6660322],[53.0685988,67.6660078],[53.0686516,67.6659705],[53.068629,67.6659303],[53.0686856,67.6658744],[53.0688404,67.6658313],[53.0688933,67.6657997],[53.0689386,67.6656763],[53.0689801,67.6655974],[53.0690217,67.6655328],[53.0691199,67.6654597],[53.0691425,67.6653937],[53.0691085,67.6653391],[53.0690708,67.6652918],[53.0690896,67.6652315],[53.069135,67.6652172],[53.0691803,67.6652042],[53.0693238,67.6651167],[53.0695201,67.6651282],[53.0696976,67.665121],[53.0698713,67.665078],[53.0700185,67.6651454],[53.0699657,67.6651784],[53.0700185,67.6652042],[53.0702262,67.6652817],[53.0703697,67.6652803],[53.0705736,67.6652387],[53.0707813,67.6653033],[53.0708757,67.6653133],[53.0710343,67.6653836],[53.0712382,67.665385],[53.0715478,67.6654941],[53.071831,67.6655745],[53.0720038,67.6656168],[53.0722237,67.6656706],[53.0725824,67.6657653],[53.0729034,67.6658528],[53.0732621,67.6659203],[53.0735264,67.6659475],[53.0738247,67.6659361],[53.0740475,67.6658873],[53.0743571,67.6657911],[53.0747309,67.6656548],[53.0749839,67.6657266],[53.0752445,67.6658557],[53.0754748,67.6660035],[53.075573,67.6660322],[53.0756712,67.6660408],[53.075505,67.6661025],[53.0754219,67.6661427],[53.0753502,67.6662316],[53.0753729,67.6663063],[53.0754182,67.6663766],[53.0753351,67.6664024],[53.0753615,67.6664383],[53.0754522,67.6664799],[53.0756107,67.6665731],[53.0758222,67.6666578],[53.075943,67.6667295],[53.0759317,67.6667826],[53.0759393,67.6668687],[53.0758902,67.6669118],[53.0757505,67.6669318],[53.0757014,67.6669304],[53.0753049,67.6668687],[53.0751463,67.6669491],[53.0750897,67.6670122],[53.0750595,67.6670725],[53.0751048,67.6670983],[53.0751841,67.6671184],[53.0752709,67.6671729],[53.0753804,67.6672073],[53.0756145,67.6672116],[53.0758977,67.6671858],[53.0761998,67.6672188],[53.076449,67.6673307],[53.0766866,67.6675647],[53.076826,67.6676911],[53.0770701,67.6677726],[53.0774108,67.667899],[53.0768392,67.6678753],[53.0762252,67.667844],[53.0759353,67.6678126],[53.0758671,67.6677466],[53.0757786,67.6677064],[53.0755949,67.667661],[53.075489,67.6676432],[53.0754313,67.6676417],[53.0753441,67.6676478],[53.0751526,67.6676844],[53.0751504,67.6676847],[53.0749371,67.6676147],[53.0751727,67.667424],[53.0750141,67.667335],[53.0750972,67.6672002],[53.0749273,67.6670897],[53.0749348,67.667005],[53.0747914,67.6669333],[53.0746252,67.6669232],[53.0743458,67.6669534],[53.0740928,67.666962],[53.0739833,67.6670022],[53.0739795,67.6670538],[53.0739569,67.667094],[53.0738134,67.6671241],[53.0735831,67.6671227],[53.0734773,67.6670753],[53.0733943,67.6669993],[53.0734169,67.666929],[53.0734169,67.6668185],[53.0734056,67.6666965],[53.0733867,67.6666076],[53.0732281,67.6665502],[53.0730431,67.6665129],[53.0725447,67.66651],[53.0723936,67.6664411],[53.0721708,67.6663823],[53.0720387,67.6663565],[53.0719594,67.6662976],[53.0718574,67.6662532],[53.0717555,67.6662532],[53.07151,67.6662689],[53.071325,67.6663206],[53.0712382,67.6663751],[53.0710796,67.6665416],[53.0707813,67.6666664],[53.070702,67.6668085],[53.0705736,67.6668601],[53.070347,67.6668859],[53.0701696,67.6669849],[53.0699657,67.6670151],[53.0696636,67.6670352],[53.0692169,67.666949]]]}},{"type":"Feature","id":"osm-context-87323229","properties":{"osmId":87323229,"kind":"area","landuse":null,"natural":null,"water":null,"waterway":null,"leisure":null,"amenity":"kindergarten","railway":null,"name":"Детский сад \"Как дома\"","source":"OpenStreetMap"},"geometry":{"type":"Polygon","coordinates":[[[53.0986099,67.666696],[53.098812,67.6667315],[53.0989303,67.666634],[53.0987282,67.6665986],[53.0986099,67.666696]]]}},{"type":"Feature","id":"osm-context-87323323","properties":{"osmId":87323323,"kind":"area","landuse":null,"natural":null,"water":null,"waterway":null,"leisure":null,"amenity":"kindergarten","railway":null,"name":null,"source":"OpenStreetMap"},"geometry":{"type":"Polygon","coordinates":[[[53.0700619,67.6596842],[53.0700468,67.659316],[53.0694279,67.6593197],[53.0694325,67.659432],[53.0697767,67.65943],[53.0697824,67.659572],[53.0694384,67.659574],[53.0694431,67.6596879],[53.0700619,67.6596842]]]}},{"type":"Feature","id":"osm-context-87323348","properties":{"osmId":87323348,"kind":"area","landuse":null,"natural":"water","water":null,"waterway":null,"leisure":null,"amenity":null,"railway":null,"name":null,"source":"OpenStreetMap"},"geometry":{"type":"Polygon","coordinates":[[[53.1136138,67.6578864],[53.1135996,67.6578272],[53.1136421,67.6577106],[53.1137271,67.6576406],[53.114133,67.6575455],[53.1143076,67.6575473],[53.1146003,67.6576586],[53.1146428,67.6577285],[53.1146428,67.6578165],[53.1145625,67.6578864],[53.1144445,67.6579331],[53.114251,67.6579654],[53.1141141,67.6579726],[53.1136846,67.6579385],[53.1136232,67.6579169],[53.1136138,67.6578864]]]}},{"type":"Feature","id":"osm-context-87323412","properties":{"osmId":87323412,"kind":"area","landuse":null,"natural":null,"water":null,"waterway":null,"leisure":null,"amenity":"parking","railway":null,"name":null,"source":"OpenStreetMap"},"geometry":{"type":"Polygon","coordinates":[[[53.1221957,67.6621396],[53.1227405,67.6616625],[53.1229914,67.6616094],[53.123047,67.6615828],[53.1230519,67.6615598],[53.122994,67.661526],[53.1233588,67.6613284],[53.1235159,67.6613385],[53.1236149,67.6613679],[53.1236681,67.6614111],[53.1233177,67.6615984],[53.1232186,67.6616554],[53.1230664,67.6617858],[53.1225879,67.6622055],[53.1221957,67.6621396]]]}},{"type":"Feature","id":"osm-context-87323420","properties":{"osmId":87323420,"kind":"area","landuse":"industrial","natural":null,"water":null,"waterway":null,"leisure":null,"amenity":null,"railway":null,"name":null,"source":"OpenStreetMap"},"geometry":{"type":"Polygon","coordinates":[[[53.0591129,67.6586359],[53.0593067,67.6587331],[53.0596182,67.6586434],[53.0594244,67.6585462],[53.0591129,67.6586359]]]}},{"type":"Feature","id":"osm-context-87325450","properties":{"osmId":87325450,"kind":"area","landuse":null,"natural":"water","water":null,"waterway":null,"leisure":null,"amenity":null,"railway":null,"name":null,"source":"OpenStreetMap"},"geometry":{"type":"Polygon","coordinates":[[[52.8908095,67.6207344],[52.8907038,67.6208077],[52.8906547,67.6208868],[52.8907906,67.6210032],[52.8908964,67.621055],[52.8912249,67.6211341],[52.8913155,67.6211916],[52.8913684,67.6212836],[52.8913419,67.6213684],[52.8913344,67.6214633],[52.8914514,67.6215481],[52.8916138,67.6216157],[52.8918215,67.6216458],[52.8920556,67.621653],[52.892335,67.6216358],[52.8925691,67.6215927],[52.892739,67.6215495],[52.8930902,67.6215121],[52.8933168,67.6214791],[52.893464,67.6214647],[52.8936415,67.6214316],[52.8938718,67.6213971],[52.8941513,67.6213612],[52.8943929,67.6213138],[52.8946157,67.6212534],[52.8947705,67.621193],[52.8948762,67.6210909],[52.8949216,67.6210075],[52.8948876,67.6209371],[52.89485,67.6209133],[52.8948698,67.6209078],[52.8949007,67.6209131],[52.894975,67.6209249],[52.8950817,67.6209143],[52.8951203,67.6208872],[52.8952533,67.6208872],[52.8953384,67.6208148],[52.8953632,67.6207635],[52.8953384,67.6207482],[52.8953539,67.6207135],[52.8953925,67.6206823],[52.8955438,67.6206564],[52.8957137,67.6206262],[52.8958005,67.6206018],[52.8959591,67.6205773],[52.8960951,67.620573],[52.8962046,67.62055],[52.8962914,67.6205342],[52.8964311,67.6204954],[52.8965557,67.6204393],[52.8967672,67.6203832],[52.8968691,67.6203516],[52.8970957,67.6202122],[52.8972429,67.620077],[52.8973034,67.6199951],[52.8973034,67.6199433],[52.8972505,67.6199002],[52.8970919,67.6198542],[52.8968767,67.6198398],[52.8966086,67.6198599],[52.8964273,67.6198872],[52.8962876,67.6199289],[52.8961668,67.6199879],[52.8960875,67.6200138],[52.8959704,67.6200353],[52.8958647,67.620054],[52.8958232,67.6200799],[52.895725,67.6201086],[52.8956155,67.6201245],[52.8955136,67.6201633],[52.8953776,67.6202193],[52.8952832,67.6202826],[52.8952908,67.6203531],[52.8953436,67.6204149],[52.8953776,67.6204796],[52.8953248,67.6205328],[52.895321,67.6205701],[52.8954418,67.6205845],[52.895438,67.6206276],[52.895355,67.6206751],[52.8953229,67.6207023],[52.895309,67.6207312],[52.8953229,67.6207547],[52.8953291,67.6207736],[52.8953075,67.6207865],[52.895224,67.6208083],[52.8951203,67.6208077],[52.8950043,67.6208454],[52.8949084,67.6208566],[52.8948636,67.6208795],[52.8948083,67.6208868],[52.8945628,67.6208638],[52.894374,67.6208638],[52.8940153,67.620881],[52.8938227,67.6208796],[52.893566,67.6208997],[52.8934036,67.6209026],[52.8932564,67.6208868],[52.8930902,67.6208408],[52.8929958,67.6207962],[52.8928032,67.6207114],[52.8926635,67.6206697],[52.892437,67.6206266],[52.8923463,67.6206151],[52.8921085,67.6206151],[52.8918932,67.6206151],[52.8916365,67.6206151],[52.8912966,67.6206453],[52.8911003,67.6206467],[52.8909228,67.6206855],[52.8908095,67.6207344]]]}},{"type":"Feature","id":"osm-context-87325451","properties":{"osmId":87325451,"kind":"area","landuse":null,"natural":"water","water":null,"waterway":null,"leisure":null,"amenity":null,"railway":null,"name":null,"source":"OpenStreetMap"},"geometry":{"type":"Polygon","coordinates":[[[52.9277313,67.6386058],[52.9277549,67.6385322],[52.9278871,67.6384765],[52.9279626,67.6384658],[52.9280853,67.6384047],[52.9282175,67.6383329],[52.9282788,67.6382359],[52.9283732,67.6381766],[52.9284204,67.6381228],[52.9284063,67.6380869],[52.9283308,67.6380384],[52.9283024,67.6379378],[52.9282977,67.6378139],[52.9283544,67.6377116],[52.9284063,67.6376325],[52.9286989,67.6375086],[52.9288877,67.6374583],[52.9294399,67.6373686],[52.9298931,67.6373416],[52.930063,67.6373488],[52.9301904,67.6374009],[52.9303509,67.6375769],[52.9304028,67.6377385],[52.9304264,67.6378929],[52.9304264,67.6380276],[52.9302235,67.6382287],[52.9299544,67.6384478],[52.9297703,67.6385681],[52.9295438,67.6386669],[52.9291803,67.6387495],[52.9287225,67.6388357],[52.928378,67.6388895],[52.9282033,67.6388985],[52.9279532,67.6388393],[52.9277691,67.6387477],[52.9277077,67.6386597],[52.9277313,67.6386058]]]}},{"type":"Feature","id":"osm-context-87325456","properties":{"osmId":87325456,"kind":"area","landuse":null,"natural":"water","water":null,"waterway":null,"leisure":null,"amenity":null,"railway":null,"name":null,"source":"OpenStreetMap"},"geometry":{"type":"Polygon","coordinates":[[[52.8952672,67.6194265],[52.8952656,67.6194077],[52.8952888,67.6193912],[52.8953322,67.61938],[52.8954203,67.6193623],[52.8954868,67.6193617],[52.8955425,67.6193753],[52.8955796,67.6194059],[52.8955765,67.6194295],[52.8955394,67.6194495],[52.8955069,67.619456],[52.8954497,67.6194554],[52.8953461,67.6194495],[52.8952827,67.6194354],[52.8952672,67.6194265]]]}},{"type":"Feature","id":"osm-context-87325477","properties":{"osmId":87325477,"kind":"area","landuse":null,"natural":"water","water":null,"waterway":null,"leisure":null,"amenity":null,"railway":null,"name":null,"source":"OpenStreetMap"},"geometry":{"type":"Polygon","coordinates":[[[52.9262383,67.6382949],[52.9261779,67.6382144],[52.9261741,67.6381325],[52.9262534,67.6380593],[52.9265366,67.63793],[52.9265932,67.6377648],[52.9266801,67.6377044],[52.9268538,67.6377001],[52.9272427,67.6377001],[52.9274957,67.6377447],[52.9278053,67.6378625],[52.9279261,67.6379372],[52.9279035,67.6379731],[52.9275674,67.6380665],[52.9273371,67.6381383],[52.9272087,67.6382001],[52.9271407,67.6382202],[52.9270237,67.6382259],[52.9269028,67.6382029],[52.9267933,67.638236],[52.9265101,67.6383222],[52.9263213,67.6383136],[52.9262383,67.6382949]]]}},{"type":"Feature","id":"osm-context-87325478","properties":{"osmId":87325478,"kind":"area","landuse":null,"natural":"wood","water":null,"waterway":null,"leisure":null,"amenity":null,"railway":null,"name":null,"source":"OpenStreetMap"},"geometry":{"type":"Polygon","coordinates":[[[52.9636949,67.6364935],[52.9637336,67.6362551],[52.9639853,67.6362766],[52.9639802,67.6361945],[52.9641138,67.6362062],[52.9643038,67.6363469],[52.9645093,67.6362902],[52.9648329,67.6363059],[52.9651103,67.6363665],[52.9650743,67.6364876],[52.9648329,67.6366069],[52.9645555,67.636773],[52.9641908,67.6368766],[52.963898,67.6370876],[52.963761,67.6370745],[52.9635893,67.6369439],[52.9636333,67.6368501],[52.9637654,67.6368217],[52.9638534,67.6367865],[52.9638534,67.6366977],[52.9636949,67.6364935]]]}},{"type":"Feature","id":"osm-context-87325484","properties":{"osmId":87325484,"kind":"area","landuse":null,"natural":"water","water":null,"waterway":null,"leisure":null,"amenity":null,"railway":null,"name":null,"source":"OpenStreetMap"},"geometry":{"type":"Polygon","coordinates":[[[52.9209975,67.6370758],[52.9210565,67.637179],[52.9211391,67.6372778],[52.921381,67.6373025],[52.9215285,67.6372464],[52.9215285,67.637179],[52.9213869,67.6371408],[52.9213102,67.6370802],[52.9211332,67.6370017],[52.9210388,67.6370151],[52.9209975,67.6370758]]]}},{"type":"Feature","id":"osm-context-87325488","properties":{"osmId":87325488,"kind":"area","landuse":null,"natural":"wood","water":null,"waterway":null,"leisure":null,"amenity":null,"railway":null,"name":null,"source":"OpenStreetMap"},"geometry":{"type":"Polygon","coordinates":[[[52.9642709,67.6358954],[52.9642586,67.6359314],[52.9642627,67.6359939],[52.9643696,67.6360299],[52.9645216,67.6360424],[52.9646079,67.6360784],[52.9647353,67.6360471],[52.9647928,67.6360174],[52.9646942,67.6359533],[52.964575,67.6359189],[52.9644271,67.6359048],[52.9642709,67.6358954]]]}},{"type":"Feature","id":"osm-context-87325504","properties":{"osmId":87325504,"kind":"area","landuse":null,"natural":"water","water":null,"waterway":null,"leisure":null,"amenity":null,"railway":null,"name":null,"source":"OpenStreetMap"},"geometry":{"type":"Polygon","coordinates":[[[52.8982442,67.6199676],[52.8983118,67.6199256],[52.8983756,67.6198726],[52.8984162,67.619824],[52.8985535,67.619824],[52.8986212,67.6198211],[52.898685,67.6198115],[52.8987178,67.6198137],[52.8987739,67.6198409],[52.8988493,67.6198873],[52.8989266,67.6199352],[52.8989537,67.6199764],[52.8989343,67.6200117],[52.8988783,67.6200507],[52.8986618,67.6200942],[52.8985651,67.6201008],[52.8984472,67.6201192],[52.8983505,67.6201185],[52.898277,67.6200956],[52.8981784,67.6200625],[52.8981475,67.6200323],[52.8981591,67.6200029],[52.8981784,67.6199882],[52.8982442,67.6199676]]]}},{"type":"Feature","id":"osm-context-87325525","properties":{"osmId":87325525,"kind":"area","landuse":null,"natural":"water","water":null,"waterway":null,"leisure":null,"amenity":null,"railway":null,"name":null,"source":"OpenStreetMap"},"geometry":{"type":"Polygon","coordinates":[[[52.9359143,67.6402519],[52.9360028,67.6403013],[52.9360972,67.6403237],[52.9362919,67.6403596],[52.9364925,67.6404113],[52.9365574,67.6403933],[52.936463,67.6403372],[52.9362919,67.6402923],[52.9361857,67.6402384],[52.9360323,67.6402339],[52.9359143,67.6402519]]]}},{"type":"Feature","id":"osm-context-87325536","properties":{"osmId":87325536,"kind":"area","landuse":null,"natural":"water","water":null,"waterway":null,"leisure":null,"amenity":null,"railway":null,"name":null,"source":"OpenStreetMap"},"geometry":{"type":"Polygon","coordinates":[[[52.8973258,67.6202815],[52.8973209,67.6202603],[52.8973345,67.6202443],[52.8973778,67.620225],[52.8974211,67.6202136],[52.8974867,67.6202165],[52.8975226,67.6202311],[52.8975362,67.6202556],[52.8975238,67.6202744],[52.8974817,67.6202937],[52.8974224,67.6203022],[52.8973766,67.6203022],[52.8973382,67.6202942],[52.8973258,67.6202815]]]}},{"type":"Feature","id":"osm-context-87325550","properties":{"osmId":87325550,"kind":"area","landuse":null,"natural":"water","water":null,"waterway":null,"leisure":null,"amenity":null,"railway":null,"name":null,"source":"OpenStreetMap"},"geometry":{"type":"Polygon","coordinates":[[[52.8975176,67.6201802],[52.8975152,67.6201585],[52.8975288,67.6201425],[52.8975659,67.6201265],[52.8976104,67.6201218],[52.8976612,67.6201293],[52.8976958,67.6201449],[52.8976995,67.6201647],[52.897681,67.6201854],[52.8976475,67.6202],[52.8976117,67.6202028],[52.897556,67.6202005],[52.8975251,67.6201887],[52.8975176,67.6201802]]]}},{"type":"Feature","id":"osm-context-87325553","properties":{"osmId":87325553,"kind":"area","landuse":null,"natural":"water","water":null,"waterway":null,"leisure":null,"amenity":null,"railway":null,"name":null,"source":"OpenStreetMap"},"geometry":{"type":"Polygon","coordinates":[[[52.8858234,67.6375609],[52.8789964,67.6365546],[52.8765023,67.6360957],[52.8758483,67.6358442],[52.8754182,67.6357273],[52.8751355,67.6355098],[52.8746879,67.6353145],[52.8740813,67.6351033],[52.8736886,67.6349596],[52.8730957,67.6347828],[52.8729183,67.6346966],[52.8726842,67.6346349],[52.8722197,67.6345084],[52.871676,67.6343518],[52.870951,67.6341722],[52.8703921,67.6339782],[52.8701996,67.6338963],[52.870192,67.6338647],[52.8701203,67.6338618],[52.8697729,67.6337713],[52.8696143,67.6336894],[52.8689686,67.6335055],[52.8686137,67.6334452],[52.8682776,67.6333719],[52.867647,67.6332382],[52.8672656,67.6331147],[52.8670617,67.6329049],[52.866956,67.6325931],[52.8668654,67.6324839],[52.8668239,67.6323833],[52.8668239,67.6322511],[52.8666086,67.6321663],[52.866114,67.6320442],[52.8659478,67.6320456],[52.8657817,67.6321016],[52.865287,67.632139],[52.8649396,67.6322094],[52.8646904,67.6322755],[52.8644488,67.6323028],[52.8640447,67.6322669],[52.8634368,67.6321893],[52.8628704,67.6320743],[52.8624324,67.6319393],[52.8621756,67.6318645],[52.861832,67.6317956],[52.8614393,67.6316016],[52.8612883,67.6315786],[52.8609824,67.6314823],[52.8606086,67.6312883],[52.860299,67.6311302],[52.8600498,67.6310383],[52.8595287,67.6309722],[52.8588566,67.6309549],[52.858596,67.6309664],[52.8583657,67.6310052],[52.8581429,67.6310943],[52.8579163,67.6311935],[52.8576747,67.6312581],[52.857365,67.6312754],[52.8568666,67.6312481],[52.8565079,67.631182],[52.8562436,67.6310325],[52.8560661,67.6309391],[52.8557376,67.6308385],[52.8554129,67.6307207],[52.8550806,67.6306761],[52.8544349,67.6306215],[52.854382,67.6305094],[52.8540573,67.6304635],[52.8535929,67.6303988],[52.8529434,67.6302953],[52.8523694,67.6300999],[52.8519503,67.6300108],[52.851584,67.6299907],[52.8514481,67.629959],[52.8511951,67.6299404],[52.8510781,67.6298987],[52.8508326,67.6298139],[52.8506967,67.6297809],[52.8505721,67.6297751],[52.8505003,67.6297564],[52.850372,67.6297593],[52.8501529,67.6298082],[52.8499566,67.6298268],[52.8496772,67.6298613],[52.8493675,67.6299432],[52.8491674,67.6299332],[52.8488125,67.6299001],[52.848635,67.6298297],[52.848518,67.6297507],[52.8483858,67.6297119],[52.8482272,67.6295969],[52.8480044,67.6294963],[52.8478345,67.6294374],[52.8476306,67.629413],[52.8474682,67.629367],[52.8473096,67.629344],[52.8467546,67.6293224],[52.8463505,67.6293339],[52.846158,67.6293612],[52.8459881,67.6294216],[52.8458521,67.629525],[52.8457539,67.6296141],[52.8456973,67.6296874],[52.8456331,67.629742],[52.8456369,67.6298283],[52.8457162,67.6299059],[52.8459276,67.6300208],[52.8462977,67.63012],[52.8465771,67.6301444],[52.8467961,67.630143],[52.8468792,67.6301315],[52.8471699,67.6301085],[52.8473134,67.6300812],[52.8477288,67.6299892],[52.8478345,67.6299792],[52.847978,67.630005],[52.8480006,67.6300611],[52.8479553,67.6301114],[52.8480044,67.6301387],[52.8481441,67.6301358],[52.8482234,67.6301976],[52.8480346,67.6302795],[52.8478647,67.6304031],[52.8477137,67.6305181],[52.8471888,67.6305784],[52.8469887,67.6306215],[52.8468716,67.6306963],[52.846781,67.6308658],[52.8467659,67.6309923],[52.8468263,67.6310685],[52.8470264,67.6311202],[52.8471133,67.6311877],[52.8470906,67.6312682],[52.8471435,67.6313286],[52.8472832,67.6313688],[52.8472757,67.6313113],[52.8472606,67.6311532],[52.847438,67.6310225],[52.8477703,67.6308558],[52.8480648,67.6307394],[52.8483329,67.6305511],[52.8484047,67.6304175],[52.8485331,67.6303686],[52.8486614,67.6303614],[52.8488767,67.6304031],[52.8491674,67.6304333],[52.8494015,67.6304376],[52.8495412,67.6304678],[52.8497036,67.630554],[52.8498207,67.6306072],[52.8498056,67.6306776],[52.8495866,67.6307034],[52.8492995,67.6307267],[52.8489502,67.6307447],[52.8487426,67.6307896],[52.8485254,67.6308884],[52.8484405,67.6310806],[52.8484594,67.6311794],[52.8485254,67.631262],[52.848516,67.6313734],[52.848601,67.6314147],[52.8487331,67.6314201],[52.8488464,67.6314614],[52.8490635,67.6314919],[52.8493042,67.6315099],[52.8493326,67.6315512],[52.8492854,67.6315836],[52.849139,67.6316213],[52.8490069,67.6316752],[52.8488936,67.6317686],[52.8487803,67.6318458],[52.8486954,67.6318853],[52.8485726,67.6318925],[52.8483225,67.6319302],[52.8480062,67.6319715],[52.8477372,67.6319949],[52.847454,67.6319769],[52.8472463,67.6319338],[52.8470387,67.6319302],[52.8467743,67.6319697],[52.846628,67.6320128],[52.8464015,67.6320164],[52.8462929,67.6319841],[52.8459672,67.6319338],[52.8457595,67.6319123],[52.8455067,67.6319386],[52.8453224,67.6319639],[52.8452929,67.6318208],[52.8454182,67.6317001],[52.8454182,67.631498],[52.8451822,67.6312594],[52.8447471,67.6310265],[52.8444521,67.630743],[52.8443636,67.6305493],[52.8448061,67.630308],[52.8451749,67.6301508],[52.8451454,67.6299936],[52.8446919,67.6298436],[52.8443105,67.629789],[52.8437819,67.6296726],[52.8432042,67.6296223],[52.8425018,67.6295519],[52.8420751,67.6294872],[52.842279,67.6294125],[52.8425132,67.6293291],[52.8426151,67.6292544],[52.8426,67.6290934],[52.8424905,67.628977],[52.8421582,67.6288462],[52.8418637,67.6287988],[52.8415767,67.6287959],[52.8414634,67.6287356],[52.8414408,67.6286853],[52.8415767,67.6286378],[52.8417429,67.6286278],[52.8417957,67.6284654],[52.8417693,67.628336],[52.8416032,67.628234],[52.8412218,67.6280975],[52.8408064,67.6280472],[52.8400512,67.6280299],[52.8392734,67.6279638],[52.8386617,67.6279322],[52.8381746,67.6279394],[52.8378159,67.6279969],[52.8375968,67.6280816],[52.8374609,67.6282311],[52.837476,67.6283777],[52.8375478,67.6284797],[52.8378045,67.6285818],[52.8382765,67.6286335],[52.838707,67.6286192],[52.8390091,67.6286249],[52.8392583,67.6286824],[52.839364,67.6287255],[52.839432,67.6287945],[52.8394735,67.6288793],[52.8396094,67.6288922],[52.8396699,67.6289195],[52.8396396,67.629],[52.8395075,67.6290259],[52.8394055,67.6291049],[52.839398,67.6291796],[52.8394735,67.6292601],[52.8396057,67.6293406],[52.839685,67.6294283],[52.8396585,67.6294972],[52.8395264,67.6295921],[52.8394471,67.6297171],[52.8395679,67.6298105],[52.8397001,67.6298637],[52.8400097,67.6299859],[52.8403004,67.6300678],[52.8403344,67.6301267],[52.8402665,67.6301583],[52.8401381,67.6301612],[52.8399342,67.6301612],[52.8398398,67.6301439],[52.8396887,67.6300678],[52.839466,67.6300247],[52.8388738,67.6300091],[52.8388134,67.6300336],[52.8382545,67.6300695],[52.838179,67.6300451],[52.8380657,67.6300537],[52.8377259,67.6301126],[52.8375786,67.6301672],[52.8374087,67.6301615],[52.8372652,67.6302218],[52.8371293,67.6302922],[52.8368461,67.6303713],[52.8367328,67.6303857],[52.8365554,67.6304489],[52.8363364,67.6304589],[52.8361702,67.6304345],[52.8356831,67.6304446],[52.8355019,67.6304187],[52.8353168,67.6303598],[52.8352791,67.6303684],[52.8352149,67.6303684],[52.835162,67.6303469],[52.8351129,67.6303023],[52.8350412,67.6302764],[52.8347278,67.6302089],[52.8345654,67.6302032],[52.8344597,67.6301572],[52.8344219,67.6300968],[52.8343389,67.6301126],[52.8340821,67.6301299],[52.8339877,67.6301284],[52.8337951,67.6300853],[52.8337951,67.6301572],[52.8336139,67.6301787],[52.8334779,67.6301787],[52.8332854,67.6302621],[52.8329115,67.6303267],[52.8324773,67.6303526],[52.8321035,67.6303282],[52.8318883,67.630275],[52.8317259,67.6302736],[52.83159,67.6302376],[52.8310991,67.6301514],[52.8310236,67.6300896],[52.8310802,67.630025],[52.8310311,67.6299962],[52.8304874,67.6299603],[52.8303816,67.6299732],[52.8301777,67.630035],[52.8301739,67.6301284],[52.8301702,67.6302175],[52.8302533,67.6302721],[52.8304987,67.6303267],[52.8309518,67.6303699],[52.8315635,67.6304374],[52.8319864,67.6304704],[52.8324282,67.6304561],[52.8326661,67.630446],[52.8329908,67.6304144],[52.833376,67.630354],[52.8335572,67.6303152],[52.8336894,67.6303109],[52.8337234,67.6302865],[52.8337951,67.6302405],[52.8339046,67.6302448],[52.833965,67.6303037],[52.833965,67.630344],[52.8340519,67.630354],[52.834286,67.6303066],[52.8346636,67.630377],[52.8349619,67.6304374],[52.8355321,67.6305423],[52.8359701,67.6305983],[52.8364534,67.6305998],[52.8367819,67.6305739],[52.8369179,67.6305351],[52.8370878,67.6304575],[52.8373408,67.6303857],[52.8375635,67.6302966],[52.8377259,67.6302319],[52.8378618,67.6302003],[52.8380393,67.6301988],[52.8381299,67.6302233],[52.8381299,67.6302922],[52.8380997,67.6303296],[52.8380129,67.6304],[52.8378505,67.6304475],[52.837775,67.6304733],[52.8377599,67.6305337],[52.8378165,67.6306012],[52.8379109,67.6306745],[52.8379336,67.6307406],[52.8379638,67.6308283],[52.8380997,67.6308326],[52.8381337,67.6308628],[52.8382357,67.630903],[52.8384509,67.6309734],[52.8385982,67.6309921],[52.8387681,67.6310323],[52.8388474,67.6311257],[52.8389191,67.6312163],[52.839006,67.6312579],[52.8391646,67.6313125],[52.8393458,67.6313442],[52.8396328,67.6313844],[52.8397763,67.6314462],[52.8400217,67.6314864],[52.8403653,67.6315108],[52.8404559,67.6315108],[52.8407958,67.6315137],[52.8409204,67.6314994],[52.8410563,67.6314922],[52.841162,67.6314749],[52.8412413,67.6314433],[52.8413848,67.63137],[52.8413244,67.6314893],[52.8413508,67.6315252],[52.8414452,67.6315956],[52.8416001,67.6316818],[52.841804,67.6317465],[52.8419663,67.6317724],[52.8423855,67.6318054],[52.8425516,67.6318169],[52.8426045,67.6318399],[52.8425969,67.6318715],[52.842495,67.6318945],[52.8424194,67.6319865],[52.842393,67.632067],[52.8423968,67.6321733],[52.8424874,67.6322595],[52.8426158,67.6323242],[52.8426535,67.6323687],[52.8427668,67.6324707],[52.8428877,67.6325555],[52.843084,67.6326087],[52.8438656,67.6327165],[52.844315,67.6327136],[52.8447417,67.6327323],[52.8451532,67.6327624],[52.8454062,67.6328213],[52.8455837,67.6329032],[52.8457725,67.6329665],[52.8466296,67.6330915],[52.8469317,67.6331346],[52.8473395,67.633113],[52.8478304,67.6330239],[52.8481363,67.6329176],[52.848427,67.6327394],[52.8486573,67.6325368],[52.8488273,67.6323587],[52.8488688,67.6322279],[52.8490727,67.6321172],[52.8491595,67.6321014],[52.8493219,67.6321216],[52.8493483,67.6321819],[52.8493861,67.6323946],[52.8494201,67.6324564],[52.8495258,67.6325282],[52.8497826,67.632636],[52.8500393,67.6326978],[52.8502206,67.6327006],[52.8503943,67.6326906],[52.8505038,67.6327078],[52.8506133,67.6326935],[52.8506662,67.6326618],[52.8509229,67.6326245],[52.8509682,67.6325799],[52.8510664,67.6325742],[52.8511835,67.6326029],[52.8513723,67.6326719],[52.8514478,67.632715],[52.8514062,67.6327409],[52.8514553,67.6327768],[52.8516026,67.6328486],[52.8518782,67.6329535],[52.8520708,67.6330527],[52.8521992,67.63309],[52.8524824,67.6331561],[52.8528978,67.6332208],[52.8533018,67.6332653],[52.8537171,67.6332783],[52.8540985,67.6332668],[52.8544157,67.6332495],[52.8548159,67.6331791],[52.8551822,67.6331217],[52.8555674,67.6330283],[52.8560016,67.6329004],[52.856281,67.632794],[52.8566699,67.6326259],[52.8567228,67.632557],[52.8567681,67.6325038],[52.8568436,67.6325038],[52.8569041,67.6324521],[52.8568965,67.6324291],[52.8570438,67.63234],[52.8570589,67.6323041],[52.8570022,67.6322739],[52.8570966,67.6322308],[52.8572477,67.6322408],[52.8574742,67.632225],[52.8575233,67.6321948],[52.8576215,67.6321862],[52.8577499,67.6321934],[52.8579311,67.6321431],[52.8579802,67.6320986],[52.8581501,67.6320612],[52.858271,67.6320555],[52.8583125,67.6320368],[52.8585013,67.6319549],[52.8586221,67.6319649],[52.858675,67.6320181],[52.8586939,67.6320914],[52.8588411,67.6321733],[52.8591243,67.6322696],[52.8591696,67.6322696],[52.8593169,67.6322983],[52.8593924,67.63235],[52.8594793,67.6323615],[52.8597662,67.6324549],[52.8600683,67.6325469],[52.8601136,67.6325986],[52.8600721,67.6326604],[52.8599324,67.632705],[52.8596492,67.6326877],[52.859366,67.6326001],[52.8592225,67.6325081],[52.8590715,67.6324937],[52.8587014,67.6324018],[52.8581954,67.6323256],[52.8578934,67.6323141],[52.8576253,67.6323587],[52.8571759,67.6325297],[52.856938,67.6326949],[52.8568248,67.6328027],[52.856821,67.6329593],[52.8568587,67.6331461],[52.8568814,67.6332438],[52.8569192,67.6333329],[52.8570249,67.6334421],[52.8571231,67.6335125],[52.857327,67.6335657],[52.857697,67.6336188],[52.8579009,67.6336389],[52.858237,67.6336073],[52.8584333,67.63358],[52.8584786,67.6336044],[52.8584522,67.6336619],[52.858456,67.6338616],[52.8584937,67.6339565],[52.8586146,67.6340369],[52.858792,67.6341117],[52.8590752,67.6341663],[52.8594113,67.634205],[52.8596341,67.6341993],[52.8598493,67.6341548],[52.8599513,67.6342165],[52.859872,67.6343329],[52.8599173,67.6344982],[52.8600192,67.6346375],[52.8601212,67.6347324],[52.8602458,67.6348114],[52.860208,67.6348329],[52.8600155,67.6348214],[52.8598682,67.6347927],[52.8596303,67.63482],[52.8593622,67.6348186],[52.8588562,67.6347841],[52.8586523,67.6347539],[52.8582483,67.6347065],[52.8579689,67.6346993],[52.8576328,67.6346936],[52.8574176,67.634672],[52.8572703,67.6346447],[52.8572628,67.6345916],[52.8572326,67.6345686],[52.8570778,67.6345585],[52.8569834,67.6345901],[52.8569607,67.6346476],[52.8570626,67.6346849],[52.8573949,67.6347151],[52.8576064,67.6347193],[52.8578443,67.634741],[52.8583125,67.6348042],[52.858607,67.6348272],[52.8587392,67.634853],[52.8590526,67.6348703],[52.8593622,67.6349033],[52.8598304,67.6349666],[52.8600306,67.6350082],[52.8603628,67.6350154],[52.8606347,67.6349939],[52.8605516,67.6349709],[52.8603817,67.6349076],[52.8603326,67.6348703],[52.8603779,67.634853],[52.8604799,67.6348703],[52.8605743,67.6349163],[52.8607404,67.6349321],[52.8610538,67.6349565],[52.8613144,67.6349565],[52.8614579,67.6349508],[52.8615145,67.6349895],[52.8615183,67.6350355],[52.8614428,67.6350872],[52.8614352,67.6351275],[52.8614919,67.635172],[52.861658,67.6352209],[52.8616769,67.6352568],[52.8620092,67.63532],[52.8623679,67.6353588],[52.8625,67.6353674],[52.8626284,67.6353545],[52.8627983,67.6353416],[52.8629569,67.6353444],[52.8630249,67.6353688],[52.8629947,67.6354134],[52.8629947,67.6354651],[52.8630929,67.635514],[52.8632137,67.6355355],[52.863293,67.6355599],[52.8632968,67.6355959],[52.8632741,67.6356433],[52.8632666,67.6357022],[52.863327,67.635764],[52.8634856,67.6358142],[52.8636064,67.6358588],[52.8636291,67.6359234],[52.8637084,67.635991],[52.8636819,67.6360341],[52.8635309,67.6360499],[52.8633949,67.6360398],[52.8632552,67.6360183],[52.8627455,67.6360398],[52.8622659,67.6360456],[52.8618317,67.6360743],[52.861624,67.636093],[52.8613673,67.6361332],[52.8610727,67.6361792],[52.8604006,67.6362079],[52.8599739,67.6362122],[52.8596039,67.6362151],[52.8595095,67.6361849],[52.8592716,67.6361978],[52.8591319,67.636182],[52.8587165,67.6361734],[52.8582068,67.6361648],[52.8577499,67.6361519],[52.857293,67.6361231],[52.8571306,67.6360858],[52.8568361,67.636093],[52.856636,67.6360872],[52.8565944,67.6361102],[52.8565,67.6361145],[52.8563377,67.6360872],[52.8559487,67.6361073],[52.8557788,67.63607],[52.8556995,67.6360341],[52.8552804,67.6360456],[52.855118,67.6359967],[52.8546725,67.6359608],[52.8542156,67.635991],[52.8540985,67.635978],[52.8539588,67.6359593],[52.8538946,67.6359852],[52.8537436,67.635991],[52.8536001,67.635968],[52.8534075,67.6359622],[52.8532074,67.6359105],[52.8526863,67.6358933],[52.8522181,67.6359091],[52.8519462,67.6359277],[52.851765,67.6359148],[52.8515082,67.6359823],[52.8510362,67.6359622],[52.8507492,67.6359737],[52.8505982,67.6359536],[52.8504849,67.635955],[52.8500733,67.6359507],[52.8499298,67.6359134],[52.8494654,67.6359119],[52.8487668,67.6359277],[52.8481816,67.6359048],[52.8479626,67.6358918],[52.8478946,67.6359119],[52.8476982,67.6359148],[52.847551,67.6358846],[52.8473433,67.6358861],[52.8472338,67.6358674],[52.8470714,67.6359004],[52.8467996,67.6359177],[52.8467391,67.6358875],[52.8466259,67.6358731],[52.8462747,67.6358861],[52.8460255,67.6358846],[52.8459575,67.6358746],[52.8457725,67.6358487],[52.8454855,67.635843],[52.8450437,67.635866],[52.8444622,67.6358746],[52.8440053,67.6358775],[52.8436731,67.6358775],[52.8435182,67.6358588],[52.8428159,67.6357927],[52.8426422,67.6357726],[52.8425365,67.6358027],[52.8422118,67.6358027],[52.8421174,67.6357683],[52.8420192,67.6357596],[52.8417926,67.6357582],[52.8413508,67.6357453],[52.840943,67.6357367],[52.84032,67.6357223],[52.8398858,67.6357438],[52.83941,67.6356892],[52.8392892,67.6357094],[52.8392023,67.6357697],[52.8389304,67.6357553],[52.8386208,67.6357079],[52.8383829,67.6357194],[52.837843,67.6356706],[52.8375937,67.6356878],[52.8375937,67.6357395],[52.8381866,67.6357798],[52.8386775,67.6357841],[52.8391419,67.6358358],[52.8393571,67.6358861],[52.8397989,67.6358846],[52.8399084,67.6359565],[52.8406145,67.6359479],[52.8407203,67.636001],[52.8414868,67.635991],[52.8417926,67.6359608],[52.8425403,67.6360427],[52.8427366,67.6360197],[52.8428839,67.6360484],[52.8431741,67.63604],[52.8433312,67.6360802],[52.8436605,67.6360711],[52.8439323,67.6361699],[52.8441075,67.6361814],[52.8443129,67.6361584],[52.8445546,67.6361894],[52.8448053,67.6361952],[52.8449262,67.6362009],[52.8449926,67.6362308],[52.845343,67.6362446],[52.8455394,67.636286],[52.8456783,67.6362595],[52.8458445,67.6362952],[52.8460378,67.6363067],[52.8462764,67.636294],[52.8464426,67.6362504],[52.8466329,67.6362515],[52.8468444,67.6362917],[52.8470528,67.6363021],[52.8473518,67.6362929],[52.8475995,67.6363113],[52.847666,67.6363469],[52.8477355,67.6363262],[52.8479469,67.6363262],[52.8481252,67.6363676],[52.8482762,67.6363458],[52.8487021,67.6363561],[52.8490314,67.6363435],[52.8493214,67.6363791],[52.849708,67.6363963],[52.8501279,67.6364044],[52.8505448,67.6364365],[52.8509556,67.6364239],[52.8512909,67.6364216],[52.8514027,67.6364469],[52.8516534,67.6364572],[52.8520069,67.6364676],[52.8520884,67.6364216],[52.8527077,67.6364377],[52.8528436,67.6364377],[52.8530098,67.636409],[52.8535172,67.6362768],[52.8538133,67.6362285],[52.8539734,67.6362297],[52.8541667,67.6362446],[52.8542453,67.6362756],[52.8542483,67.6363159],[52.8542271,67.6363595],[52.8542604,67.6363929],[52.8543963,67.6364411],[52.854638,67.6364952],[52.8548585,67.6365285],[52.8551908,67.6365722],[52.8557315,67.6366147],[52.8563387,67.6366285],[52.8569035,67.6366285],[52.8573476,67.6366584],[52.857402,67.6366308],[52.8576648,67.6366549],[52.8577735,67.636686],[52.8581541,67.6366952],[52.8584683,67.6367308],[52.8590422,67.6367273],[52.8594833,67.6367388],[52.8601207,67.6367078],[52.8606523,67.636671],[52.8610571,67.6366595],[52.8615012,67.636617],[52.8619422,67.6365653],[52.862356,67.6365009],[52.8628273,67.6364274],[52.8632744,67.6363595],[52.8637456,67.6363274],[52.8644887,67.6363147],[52.8646699,67.6362756],[52.8647878,67.6362021],[52.8648301,67.6361021],[52.8650415,67.6359274],[52.8651351,67.6358262],[52.8652016,67.6356653],[52.8652197,67.635578],[52.8651623,67.6354964],[52.8650385,67.6353607],[52.8650355,67.6352504],[52.865108,67.6351033],[52.8653526,67.6349665],[52.8656608,67.6348791],[52.8660535,67.6348297],[52.8661954,67.6348182],[52.8662196,67.6348274],[52.8660233,67.6348757],[52.8659628,67.634924],[52.8659054,67.6350435],[52.865836,67.6350814],[52.8658058,67.635124],[52.8659417,67.6351515],[52.8662347,67.6351331],[52.8663555,67.6351033],[52.8665187,67.6350883],[52.8667211,67.6350711],[52.8669416,67.6350182],[52.8671681,67.6349642],[52.867588,67.6349056],[52.867869,67.6349136],[52.8683674,67.6348998],[52.8688386,67.6349251],[52.8691316,67.6349619],[52.8692645,67.6349734],[52.8693552,67.6350079],[52.8695576,67.635063],[52.8697539,67.6350883],[52.8700348,67.6350952],[52.8701708,67.6351297],[52.8702644,67.6351309],[52.8705061,67.6351837],[52.8706179,67.6352044],[52.8707659,67.6352481],[52.8708051,67.635278],[52.8707357,67.6352872],[52.8706239,67.6352826],[52.8705333,67.6353217],[52.870346,67.6353423],[52.870053,67.6353561],[52.8697177,67.6353653],[52.8693612,67.6353561],[52.8689625,67.6353573],[52.868452,67.6354262],[52.8680895,67.6355136],[52.8677813,67.6356205],[52.8676515,67.6357147],[52.8676907,67.6357676],[52.8678961,67.6357837],[52.8681106,67.6357124],[52.8689443,67.6355423],[52.8692615,67.6355159],[52.8698868,67.635578],[52.8701436,67.6355688],[52.8705,67.6355285],[52.8706692,67.6355159],[52.8709048,67.6355469],[52.8711465,67.6355538],[52.8713579,67.6355389],[52.8715392,67.6355515],[52.8721313,67.6356458],[52.8724484,67.635717],[52.8726841,67.6357952],[52.8727501,67.6358601],[52.8730722,67.6360327],[52.8733033,67.6361922],[52.8736479,67.6363306],[52.8741454,67.6364996],[52.8743836,67.6366247],[52.8755257,67.6368765],[52.8756917,67.6369712],[52.8769915,67.6372868],[52.8783445,67.6373362],[52.878888,67.637431],[52.8804411,67.6376157],[52.8810859,67.6377617],[52.8821455,67.6378745],[52.8828629,67.6379428],[52.8835756,67.6380326],[52.8838186,67.6380417],[52.8842528,67.6381576],[52.8843638,67.6381601],[52.8845007,67.6382337],[52.8845573,67.6383157],[52.8858234,67.6375609]]]}},{"type":"Feature","id":"osm-context-87327998","properties":{"osmId":87327998,"kind":"area","landuse":"residential","natural":null,"water":null,"waterway":null,"leisure":null,"amenity":null,"railway":null,"name":null,"source":"OpenStreetMap"},"geometry":{"type":"Polygon","coordinates":[[[52.8809542,67.636622],[52.8831401,67.6369754],[52.8855993,67.637288],[52.888288,67.637468],[52.8890424,67.637465],[52.8894185,67.637229],[52.8897969,67.6369916],[52.8910258,67.6368478],[52.8918997,67.6362252],[52.8924776,67.6362893],[52.8941571,67.6365252],[52.895018,67.6354064],[52.8940507,67.6344436],[52.8933283,67.6340039],[52.8942185,67.6333995],[52.8924555,67.6322684],[52.8888418,67.6331579],[52.8862253,67.6338939],[52.8820059,67.6338663],[52.880946,67.6338343],[52.8796601,67.6336007],[52.8770284,67.6334812],[52.8743538,67.6339295],[52.8738984,67.6342948],[52.8734101,67.6344856],[52.8751173,67.6352346],[52.8755864,67.6354001],[52.8762089,67.6356499],[52.8775332,67.6360256],[52.8791865,67.6363309],[52.8809542,67.636622]]]}},{"type":"Feature","id":"osm-context-87328059","properties":{"osmId":87328059,"kind":"waterway","landuse":null,"natural":null,"water":null,"waterway":"stream","leisure":null,"amenity":null,"railway":null,"name":null,"source":"OpenStreetMap"},"geometry":{"type":"LineString","coordinates":[[52.9955741,67.6101771],[52.9951801,67.6099871],[52.9941609,67.6098976],[52.9933507,67.6096686],[52.9923576,67.6097582],[52.9919395,67.6099573],[52.992044,67.610246],[52.9917043,67.6105247],[52.9902669,67.6107337],[52.988908,67.6106939],[52.9877842,67.6104948],[52.9864775,67.610246],[52.9854844,67.609579],[52.9843606,67.6090414],[52.9833153,67.6085735],[52.9823744,67.6084839],[52.9811984,67.608464],[52.9808848,67.608693],[52.9802314,67.6090016],[52.979944,67.6092903],[52.9791077,67.6094695],[52.9782714,67.6096586],[52.977801,67.6095392],[52.9774612,67.6096586],[52.9770431,67.6098577],[52.9765465,67.6100966],[52.9759455,67.6103853],[52.9753966,67.6106143],[52.9745342,67.6108333],[52.9742567,67.6111107],[52.973291,67.6112222],[52.9729366,67.61114],[52.9726798,67.6111694],[52.9725668,67.611457],[52.9721302,67.6116057],[52.9721661,67.6117661],[52.9719709,67.6118072],[52.9717552,67.6118287],[52.9713134,67.6119754],[52.9709847,67.6119343],[52.9706765,67.6118854],[52.9698444,67.6119324],[52.9686732,67.612128],[52.9681904,67.6121887],[52.9679181,67.6122122],[52.9677846,67.6124352],[52.9676305,67.6124587],[52.9674558,67.6125193],[52.967312,67.6125565],[52.9670757,67.6125604],[52.9668754,67.612756],[52.9665723,67.6129106],[52.9664182,67.6129497],[52.9661254,67.6129399],[52.9659354,67.6129634],[52.9658737,67.6130064],[52.9651649,67.6132021],[52.9648926,67.6132295],[52.9647488,67.613206],[52.964605,67.6131962],[52.9641324,67.6133097],[52.9638961,67.6132725],[52.9635982,67.613251],[52.9632438,67.6132608],[52.9628328,67.6132784],[52.9626325,67.6133097],[52.9625305,67.6133122],[52.9624003,67.6133277]]}},{"type":"Feature","id":"osm-context-87480708","properties":{"osmId":87480708,"kind":"area","landuse":null,"natural":"water","water":null,"waterway":null,"leisure":null,"amenity":null,"railway":null,"name":null,"source":"OpenStreetMap"},"geometry":{"type":"Polygon","coordinates":[[[53.115558,67.6199232],[53.1156961,67.6199679],[53.1157444,67.6200257],[53.115703,67.6201191],[53.1157341,67.6201782],[53.1158722,67.6203215],[53.1159516,67.6203399],[53.1159619,67.6203885],[53.1160413,67.6204424],[53.1161967,67.6205292],[53.1163659,67.6206869],[53.1165005,67.6207303],[53.1166835,67.6207369],[53.1167594,67.6207829],[53.1168319,67.6207868],[53.1169079,67.6207894],[53.1169424,67.6208184],[53.1170563,67.6208276],[53.1172462,67.620863],[53.1174913,67.6209156],[53.1175604,67.6208907],[53.117664,67.6209169],[53.1177813,67.621009],[53.1178297,67.6210812],[53.1179643,67.6211522],[53.11813,67.6212009],[53.1182785,67.6212653],[53.1183372,67.6212771],[53.1184166,67.6212613],[53.1184546,67.6212258],[53.1185202,67.621168],[53.1185271,67.6211246],[53.1186168,67.6211404],[53.118786,67.6211207],[53.1187791,67.6210865],[53.1186375,67.6210668],[53.1185443,67.6210628],[53.1185443,67.6210431],[53.1185927,67.6210063],[53.1185927,67.6209393],[53.1185823,67.6208907],[53.118603,67.6208657],[53.118603,67.6208105],[53.1186721,67.6207303],[53.1187169,67.6206935],[53.1187653,67.6206264],[53.1187687,67.6205962],[53.118748,67.6205436],[53.1187446,67.6205134],[53.1187584,67.6204687],[53.1187273,67.6204464],[53.1186065,67.6203977],[53.1186203,67.6203649],[53.1185547,67.6203465],[53.1184546,67.6202952],[53.118458,67.6202558],[53.118534,67.6202229],[53.1183924,67.6202216],[53.1183993,67.6201927],[53.1183648,67.6201703],[53.118275,67.6201506],[53.1182371,67.6201283],[53.1182233,67.620098],[53.1182267,67.6200731],[53.1181956,67.6200639],[53.1181197,67.6200744],[53.1181184,67.6200548],[53.1181648,67.6200212],[53.1181494,67.6199993],[53.1181184,67.6199816],[53.1181162,67.6199606],[53.118114,67.6198773],[53.1180323,67.6199076],[53.1179395,67.6199051],[53.1178688,67.6198807],[53.1177826,67.6198336],[53.1176456,67.6198041],[53.117608,67.6198479],[53.1175307,67.6198369],[53.1174909,67.6198285],[53.1174512,67.6198436],[53.1174291,67.619858],[53.1173937,67.6198554],[53.1173473,67.6198386],[53.1172479,67.6197965],[53.1170093,67.6197713],[53.1167662,67.6197225],[53.1165673,67.6196922],[53.1163707,67.6196804],[53.1163221,67.6196661],[53.1162138,67.6196695],[53.1161542,67.6196804],[53.1160216,67.6196964],[53.1159222,67.6196956],[53.1158006,67.6197023],[53.1157454,67.6197217],[53.115657,67.6197301],[53.1155974,67.619752],[53.1155289,67.6197814],[53.1154383,67.6197923],[53.1154758,67.6198302],[53.1154913,67.6198504],[53.1154648,67.619868],[53.1154913,67.6199025],[53.115558,67.6199232]]]}},{"type":"Feature","id":"osm-context-87480711","properties":{"osmId":87480711,"kind":"area","landuse":null,"natural":"water","water":null,"waterway":null,"leisure":null,"amenity":null,"railway":null,"name":null,"source":"OpenStreetMap"},"geometry":{"type":"Polygon","coordinates":[[[53.0299349,67.6474391],[53.0298055,67.6476915],[53.029676,67.6477386],[53.0295951,67.6478084],[53.0296113,67.6479007],[53.0296436,67.6479643],[53.0293308,67.6485531],[53.0294818,67.6485941],[53.0298432,67.6479643],[53.0300968,67.6479294],[53.0301993,67.6478658],[53.0302586,67.6477284],[53.0301507,67.6476771],[53.0300266,67.6476525],[53.0301183,67.6474309],[53.0299349,67.6474391]]]}},{"type":"Feature","id":"osm-context-87480722","properties":{"osmId":87480722,"kind":"area","landuse":null,"natural":"water","water":null,"waterway":null,"leisure":null,"amenity":null,"railway":null,"name":null,"source":"OpenStreetMap"},"geometry":{"type":"Polygon","coordinates":[[[53.1321638,67.6222115],[53.1321476,67.6222998],[53.1321692,67.6223881],[53.1322393,67.6224107],[53.1322878,67.6224456],[53.1325144,67.6224949],[53.1326816,67.6225175],[53.132865,67.6224969],[53.1330377,67.6224538],[53.133097,67.6224066],[53.133124,67.6223388],[53.1331024,67.622269],[53.1330431,67.6221745],[53.1329675,67.6221355],[53.1327464,67.6220759],[53.1325414,67.6220718],[53.1323472,67.6221108],[53.1322123,67.6221663],[53.1321638,67.6222115]]]}},{"type":"Feature","id":"osm-context-87480733","properties":{"osmId":87480733,"kind":"area","landuse":null,"natural":null,"water":null,"waterway":null,"leisure":null,"amenity":"school","railway":null,"name":null,"source":"OpenStreetMap"},"geometry":{"type":"Polygon","coordinates":[[[53.1181326,67.679054],[53.1183255,67.6789241],[53.1170609,67.6786532],[53.1172425,67.6785309],[53.116891,67.6784556],[53.1165165,67.6787077],[53.1181326,67.679054]]]}},{"type":"Feature","id":"osm-context-87480765","properties":{"osmId":87480765,"kind":"waterway","landuse":null,"natural":null,"water":null,"waterway":"stream","leisure":null,"amenity":null,"railway":null,"name":null,"source":"OpenStreetMap"},"geometry":{"type":"LineString","coordinates":[[53.1633885,67.618931],[53.1634228,67.6191235],[53.1627485,67.619294],[53.1626045,67.6192825],[53.1621347,67.6194485],[53.1613972,67.6196571],[53.1609381,67.6196771],[53.1598274,67.6197253],[53.1587106,67.6198015],[53.15811,67.6198015],[53.1576675,67.6199941],[53.1570881,67.6200623],[53.1562873,67.6200302],[53.1548966,67.6200904],[53.1536744,67.620299],[53.1523575,67.6206078],[53.1502924,67.6209207],[53.1495338,67.6209729],[53.1483222,67.6208164],[53.1471527,67.6204915],[53.146194,67.6203431],[53.1455197,67.6200823],[53.1449507,67.6198256],[53.1445504,67.6194244],[53.1440399,67.6190561],[53.1440025,67.618927],[53.1437972,67.6188533],[53.1438107,67.6186402],[53.1435814,67.6185786],[53.1434398,67.6183526],[53.1435259,67.6181182],[53.1433926,67.6180497],[53.1433252,67.6179521],[53.1434845,67.6178522]]}},{"type":"Feature","id":"osm-context-87480783","properties":{"osmId":87480783,"kind":"area","landuse":null,"natural":null,"water":null,"waterway":null,"leisure":null,"amenity":"school","railway":null,"name":"№6","source":"OpenStreetMap"},"geometry":{"type":"Polygon","coordinates":[[[53.1194703,67.678496],[53.1176171,67.678096],[53.1171819,67.6783869],[53.1175143,67.6784586],[53.1178149,67.6782578],[53.1182869,67.6783596],[53.1179863,67.6785605],[53.1183163,67.6786317],[53.1186339,67.6784195],[53.1190324,67.6785055],[53.1178778,67.6792772],[53.1181981,67.6793463],[53.1194703,67.678496]]]}},{"type":"Feature","id":"osm-context-87480786","properties":{"osmId":87480786,"kind":"area","landuse":null,"natural":null,"water":null,"waterway":null,"leisure":null,"amenity":"kindergarten","railway":null,"name":null,"source":"OpenStreetMap"},"geometry":{"type":"Polygon","coordinates":[[[53.1210847,67.6781374],[53.120922,67.6782376],[53.1223215,67.6785655],[53.1224841,67.6784654],[53.1210847,67.6781374]]]}},{"type":"Feature","id":"osm-context-87480815","properties":{"osmId":87480815,"kind":"area","landuse":"industrial","natural":null,"water":null,"waterway":null,"leisure":null,"amenity":null,"railway":null,"name":"Нефтебаза Ненецкой нефтяной компании","source":"OpenStreetMap"},"geometry":{"type":"Polygon","coordinates":[[[53.1010421,67.6727287],[53.0991422,67.6747625],[53.0983802,67.6746216],[53.0983305,67.6746682],[53.0949863,67.6738313],[53.0946198,67.6740421],[53.0939977,67.6738979],[53.0925562,67.6735636],[53.094862,67.6722067],[53.0965785,67.6711692],[53.1004176,67.6720847],[53.1002977,67.6721514],[53.1000629,67.6722973],[53.0999699,67.6723488],[53.0999185,67.6723772],[53.0997973,67.6724587],[53.1010421,67.6727287]]]}},{"type":"Feature","id":"osm-context-87480817","properties":{"osmId":87480817,"kind":"area","landuse":null,"natural":"water","water":null,"waterway":null,"leisure":null,"amenity":null,"railway":null,"name":null,"source":"OpenStreetMap"},"geometry":{"type":"Polygon","coordinates":[[[53.0295681,67.6487561],[53.0294818,67.64883],[53.0295088,67.6490044],[53.0296275,67.6490577],[53.0300644,67.64915],[53.0303665,67.6491849],[53.030852,67.6491582],[53.0313806,67.6490721],[53.0317636,67.6489736],[53.0319848,67.6487951],[53.0318661,67.6485961],[53.0312188,67.6486064],[53.0311325,67.648672],[53.0310246,67.6486967],[53.0309059,67.6486782],[53.0309275,67.6486228],[53.0309437,67.6485941],[53.0307549,67.6485818],[53.0305607,67.6485284],[53.0301939,67.6485469],[53.0299403,67.6486126],[53.0297192,67.6486967],[53.0295681,67.6487561]]]}},{"type":"Feature","id":"osm-context-87480820","properties":{"osmId":87480820,"kind":"area","landuse":null,"natural":null,"water":null,"waterway":null,"leisure":null,"amenity":"kindergarten","railway":null,"name":null,"source":"OpenStreetMap"},"geometry":{"type":"Polygon","coordinates":[[[53.1275573,67.6788052],[53.1273851,67.6789115],[53.1284622,67.6791633],[53.1286345,67.679057],[53.1275573,67.6788052]]]}},{"type":"Feature","id":"osm-context-87480836","properties":{"osmId":87480836,"kind":"area","landuse":null,"natural":"water","water":null,"waterway":null,"leisure":null,"amenity":null,"railway":null,"name":null,"source":"OpenStreetMap"},"geometry":{"type":"Polygon","coordinates":[[[53.0303611,67.6465077],[53.0300374,67.6472422],[53.0301885,67.6472504],[53.0305823,67.6465098],[53.0309868,67.6465241],[53.0312727,67.6465016],[53.0324325,67.6463067],[53.0324217,67.6462697],[53.0315586,67.6464236],[53.031413,67.6464216],[53.031208,67.6464687],[53.0309922,67.6464831],[53.0307711,67.6464749],[53.0302964,67.6464523],[53.0303018,67.6464975],[53.0303611,67.6465077]]]}},{"type":"Feature","id":"osm-context-87480852","properties":{"osmId":87480852,"kind":"area","landuse":"industrial","natural":null,"water":null,"waterway":null,"leisure":null,"amenity":null,"railway":null,"name":null,"source":"OpenStreetMap"},"geometry":{"type":"Polygon","coordinates":[[[53.0155213,67.6256052],[53.0150564,67.6255298],[53.0142757,67.6254034],[53.0142315,67.6252888],[53.0142584,67.6252667],[53.0148225,67.624803],[53.0160571,67.6250196],[53.0155213,67.6256052]]]}},{"type":"Feature","id":"osm-context-87480883","properties":{"osmId":87480883,"kind":"area","landuse":"industrial","natural":null,"water":null,"waterway":null,"leisure":null,"amenity":null,"railway":null,"name":null,"source":"OpenStreetMap"},"geometry":{"type":"Polygon","coordinates":[[[53.0090213,67.6244642],[53.0085156,67.6242556],[53.0077716,67.6237705],[53.006813,67.6231454],[53.006754,67.6231069],[53.0088479,67.6226453],[53.0111201,67.6221443],[53.0131345,67.6234502],[53.0090213,67.6244642]]]}},{"type":"Feature","id":"osm-context-87480894","properties":{"osmId":87480894,"kind":"area","landuse":null,"natural":"water","water":null,"waterway":null,"leisure":null,"amenity":null,"railway":null,"name":null,"source":"OpenStreetMap"},"geometry":{"type":"Polygon","coordinates":[[[53.0373243,67.6459922],[53.0373674,67.6462302],[53.0375023,67.6463287],[53.0377504,67.6464128],[53.0377342,67.6464538],[53.0378313,67.6464949],[53.0380201,67.6464928],[53.038128,67.6465338],[53.038511,67.6466959],[53.0387214,67.6468498],[53.0387106,67.6469154],[53.0385272,67.6469544],[53.0385973,67.6470262],[53.038948,67.6470283],[53.0390613,67.6471021],[53.039331,67.6471062],[53.0393256,67.6472662],[53.0394496,67.6473873],[53.0398273,67.6473729],[53.0400376,67.6473237],[53.0400322,67.6472396],[53.039919,67.6470036],[53.0401455,67.6469503],[53.0403235,67.6468621],[53.0407767,67.6468518],[53.0411165,67.6468005],[53.0411758,67.6466939],[53.0409763,67.6465585],[53.0406904,67.6465851],[53.0403397,67.646659],[53.0399082,67.6466077],[53.0396331,67.6465503],[53.0393633,67.6463123],[53.039099,67.6462405],[53.0386836,67.6461215],[53.038538,67.6460579],[53.0382521,67.6459738],[53.0378529,67.6459163],[53.0377073,67.6458814],[53.0373351,67.6459614],[53.0373243,67.6459922]]]}},{"type":"Feature","id":"osm-context-87480909","properties":{"osmId":87480909,"kind":"waterway","landuse":null,"natural":null,"water":null,"waterway":"stream","leisure":null,"amenity":null,"railway":null,"name":null,"source":"OpenStreetMap"},"geometry":{"type":"LineString","coordinates":[[53.1351207,67.6149859],[53.1344706,67.6146397],[53.1345313,67.6142468],[53.134302,67.6140748],[53.1338435,67.6141261],[53.1337154,67.614186],[53.1338086,67.6142444],[53.1331818,67.6142852],[53.1330086,67.6141923],[53.132572,67.6141977],[53.1323454,67.614149],[53.1321033,67.6139973],[53.131674,67.613849],[53.1315521,67.6138524],[53.1313945,67.6138232],[53.1312586,67.61381],[53.1312222,67.6137883],[53.1310447,67.6137952],[53.1307902,67.6138793],[53.1305938,67.6138955],[53.129635,67.6141242],[53.1287184,67.6142125],[53.1277597,67.6141041],[53.1269695,67.6138192],[53.1264532,67.6132494],[53.1261477,67.6129565],[53.1251889,67.6127639],[53.1241143,67.6127358],[53.1233451,67.6128],[53.1222389,67.6125633],[53.1215856,67.6125673],[53.1211747,67.6126837],[53.1207533,67.6128401],[53.1197103,67.6129044],[53.1182036,67.6127639],[53.116539,67.6125552],[53.115085,67.6125954],[53.1137153,67.612792],[53.1130411,67.6127639],[53.1117557,67.612804],[53.1106705,67.6128923],[53.1083631,67.6130247],[53.1062665,67.6134461],[53.1055079,67.6139236],[53.1053604,67.6145615],[53.1041066,67.6150751],[53.1035272,67.6154804],[53.1032005,67.6157612],[53.1011039,67.6161825],[53.0981855,67.6167964],[53.0970897,67.6171053],[53.0964681,67.6175185],[53.0954883,67.6178315],[53.0939817,67.6188224],[53.0923381,67.6196969],[53.0918429,67.6200138],[53.091864,67.6203066],[53.092159,67.6204671],[53.0925277,67.6204671],[53.0929702,67.6210046],[53.0926752,67.6218229],[53.0918534,67.6223003],[53.0904416,67.6224246],[53.08864,67.622216],[53.0872956,67.6220893],[53.0869643,67.6221691],[53.0866213,67.6222337],[53.0844888,67.6224326],[53.0828874,67.6228434],[53.0825418,67.6231033],[53.0819687,67.6232701],[53.0812438,67.6232637],[53.0795749,67.6235653],[53.0795412,67.6236455],[53.0780662,67.6238509],[53.0778723,67.6239825],[53.077139,67.6240017],[53.0762456,67.6238798],[53.0748651,67.6237241],[53.0738251,67.6236026],[53.073195,67.623573],[53.0721679,67.6237011],[53.0712444,67.6238769],[53.0706877,67.6239853],[53.0703899,67.6240642],[53.0701008,67.6241102],[53.0699627,67.6240806],[53.0697987,67.6241299],[53.0696002,67.6241545],[53.0694923,67.6242071],[53.0693628,67.6242383],[53.0690305,67.6242088],[53.0688968,67.6241726],[53.0686163,67.6241989],[53.0681243,67.6242515],[53.0678524,67.6242498],[53.0677532,67.6242301],[53.0678006,67.6241118],[53.0677316,67.6240593],[53.0671188,67.6240248],[53.0669677,67.6240888],[53.0670023,67.6242088],[53.0648186,67.624787]]}},{"type":"Feature","id":"osm-context-87480952","properties":{"osmId":87480952,"kind":"area","landuse":null,"natural":"water","water":null,"waterway":null,"leisure":null,"amenity":null,"railway":null,"name":null,"source":"OpenStreetMap"},"geometry":{"type":"Polygon","coordinates":[[[53.1330719,67.6214598],[53.1330111,67.6214167],[53.1329614,67.6213568],[53.1329945,67.62128],[53.1330553,67.6211959],[53.1331326,67.6211517],[53.1332984,67.6210613],[53.1333481,67.6210266],[53.1334116,67.6209614],[53.1335138,67.6208972],[53.1336049,67.6208604],[53.1336823,67.6207931],[53.1339143,67.6207143],[53.1341987,67.6206438],[53.1344473,67.6206217],[53.1346821,67.6206207],[53.1349389,67.6206659],[53.135077,67.6206985],[53.1351102,67.6207279],[53.135077,67.6208005],[53.1349693,67.6209372],[53.1348229,67.6210118],[53.1346848,67.6211338],[53.13437,67.6212842],[53.1341932,67.6213694],[53.1339999,67.6214293],[53.1338148,67.6214609],[53.1335911,67.6214787],[53.1333729,67.6214892],[53.1332376,67.621485],[53.1331492,67.6214882],[53.1330719,67.6214598]]]}},{"type":"Feature","id":"osm-context-87480996","properties":{"osmId":87480996,"kind":"area","landuse":null,"natural":"water","water":null,"waterway":null,"leisure":null,"amenity":null,"railway":null,"name":null,"source":"OpenStreetMap"},"geometry":{"type":"Polygon","coordinates":[[[53.1076651,67.6179542],[53.1076817,67.6179878],[53.1077093,67.6180036],[53.1077618,67.6180583],[53.1077645,67.6180982],[53.107748,67.6181613],[53.1077922,67.6182097],[53.1078281,67.6182202],[53.1078861,67.6182833],[53.1078584,67.6183464],[53.1079468,67.6183927],[53.1079883,67.6184011],[53.1079855,67.6184179],[53.1079054,67.6184463],[53.1079358,67.6184705],[53.1080628,67.6185158],[53.1080932,67.6185946],[53.1081733,67.6186377],[53.1083998,67.6186514],[53.1084909,67.6186872],[53.1086925,67.6187187],[53.1088113,67.6188207],[53.1089273,67.6188775],[53.1091483,67.618968],[53.1092422,67.6190353],[53.1093582,67.619071],[53.1095653,67.6191194],[53.1097393,67.6191657],[53.1098277,67.6192183],[53.1098857,67.619233],[53.1099409,67.6192845],[53.1100542,67.6193465],[53.1101729,67.6193928],[53.1103966,67.6194759],[53.1105375,67.6195074],[53.1106314,67.6194864],[53.1106866,67.6194948],[53.1107419,67.6195096],[53.1108855,67.6195327],[53.1109849,67.6195979],[53.1111203,67.6196347],[53.1111617,67.6196252],[53.1113909,67.6196442],[53.1115235,67.619601],[53.1115926,67.6196],[53.1116506,67.6195748],[53.1116312,67.6195527],[53.111692,67.6195337],[53.1117886,67.6195232],[53.1118715,67.6194717],[53.1117776,67.6194444],[53.1118107,67.619417],[53.1119295,67.619376],[53.1119323,67.6193329],[53.1119903,67.6193076],[53.1119792,67.6192435],[53.1119295,67.6191814],[53.1118356,67.6191215],[53.1118384,67.6190931],[53.1116699,67.6190626],[53.1116036,67.6190142],[53.111518,67.6189837],[53.1114517,67.6189375],[53.1113909,67.6188912],[53.111344,67.6188239],[53.1112197,67.6187555],[53.1111948,67.6187156],[53.1111976,67.6186703],[53.1112307,67.6186546],[53.111344,67.6186588],[53.111355,67.618622],[53.1113164,67.6185862],[53.1111258,67.6185725],[53.1112197,67.6185126],[53.1112059,67.6184779],[53.1111313,67.6184474],[53.111112,67.6184043],[53.1109849,67.6183811],[53.1109297,67.6183433],[53.1108689,67.6183117],[53.110775,67.6183075],[53.1107087,67.6182749],[53.1107336,67.6182465],[53.1108496,67.6182202],[53.1108192,67.6181477],[53.1107446,67.6180982],[53.1106259,67.6181172],[53.1105955,67.6181498],[53.1105541,67.6181456],[53.1105209,67.6180856],[53.1105485,67.618032],[53.1105927,67.6180173],[53.1106949,67.6180088],[53.1107557,67.6179783],[53.1107502,67.6179405],[53.1106977,67.6178606],[53.1107115,67.6178227],[53.1107446,67.6177733],[53.1107308,67.6177438],[53.1106535,67.617706],[53.1105403,67.6176965],[53.1103939,67.617687],[53.1103248,67.6176544],[53.1102613,67.6176681],[53.110195,67.6176839],[53.1101398,67.6176849],[53.1102005,67.6176513],[53.1101729,67.6176103],[53.1100956,67.6176018],[53.1100183,67.6176239],[53.1099105,67.617646],[53.1098305,67.6176187],[53.1098332,67.6176008],[53.1097393,67.6175366],[53.1097504,67.617503],[53.1096426,67.6174735],[53.1095018,67.6174767],[53.1093803,67.6175156],[53.1092615,67.6175377],[53.1089384,67.6175387],[53.1088583,67.617523],[53.1088472,67.6174988],[53.1087782,67.6174872],[53.1086373,67.617483],[53.1084799,67.617504],[53.1083943,67.6175335],[53.1082976,67.617585],[53.1082451,67.6176576],[53.1082893,67.6177123],[53.1083004,67.6177417],[53.1082644,67.6177575],[53.1082147,67.617747],[53.108154,67.6177186],[53.1080463,67.6177165],[53.1079634,67.6177249],[53.1079303,67.6177533],[53.1079496,67.6178206],[53.1079496,67.6178479],[53.1078805,67.6178742],[53.1078115,67.6178942],[53.1077866,67.6179163],[53.1077093,67.6179426],[53.1076651,67.6179542]]]}},{"type":"Feature","id":"osm-context-87481009","properties":{"osmId":87481009,"kind":"area","landuse":null,"natural":"water","water":null,"waterway":null,"leisure":null,"amenity":null,"railway":null,"name":null,"source":"OpenStreetMap"},"geometry":{"type":"Polygon","coordinates":[[[53.0276753,67.6493698],[53.0276538,67.6494334],[53.0276861,67.6495319],[53.0278048,67.6495996],[53.0279882,67.6496324],[53.0282417,67.6496098],[53.02856,67.6495032],[53.02856,67.6494293],[53.0285061,67.649337],[53.0283173,67.6492591],[53.0280529,67.6492427],[53.0278264,67.6492919],[53.0276753,67.6493698]]]}},{"type":"Feature","id":"osm-context-87481066","properties":{"osmId":87481066,"kind":"area","landuse":null,"natural":"water","water":null,"waterway":null,"leisure":null,"amenity":null,"railway":null,"name":null,"source":"OpenStreetMap"},"geometry":{"type":"Polygon","coordinates":[[[53.130714,67.6139332],[53.1306838,67.6139085],[53.1305938,67.6138955],[53.1307529,67.6138609],[53.1307658,67.6138231],[53.1307356,67.6137935],[53.1307701,67.6137688],[53.1307572,67.6137129],[53.1306234,67.6136571],[53.13055,67.6136439],[53.1305026,67.6135995],[53.1305198,67.6135683],[53.1307442,67.6135206],[53.1309082,67.6134976],[53.131124,67.6135338],[53.131206,67.6135322],[53.1313268,67.6135732],[53.1312405,67.6137064],[53.1312939,67.6137554],[53.1312926,67.6137753],[53.1312222,67.6137883],[53.1311579,67.6138093],[53.1311314,67.6138234],[53.1311773,67.6138605],[53.1311296,67.6138766],[53.1311349,67.6139143],[53.1311207,67.6139345],[53.1309599,67.6139486],[53.1308857,67.6139547],[53.1307778,67.6139406],[53.130714,67.6139332]]]}},{"type":"Feature","id":"osm-context-87481068","properties":{"osmId":87481068,"kind":"area","landuse":null,"natural":"water","water":null,"waterway":null,"leisure":null,"amenity":null,"railway":null,"name":null,"source":"OpenStreetMap"},"geometry":{"type":"Polygon","coordinates":[[[53.039557,67.6484275],[53.0396109,67.6485454],[53.0396109,67.6487249],[53.0397458,67.6489147],[53.0398807,67.6490147],[53.0401436,67.6490737],[53.0404875,67.6492096],[53.0407235,67.6493839],[53.0409326,67.6494788],[53.0410135,67.6494993],[53.041263,67.6494557],[53.0413911,67.6494019],[53.0413708,67.6492634],[53.0414248,67.6491378],[53.0415394,67.649107],[53.0415327,67.649025],[53.0414585,67.6489916],[53.0414653,67.648848],[53.0415529,67.6487737],[53.0416136,67.6486301],[53.0416878,67.6484454],[53.0414787,67.6483736],[53.0410202,67.6483942],[53.0408651,67.6483839],[53.0407505,67.6482839],[53.0405212,67.6482736],[53.0403257,67.6481788],[53.0401234,67.6481813],[53.0399616,67.648107],[53.0396244,67.6481198],[53.0397121,67.6481967],[53.0396784,67.6482941],[53.039557,67.6484275]]]}},{"type":"Feature","id":"osm-context-87481122","properties":{"osmId":87481122,"kind":"area","landuse":null,"natural":"water","water":null,"waterway":null,"leisure":null,"amenity":null,"railway":null,"name":null,"source":"OpenStreetMap"},"geometry":{"type":"Polygon","coordinates":[[[53.0432675,67.6362934],[53.0428198,67.6365203],[53.0420848,67.6368461],[53.0414442,67.6371155],[53.0413228,67.6372386],[53.04137,67.6373361],[53.0417746,67.6374439],[53.0418286,67.6375259],[53.0418353,67.637585],[53.0419769,67.6376696],[53.0421387,67.6377055],[53.0426175,67.6376799],[53.0427726,67.6376491],[53.0431367,67.6376363],[53.0436154,67.6375952],[53.0441616,67.6375567],[53.0443639,67.6375542],[53.0445797,67.6375234],[53.0447213,67.6374413],[53.0448696,67.6373951],[53.0451461,67.6373925],[53.045463,67.6374131],[53.0457058,67.6373797],[53.0462047,67.637177],[53.0471353,67.6368435],[53.0472904,67.6368025],[53.0476073,67.6367845],[53.0478905,67.636764],[53.0486996,67.6366588],[53.049502,67.6365485],[53.0501089,67.6364048],[53.0505742,67.6362509],[53.0507668,67.6361585],[53.0508401,67.6360501],[53.0511336,67.6358547],[53.0512026,67.635748],[53.051112,67.6356659],[53.0511422,67.6355263],[53.0509351,67.6353523],[53.0504431,67.6351487],[53.0500418,67.6349779],[53.0495498,67.6348268],[53.0492477,67.6347825],[53.049006,67.6348186],[53.0489154,67.6348186],[53.0488593,67.6347808],[53.0489499,67.6347546],[53.0490751,67.6347628],[53.0491441,67.6346873],[53.049265,67.6345822],[53.0492736,67.6344771],[53.0491959,67.6344097],[53.0491484,67.6343227],[53.0491571,67.6342324],[53.0492089,67.6341486],[53.049183,67.6340977],[53.049101,67.6340435],[53.0490233,67.6340271],[53.0489327,67.6340238],[53.0488205,67.6339549],[53.0486824,67.6339237],[53.0486047,67.6338908],[53.0484493,67.6337972],[53.0479617,67.6336691],[53.04813,67.633835],[53.0482595,67.6338826],[53.048363,67.6338957],[53.0484795,67.6339122],[53.0485227,67.6339335],[53.0486176,67.633991],[53.0487687,67.634055],[53.048855,67.6341273],[53.0488809,67.6342078],[53.0488679,67.6342849],[53.0488118,67.6343391],[53.0488603,67.6344249],[53.0488679,67.6344984],[53.0489629,67.634557],[53.0490264,67.6346095],[53.0490154,67.6346631],[53.0489574,67.6347052],[53.0488496,67.6347188],[53.0486315,67.6346999],[53.0481923,67.6346642],[53.0476482,67.6346064],[53.0473969,67.6346159],[53.0465345,67.6347672],[53.0457059,67.6350982],[53.0450396,67.6354332],[53.0446391,67.6356434],[53.0437933,67.6360559],[53.0432675,67.6362934]]]}},{"type":"Feature","id":"osm-context-87481132","properties":{"osmId":87481132,"kind":"area","landuse":null,"natural":"water","water":null,"waterway":null,"leisure":null,"amenity":null,"railway":null,"name":null,"source":"OpenStreetMap"},"geometry":{"type":"Polygon","coordinates":[[[53.0395489,67.6453821],[53.0396956,67.6452343],[53.0399287,67.6451079],[53.0400883,67.6450686],[53.0402049,67.6450686],[53.0402998,67.6450423],[53.0403171,67.6450045],[53.0406062,67.6449553],[53.0408306,67.6449848],[53.0410464,67.6449635],[53.0413183,67.6449799],[53.0414348,67.6450193],[53.0416247,67.6451555],[53.0416894,67.6452524],[53.0416117,67.6453197],[53.0415254,67.6453624],[53.0413657,67.6453853],[53.0412665,67.6454149],[53.0411327,67.6454132],[53.0410032,67.645387],[53.0408694,67.6454001],[53.0404293,67.6455068],[53.0401962,67.6455544],[53.0400322,67.645561],[53.0398424,67.645538],[53.0396697,67.6454904],[53.0395791,67.6454461],[53.0395489,67.6453821]]]}},{"type":"Feature","id":"osm-context-87481147","properties":{"osmId":87481147,"kind":"area","landuse":null,"natural":"water","water":null,"waterway":null,"leisure":null,"amenity":null,"railway":null,"name":null,"source":"OpenStreetMap"},"geometry":{"type":"Polygon","coordinates":[[[53.0305189,67.6476038],[53.0304245,67.6476986],[53.0305661,67.6478781],[53.0306065,67.6480525],[53.0307684,67.6482371],[53.0310516,67.6482961],[53.0315303,67.6482551],[53.0320428,67.6480166],[53.032535,67.6478089],[53.0327643,67.6476602],[53.0333442,67.6476114],[53.0335397,67.6474345],[53.0337555,67.6473473],[53.0338094,67.6472447],[53.0337555,67.6471627],[53.0335667,67.647114],[53.0333577,67.6471114],[53.0331149,67.6471165],[53.0329463,67.6470781],[53.0328857,67.6470011],[53.0327845,67.646955],[53.0324608,67.6471063],[53.0319888,67.647255],[53.0313415,67.6473499],[53.0308156,67.6474422],[53.0305189,67.6476038]]]}},{"type":"Feature","id":"osm-context-87481157","properties":{"osmId":87481157,"kind":"area","landuse":null,"natural":"water","water":null,"waterway":null,"leisure":null,"amenity":null,"railway":null,"name":null,"source":"OpenStreetMap"},"geometry":{"type":"Polygon","coordinates":[[[53.0285216,67.6467601],[53.0282735,67.6468606],[53.0282357,67.6469611],[53.0283706,67.647076],[53.0285486,67.6471211],[53.0288669,67.6471355],[53.0292121,67.6470924],[53.029293,67.6470329],[53.0292606,67.6469406],[53.0290826,67.6467908],[53.0288722,67.6467519],[53.0286834,67.6467395],[53.0285216,67.6467601]]]}},{"type":"Feature","id":"osm-context-87481160","properties":{"osmId":87481160,"kind":"area","landuse":null,"natural":"water","water":null,"waterway":null,"leisure":null,"amenity":null,"railway":null,"name":null,"source":"OpenStreetMap"},"geometry":{"type":"Polygon","coordinates":[[[53.1428171,67.6166719],[53.143084,67.6167858],[53.143131,67.6168394],[53.1434431,67.6169688],[53.1436806,67.6171223],[53.1439181,67.6171854],[53.1439319,67.6172075],[53.1438629,67.6172317],[53.1439098,67.6172812],[53.1440341,67.6173337],[53.1440673,67.6173737],[53.144186,67.6174389],[53.1442689,67.6174631],[53.1443987,67.617542],[53.1445313,67.617583],[53.1445478,67.617645],[53.1445175,67.6176829],[53.144233,67.6178301],[53.1439678,67.6178975],[53.1436999,67.6178838],[53.1434845,67.6178522],[53.143374,67.6178081],[53.1431641,67.6176861],[53.1430592,67.6176661],[53.142783,67.6176671],[53.1425897,67.6176966],[53.1424129,67.6177397],[53.1422969,67.6177975],[53.1422693,67.6178365],[53.1423273,67.6178922],[53.1422969,67.6179185],[53.1421975,67.6179469],[53.142029,67.6179395],[53.1418854,67.6179837],[53.1415429,67.6180363],[53.141217,67.6180962],[53.1407972,67.6181909],[53.1405458,67.6182708],[53.1404188,67.6183339],[53.1403497,67.6183907],[53.140347,67.618458],[53.140532,67.6184906],[53.1405652,67.6185022],[53.1405348,67.6185221],[53.1405541,67.6185705],[53.1406259,67.6185842],[53.1406397,67.6186189],[53.1407115,67.6186589],[53.1406663,67.6187043],[53.1408342,67.6188465],[53.1408541,67.618886],[53.1408077,67.618939],[53.1407568,67.6189373],[53.1407171,67.6189466],[53.1406309,67.6190147],[53.140611,67.6190391],[53.1403326,67.6190955],[53.1402442,67.6190888],[53.1401824,67.6190905],[53.1401338,67.6191199],[53.140147,67.6191418],[53.1400984,67.6191636],[53.1399084,67.6192091],[53.1397648,67.619231],[53.1396918,67.6192141],[53.1395703,67.6192284],[53.1395195,67.6192553],[53.139504,67.6192856],[53.1394752,67.6192966],[53.1393336,67.6193137],[53.1392266,67.6193006],[53.1391679,67.6192677],[53.139016,67.6192598],[53.1389228,67.6192401],[53.1388745,67.6192072],[53.1387882,67.6192164],[53.1386811,67.6191928],[53.1385361,67.619244],[53.138367,67.6192743],[53.1382185,67.6192769],[53.1381184,67.6193045],[53.1380355,67.6194294],[53.137932,67.6195372],[53.1378629,67.6196621],[53.1378733,67.619733],[53.1377006,67.6198566],[53.1375695,67.6199657],[53.137352,67.6200814],[53.1372829,67.6201169],[53.1371621,67.6201405],[53.1370378,67.6201589],[53.1369618,67.6201852],[53.1369239,67.6202155],[53.1368237,67.6202339],[53.1366925,67.6202312],[53.1366062,67.6202457],[53.1364716,67.6202063],[53.1363542,67.6201813],[53.1361022,67.6201721],[53.1360159,67.6201471],[53.1359192,67.6200972],[53.1359019,67.6200275],[53.1359158,67.6199368],[53.1359261,67.6198198],[53.1358709,67.6196647],[53.1358743,67.6195819],[53.1359883,67.6194951],[53.1360262,67.6194268],[53.1360193,67.6193624],[53.1358847,67.6192401],[53.1358294,67.6191625],[53.1358433,67.6190929],[53.1359227,67.6190403],[53.1360953,67.6188655],[53.1362472,67.618851],[53.1363093,67.61883],[53.1363059,67.6187787],[53.1362472,67.6187209],[53.1361125,67.6186643],[53.1358847,67.6185486],[53.1358364,67.6184606],[53.1357949,67.6183449],[53.1356741,67.6182292],[53.1355084,67.6181661],[53.1352598,67.6181451],[53.1350009,67.6181188],[53.1346522,67.6180517],[53.134559,67.6180123],[53.1344381,67.6178874],[53.1343794,67.6177862],[53.1344519,67.6176573],[53.1347259,67.6173935],[53.1350949,67.6172707],[53.1354705,67.6173212],[53.1356142,67.6173346],[53.135897,67.617301],[53.1360075,67.6173254],[53.1362483,67.6172446],[53.1365112,67.6172202],[53.1365355,67.6171916],[53.1367123,67.617147],[53.1367874,67.617147],[53.1368559,67.6171024],[53.1370216,67.6170856],[53.1370813,67.6170385],[53.1370923,67.6169451],[53.1370658,67.6167911],[53.1371122,67.6167448],[53.1372271,67.6166338],[53.1371918,67.6165353],[53.137068,67.6164781],[53.1367476,67.6164158],[53.1364648,67.6163864],[53.1362202,67.6163542],[53.1360638,67.6162946],[53.1359236,67.6162782],[53.1357455,67.6162864],[53.135643,67.6162864],[53.1355729,67.6162659],[53.1353787,67.6161282],[53.1353679,67.6160851],[53.13526,67.6159988],[53.1351144,67.6159516],[53.1350119,67.6158345],[53.1349148,67.6158078],[53.1347692,67.615742],[53.1346477,67.615732],[53.1344452,67.6155943],[53.1344124,67.6154193],[53.1345668,67.6152784],[53.1351207,67.6149859],[53.1364592,67.6145566],[53.1365861,67.6145023],[53.1368755,67.6144981],[53.1376246,67.6145639],[53.1382121,67.6146908],[53.138795,67.6147348],[53.1396252,67.6147679],[53.139741,67.6147808],[53.1398342,67.6147519],[53.140571,67.6146555],[53.1409274,67.6146262],[53.1411003,67.6145948],[53.1410922,67.6145827],[53.1414068,67.6144983],[53.141587,67.6144122],[53.1419933,67.6143218],[53.1421677,67.6143241],[53.1421888,67.614295],[53.1422946,67.6142524],[53.1422938,67.6142326],[53.1423528,67.614225],[53.1424277,67.6142316],[53.1425197,67.6141981],[53.14258,67.6141374],[53.1427455,67.6141211],[53.1428701,67.6141456],[53.143034,67.6141502],[53.1432483,67.6141754],[53.1433124,67.6142259],[53.1435464,67.614388],[53.1436634,67.614437],[53.1437468,67.6144525],[53.1439898,67.6144525],[53.1440059,67.6144778],[53.1439855,67.6145019],[53.1439788,67.6145114],[53.1440395,67.6145503],[53.1440174,67.6146113],[53.1438711,67.614666],[53.1437088,67.6147049],[53.1435679,67.6147859],[53.143501,67.6148699],[53.1434206,67.6148913],[53.1433043,67.6149981],[53.1431768,67.6150224],[53.143062,67.6150909],[53.1430453,67.6152559],[53.142978,67.6152782],[53.1429866,67.6152967],[53.1430394,67.6153453],[53.14299,67.6154873],[53.1430004,67.6155899],[53.1431,67.6157786],[53.143207,67.6158473],[53.143186,67.6159284],[53.1431514,67.615954],[53.1427277,67.6160356],[53.1423928,67.6160947],[53.1423341,67.616125],[53.1423254,67.6162089],[53.1424792,67.6164401],[53.1428171,67.6166719]]]}},{"type":"Feature","id":"osm-context-87481173","properties":{"osmId":87481173,"kind":"area","landuse":null,"natural":"water","water":null,"waterway":null,"leisure":null,"amenity":null,"railway":null,"name":null,"source":"OpenStreetMap"},"geometry":{"type":"Polygon","coordinates":[[[52.9329775,67.6353734],[52.9330099,67.6355458],[52.9331825,67.6357552],[52.9333713,67.6358188],[52.9336087,67.6359296],[52.9339431,67.6360322],[52.9341913,67.6361492],[52.9344826,67.6362416],[52.934666,67.6362662],[52.9346821,67.636297],[52.9350112,67.6363381],[52.9352108,67.6363955],[52.9353672,67.6364653],[52.9356747,67.6365187],[52.9357664,67.63657],[52.9357826,67.636687],[52.9359552,67.6366706],[52.9359121,67.6365803],[52.9359498,67.6364694],[52.9359444,67.6363771],[52.9358581,67.6362744],[52.9356585,67.6360487],[52.9354589,67.6358947],[52.9351568,67.6357654],[52.9346174,67.6356033],[52.9339917,67.6354432],[52.9333983,67.6353529],[52.9330099,67.6353446],[52.9329775,67.6353734]]]}},{"type":"Feature","id":"osm-context-87483291","properties":{"osmId":87483291,"kind":"area","landuse":"industrial","natural":null,"water":null,"waterway":null,"leisure":null,"amenity":null,"railway":null,"name":null,"source":"OpenStreetMap"},"geometry":{"type":"Polygon","coordinates":[[[53.0110116,67.6405931],[53.0109477,67.6406535],[53.0111043,67.6406769],[53.0111682,67.6406166],[53.0110116,67.6405931]]]}},{"type":"Feature","id":"osm-context-87489277","properties":{"osmId":87489277,"kind":"area","landuse":"industrial","natural":null,"water":null,"waterway":null,"leisure":null,"amenity":null,"railway":null,"name":null,"source":"OpenStreetMap"},"geometry":{"type":"Polygon","coordinates":[[[53.0168513,67.6329555],[53.0169459,67.6330021],[53.0171427,67.6329443],[53.0170481,67.6328977],[53.0168513,67.6329555]]]}},{"type":"Feature","id":"osm-context-87489310","properties":{"osmId":87489310,"kind":"area","landuse":"industrial","natural":null,"water":null,"waterway":null,"leisure":null,"amenity":null,"railway":null,"name":null,"source":"OpenStreetMap"},"geometry":{"type":"Polygon","coordinates":[[[52.9885341,67.6370065],[52.9888282,67.6369583],[52.9887492,67.6368885],[52.9884552,67.6369367],[52.9885341,67.6370065]]]}},{"type":"Feature","id":"osm-context-87489414","properties":{"osmId":87489414,"kind":"area","landuse":null,"natural":null,"water":null,"waterway":null,"leisure":"pitch","amenity":null,"railway":null,"name":null,"source":"OpenStreetMap"},"geometry":{"type":"Polygon","coordinates":[[[53.0518346,67.6447926],[53.0526866,67.6446404],[53.0518937,67.6439982],[53.0510416,67.6441504],[53.0518346,67.6447926]]]}},{"type":"Feature","id":"osm-context-87492270","properties":{"osmId":87492270,"kind":"area","landuse":null,"natural":null,"water":null,"waterway":null,"leisure":null,"amenity":"parking","railway":null,"name":null,"source":"OpenStreetMap"},"geometry":{"type":"Polygon","coordinates":[[[52.9908982,67.6367551],[52.9908502,67.6367133],[52.9907163,67.6365967],[52.991217,67.6365135],[52.9912552,67.6365467],[52.9913603,67.6365292],[52.9915041,67.6366543],[52.9908982,67.6367551]]]}},{"type":"Feature","id":"osm-context-87537085","properties":{"osmId":87537085,"kind":"area","landuse":null,"natural":null,"water":null,"waterway":null,"leisure":null,"amenity":"kindergarten","railway":null,"name":"Радуга","source":"OpenStreetMap"},"geometry":{"type":"Polygon","coordinates":[[[52.9929681,67.6391715],[52.9930157,67.6391304],[52.993032,67.6391163],[52.9931214,67.6390408],[52.9938213,67.6384189],[52.9945306,67.6385315],[52.9946487,67.638429],[52.9953013,67.6385296],[52.9951795,67.6386337],[52.9957806,67.6387317],[52.9959371,67.6387572],[52.9957313,67.6389335],[52.9957049,67.6389561],[52.9952148,67.6393759],[52.995166,67.6394177],[52.995065,67.6395042],[52.9929681,67.6391715]]]}},{"type":"Feature","id":"osm-context-87655876","properties":{"osmId":87655876,"kind":"area","landuse":null,"natural":"water","water":"reservoir","waterway":null,"leisure":null,"amenity":null,"railway":null,"name":null,"source":"OpenStreetMap"},"geometry":{"type":"Polygon","coordinates":[[[52.9886802,67.6430936],[52.9881565,67.6427547],[52.9877297,67.642851],[52.988252,67.643189],[52.9886802,67.6430936]]]}},{"type":"Feature","id":"osm-context-87655888","properties":{"osmId":87655888,"kind":"area","landuse":null,"natural":"water","water":null,"waterway":null,"leisure":null,"amenity":null,"railway":null,"name":null,"source":"OpenStreetMap"},"geometry":{"type":"Polygon","coordinates":[[[53.0990853,67.6357554],[53.0982807,67.6358734],[53.0976285,67.6359947],[53.0975588,67.6360324],[53.0973207,67.6360937],[53.0971631,67.6361007],[53.0956315,67.6364102],[53.094906,67.6365607],[53.094404,67.6366249],[53.0940266,67.6367043],[53.0937188,67.6367824],[53.0934733,67.6368689],[53.093466,67.6369009],[53.0933927,67.6369218],[53.0932205,67.6369218],[53.0930739,67.6368967],[53.0928907,67.6368981],[53.0926891,67.6369232],[53.0925536,67.6369553],[53.092484,67.6369832],[53.092385,67.6369957],[53.0923734,67.6370218],[53.0924217,67.6370361],[53.0925682,67.6370571],[53.092612,67.6370894],[53.0926471,67.6371492],[53.0927644,67.6372527],[53.0927386,67.6372892],[53.0926659,67.6373642],[53.0926424,67.6373383],[53.0925862,67.6373365],[53.0925158,67.6373695],[53.0925135,67.6374257],[53.0926026,67.6375114],[53.0926542,67.6375364],[53.0927596,67.6375285],[53.0928057,67.6375201],[53.0928134,67.6375139],[53.0928537,67.6375201],[53.0929094,67.6375186],[53.0929757,67.637508],[53.0930084,67.6374953],[53.0930228,67.6374773],[53.0929959,67.6374536],[53.0929392,67.6374448],[53.0929392,67.6374353],[53.0930151,67.6374335],[53.093067,67.6374434],[53.0931227,67.6374364],[53.093213,67.6374415],[53.0932696,67.6374667],[53.0934453,67.6375223],[53.0936742,67.6375672],[53.0938524,67.6375794],[53.0940532,67.6376101],[53.0942014,67.6376101],[53.0943477,67.63763],[53.0944228,67.6376286],[53.0945128,67.6376343],[53.0946779,67.6376308],[53.0947905,67.6376457],[53.0949274,67.6376265],[53.0950681,67.6376265],[53.0953514,67.6376393],[53.0954565,67.6376315],[53.0955165,67.6376358],[53.0956666,67.6376101],[53.0958092,67.6375965],[53.0961863,67.6375929],[53.0964245,67.6375958],[53.0965859,67.6375836],[53.0968054,67.6375537],[53.0969873,67.6375394],[53.0974226,67.6374951],[53.0976796,67.6374559],[53.0980492,67.6374073],[53.0983569,67.6373517],[53.0985295,67.6372974],[53.0987415,67.6372817],[53.0988484,67.6372525],[53.0991373,67.6371925],[53.0992761,67.6371561],[53.0995819,67.6371076],[53.0996532,67.6370769],[53.0998802,67.6370619],[53.1003342,67.6370205],[53.1006138,67.6370091],[53.1008839,67.6370198],[53.1011053,67.6370148],[53.1014186,67.6369891],[53.1016531,67.6369655],[53.1019833,67.6368934],[53.1022741,67.6368006],[53.1025236,67.6366736],[53.1027187,67.6365908],[53.1028613,67.6365479],[53.1030433,67.6365215],[53.1034954,67.6365101],[53.1037712,67.6364965],[53.1040244,67.6364687],[53.1043696,67.6364266],[53.1049006,67.6363566],[53.1053865,67.6362824],[53.1057842,67.6362389],[53.1066453,67.6361446],[53.1071668,67.6360818],[53.1076828,67.636024],[53.1081274,67.635994],[53.1084557,67.635964],[53.1086358,67.6359383],[53.1087915,67.6359369],[53.1087878,67.6359276],[53.1085739,67.6359155],[53.1084313,67.6359319],[53.1082006,67.6359084],[53.1081799,67.6358727],[53.1083975,67.6357742],[53.1083593,67.6357275],[53.1083996,67.6356425],[53.1083886,67.6355337],[53.1085242,67.6354668],[53.1089603,67.6354459],[53.1092571,67.6354793],[53.1095832,67.6355769],[53.1098103,67.6356982],[53.1098616,67.6358181],[53.1099423,67.6359645],[53.1101548,67.6359771],[53.110763,67.635998],[53.1114116,67.6360064],[53.111734,67.6359771],[53.1119063,67.6359311],[53.1119795,67.6358265],[53.1119576,67.635563],[53.1118769,67.6354013],[53.1117231,67.6352535],[53.1115765,67.6351754],[53.1112907,67.6351182],[53.1107887,67.6350722],[53.110382,67.6350806],[53.1101218,67.6351141],[53.1098433,67.6351782],[53.1093303,67.6352158],[53.1089822,67.635319],[53.1087404,67.6353483],[53.1085462,67.6353399],[53.108407,67.6353051],[53.1081541,67.6352395],[53.1079783,67.6352172],[53.1078097,67.6352158],[53.1077657,67.6352284],[53.1076778,67.6352354],[53.1075825,67.635227],[53.1072418,67.6352242],[53.1071392,67.6352465],[53.1070402,67.6352409],[53.1067398,67.6352897],[53.106377,67.6352967],[53.1061059,67.6352855],[53.1057834,67.6352981],[53.105472,67.6353079],[53.1048637,67.6352981],[53.1045559,67.635312],[53.1041345,67.6353678],[53.1038854,67.6353706],[53.1034493,67.6353818],[53.1028557,67.6354152],[53.1026955,67.6354302],[53.1023721,67.6354668],[53.1016539,67.6355449],[53.1011592,67.6355867],[53.1005106,67.6356216],[53.0998511,67.635669],[53.0990853,67.6357554]]]}},{"type":"Feature","id":"osm-context-87655913","properties":{"osmId":87655913,"kind":"area","landuse":null,"natural":"water","water":"reservoir","waterway":null,"leisure":null,"amenity":null,"railway":null,"name":"Иловые площадки","source":"OpenStreetMap"},"geometry":{"type":"Polygon","coordinates":[[[52.9884755,67.6425497],[52.9879508,67.6422096],[52.987512,67.6423087],[52.9880352,67.6426478],[52.9884755,67.6425497]]]}},{"type":"Feature","id":"osm-context-87655965","properties":{"osmId":87655965,"kind":"area","landuse":null,"natural":"water","water":null,"waterway":null,"leisure":null,"amenity":null,"railway":null,"name":null,"source":"OpenStreetMap"},"geometry":{"type":"Polygon","coordinates":[[[53.1118339,67.645509],[53.1117684,67.6456206],[53.111773,67.6457878],[53.1119333,67.6459917],[53.1122539,67.6462094],[53.1123318,67.6462652],[53.1123272,67.6463784],[53.112231,67.6464585],[53.1120203,67.6465038],[53.1116768,67.6465822],[53.1114936,67.6466989],[53.1113974,67.6468365],[53.1114386,67.6469672],[53.1114982,67.6470368],[53.1116218,67.6470717],[53.1118005,67.6471083],[53.1118371,67.6471361],[53.112034,67.6471919],[53.112286,67.6471866],[53.1124737,67.647157],[53.1125699,67.6471344],[53.1126982,67.6471309],[53.1129638,67.6471222],[53.1130463,67.6471117],[53.1131058,67.6470647],[53.1130967,67.6469793],[53.1131562,67.6469445],[53.1131287,67.6468661],[53.1132478,67.6468313],[53.1133119,67.6467006],[53.1132295,67.6466536],[53.1133074,67.6466414],[53.1133532,67.6466292],[53.1133852,67.6465752],[53.1134814,67.6465561],[53.1135043,67.6465352],[53.1134997,67.6464742],[53.113515,67.6463781],[53.1135785,67.6463067],[53.11366,67.6462617],[53.1136523,67.6462222],[53.1136992,67.6461946],[53.1137086,67.6461018],[53.1138422,67.6460028],[53.1139384,67.6459002],[53.114065,67.6457905],[53.1140979,67.6457593],[53.1141166,67.6456906],[53.1140979,67.6455979],[53.114051,67.6455212],[53.1139783,67.6454917],[53.1137484,67.6454222],[53.1137133,67.6453999],[53.1137015,67.6453633],[53.1137015,67.6452964],[53.1137414,67.6452679],[53.1138329,67.6452536],[53.1138798,67.645234],[53.113868,67.6451974],[53.1138165,67.6451689],[53.1136992,67.6451341],[53.1135374,67.6451046],[53.1133943,67.6450868],[53.1132818,67.6450895],[53.1132044,67.6451207],[53.1131247,67.6451269],[53.1128644,67.6451448],[53.1125642,67.6451858],[53.1122781,67.6452545],[53.1120576,67.6453392],[53.1119263,67.6454132],[53.1118339,67.645509]]]}},{"type":"Feature","id":"osm-context-87655969","properties":{"osmId":87655969,"kind":"area","landuse":null,"natural":"water","water":"reservoir","waterway":null,"leisure":null,"amenity":null,"railway":null,"name":null,"source":"OpenStreetMap"},"geometry":{"type":"Polygon","coordinates":[[[52.9891558,67.6429868],[52.9886311,67.6426468],[52.9881923,67.6427458],[52.9887155,67.6430849],[52.9891558,67.6429868]]]}},{"type":"Feature","id":"osm-context-87656010","properties":{"osmId":87656010,"kind":"area","landuse":null,"natural":"water","water":null,"waterway":null,"leisure":null,"amenity":null,"railway":null,"name":null,"source":"OpenStreetMap"},"geometry":{"type":"Polygon","coordinates":[[[53.1128267,67.6444198],[53.1128056,67.6444528],[53.1128173,67.6444983],[53.1128947,67.6445634],[53.1130237,67.6446642],[53.1131668,67.6447284],[53.1134951,67.6448194],[53.1136334,67.6448488],[53.1138328,67.6449131],[53.1140438,67.64493],[53.114283,67.6449264],[53.1144777,67.6449041],[53.1146676,67.6448586],[53.1147989,67.6448114],[53.114806,67.6447694],[53.114874,67.6447008],[53.11482,67.6446303],[53.1147638,67.6445768],[53.1147333,67.6445456],[53.1147122,67.6445028],[53.1146348,67.6444796],[53.1145222,67.6444376],[53.1145058,67.644426],[53.1144097,67.6444153],[53.1142947,67.6444002],[53.1142267,67.6443877],[53.1141095,67.64441],[53.1139102,67.6443832],[53.1137952,67.6443886],[53.1136358,67.644377],[53.113474,67.6443502],[53.1133426,67.6443386],[53.1132465,67.6443413],[53.1131316,67.6443547],[53.1130003,67.6444091],[53.1128971,67.6443966],[53.1128267,67.6444198]]]}},{"type":"Feature","id":"osm-context-87656035","properties":{"osmId":87656035,"kind":"area","landuse":null,"natural":"water","water":"reservoir","waterway":null,"leisure":null,"amenity":null,"railway":null,"name":"Иловые площадки","source":"OpenStreetMap"},"geometry":{"type":"Polygon","coordinates":[[[52.9879824,67.6426564],[52.9874586,67.6423175],[52.9870318,67.6424139],[52.9875541,67.6427518],[52.9879824,67.6426564]]]}},{"type":"Feature","id":"osm-context-87657775","properties":{"osmId":87657775,"kind":"area","landuse":null,"natural":null,"water":null,"waterway":null,"leisure":null,"amenity":"school","railway":null,"name":"Средняя школа № 2","source":"OpenStreetMap"},"geometry":{"type":"Polygon","coordinates":[[[53.0604567,67.6557424],[53.0594122,67.6556705],[53.0586729,67.6558069],[53.0595703,67.6566097],[53.0599783,67.656949],[53.0615093,67.6566842],[53.0616451,67.6566608],[53.0625675,67.6565023],[53.062645,67.656489],[53.0621748,67.6561094],[53.0620663,67.6560874],[53.0614641,67.6555735],[53.0604567,67.6557424]]]}},{"type":"Feature","id":"osm-context-90308128","properties":{"osmId":90308128,"kind":"waterway","landuse":null,"natural":null,"water":null,"waterway":"river","leisure":null,"amenity":null,"railway":null,"name":null,"source":"OpenStreetMap"},"geometry":{"type":"LineString","coordinates":[[53.1711841,67.6607511],[53.1693224,67.66085],[53.1663627,67.6611051],[53.1606873,67.6618937],[53.1571784,67.6624504],[53.1542492,67.6629142],[53.1530897,67.6636332],[53.1516861,67.6647232],[53.1511064,67.6655117],[53.1493248,67.6656784],[53.1480558,67.6656153],[53.1466153,67.6656656],[53.1451149,67.6658386]]}},{"type":"Feature","id":"osm-context-90308129","properties":{"osmId":90308129,"kind":"waterway","landuse":null,"natural":null,"water":null,"waterway":"river","leisure":null,"amenity":null,"railway":null,"name":"Городецкая","source":"OpenStreetMap"},"geometry":{"type":"LineString","coordinates":[[53.0342555,67.6254119],[53.0324261,67.625188],[53.0307075,67.6253484],[53.0297606,67.62532],[53.0282644,67.6252778],[53.0277008,67.6255923],[53.0275175,67.6261069],[53.0272026,67.6264548],[53.0261584,67.6271547],[53.0252825,67.6277236],[53.0247879,67.6281154],[53.0244816,67.6281858],[53.0241523,67.6282307],[53.0240048,67.6282269],[53.0238524,67.6282681],[53.0237922,67.628371],[53.0234514,67.628402],[53.0230623,67.6284374],[53.0221517,67.6283878],[53.0212128,67.6285749],[53.0209215,67.6287548],[53.0206131,67.6288148],[53.0192978,67.6288621],[53.0182309,67.628773],[53.0173933,67.6286881],[53.0170406,67.6286535],[53.0145516,67.6284604],[53.0130386,67.6282264],[53.0121364,67.6282974],[53.0110519,67.6285577],[53.0101755,67.6288285],[53.0098532,67.6291292],[53.0093438,67.6292466],[53.0090339,67.6293173],[53.0087488,67.6292836],[53.0085378,67.6293523],[53.0084776,67.6293529],[53.0083354,67.6292858],[53.0081508,67.6292778],[53.0079573,67.6293369],[53.0072043,67.6294209]]}},{"type":"Feature","id":"osm-context-90308130","properties":{"osmId":90308130,"kind":"waterway","landuse":null,"natural":null,"water":null,"waterway":"river","leisure":null,"amenity":null,"railway":null,"name":"Захребетная Курья","source":"OpenStreetMap"},"geometry":{"type":"LineString","coordinates":[[53.1451149,67.6658386],[53.1432332,67.6659533],[53.1421688,67.6665328],[53.1402017,67.6670705],[53.138711,67.667394],[53.1372237,67.6677816],[53.1359611,67.668227],[53.1347101,67.6686328],[53.1326292,67.6691058],[53.1311841,67.6690242],[53.1295828,67.6685345],[53.1284892,67.6686977],[53.1279904,67.6688703],[53.1277562,67.6689513],[53.1271025,67.6691775]]}},{"type":"Feature","id":"osm-context-97588371","properties":{"osmId":97588371,"kind":"area","landuse":null,"natural":null,"water":null,"waterway":null,"leisure":"park","amenity":null,"railway":null,"name":"Литературный сквер","source":"OpenStreetMap"},"geometry":{"type":"Polygon","coordinates":[[[52.9966443,67.6369044],[52.9970564,67.6369694],[52.9973983,67.6369574],[52.9978168,67.636587],[52.9967835,67.6364239],[52.9967268,67.6364792],[52.9967558,67.6365443],[52.9966269,67.6367141],[52.9967448,67.6368014],[52.9966443,67.6369044]]]}},{"type":"Feature","id":"osm-context-97589024","properties":{"osmId":97589024,"kind":"area","landuse":"grass","natural":null,"water":null,"waterway":null,"leisure":null,"amenity":null,"railway":null,"name":null,"source":"OpenStreetMap"},"geometry":{"type":"Polygon","coordinates":[[[52.9891839,67.6363335],[52.9916786,67.6359007],[52.9916174,67.6358811],[52.9915347,67.6358737],[52.9891277,67.6362934],[52.9891839,67.6363335]]]}},{"type":"Feature","id":"osm-context-97591664","properties":{"osmId":97591664,"kind":"area","landuse":"recreation_ground","natural":null,"water":null,"waterway":null,"leisure":null,"amenity":null,"railway":null,"name":null,"source":"OpenStreetMap"},"geometry":{"type":"Polygon","coordinates":[[[52.9920708,67.6372298],[52.9921091,67.6371949],[52.9921324,67.6371736],[52.9921932,67.6371181],[52.9922157,67.6370975],[52.9923891,67.6369392],[52.9924102,67.6369199],[52.99248,67.6368562],[52.9925681,67.6368702],[52.9925942,67.6368743],[52.9926294,67.6368799],[52.9931426,67.6369613],[52.9932055,67.6369713],[52.9933085,67.6369876],[52.993238,67.637052],[52.9932144,67.6370735],[52.9930406,67.6372322],[52.993023,67.6372482],[52.9929713,67.6372955],[52.9929605,67.6373053],[52.9929494,67.6373154],[52.9928993,67.6373612],[52.9920708,67.6372298]]]}},{"type":"Feature","id":"osm-context-97874463","properties":{"osmId":97874463,"kind":"area","landuse":"allotments","natural":null,"water":null,"waterway":null,"leisure":null,"amenity":null,"railway":null,"name":null,"source":"OpenStreetMap"},"geometry":{"type":"Polygon","coordinates":[[[53.0583,67.6335739],[53.056342,67.6326615],[53.0556046,67.6322417],[53.0555882,67.6319103],[53.0570345,67.6317101],[53.0590231,67.6318102],[53.0596148,67.6317289],[53.0618335,67.6323543],[53.0603215,67.6331674],[53.0602064,67.6333362],[53.0590888,67.633355],[53.0583,67.6335739]]]}},{"type":"Feature","id":"osm-context-97874465","properties":{"osmId":97874465,"kind":"area","landuse":"allotments","natural":null,"water":null,"waterway":null,"leisure":null,"amenity":null,"railway":null,"name":null,"source":"OpenStreetMap"},"geometry":{"type":"Polygon","coordinates":[[[53.0688848,67.6365611],[53.0690071,67.6365883],[53.0692776,67.6366232],[53.0696685,67.6366604],[53.0699352,67.636588],[53.0702164,67.6363059],[53.0701328,67.636089],[53.0700347,67.6356487],[53.0701672,67.6354239],[53.0705463,67.6351828],[53.0713476,67.6348557],[53.0723608,67.6346392],[53.0693399,67.6338611],[53.0672278,67.6342741],[53.0674466,67.6344182],[53.0654776,67.635049],[53.0643702,67.6350416],[53.0646119,67.6358405],[53.0664022,67.6356857],[53.0683649,67.6357995],[53.0688166,67.6361584],[53.0688848,67.6365611]]]}},{"type":"Feature","id":"osm-context-97882831","properties":{"osmId":97882831,"kind":"area","landuse":"grass","natural":null,"water":null,"waterway":null,"leisure":null,"amenity":null,"railway":null,"name":null,"source":"OpenStreetMap"},"geometry":{"type":"Polygon","coordinates":[[[53.0092901,67.645358],[53.0094554,67.6453833],[53.0095869,67.6454035],[53.00972,67.6454046],[53.009823,67.6453769],[53.0099074,67.6453082],[53.0099041,67.6452837],[53.0098599,67.6452589],[53.0094974,67.6452],[53.0094055,67.6452017],[53.009358,67.6452183],[53.0092324,67.6453189],[53.0092364,67.6453397],[53.0092901,67.645358]]]}},{"type":"Feature","id":"osm-context-97882841","properties":{"osmId":97882841,"kind":"area","landuse":"grass","natural":null,"water":null,"waterway":null,"leisure":null,"amenity":null,"railway":null,"name":null,"source":"OpenStreetMap"},"geometry":{"type":"Polygon","coordinates":[[[53.0086198,67.6453656],[53.0091168,67.6454522],[53.0091137,67.6454802],[53.0091261,67.645504],[53.0091899,67.6455171],[53.0092385,67.6455223],[53.0092989,67.6455191],[53.0093419,67.6454992],[53.0093468,67.6454751],[53.009301,67.6454611],[53.0086323,67.6453563],[53.0086198,67.6453656]]]}},{"type":"Feature","id":"osm-context-98034955","properties":{"osmId":98034955,"kind":"area","landuse":null,"natural":"wood","water":null,"waterway":null,"leisure":null,"amenity":null,"railway":null,"name":null,"source":"OpenStreetMap"},"geometry":{"type":"Polygon","coordinates":[[[53.0614238,67.6378914],[53.0639455,67.6369468],[53.0652323,67.6365957],[53.0669351,67.636482],[53.0688848,67.6365611],[53.0688166,67.6361584],[53.0683649,67.6357995],[53.0664022,67.6356857],[53.0646119,67.6358405],[53.0634386,67.636116],[53.0623987,67.6366897],[53.0616708,67.6371595],[53.0614628,67.6374908],[53.0614238,67.6378914]]]}},{"type":"Feature","id":"osm-context-98321786","properties":{"osmId":98321786,"kind":"area","landuse":"grass","natural":null,"water":null,"waterway":null,"leisure":null,"amenity":null,"railway":null,"name":null,"source":"OpenStreetMap"},"geometry":{"type":"Polygon","coordinates":[[[52.9973913,67.6385514],[52.9982938,67.6387041],[52.9987023,67.6383443],[52.9977916,67.6381924],[52.9973913,67.6385514]]]}},{"type":"Feature","id":"osm-context-98413286","properties":{"osmId":98413286,"kind":"area","landuse":"industrial","natural":null,"water":null,"waterway":null,"leisure":null,"amenity":null,"railway":null,"name":"ПОКиТС","source":"OpenStreetMap"},"geometry":{"type":"Polygon","coordinates":[[[53.0537824,67.6390843],[53.0540367,67.6392452],[53.0546759,67.6391765],[53.0551446,67.6390792],[53.0557233,67.6389612],[53.0561222,67.6388757],[53.0566064,67.6387862],[53.056081,67.6384129],[53.0549822,67.6376321],[53.0561316,67.6373852],[53.0553383,67.6369392],[53.0525396,67.6374289],[53.0527427,67.6377004],[53.0534782,67.6382817],[53.0523869,67.6384866],[53.0529158,67.638961],[53.053277,67.6391998],[53.0537824,67.6390843]]]}},{"type":"Feature","id":"osm-context-99026224","properties":{"osmId":99026224,"kind":"area","landuse":null,"natural":null,"water":null,"waterway":null,"leisure":null,"amenity":"school","railway":null,"name":"Школа № 4","source":"OpenStreetMap"},"geometry":{"type":"Polygon","coordinates":[[[52.9929862,67.6398389],[52.9934276,67.6399084],[52.9933669,67.6399642],[52.993827,67.6400366],[52.9938197,67.6400434],[52.9945147,67.6401528],[52.9945927,67.6400811],[52.995058,67.6401543],[52.9948274,67.6403664],[52.9941674,67.6402625],[52.993941,67.6404707],[52.9943511,67.6405353],[52.9941612,67.6407099],[52.9926964,67.6404795],[52.9929061,67.6402866],[52.9932959,67.6403479],[52.9935091,67.6401517],[52.9927722,67.6400358],[52.9929862,67.6398389]]]}},{"type":"Feature","id":"osm-context-99564784","properties":{"osmId":99564784,"kind":"waterway","landuse":null,"natural":null,"water":null,"waterway":"river","leisure":null,"amenity":null,"railway":null,"name":"Городецкий шар","source":"OpenStreetMap"},"geometry":{"type":"LineString","coordinates":[[52.179659,67.459007],[52.1828585,67.4620489],[52.1839468,67.4632581],[52.1857654,67.464726],[52.188631,67.4663733],[52.1922681,67.4684429],[52.1951061,67.4701638],[52.2018441,67.4711108],[52.2052083,67.4738016],[52.206099,67.4776112],[52.2100805,67.4814236],[52.2146228,67.4868509],[52.2219201,67.4912928],[52.226686,67.4950613],[52.2377859,67.5002965],[52.2417245,67.5012186],[52.2425657,67.5025357],[52.2415021,67.504152],[52.2412565,67.5071123],[52.2403278,67.512975],[52.2397807,67.5188257],[52.2406452,67.5203496],[52.2420457,67.5213595],[52.2444363,67.5223258],[52.2465129,67.5238392],[52.2490234,67.5263757],[52.255072,67.529466],[52.2597775,67.5309408],[52.2622339,67.5317613],[52.2650891,67.5334891],[52.267465,67.5339703],[52.2695349,67.533936],[52.2708626,67.5345423],[52.271409,67.5345696],[52.2743314,67.5345423],[52.2787052,67.534486],[52.2832458,67.5343745],[52.2863534,67.5339703],[52.2877314,67.5325993],[52.2893137,67.5313448],[52.29398,67.5280409],[52.2956029,67.5265563],[52.3009889,67.524399],[52.3064184,67.5232676],[52.3152801,67.5229896],[52.3193783,67.5229911],[52.3228297,67.523633],[52.3307174,67.5245933],[52.3407151,67.5263602],[52.3521446,67.5289893],[52.3545715,67.5296044],[52.3560205,67.5302091],[52.3570089,67.5309693],[52.3585083,67.5316524],[52.3591259,67.5326938],[52.3618238,67.5334901],[52.3648842,67.5337833],[52.368347,67.5336569],[52.3753303,67.5332729],[52.3826654,67.5327737],[52.3849262,67.5329465],[52.3859812,67.5336569],[52.3850769,67.534636],[52.3829432,67.5355393],[52.3773985,67.5382336],[52.3709099,67.5421336],[52.3665342,67.5459639],[52.3653842,67.5477869],[52.364967,67.5488899],[52.3674458,67.5523696],[52.3681143,67.555363],[52.3686419,67.557672],[52.3710538,67.5586527],[52.3766835,67.5595391],[52.3831255,67.5602583],[52.3873797,67.5600495],[52.3921201,67.5590984],[52.4048525,67.5565281],[52.4176365,67.5539093],[52.4198837,67.55324],[52.4223046,67.5528323],[52.423113,67.5526273],[52.4338668,67.550854],[52.4394521,67.5503149],[52.443877,67.5505944],[52.4506519,67.551595],[52.4544573,67.5524869],[52.4591333,67.552289],[52.4634912,67.5504502],[52.4627036,67.5466856],[52.4597418,67.5450999],[52.4565985,67.5442437],[52.4455168,67.5422227],[52.444059,67.5409527],[52.4457518,67.5399748],[52.4477139,67.5391139],[52.4556548,67.536641],[52.4596831,67.5354646],[52.4648498,67.5348079],[52.4692466,67.5350922],[52.4734808,67.5359083],[52.4781806,67.5369966],[52.4814938,67.5381248],[52.4824372,67.5384424],[52.4831305,67.5387602],[52.4845281,67.5392958],[52.4847641,67.5395775],[52.4868075,67.5411221],[52.4859386,67.543646],[52.4845722,67.5446693],[52.4836938,67.5454605],[52.4802417,67.5475264],[52.4805989,67.5500436],[52.4813887,67.5516187],[52.4829279,67.5526213],[52.4839852,67.5532711],[52.4851014,67.5537386],[52.4870144,67.5543846],[52.4969577,67.5560964],[52.5089616,67.5564356],[52.5284008,67.5579648],[52.5309804,67.5585859],[52.5455107,67.5620844],[52.5545821,67.5646847],[52.5569158,67.5655466],[52.5590613,67.5667963],[52.5632863,67.5705187],[52.564678,67.5745383],[52.5686409,67.577807],[52.5707758,67.5790574],[52.5742454,67.5805231],[52.5784491,67.5817533],[52.5848563,67.5836485],[52.5867425,67.5886622],[52.5921998,67.5937797],[52.5945903,67.5946692],[52.602677,67.5982233],[52.6106179,67.6007913],[52.6227479,67.6028456],[52.6359707,67.6028456],[52.6487564,67.6025541],[52.6614004,67.6005298],[52.6660226,67.5989451],[52.6697063,67.5972283],[52.6803093,67.5914548],[52.6907056,67.5870188],[52.70015,67.585595],[52.709846,67.5849448],[52.7242584,67.5850026],[52.7308453,67.58652],[52.7417237,67.589565],[52.7552183,67.5943417],[52.7837223,67.5978056],[52.7948856,67.598805],[52.8029315,67.600167],[52.8071379,67.6028197],[52.8087243,67.6057922],[52.803649,67.6097581],[52.7881629,67.6132278],[52.7802246,67.6163005],[52.7678617,67.6188277],[52.7627865,67.618134],[52.7560634,67.6196323],[52.7549781,67.6218367],[52.7648595,67.6239504],[52.7871017,67.6312566],[52.8376797,67.6386185],[52.8464908,67.6388871],[52.8928281,67.6402993],[52.9360937,67.6427912],[52.9704854,67.6450532],[52.986283,67.6465246],[52.9996948,67.6492955],[53.0147409,67.6512165],[53.0187815,67.6528846],[53.0307464,67.6595778],[53.0331044,67.6656627]]}},{"type":"Feature","id":"osm-context-100087342","properties":{"osmId":100087342,"kind":"area","landuse":null,"natural":null,"water":null,"waterway":null,"leisure":null,"amenity":"parking","railway":null,"name":null,"source":"OpenStreetMap"},"geometry":{"type":"Polygon","coordinates":[[[52.9919721,67.6384765],[52.9923562,67.6385374],[52.9924191,67.6384799],[52.9924946,67.638491],[52.9925094,67.6384757],[52.9924348,67.6384636],[52.9925184,67.6383873],[52.9921361,67.6383267],[52.9919721,67.6384765]]]}},{"type":"Feature","id":"osm-context-100087350","properties":{"osmId":100087350,"kind":"area","landuse":"grass","natural":null,"water":null,"waterway":null,"leisure":null,"amenity":null,"railway":null,"name":null,"source":"OpenStreetMap"},"geometry":{"type":"Polygon","coordinates":[[[52.9913818,67.6389881],[52.989875,67.6387438],[52.9898664,67.638724],[52.9898824,67.6387008],[52.9899284,67.6386736],[52.9899722,67.6386685],[52.9901739,67.6386995],[52.9902245,67.638681],[52.990747,67.6387604],[52.9908554,67.6387664],[52.990933,67.6387666],[52.9910323,67.6387561],[52.9911226,67.6387396],[52.9912088,67.6387173],[52.9915917,67.638781],[52.9913818,67.6389881]]]}},{"type":"Feature","id":"osm-context-100087355","properties":{"osmId":100087355,"kind":"area","landuse":"grass","natural":null,"water":null,"waterway":null,"leisure":null,"amenity":null,"railway":null,"name":null,"source":"OpenStreetMap"},"geometry":{"type":"Polygon","coordinates":[[[52.9922276,67.6381583],[52.992338,67.6381793],[52.9924587,67.6381706],[52.992556,67.6381701],[52.9927224,67.6381984],[52.9927701,67.6382194],[52.992779,67.6382518],[52.9925094,67.6384757],[52.9924946,67.638491],[52.9920087,67.6389378],[52.9919631,67.6389274],[52.9922435,67.6386727],[52.9918113,67.6386039],[52.991681,67.6387058],[52.9916062,67.6386915],[52.9922276,67.6381583]]]}},{"type":"Feature","id":"osm-context-100460126","properties":{"osmId":100460126,"kind":"waterway","landuse":null,"natural":null,"water":null,"waterway":"river","leisure":null,"amenity":null,"railway":null,"name":"Печора Маршина","source":"OpenStreetMap"},"geometry":{"type":"LineString","coordinates":[[53.0062007,67.6623877],[53.0063459,67.6711366],[53.010106,67.6714058],[53.0138088,67.6718618],[53.019766,67.6738222],[53.0237776,67.6758134],[53.0276823,67.6784342],[53.0307054,67.680844],[53.0336998,67.6836445],[53.0349824,67.6852071],[53.0373065,67.6873343],[53.0373922,67.6874482],[53.0412074,67.6925214],[53.0448674,67.6971626],[53.04535,67.6976518],[53.047676,67.7010542],[53.0479576,67.7030559],[53.0469979,67.7063421],[53.0467028,67.7125947],[53.0474214,67.7157095],[53.0496468,67.719083],[53.05214,67.7224537],[53.0549625,67.7253247],[53.0570323,67.7266441],[53.058815,67.727808],[53.061862,67.729036],[53.0656171,67.7302802],[53.0698395,67.731558],[53.0776836,67.7333294],[53.0888325,67.735504],[53.1070473,67.7392147],[53.1241321,67.7425478],[53.1312561,67.7433117],[53.1400283,67.7437043],[53.1628534,67.7431804]]}},{"type":"Feature","id":"osm-context-102472706","properties":{"osmId":102472706,"kind":"waterway","landuse":null,"natural":null,"water":null,"waterway":"river","leisure":null,"amenity":null,"railway":null,"name":"Голубковский Шар","source":"OpenStreetMap"},"geometry":{"type":"LineString","coordinates":[[52.1825945,67.6012116],[52.2078957,67.5942408],[52.209357,67.5938855],[52.2258587,67.5886957],[52.2386476,67.5862315],[52.2543242,67.5861266],[52.26175,67.5871753],[52.2669654,67.5896926],[52.2695001,67.5922907],[52.2755269,67.5954897],[52.2846517,67.5973359],[52.2977756,67.597572],[52.3092661,67.5969924],[52.3133779,67.5960479],[52.3228625,67.5941851],[52.3293534,67.5903242],[52.3323034,67.5870297],[52.3342185,67.5834215],[52.3342748,67.5810372],[52.3341058,67.579426],[52.3345564,67.5779651],[52.3377107,67.5749787],[52.3403017,67.5740117],[52.3448077,67.5737968],[52.3498207,67.5751291],[52.3559039,67.5777933],[52.3640148,67.5798342],[52.3709992,67.5804357],[52.3826587,67.5803283],[52.3918398,67.5792541],[52.4064203,67.5770947],[52.4192916,67.5760875],[52.4261123,67.5762134],[52.4317229,67.5768849],[52.4377736,67.578899],[52.4597758,67.5896802],[52.4661565,67.5968509],[52.4759475,67.6028877],[52.4807095,67.6079052],[52.490139,67.6166744],[52.4914591,67.6212821],[52.4934393,67.626182],[52.4954195,67.628192],[52.5012502,67.6306623],[52.5086209,67.6313322],[52.5203921,67.6312903],[52.5326034,67.6312903],[52.5421744,67.6302436],[52.5521855,67.6290294],[52.5599963,67.6271033],[52.5649468,67.6257214],[52.5772681,67.6204863],[52.5823286,67.6177216],[52.585849,67.6168],[52.5896994,67.6170933],[52.5907995,67.6193553],[52.5896994,67.6232087],[52.5920096,67.627857],[52.6031207,67.63263],[52.6087313,67.6352673],[52.6196225,67.6415035],[52.624903,67.6474453],[52.634364,67.6534273],[52.6471253,67.6568569],[52.6761954,67.6616371],[52.6921463,67.662665],[52.7033042,67.6632685],[52.7392673,67.6652908],[52.763729,67.6669542],[52.7709388,67.667313],[52.7827215,67.6672324],[52.7893066,67.6666607],[52.8280162,67.6612623],[52.8414487,67.659941],[52.8490018,67.6593374],[52.8572416,67.6591091],[52.8652668,67.6593048],[52.8739357,67.6598758],[52.8820037,67.6605609],[52.8903722,67.6616537],[52.8962946,67.6628607],[52.9020023,67.6642797],[52.9070897,67.6660052]]}},{"type":"Feature","id":"osm-context-104357879","properties":{"osmId":104357879,"kind":"waterway","landuse":null,"natural":null,"water":null,"waterway":"river","leisure":null,"amenity":null,"railway":null,"name":"Томарка","source":"OpenStreetMap"},"geometry":{"type":"LineString","coordinates":[[52.9862859,67.5993626],[52.9856793,67.5995572],[52.9848811,67.5998127],[52.984498,67.5996546],[52.983636,67.5995572],[52.9832529,67.5997641],[52.982774,67.6000439],[52.9815609,67.6003602],[52.9807947,67.6002629],[52.9804435,67.6003845],[52.9811778,67.6006278],[52.9820398,67.600859],[52.9813055,67.601005],[52.9808266,67.6011509],[52.9805073,67.6013942],[52.9801562,67.6015159],[52.9794857,67.6015281],[52.9794538,67.6018687],[52.9791026,67.6021485],[52.9780171,67.6023066],[52.9773148,67.6023188],[52.976804,67.6023674],[52.9771552,67.6025256],[52.9769955,67.602781],[52.9761016,67.602927],[52.9749842,67.6030486],[52.9741861,67.6028783],[52.9741861,67.6026229],[52.9739626,67.6022823],[52.9734837,67.6025256],[52.9734837,67.6028783],[52.9727494,67.602854],[52.9721748,67.6026351],[52.9724621,67.6023674],[52.9721109,67.6020755],[52.971664,67.6019538],[52.9688864,67.6021606],[52.9696207,67.6026837],[52.969525,67.6029513],[52.9685353,67.6028175],[52.9676733,67.6028783],[52.9665239,67.6030851],[52.9664601,67.6034136],[52.9670667,67.6036933],[52.9651831,67.6040948],[52.9641295,67.6044353],[52.9636507,67.6047394],[52.9633314,67.6050313],[52.9621821,67.6051043],[52.9614797,67.6052746],[52.9608093,67.6057246],[52.9602027,67.6057003],[52.9592449,67.605603],[52.9582233,67.6057246],[52.9581914,67.6060044],[52.9582233,67.6062963],[52.9575209,67.6064909],[52.9569463,67.6064058],[52.9569144,67.606199],[52.9565532,67.6059953],[52.9561635,67.6063219],[52.9557738,67.6070939],[52.9544487,67.6076284],[52.9539031,67.6070642],[52.9528119,67.6073612],[52.9530458,67.6078659],[52.9521884,67.608341],[52.9520325,67.6088754],[52.951386,67.6093933]]}},{"type":"Feature","id":"osm-context-104358589","properties":{"osmId":104358589,"kind":"waterway","landuse":null,"natural":null,"water":null,"waterway":"stream","leisure":null,"amenity":null,"railway":null,"name":"Томарка 1-я","source":"OpenStreetMap"},"geometry":{"type":"LineString","coordinates":[[53.1227641,67.5887308],[53.1210755,67.5894207],[53.1190323,67.5901875],[53.1170529,67.5907473],[53.116016,67.5907037],[53.1157758,67.5908934],[53.1137326,67.5910273],[53.1124237,67.590869],[53.1117566,67.5906711],[53.110662,67.5907709],[53.1096781,67.5910151],[53.1077306,67.591149],[53.1065174,67.5911124],[53.1042014,67.5913367],[53.1036761,67.5912342],[53.1027381,67.5907613],[53.1014902,67.5906337],[53.1004516,67.5910151],[53.0993342,67.5908934],[53.0985517,67.5909126],[53.0978376,67.5910831],[53.0982168,67.591222],[53.0988872,67.5915262],[53.0988553,67.5918913],[53.0975464,67.5921104],[53.0968121,67.5919887],[53.0962374,67.5922321],[53.0961097,67.5926459],[53.0957905,67.5928893],[53.0966525,67.5928771],[53.0968759,67.5932057],[53.0973867,67.5933395],[53.0966525,67.5935708],[53.0966525,67.5938871],[53.0958862,67.5941184],[53.0958543,67.5943252],[53.0963651,67.5945321],[53.0965886,67.5948485],[53.0961416,67.5951527],[53.0952797,67.5954326],[53.0946411,67.5959193],[53.0955031,67.5957003],[53.0962374,67.5957611],[53.0956947,67.596114],[53.095152,67.5962965],[53.0943538,67.5965277],[53.0940346,67.5963452],[53.0936195,67.596187],[53.092566,67.5965277],[53.0920232,67.5965398],[53.0916082,67.5968075],[53.0909378,67.5967102],[53.0905866,67.5969414],[53.0910336,67.5973916],[53.0900758,67.5972942],[53.0905227,67.5976714],[53.0895969,67.5979999],[53.0893096,67.5983649],[53.0889265,67.5984014],[53.0889903,67.5988029],[53.0892138,67.5992652],[53.0904589,67.5994234],[53.091257,67.5999344],[53.0931726,67.6004332],[53.0944177,67.601005],[53.0936834,67.6010536],[53.093396,67.6014064],[53.09429,67.6014064],[53.094705,67.6011753],[53.0952797,67.6012118],[53.0952158,67.6015524],[53.0945454,67.6015646],[53.0948965,67.6017105],[53.0961736,67.6016254],[53.0970036,67.601747],[53.0968759,67.6021728],[53.0977379,67.6021728],[53.0982487,67.6023553],[53.097706,67.6028054],[53.097291,67.6024769],[53.0967163,67.6025986],[53.0963651,67.6027202],[53.0965247,67.6029392],[53.0958224,67.6028054],[53.0955031,67.6030608],[53.0960139,67.6032311],[53.0950562,67.6033041],[53.0951839,67.6036204],[53.0943857,67.6034014],[53.0929172,67.6032433],[53.0925341,67.6035595],[53.0920871,67.6034014],[53.0915444,67.6037785],[53.0911613,67.6041556],[53.0901077,67.6040704],[53.0884795,67.6048489],[53.087841,67.604265],[53.0877841,67.6042441],[53.0869152,67.6039245],[53.086564,67.6041312],[53.087426,67.604557],[53.0870109,67.6047394],[53.0864682,67.6045691],[53.0858935,67.6047516],[53.0867236,67.6050678],[53.0859893,67.6052989],[53.0854466,67.6053233],[53.0851593,67.6049949],[53.08484,67.6047029],[53.0836268,67.6047881],[53.0828287,67.6049705],[53.0821263,67.6047273],[53.0814559,67.604557],[53.081424,67.6048246],[53.0810409,67.6049219],[53.0805301,67.6045083],[53.0797958,67.6041677],[53.0790934,67.6044232],[53.0793807,67.6047394],[53.0784549,67.60463],[53.0773375,67.6046056],[53.0772417,67.6049827],[53.0764117,67.6051895],[53.0759008,67.6054327],[53.0756454,67.6057368],[53.0755497,67.6061139],[53.076252,67.6062963],[53.0748154,67.6064301],[53.0729318,67.6066125],[53.0719421,67.6063085],[53.0706012,67.606126],[53.0695796,67.6061139],[53.0686538,67.6060774],[53.0688134,67.6064909],[53.0679833,67.606722],[53.0676002,67.6065152],[53.0668021,67.6068314],[53.065557,67.6067828],[53.0640565,67.6071112],[53.063418,67.6066125],[53.0644396,67.6061017],[53.0660039,67.6058098],[53.0669298,67.6059801],[53.0679833,67.6056638],[53.0683664,67.6052624],[53.0671213,67.6051287],[53.0659082,67.6047394],[53.0643438,67.6047151],[53.0630668,67.6050313],[53.0619813,67.6049584],[53.0606404,67.6048246],[53.0601935,67.6042042],[53.0606404,67.603742],[53.0596188,67.6038515],[53.0598423,67.6041556],[53.0589484,67.6044597],[53.0581183,67.6043624],[53.0567455,67.6049827],[53.0556281,67.604934],[53.0544469,67.6047759],[53.0562347,67.6045691],[53.0569371,67.604411],[53.0561389,67.6043502],[53.0549577,67.6043988],[53.05483,67.6040704],[53.0539999,67.6041069],[53.0539042,67.6036447],[53.0532656,67.6035595],[53.053968,67.6031581],[53.0532284,67.6031535],[53.0527548,67.603073],[53.0526181,67.6030702],[53.0525322,67.6027557],[53.052919,67.6024687],[53.052791,67.6023841],[53.0523994,67.6023395],[53.0519925,67.602326],[53.0517484,67.6022601],[53.0512272,67.6023047],[53.05096,67.6022116],[53.050657,67.6022601],[53.0507809,67.6020869],[53.0510834,67.6018397],[53.0506294,67.6016186],[53.0506319,67.6014507],[53.0505887,67.6011903],[53.0505887,67.6010372],[53.0504243,67.6009563],[53.0498222,67.6005769],[53.0502327,67.6004332],[53.0496427,67.6002871],[53.0488918,67.6001899],[53.0480914,67.6000448],[53.0480863,67.5999034],[53.0478064,67.59991],[53.0470082,67.5998127],[53.046886,67.5999169],[53.0465757,67.5999421],[53.0463349,67.599879],[53.0467929,67.5996544],[53.0465706,67.5996146],[53.0459196,67.5996669],[53.0457631,67.5996546],[53.0462044,67.5994188],[53.0458891,67.5994022],[53.0451066,67.5995415],[53.044704,67.5994828],[53.0450337,67.5993513],[53.0440733,67.5995118],[53.043558,67.5995569],[53.0430207,67.5997893],[53.0427611,67.5996378],[53.041964,67.5995816],[53.041693,67.5993607],[53.0412616,67.5993139],[53.0410064,67.5993219],[53.0406504,67.5995545],[53.0404316,67.5995329],[53.0397634,67.599312],[53.0391546,67.5991071],[53.0384837,67.5992095],[53.0381329,67.5991922],[53.0379242,67.5991862],[53.0375315,67.5989395],[53.0360498,67.598862],[53.0350963,67.5988839],[53.0351605,67.5990306],[53.0349927,67.5991589],[53.0336244,67.5991681],[53.0336874,67.5988742],[53.0341874,67.5986146],[53.032546,67.5983771],[53.0319479,67.5983721],[53.031237,67.5984136],[53.0294811,67.5984744],[53.0288098,67.598502],[53.0284914,67.5986569],[53.0283164,67.5987482],[53.0286511,67.5988759],[53.0298345,67.5989234],[53.0296088,67.5991192],[53.0291709,67.5989788],[53.0285553,67.5990828],[53.0277976,67.59913],[53.027549,67.5989634],[53.0271316,67.5987034],[53.0268923,67.5984574],[53.0264694,67.5983037],[53.0252989,67.5983893],[53.0253905,67.5986075],[53.0254266,67.5986934],[53.0247881,67.5989124],[53.0254585,67.5991557],[53.0258735,67.5992774],[53.0257778,67.5996546],[53.0253308,67.5997884],[53.0249477,67.5996667],[53.0243092,67.5998979],[53.023958,67.5997762],[53.0234472,67.59991],[53.0237345,67.6000804],[53.0233195,67.600275],[53.0228725,67.6005062],[53.0223298,67.6009806],[53.021819,67.6012118],[53.0223936,67.6013699],[53.0212124,67.6015646],[53.0206697,67.6016132],[53.0206697,67.6018079],[53.0195203,67.6019417],[53.0186903,67.6017592],[53.0174133,67.601966],[53.0171579,67.60182],[53.0164555,67.6018565],[53.0154977,67.6016375],[53.0149869,67.6018079],[53.0140292,67.601674],[53.0131991,67.6014307],[53.0127202,67.6012483],[53.0133268,67.6011266],[53.0122413,67.6008711],[53.0109324,67.6009806],[53.0105812,67.6011388],[53.0103577,67.6009441],[53.0098788,67.6012848],[53.0095277,67.6009685],[53.008538,67.6010293],[53.0077398,67.6007616],[53.0078356,67.6010536],[53.0068459,67.6011388],[53.0067182,67.6008833],[53.0060478,67.600932],[53.0055689,67.6008955],[53.00509,67.6011023],[53.0051219,67.6007252],[53.004228,67.6005183],[53.0038449,67.6003967],[53.0031106,67.6004453],[53.0021529,67.6005183],[53.0011951,67.6006765],[52.9997584,67.6008468],[52.9990241,67.6011266],[52.998226,67.6013699],[52.9974598,67.6010901],[52.9970767,67.6014551],[52.9968213,67.6018687],[52.9959912,67.6020147],[52.9953846,67.6024283],[52.9940757,67.6023796],[52.9939799,67.6020633],[52.9930541,67.6020025],[52.9922879,67.6017227],[52.9917451,67.6014794],[52.9905639,67.6018565],[52.9896061,67.6015767],[52.9885206,67.6011023],[52.9875629,67.6010171],[52.987531,67.6007495],[52.9868605,67.6006643],[52.986669,67.6003237],[52.9864136,67.6001777],[52.9853281,67.6002264],[52.9859666,67.5999587],[52.9863816,67.5996546],[52.9862859,67.5993626]]}},{"type":"Feature","id":"osm-context-108860777","properties":{"osmId":108860777,"kind":"area","landuse":"landfill","natural":null,"water":null,"waterway":null,"leisure":null,"amenity":null,"railway":null,"name":"Полигон ТКО","source":"OpenStreetMap"},"geometry":{"type":"Polygon","coordinates":[[[53.0466614,67.6078933],[53.0459636,67.6087851],[53.0507742,67.6094668],[53.0520876,67.6095924],[53.0526185,67.6097883],[53.0531293,67.60998],[53.0535341,67.6100919],[53.0542698,67.6100837],[53.0545039,67.6100811],[53.0550071,67.609887],[53.0551646,67.6097534],[53.0559414,67.6095553],[53.0570777,67.6090549],[53.0586977,67.6087474],[53.0601661,67.6086363],[53.0597736,67.6080055],[53.0597992,67.6073382],[53.0595627,67.6065385],[53.0579061,67.6061675],[53.0568157,67.6060521],[53.0551437,67.6057751],[53.0528327,67.6060108],[53.0507335,67.6072475],[53.0479084,67.6076956],[53.046991,67.607841],[53.0466614,67.6078933]]]}},{"type":"Feature","id":"osm-context-110564818","properties":{"osmId":110564818,"kind":"area","landuse":null,"natural":"wood","water":null,"waterway":null,"leisure":null,"amenity":null,"railway":null,"name":null,"source":"OpenStreetMap"},"geometry":{"type":"Polygon","coordinates":[[[53.060723,67.6382261],[53.0606192,67.6383071],[53.0604478,67.6383032],[53.0602713,67.6383091],[53.0601466,67.6383467],[53.0600895,67.6383921],[53.0600116,67.6384158],[53.0599441,67.6384474],[53.0594579,67.6384485],[53.0596435,67.6384055],[53.0597316,67.6384043],[53.0598732,67.6383384],[53.059804,67.6383181],[53.0597662,67.6383301],[53.059719,67.6383193],[53.0597159,67.6382822],[53.0596498,67.6382271],[53.0595837,67.6381577],[53.0594957,67.6380739],[53.0594453,67.6379937],[53.0594485,67.637898],[53.0594799,67.6378561],[53.0594076,67.637807],[53.0594202,67.6377412],[53.0594579,67.6377304],[53.0594202,67.6376694],[53.0593195,67.6376837],[53.0592629,67.6376574],[53.0591905,67.6375736],[53.0591748,67.6374838],[53.0592188,67.6374348],[53.0592318,67.6373321],[53.0591685,67.6372708],[53.0589986,67.6371451],[53.0588665,67.6369632],[53.0588161,67.6368602],[53.0588665,67.6368423],[53.0588507,67.6366568],[53.0588696,67.6366053],[53.0589231,67.6365909],[53.0589514,67.6365718],[53.0588979,67.636555],[53.0588916,67.6365215],[53.0589546,67.6364078],[53.0589231,67.6363731],[53.058857,67.6363803],[53.0588099,67.6362857],[53.0588445,67.6360966],[53.0588161,67.6360068],[53.0585676,67.635862],[53.0590551,67.6355654],[53.0597729,67.6354407],[53.059904,67.6357778],[53.059977,67.6359768],[53.0601559,67.6362367],[53.0604521,67.6366671],[53.0610507,67.6370875],[53.061043,67.6374084],[53.0608321,67.6377634],[53.060723,67.6382261]]]}},{"type":"Feature","id":"osm-context-112481882","properties":{"osmId":112481882,"kind":"area","landuse":null,"natural":"wood","water":null,"waterway":null,"leisure":null,"amenity":null,"railway":null,"name":null,"source":"OpenStreetMap"},"geometry":{"type":"Polygon","coordinates":[[[53.054091,67.6485739],[53.053373,67.6487717],[53.0530652,67.6485962],[53.0527721,67.6487188],[53.0524497,67.6489556],[53.052007,67.6487757],[53.0516115,67.6486163],[53.0520288,67.6483899],[53.052418,67.6481794],[53.0525353,67.6480314],[53.0524696,67.647953],[53.0520757,67.6475706],[53.0513723,67.6469632],[53.0503758,67.6461578],[53.0530869,67.6460533],[53.0538928,67.6462902],[53.0545981,67.6462728],[53.0558868,67.6457193],[53.0553502,67.6467653],[53.0555514,67.6473946],[53.0555192,67.6478065],[53.0548896,67.6483018],[53.054091,67.6485739]]]}},{"type":"Feature","id":"osm-context-114310475","properties":{"osmId":114310475,"kind":"area","landuse":"residential","natural":null,"water":null,"waterway":null,"leisure":null,"amenity":null,"railway":null,"name":"Нарьян-Мар Виладж","source":"OpenStreetMap"},"geometry":{"type":"Polygon","coordinates":[[[53.0977675,67.6670817],[53.0979641,67.6669266],[53.0985454,67.6664677],[53.0988292,67.6662438],[53.0988436,67.6662325],[53.0994298,67.6657699],[53.0997559,67.6655125],[53.1001319,67.6652157],[53.1002626,67.6651125],[53.1003978,67.6650058],[53.1005664,67.6648727],[53.1020657,67.6636505],[53.1023688,67.6634034],[53.1026817,67.6631483],[53.1033322,67.6632206],[53.1036051,67.6632551],[53.1039048,67.6632971],[53.1056952,67.6635397],[53.1057888,67.6635524],[53.1064465,67.6636415],[53.1048431,67.6648786],[53.1040161,67.665497],[53.1037817,67.6656643],[53.1037202,67.6657126],[53.103666,67.665755],[53.1036619,67.6657587],[53.1026532,67.6665484],[53.1024984,67.6666696],[53.1019531,67.6670965],[53.1018546,67.6671726],[53.1016333,67.6672509],[53.0988065,67.6672145],[53.0984149,67.6671772],[53.0977675,67.6670817]]]}},{"type":"Feature","id":"osm-context-115712143","properties":{"osmId":115712143,"kind":"area","landuse":null,"natural":"water","water":null,"waterway":null,"leisure":null,"amenity":null,"railway":null,"name":null,"source":"OpenStreetMap"},"geometry":{"type":"Polygon","coordinates":[[[53.0137926,67.7075052],[53.0101924,67.7046465],[53.0059727,67.7020266],[53.0007104,67.6990684],[52.9937229,67.6960507],[52.9908679,67.6951482],[52.983754,67.6935208],[52.9761403,67.6921346],[52.9688442,67.6911165],[52.9634674,67.6901451],[52.963526,67.6899339],[52.9646745,67.6898426],[52.9678494,67.6904166],[52.9700958,67.6905614],[52.9710565,67.6903898],[52.9719452,67.6904731],[52.9724498,67.6902286],[52.9740659,67.6907277],[52.9755794,67.6912875],[52.9761004,67.6908671],[52.9767786,67.6906687],[52.9782435,67.690922],[52.9807331,67.6916343],[52.9860928,67.6919303],[52.9877592,67.6922515],[52.9905726,67.6930416],[52.9942786,67.6937797],[52.9976894,67.6944455],[52.9998333,67.6944085],[53.0007263,67.6959294],[53.002367,67.6968495],[53.0048823,67.6991376],[53.0070446,67.7010652],[53.009286,67.7026551],[53.0118197,67.7038383],[53.014462,67.7064129],[53.0147983,67.7072621],[53.0137926,67.7075052]]]}},{"type":"Feature","id":"osm-context-115712145","properties":{"osmId":115712145,"kind":"area","landuse":null,"natural":"water","water":null,"waterway":null,"leisure":null,"amenity":null,"railway":null,"name":null,"source":"OpenStreetMap"},"geometry":{"type":"Polygon","coordinates":[[[52.9347958,67.7004726],[52.937993,67.7010965],[52.9395506,67.7011976],[52.9402266,67.7015095],[52.9440919,67.7016568],[52.9477943,67.7017771],[52.9495741,67.7017889],[52.9499557,67.7014631],[52.9502992,67.7015898],[52.950509,67.7018034],[52.9522777,67.7019156],[52.9581247,67.702877],[52.962281,67.7035932],[52.9629705,67.7032819],[52.9627048,67.7029509],[52.9603005,67.7022647],[52.9599206,67.702],[52.9611569,67.7020231],[52.9629365,67.7021849],[52.9646538,67.7020635],[52.9738456,67.7027109],[52.9797828,67.7041158],[52.9818886,67.7044972],[52.9834809,67.7050498],[52.9847167,67.70591],[52.9858558,67.7060208],[52.9868724,67.7065001],[52.9921545,67.7094195],[52.9935017,67.7098803],[52.9923877,67.7092895],[52.9917009,67.7086067],[52.9893767,67.7069165],[52.9869163,67.7054111],[52.9843066,67.7040463],[52.9851589,67.7040089],[52.9866555,67.7043831],[52.9873597,67.7042819],[52.9877213,67.7040304],[52.9843387,67.7027291],[52.9801083,67.7014946],[52.9777646,67.7007222],[52.9772548,67.7006525],[52.977181,67.7008602],[52.9790764,67.7017308],[52.9783902,67.701815],[52.9754708,67.7012131],[52.9749502,67.7011337],[52.9740817,67.7013159],[52.9721575,67.7011392],[52.9683569,67.7008433],[52.961438,67.7008064],[52.9577349,67.7008064],[52.957619,67.7007137],[52.9568367,67.7006964],[52.9565079,67.7009718],[52.9565768,67.701349],[52.9556122,67.7013676],[52.9547139,67.7012871],[52.9537981,67.7011697],[52.9541813,67.7007574],[52.9551693,67.7006207],[52.9554988,67.6998489],[52.9548429,67.6997169],[52.953526,67.6993068],[52.9516473,67.6989799],[52.9512697,67.6983172],[52.949064,67.6976856],[52.9471314,67.6974008],[52.9441835,67.6975169],[52.9435032,67.6978009],[52.9423694,67.6975299],[52.9387389,67.6975875],[52.9375395,67.6978956],[52.9368806,67.6983658],[52.9345418,67.6991424],[52.9335825,67.6993929],[52.9339571,67.699697],[52.9344669,67.699793],[52.9341267,67.7001673],[52.9335712,67.7004942],[52.9338206,67.7006749],[52.9345122,67.7008943],[52.9347958,67.7004726]]]}},{"type":"Feature","id":"osm-context-134207398","properties":{"osmId":134207398,"kind":"area","landuse":null,"natural":null,"water":null,"waterway":null,"leisure":null,"amenity":"parking","railway":null,"name":null,"source":"OpenStreetMap"},"geometry":{"type":"Polygon","coordinates":[[[53.0022427,67.6399041],[53.002118,67.6398828],[53.0019911,67.6398611],[53.0021244,67.6397383],[53.0010579,67.6395644],[53.0011366,67.6394974],[53.0012381,67.6394111],[53.0025737,67.6396193],[53.0025476,67.6396418],[53.0022427,67.6399041]]]}},{"type":"Feature","id":"osm-context-139695396","properties":{"osmId":139695396,"kind":"waterway","landuse":null,"natural":null,"water":null,"waterway":"river","leisure":null,"amenity":null,"railway":null,"name":null,"source":"OpenStreetMap"},"geometry":{"type":"LineString","coordinates":[[53.0236831,67.7068415],[53.0244643,67.7058476],[53.0248181,67.7048067],[53.0249447,67.7040803],[53.0252663,67.7033461],[53.0253701,67.7019281],[53.0248761,67.7011475],[53.0241762,67.7003918],[53.024001,67.700044],[53.0240724,67.6997024],[53.024164,67.6992529],[53.0245915,67.698816],[53.0260449,67.6976735],[53.0276022,67.6961369],[53.0279131,67.6957236],[53.0281447,67.6952482],[53.028277,67.6947579],[53.0278273,67.694089],[53.0271869,67.6934379],[53.0252144,67.6919995],[53.0239152,67.6915262],[53.0227747,67.6909749],[53.0213758,67.6903473],[53.0201368,67.6897006],[53.0193488,67.6890635],[53.0188363,67.6885788],[53.0182587,67.6881176],[53.0166915,67.6872011],[53.015248,67.6862257],[53.0138465,67.6853191],[53.0120557,67.6846391],[53.0103687,67.6837029],[53.0095965,67.6834159],[53.0089152,67.6830721],[53.0080847,67.6826779],[53.0067311,67.681989],[53.0053949,67.6812519],[53.0050221,67.6807264],[53.0046068,67.6802336],[53.0041397,67.6795633],[53.0037244,67.6790901],[53.0030496,67.6786367],[53.0023748,67.6781833],[53.0012328,67.6772369],[53.0005467,67.6767855],[53.0001605,67.6766082],[53.0000317,67.6765043],[52.9998708,67.6763413],[52.9995274,67.6760907],[52.9990768,67.6758686],[52.9987864,67.6757548],[52.9987013,67.6755528],[52.9987818,67.6753734],[52.9989427,67.6752369],[52.9992324,67.6751676],[52.9997742,67.6751289],[53.0007344,67.6751269],[53.0034864,67.6751473],[53.0046773,67.6750209],[53.0052566,67.6748701],[53.0058896,67.6745237],[53.0064368,67.6738553],[53.0063459,67.6711366]]}},{"type":"Feature","id":"osm-context-157515837","properties":{"osmId":157515837,"kind":"area","landuse":null,"natural":null,"water":null,"waterway":null,"leisure":"park","amenity":null,"railway":null,"name":"парк Юбилейный","source":"OpenStreetMap"},"geometry":{"type":"Polygon","coordinates":[[[52.9827701,67.6405981],[52.9829356,67.6408685],[52.985181,67.6410301],[52.9852072,67.641032],[52.9852298,67.6410336],[52.9852642,67.6410361],[52.9852852,67.6410377],[52.9879936,67.6412405],[52.98829,67.6410082],[52.988294,67.641005],[52.988316,67.6409878],[52.9883245,67.6409811],[52.9883291,67.6409775],[52.9885057,67.640839],[52.988881,67.6406135],[52.9893735,67.6404511],[52.9895984,67.6403769],[52.9896246,67.6403269],[52.9895977,67.6402446],[52.9895249,67.6401857],[52.9887733,67.6395772],[52.98838,67.6395925],[52.986071,67.6400178],[52.9860367,67.6400241],[52.9860134,67.6400284],[52.9859796,67.6400343],[52.9859708,67.6400359],[52.9830651,67.6405476],[52.9830089,67.6405575],[52.9829628,67.6405654],[52.9827701,67.6405981]]]}},{"type":"Feature","id":"osm-context-162050240","properties":{"osmId":162050240,"kind":"area","landuse":null,"natural":"water","water":null,"waterway":null,"leisure":null,"amenity":null,"railway":null,"name":"озеро Прокоп","source":"OpenStreetMap"},"geometry":{"type":"Polygon","coordinates":[[[53.0952448,67.7173837],[53.095116,67.7166047],[53.0950195,67.7156567],[53.095116,67.7145949],[53.0949926,67.7136143],[53.0949497,67.7127273],[53.0948639,67.7117406],[53.0945957,67.7110895],[53.0940485,67.710121],[53.093791,67.7096001],[53.0935228,67.7089856],[53.0929649,67.7079804],[53.0925465,67.7075043],[53.0919993,67.7071298],[53.0913019,67.7067595],[53.0905509,67.7064461],[53.0894029,67.7059577],[53.0887377,67.7055853],[53.0885714,67.7054428],[53.088389,67.7052759],[53.0879599,67.705109],[53.0872464,67.7049157],[53.0866188,67.7047203],[53.0854386,67.704179],[53.0846098,67.7037638],[53.0840626,67.703431],[53.0832741,67.703027],[53.0830568,67.7029008],[53.0827242,67.7028113],[53.0822226,67.7027614],[53.0817237,67.7026953],[53.0814207,67.7026413],[53.0811658,67.7025925],[53.0808413,67.7025589],[53.079983,67.7025243],[53.0790764,67.7025101],[53.0784702,67.7025447],[53.0779231,67.7025915],[53.0775261,67.7026729],[53.0771077,67.7027909],[53.0763781,67.7029008],[53.0759919,67.7028968],[53.0755198,67.7028031],[53.0749834,67.702622],[53.0743825,67.7023472],[53.0719685,67.7012115],[53.0693775,67.6998619],[53.0669796,67.6988238],[53.0655205,67.6983922],[53.065204,67.6983067],[53.0647212,67.6981846],[53.064453,67.6980909],[53.0642277,67.6979789],[53.0640238,67.6978649],[53.0638951,67.6978222],[53.0636913,67.6978303],[53.063525,67.6978649],[53.0634874,67.6979362],[53.0635035,67.6980359],[53.0636269,67.6981764],[53.0638254,67.6983128],[53.0640399,67.698439],[53.0644691,67.6986039],[53.0650914,67.698895],[53.0659604,67.6993612],[53.0672318,67.6999535],[53.0684012,67.7005337],[53.0699193,67.7014272],[53.0709922,67.7019422],[53.0714482,67.7023147],[53.0722368,67.7029578],[53.0725372,67.7032306],[53.0728805,67.7035664],[53.073653,67.7042665],[53.0742484,67.7049259],[53.0748385,67.7057399],[53.0749404,67.7061184],[53.0749619,67.7062935],[53.0749243,67.7065784],[53.074742,67.7068877],[53.0746829,67.7070606],[53.0746078,67.7072987],[53.0743825,67.7074982],[53.0742431,67.7075511],[53.0740017,67.7075816],[53.0738461,67.7075755],[53.0737281,67.7075348],[53.0736476,67.7074432],[53.073594,67.7072825],[53.0735993,67.7071237],[53.0737482,67.7069569],[53.07383,67.7068439],[53.0738568,67.7067869],[53.0738488,67.7067518],[53.0737549,67.7067045],[53.0736543,67.7066989],[53.0735725,67.7067111],[53.0735135,67.7067345],[53.0731541,67.7069935],[53.0730575,67.707138],[53.0729985,67.7072845],[53.0729502,67.7074371],[53.0729502,67.7077179],[53.0729502,67.7079296],[53.0729502,67.7080679],[53.0728322,67.708192],[53.0725962,67.7082389],[53.0718827,67.7082958],[53.0712444,67.7083793],[53.07096,67.7084932],[53.0709654,67.708597],[53.0711049,67.7088249],[53.0714321,67.7090365],[53.0717647,67.7091871],[53.072395,67.7096647],[53.0724232,67.7097756],[53.072391,67.7098458],[53.0721885,67.7099303],[53.0719927,67.7099628],[53.0708474,67.710064],[53.0704933,67.7101027],[53.0700105,67.7101536],[53.069694,67.7102655],[53.069517,67.7103998],[53.0694419,67.7104791],[53.0693239,67.7106887],[53.0691509,67.710856],[53.0690356,67.7109201],[53.0689175,67.7109913],[53.0688478,67.7110142],[53.0687486,67.7110305],[53.0685984,67.7110274],[53.0684267,67.7110107],[53.0681089,67.710911],[53.0679962,67.7108703],[53.0678929,67.7108484],[53.067842,67.7108489],[53.0676945,67.7108581],[53.0676167,67.7108835],[53.0675375,67.7109257],[53.0675,67.7109857],[53.0674303,67.7111587],[53.0674249,67.7113072],[53.0674678,67.7115575],[53.0677521,67.7120234],[53.0683637,67.7126357],[53.0691522,67.713299],[53.0694419,67.713478],[53.0694473,67.7136408],[53.0693668,67.7137913],[53.0692005,67.713952],[53.0689913,67.7140924],[53.0688143,67.7142633],[53.0687714,67.7144097],[53.0689537,67.7146925],[53.0691683,67.7148329],[53.0696404,67.7151787],[53.0702734,67.7155326],[53.0705953,67.7156527],[53.0708849,67.715734],[53.0711907,67.7159273],[53.0711424,67.7161795],[53.070665,67.7166372],[53.0703646,67.7171864],[53.0705094,67.7174874],[53.0707991,67.7176197],[53.0711639,67.7176644],[53.0713892,67.7176644],[53.0719686,67.7175403],[53.0724889,67.7173837],[53.0728269,67.7172352],[53.0733633,67.7170562],[53.0739748,67.7169301],[53.0742484,67.7169016],[53.0747366,67.7168915],[53.0751711,67.7169077],[53.0755895,67.7169627],[53.0758148,67.7170644],[53.0760777,67.7172515],[53.0760401,67.7173918],[53.0758631,67.7174712],[53.0755252,67.7175891],[53.0750585,67.717701],[53.0741143,67.7179675],[53.0738193,67.7180651],[53.0737227,67.7181343],[53.0737174,67.7182055],[53.0737603,67.7182827],[53.0738622,67.7183438],[53.0740714,67.7184414],[53.0740983,67.7185477],[53.0739963,67.7187404],[53.0738676,67.718836],[53.073712,67.7188868],[53.0734384,67.7189112],[53.073197,67.7189072],[53.0724031,67.7187973],[53.0719954,67.7187078],[53.0715823,67.718655],[53.0712765,67.7186672],[53.0709386,67.7187689],[53.0706972,67.7189906],[53.0707884,67.7191878],[53.0715072,67.7198102],[53.0719256,67.720095],[53.0723709,67.7203858],[53.073492,67.720939],[53.0746025,67.7213152],[53.0757129,67.7216101],[53.0764693,67.7217301],[53.0770594,67.7217403],[53.0783951,67.7217199],[53.0790818,67.7216752],[53.0796075,67.7216508],[53.0802405,67.7216691],[53.0804604,67.7217199],[53.0806696,67.7218216],[53.0806589,67.7219558],[53.0805355,67.7220697],[53.0801761,67.7222121],[53.0797255,67.722332],[53.0795109,67.7224297],[53.0795056,67.7225191],[53.0795699,67.7226025],[53.0796719,67.7226615],[53.0798542,67.7227286],[53.080101,67.7227449],[53.0802888,67.7227388],[53.0809057,67.7226066],[53.0813831,67.7224866],[53.081823,67.7223992],[53.0827779,67.7223727],[53.083443,67.722391],[53.0844301,67.7223687],[53.0851006,67.7222934],[53.0853796,67.722206],[53.0859268,67.7220799],[53.0870533,67.7220311],[53.0875146,67.7220738],[53.0879921,67.7221307],[53.0882925,67.7221409],[53.0886251,67.7221205],[53.0889255,67.7220473],[53.0892527,67.7219029],[53.0895263,67.7217545],[53.0897945,67.7216447],[53.0901861,67.7215633],[53.0904704,67.7215369],[53.0907762,67.7215308],[53.0910551,67.7215267],[53.0913556,67.7214657],[53.0915111,67.7213986],[53.0917901,67.7212339],[53.0928415,67.7206725],[53.0933618,67.7203654],[53.0938232,67.7200299],[53.0941933,67.7197004],[53.0947298,67.7191146],[53.0951536,67.7183682],[53.0952394,67.7178312],[53.0952448,67.7173837]]]}},{"type":"Feature","id":"osm-context-162051366","properties":{"osmId":162051366,"kind":"area","landuse":null,"natural":"water","water":null,"waterway":null,"leisure":null,"amenity":null,"railway":null,"name":"озеро Большие Штаны","source":"OpenStreetMap"},"geometry":{"type":"Polygon","coordinates":[[[53.1148759,67.7170155],[53.1147391,67.7170593],[53.1144574,67.7170979],[53.1142509,67.7170878],[53.1141275,67.7170644],[53.1140041,67.7170135],[53.1138539,67.7169413],[53.1135347,67.7168477],[53.1133845,67.7168121],[53.1132826,67.7167776],[53.1132129,67.7166545],[53.1132129,67.716566],[53.1132638,67.7164053],[53.113119,67.7163016],[53.1128293,67.7161327],[53.1126684,67.7159558],[53.1125423,67.7157178],[53.1122285,67.7153923],[53.1118691,67.7150912],[53.1116223,67.7149681],[53.1113246,67.714838],[53.1111288,67.7147373],[53.1109813,67.7145898],[53.1107855,67.7142633],[53.1105763,67.7138523],[53.1105146,67.7136499],[53.1105146,67.7135136],[53.1105146,67.7133091],[53.1105173,67.7132522],[53.1105468,67.7132064],[53.1105763,67.7131688],[53.1105897,67.7131332],[53.1105736,67.7130986],[53.1105307,67.713067],[53.1104314,67.7130416],[53.1103376,67.7130355],[53.1101525,67.7130314],[53.1099406,67.7130325],[53.1098065,67.7130294],[53.1096026,67.7129948],[53.1095061,67.7129704],[53.109329,67.7129023],[53.1090501,67.7127761],[53.108857,67.712711],[53.1087336,67.7126825],[53.1084573,67.7126185],[53.1079155,67.7124628],[53.1067514,67.7121373],[53.1060797,67.7118947],[53.1054264,67.7114985],[53.1033665,67.7102756],[53.1007295,67.7087264],[53.0980396,67.7069894],[53.0963927,67.7058824],[53.0953789,67.70528],[53.0946064,67.7048628],[53.0938554,67.7045412],[53.0928951,67.7042461],[53.0917847,67.7039002],[53.0859536,67.7018119],[53.0832928,67.7008767],[53.0821556,67.7005255],[53.0797094,67.69975],[53.0786312,67.69941],[53.0773598,67.6990029],[53.075391,67.6983026],[53.0741572,67.6976858],[53.0738729,67.6975433],[53.0737764,67.697468],[53.0737013,67.697354],[53.0737656,67.6972705],[53.074109,67.6972603],[53.0743021,67.697297],[53.0746078,67.6974191],[53.074978,67.6976186],[53.0755037,67.6978405],[53.075906,67.6979606],[53.0761474,67.697983],[53.0762547,67.6979688],[53.0762869,67.6979504],[53.0762815,67.6978812],[53.0760348,67.6977509],[53.0756807,67.6975107],[53.0751872,67.6972786],[53.074742,67.6969529],[53.0734545,67.6963401],[53.0732775,67.6961854],[53.0732024,67.6960795],[53.0732292,67.6959716],[53.0733043,67.6959126],[53.0734438,67.6958841],[53.0738836,67.6958881],[53.0741197,67.6959635],[53.07464,67.6961915],[53.0753857,67.6964439],[53.0761743,67.696845],[53.0773383,67.6973519],[53.0783844,67.6978425],[53.0803102,67.69861],[53.0815333,67.6991576],[53.0828851,67.69975],[53.085975,67.7008166],[53.0864847,67.700955],[53.0868226,67.7009977],[53.0870694,67.70101],[53.0874288,67.7010161],[53.0876434,67.7010262],[53.0878472,67.7010649],[53.0879921,67.7011423],[53.0881047,67.7012461],[53.0881852,67.7013824],[53.0882388,67.7015168],[53.0882817,67.7016593],[53.0884051,67.701759],[53.0888343,67.701991],[53.0908298,67.7027787],[53.0922072,67.7033735],[53.0923748,67.7034214],[53.0924727,67.703429],[53.0925693,67.7034249],[53.0926242,67.7034122],[53.092643,67.703399],[53.092639,67.7033796],[53.0925974,67.7033476],[53.0925733,67.7033196],[53.0925572,67.7032631],[53.0925424,67.7032178],[53.0924821,67.703143],[53.0897925,67.7013855],[53.0853689,67.6990579],[53.0839634,67.6983779],[53.0836576,67.6982131],[53.0824694,67.6976766],[53.0808359,67.6969305],[53.0794251,67.6963187],[53.0782946,67.6958517],[53.0759838,67.6948366],[53.0751577,67.6945139],[53.07486,67.6943123],[53.0748546,67.6942787],[53.0748841,67.6942349],[53.0749753,67.6942105],[53.0752677,67.694239],[53.0755547,67.694295],[53.076075,67.694407],[53.0768904,67.694579],[53.0777809,67.6947724],[53.0781162,67.6948182],[53.0783468,67.6948529],[53.0786151,67.6949598],[53.0786875,67.6949842],[53.079401,67.6951807],[53.0800125,67.6954066],[53.0810398,67.6957843],[53.0838099,67.696916],[53.0851972,67.6974211],[53.0866885,67.6980767],[53.0872464,67.6983494],[53.0885553,67.6990762],[53.0897945,67.699807],[53.0906206,67.7002365],[53.0915594,67.7006782],[53.0927074,67.7012583],[53.0930185,67.7014415],[53.0931902,67.7017081],[53.093791,67.7020501],[53.0940646,67.7021803],[53.0942416,67.7023269],[53.0943006,67.7024653],[53.0943328,67.7025548],[53.0945474,67.7027665],[53.0949926,67.7030657],[53.0955237,67.7035318],[53.0955774,67.7035928],[53.0957168,67.7036315],[53.0958348,67.7036681],[53.0959904,67.703776],[53.0961031,67.7039632],[53.0961513,67.7040121],[53.0963498,67.7041464],[53.0963981,67.7041892],[53.0965698,67.7042522],[53.0967683,67.7043153],[53.0969399,67.7044191],[53.0976319,67.7048465],[53.0986512,67.7055262],[53.0993217,67.7059719],[53.0996489,67.706269],[53.0999279,67.7064257],[53.1000835,67.7065051],[53.1003731,67.7066862],[53.1007111,67.7068856],[53.1009713,67.7071461],[53.1012261,67.707317],[53.101497,67.7074035],[53.1016794,67.7075551],[53.1018564,67.7076966],[53.1019396,67.707781],[53.1019986,67.707839],[53.1021219,67.7078939],[53.1023633,67.7079682],[53.1026664,67.7080944],[53.103683,67.7087496],[53.1042463,67.7090609],[53.1045628,67.7092827],[53.1047559,67.7093895],[53.104898,67.7094363],[53.1050804,67.709474],[53.1051931,67.7095187],[53.1052762,67.7095645],[53.1057376,67.7099074],[53.1077063,67.7110844],[53.108114,67.711297],[53.1083125,67.7114069],[53.1085002,67.7115422],[53.1086263,67.7116582],[53.1087121,67.7118108],[53.1087631,67.7119257],[53.1088194,67.712003],[53.1088784,67.7121312],[53.1088677,67.7121963],[53.1088597,67.7122553],[53.1090367,67.7124364],[53.1093961,67.7126551],[53.1097448,67.7128321],[53.1098869,67.7128575],[53.1100962,67.7128575],[53.1103107,67.7128575],[53.1106353,67.7128951],[53.110764,67.7129318],[53.1109491,67.7130833],[53.1109786,67.7131535],[53.1110001,67.7132379],[53.1110242,67.7133397],[53.1110913,67.7134373],[53.1112468,67.7135594],[53.1114158,67.7136316],[53.1116652,67.7136936],[53.1119281,67.7137506],[53.1127113,67.713895],[53.1129634,67.7139785],[53.1132209,67.7141392],[53.1133282,67.7143263],[53.113355,67.7144647],[53.113414,67.714601],[53.1137145,67.7148878],[53.1139505,67.7151217],[53.1139505,67.7152072],[53.1139129,67.7152967],[53.1138325,67.7153903],[53.1137198,67.7154472],[53.1136179,67.7155611],[53.1136501,67.7156689],[53.1138003,67.7158378],[53.1138888,67.7159303],[53.113988,67.7160676],[53.1140068,67.7161449],[53.1139505,67.7162172],[53.11387,67.7163046],[53.1138915,67.7164257],[53.113929,67.7165914],[53.1139854,67.7166799],[53.1140953,67.7167592],[53.1142992,67.7168284],[53.1145486,67.7168721],[53.1147712,67.7168904],[53.1149624,67.7168871],[53.1150408,67.716891],[53.1151126,67.7169027],[53.1151367,67.7169149],[53.1151454,67.7169281],[53.1151427,67.7169413],[53.1150891,67.7169695],[53.1148759,67.7170155]]]}},{"type":"Feature","id":"osm-context-162051369","properties":{"osmId":162051369,"kind":"area","landuse":null,"natural":"water","water":null,"waterway":null,"leisure":null,"amenity":null,"railway":null,"name":null,"source":"OpenStreetMap"},"geometry":{"type":"Polygon","coordinates":[[[53.1063867,67.7008196],[53.105877,67.7006822],[53.1054425,67.7005113],[53.1051421,67.7003382],[53.1047854,67.6999851],[53.1037581,67.6988909],[53.1032324,67.6982639],[53.1028837,67.6976675],[53.1024277,67.6968766],[53.1023151,67.6966343],[53.1022882,67.6965834],[53.1022882,67.6965203],[53.1023124,67.6964857],[53.1023499,67.6964684],[53.1024277,67.6964551],[53.1025726,67.6964633],[53.1026745,67.6964959],[53.1027389,67.6965254],[53.1030151,67.6967544],[53.1045413,67.6975596],[53.1049919,67.6978527],[53.1059843,67.698382],[53.1066173,67.6988115],[53.1070639,67.6992691],[53.10754,67.6997428],[53.1076661,67.699924],[53.1076902,67.7001255],[53.107709,67.7003362],[53.1077036,67.7005275],[53.1077036,67.7006751],[53.1076446,67.7007352],[53.107532,67.7007922],[53.1072745,67.7008644],[53.1071404,67.7009],[53.1070197,67.7009235],[53.1069285,67.7009285],[53.1068453,67.7009194],[53.1063867,67.7008196]]]}},{"type":"Feature","id":"osm-context-165019592","properties":{"osmId":165019592,"kind":"area","landuse":null,"natural":"water","water":null,"waterway":null,"leisure":null,"amenity":null,"railway":null,"name":null,"source":"OpenStreetMap"},"geometry":{"type":"Polygon","coordinates":[[[52.9413075,67.6788898],[52.942059,67.6793948],[52.942984,67.6794387],[52.9437356,67.6798339],[52.9462793,67.6796144],[52.9558761,67.6784068],[52.9598602,67.6777171],[52.9638889,67.677102],[52.9673806,67.6768175],[52.9703868,67.6768917],[52.9735087,67.6771991],[52.9709071,67.6765842],[52.969115,67.6764964],[52.967265,67.6758596],[52.9624666,67.6760133],[52.9589277,67.6763326],[52.9561073,67.6769795],[52.9492277,67.6779896],[52.9447184,67.6786263],[52.9413075,67.6788898]]]}},{"type":"Feature","id":"osm-context-170183586","properties":{"osmId":170183586,"kind":"area","landuse":null,"natural":"water","water":null,"waterway":null,"leisure":null,"amenity":null,"railway":null,"name":null,"source":"OpenStreetMap"},"geometry":{"type":"Polygon","coordinates":[[[52.8454006,67.6949767],[52.8466042,67.6951237],[52.8476555,67.6951815],[52.8486239,67.6952392],[52.8497306,67.6952812],[52.8509342,67.6952865],[52.8521931,67.6953653],[52.8528986,67.695402],[52.8536733,67.6953705],[52.8544619,67.6953758],[52.8551259,67.6953758],[52.8558038,67.6953915],[52.8566338,67.6953968],[52.8569243,67.6954493],[52.8577544,67.695381],[52.8583769,67.6953337],[52.8588887,67.6952077],[52.8594421,67.6951867],[52.8598571,67.6952917],[52.8605488,67.6954125],[52.861282,67.6955228],[52.8619737,67.69557],[52.8631773,67.6956278],[52.8640765,67.6956435],[52.8649204,67.6955438],[52.8659026,67.6953915],[52.8668709,67.6953337],[52.8677563,67.695234],[52.8689045,67.6952025],[52.8699698,67.6951762],[52.8706476,67.6951237],[52.871284,67.6950817],[52.8722109,67.6950345],[52.8733038,67.6949872],[52.874286,67.6949557],[52.8749638,67.694877],[52.8762227,67.6948244],[52.8770666,67.6947877],[52.8778828,67.6947194],[52.8785468,67.6946827],[52.8791417,67.6946249],[52.8801239,67.6945462],[52.8811753,67.6944412],[52.8818808,67.6943571],[52.8831674,67.6941944],[52.8841496,67.6939843],[52.8847168,67.6938741],[52.8852425,67.6937323],[52.8858788,67.693559],[52.8862109,67.6934173],[52.886695,67.6935485],[52.8873314,67.693643],[52.8867227,67.6934645],[52.8865014,67.6933595],[52.8867227,67.6931547],[52.8872207,67.6929552],[52.8878709,67.6926086],[52.8886041,67.692283],[52.8885211,67.6922305],[52.886529,67.6929657],[52.8855192,67.6933017],[52.8844124,67.693643],[52.8831397,67.6938268],[52.8822128,67.6939581],[52.8812721,67.6940579],[52.879114,67.6942626],[52.8783255,67.6943466],[52.8772603,67.6943992],[52.8761674,67.6944989],[52.8753788,67.6945672],[52.8736496,67.6946827],[52.8723354,67.6947404],[52.871201,67.6948297],[52.8702741,67.6948822],[52.8691536,67.694919],[52.8678255,67.695003],[52.8672445,67.695045],[52.8662346,67.6951552],[52.8654737,67.6952235],[52.864616,67.6953495],[52.8641595,67.6954073],[52.8630528,67.695381],[52.8617662,67.6952917],[52.860867,67.6952497],[52.860452,67.6950817],[52.8584046,67.694919],[52.8580449,67.6950397],[52.8575745,67.6949872],[52.8571733,67.6949662],[52.8565923,67.6949242],[52.8552504,67.6948665],[52.8542129,67.6948665],[52.8531061,67.6948612],[52.8515291,67.6948297],[52.8506437,67.6947509],[52.8503255,67.6946932],[52.8502148,67.6947614],[52.8506714,67.6948717],[52.8506714,67.6949872],[52.8503117,67.6950135],[52.8491496,67.6950082],[52.8480291,67.694982],[52.846701,67.6949505],[52.8458156,67.6949137],[52.8454006,67.6949767]]]}},{"type":"Feature","id":"osm-context-170183591","properties":{"osmId":170183591,"kind":"area","landuse":null,"natural":"water","water":null,"waterway":null,"leisure":null,"amenity":null,"railway":null,"name":null,"source":"OpenStreetMap"},"geometry":{"type":"Polygon","coordinates":[[[52.879262,67.6512041],[52.879912,67.6508551],[52.880039,67.6501572],[52.8801796,67.6493139],[52.8796443,67.6487905],[52.8789179,67.6484561],[52.8785355,67.6479181],[52.8778473,67.6468857],[52.876662,67.6461731],[52.8753238,67.6454897],[52.874712,67.6450389],[52.8741385,67.6451407],[52.8746355,67.6456351],[52.8752855,67.6463767],[52.8764326,67.6472928],[52.8769296,67.6479472],[52.8772355,67.6484852],[52.8780002,67.6488778],[52.8780002,67.6493866],[52.8781532,67.6499246],[52.8785737,67.6504916],[52.8786885,67.6508842],[52.879262,67.6512041]]]}},{"type":"Feature","id":"osm-context-170183592","properties":{"osmId":170183592,"kind":"area","landuse":null,"natural":"water","water":null,"waterway":null,"leisure":null,"amenity":null,"railway":null,"name":null,"source":"OpenStreetMap"},"geometry":{"type":"Polygon","coordinates":[[[52.8654144,67.6559892],[52.8650703,67.6557567],[52.8642291,67.6557131],[52.8632733,67.655873],[52.8626997,67.6556695],[52.8622791,67.6555532],[52.8615527,67.6555822],[52.8612468,67.6554369],[52.8612468,67.6551898],[52.8617438,67.6549427],[52.8616674,67.6547101],[52.8608644,67.6543467],[52.8603674,67.6540123],[52.8597556,67.6538669],[52.8593733,67.6537506],[52.8594115,67.653489],[52.8594497,67.6530528],[52.8599086,67.652733],[52.8602909,67.6523114],[52.8605586,67.6519189],[52.860788,67.6514391],[52.861935,67.6506686],[52.863388,67.650276],[52.8643056,67.6502324],[52.8653762,67.6503487],[52.8662174,67.6505959],[52.8666762,67.6510466],[52.866485,67.6516863],[52.8658732,67.6520352],[52.8654144,67.6523114],[52.8657203,67.6526749],[52.8656438,67.653111],[52.8651468,67.6533291],[52.8644968,67.653896],[52.8637321,67.654303],[52.8636174,67.6547973],[52.864038,67.6551607],[52.8646115,67.6555096],[52.8655674,67.655684],[52.8654144,67.6559892]]]}},{"type":"Feature","id":"osm-context-170183593","properties":{"osmId":170183593,"kind":"area","landuse":null,"natural":"water","water":null,"waterway":null,"leisure":null,"amenity":null,"railway":null,"name":null,"source":"OpenStreetMap"},"geometry":{"type":"Polygon","coordinates":[[[52.872915,67.6551146],[52.8741002,67.6550274],[52.8750179,67.6547076],[52.8761649,67.6541116],[52.876662,67.653501],[52.8766238,67.6529632],[52.8759355,67.6525997],[52.8756296,67.6521781],[52.8744444,67.6517856],[52.8739473,67.6514076],[52.8735267,67.651015],[52.8737561,67.6505789],[52.8742149,67.6501718],[52.8746355,67.649503],[52.8746738,67.6487178],[52.8740238,67.6481071],[52.8731444,67.6477],[52.8719973,67.64754],[52.8699709,67.6475255],[52.869512,67.6477436],[52.8690532,67.6482234],[52.8692444,67.648776],[52.8682885,67.6490377],[52.8685562,67.6494884],[52.8697414,67.6500119],[52.8705826,67.6503026],[52.8707738,67.6508842],[52.8704297,67.6514221],[52.8704679,67.6520473],[52.870812,67.652309],[52.8713856,67.6525125],[52.8719973,67.6528614],[52.8718826,67.6531667],[52.871462,67.6532975],[52.8717679,67.6535883],[52.872265,67.6537918],[52.8717679,67.6540535],[52.8719208,67.6545913],[52.8725708,67.6549547],[52.872915,67.6551146]]]}},{"type":"Feature","id":"osm-context-170183595","properties":{"osmId":170183595,"kind":"area","landuse":null,"natural":"water","water":null,"waterway":null,"leisure":null,"amenity":null,"railway":null,"name":null,"source":"OpenStreetMap"},"geometry":{"type":"Polygon","coordinates":[[[52.8968474,67.6552514],[52.8978747,67.6553542],[52.8979288,67.6547375],[52.898794,67.6542852],[52.8987399,67.6534629],[52.8977125,67.6523526],[52.8969555,67.6515097],[52.8992806,67.6521882],[52.9012272,67.6529694],[52.9029576,67.6541207],[52.904796,67.6554159],[52.9058234,67.6562792],[52.9078241,67.6577387],[52.9082026,67.6572865],[52.9075537,67.6561765],[52.9064182,67.6547786],[52.9057693,67.653689],[52.9036064,67.6523732],[52.9012272,67.6509751],[52.8997132,67.6502966],[52.8979288,67.6492274],[52.8963066,67.6485077],[52.8941978,67.6479319],[52.8924675,67.6476029],[52.8896557,67.6472944],[52.8880335,67.6468626],[52.8851136,67.6457932],[52.8835996,67.6456698],[52.8856543,67.6464307],[52.8877091,67.647315],[52.8911697,67.6485488],[52.8944682,67.6498442],[52.8944682,67.6505844],[52.8939274,67.6507901],[52.8929541,67.6506461],[52.8917645,67.6502143],[52.8909535,67.649762],[52.8888987,67.6491451],[52.8882498,67.6492685],[52.8899261,67.6503377],[52.8897098,67.650605],[52.8889528,67.6505228],[52.889115,67.6513863],[52.8899261,67.6521882],[52.8919268,67.6527844],[52.8934949,67.6535245],[52.8956037,67.6543674],[52.8968474,67.6552514]]]}},{"type":"Feature","id":"osm-context-170183597","properties":{"osmId":170183597,"kind":"area","landuse":null,"natural":"water","water":null,"waterway":null,"leisure":null,"amenity":null,"railway":null,"name":null,"source":"OpenStreetMap"},"geometry":{"type":"Polygon","coordinates":[[[52.9154851,67.6466142],[52.918405,67.6469432],[52.9214872,67.6471694],[52.9251641,67.6473339],[52.9266241,67.6473339],[52.9268944,67.6470872],[52.9249478,67.6468609],[52.9200272,67.646573],[52.9154851,67.6466142]]]}},{"type":"Feature","id":"osm-context-170423856","properties":{"osmId":170423856,"kind":"area","landuse":null,"natural":"water","water":null,"waterway":null,"leisure":null,"amenity":null,"railway":null,"name":null,"source":"OpenStreetMap"},"geometry":{"type":"Polygon","coordinates":[[[52.9336973,67.6020329],[52.9346594,67.6020058],[52.9354789,67.6018428],[52.9363697,67.6018157],[52.9370467,67.6018428],[52.9378306,67.6018836],[52.9385432,67.6018836],[52.9397903,67.6018564],[52.9401466,67.6019107],[52.9407167,67.6020193],[52.9413224,67.6018836],[52.9416431,67.6016256],[52.9424626,67.6014898],[52.943496,67.6011368],[52.9438166,67.6007566],[52.9433178,67.6005122],[52.9421063,67.6003357],[52.9413581,67.6004579],[52.9406811,67.6003086],[52.940111,67.6003765],[52.939434,67.6005122],[52.9387213,67.6004715],[52.9388639,67.6002],[52.9392914,67.600037],[52.9389708,67.5997655],[52.9389527,67.5993892],[52.9383163,67.5994108],[52.9380087,67.5997655],[52.9376168,67.5999556],[52.9366903,67.6000913],[52.9361202,67.60039],[52.9361915,67.6005937],[52.9371892,67.6004036],[52.9376168,67.6005801],[52.9375455,67.6007431],[52.9383294,67.6006752],[52.9390777,67.6008245],[52.9381156,67.6009467],[52.9368685,67.6010554],[52.9356214,67.6011504],[52.9347306,67.6012319],[52.9338042,67.6011911],[52.9337329,67.6014084],[52.9341605,67.6015577],[52.9335548,67.6018021],[52.9336973,67.6020329]]]}},{"type":"Feature","id":"osm-context-171693601","properties":{"osmId":171693601,"kind":"area","landuse":"allotments","natural":null,"water":null,"waterway":null,"leisure":null,"amenity":null,"railway":null,"name":null,"source":"OpenStreetMap"},"geometry":{"type":"Polygon","coordinates":[[[52.887254,67.6333842],[52.8910805,67.632277],[52.8907432,67.6320804],[52.8905218,67.6321366],[52.8894993,67.6314667],[52.8888879,67.6311337],[52.8875808,67.6304276],[52.8865899,67.6307446],[52.8844395,67.6313102],[52.8854199,67.6317716],[52.8857993,67.6319882],[52.8859469,67.6319601],[52.8869694,67.6325016],[52.8863686,67.6327223],[52.886727,67.6329269],[52.8865899,67.632979],[52.8868746,67.6331475],[52.8867902,67.6331916],[52.887254,67.6333842]]]}},{"type":"Feature","id":"osm-context-171693604","properties":{"osmId":171693604,"kind":"area","landuse":"allotments","natural":null,"water":null,"waterway":null,"leisure":null,"amenity":null,"railway":null,"name":null,"source":"OpenStreetMap"},"geometry":{"type":"Polygon","coordinates":[[[52.8743937,67.6335045],[52.8740247,67.6337773],[52.8737928,67.6337813],[52.8705114,67.6328534],[52.8725276,67.6318308],[52.8736808,67.631241],[52.8738075,67.6312665],[52.874128,67.6309148],[52.8744411,67.6309772],[52.8745976,67.630841],[52.874702,67.6308694],[52.8749107,67.6306368],[52.8756635,67.6307644],[52.8755741,67.6308495],[52.8763716,67.630946],[52.876312,67.6310368],[52.8777655,67.6313204],[52.8778549,67.6312495],[52.8790401,67.6314481],[52.878809,67.6318481],[52.8773555,67.6317346],[52.8768859,67.6324239],[52.8749107,67.632092],[52.8733901,67.6333003],[52.8743937,67.6335045]]]}},{"type":"Feature","id":"osm-context-171693609","properties":{"osmId":171693609,"kind":"area","landuse":"industrial","natural":null,"water":null,"waterway":null,"leisure":null,"amenity":null,"railway":null,"name":null,"source":"OpenStreetMap"},"geometry":{"type":"Polygon","coordinates":[[[52.9656317,67.6395111],[52.9657156,67.6394942],[52.966592,67.6391859],[52.9680761,67.6385104],[52.9680658,67.6384946],[52.9687865,67.638144],[52.9710499,67.638293],[52.9724592,67.6379314],[52.9722799,67.6378352],[52.971963,67.6376819],[52.9707132,67.6371278],[52.9708778,67.6370819],[52.971858,67.6368192],[52.9721223,67.6367231],[52.9724265,67.6365676],[52.9729598,67.6363932],[52.9731952,67.6362905],[52.9732538,67.6362361],[52.973226,67.6361967],[52.9717457,67.635639],[52.9715813,67.635597],[52.9714283,67.6355804],[52.9712203,67.6355998],[52.9703914,67.6357014],[52.9701215,67.6355609],[52.9699155,67.6355888],[52.9681683,67.6358252],[52.9669059,67.6359808],[52.9670329,67.6361031],[52.965576,67.6363297],[52.9647502,67.6368085],[52.9641587,67.637159],[52.9643096,67.6377465],[52.9649249,67.6385712],[52.9656317,67.6395111]]]}},{"type":"Feature","id":"osm-context-171853271","properties":{"osmId":171853271,"kind":"area","landuse":null,"natural":"water","water":null,"waterway":null,"leisure":null,"amenity":null,"railway":null,"name":null,"source":"OpenStreetMap"},"geometry":{"type":"Polygon","coordinates":[[[52.9627739,67.6544002],[52.9632709,67.6542439],[52.9638706,67.6542113],[52.9641791,67.6543937],[52.9650359,67.6544263],[52.9657385,67.6544133],[52.9661669,67.6543155],[52.966064,67.6539963],[52.965807,67.6538464],[52.9652929,67.6538399],[52.9647788,67.6539963],[52.9643847,67.6541396],[52.9637678,67.6540549],[52.9633051,67.6540354],[52.9630824,67.654094],[52.9627739,67.6544002]]]}},{"type":"Feature","id":"osm-context-171853272","properties":{"osmId":171853272,"kind":"area","landuse":null,"natural":"water","water":null,"waterway":null,"leisure":null,"amenity":null,"railway":null,"name":null,"source":"OpenStreetMap"},"geometry":{"type":"Polygon","coordinates":[[[52.9659098,67.6530451],[52.9653101,67.653234],[52.9647103,67.6532275],[52.9640249,67.6531754],[52.9636821,67.6529083],[52.9630995,67.6529669],[52.962277,67.6529213],[52.9619,67.6527128],[52.9622256,67.6525825],[52.9627225,67.6525369],[52.9634594,67.6526346],[52.9636136,67.6528105],[52.9640591,67.6529148],[52.9647274,67.652804],[52.9652244,67.6527845],[52.9658584,67.6529083],[52.9659098,67.6530451]]]}},{"type":"Feature","id":"osm-context-171853274","properties":{"osmId":171853274,"kind":"area","landuse":null,"natural":"water","water":null,"waterway":null,"leisure":null,"amenity":null,"railway":null,"name":null,"source":"OpenStreetMap"},"geometry":{"type":"Polygon","coordinates":[[[52.9960692,67.6557553],[52.9952809,67.6555468],[52.9945269,67.6552211],[52.9938929,67.6549084],[52.9931561,67.6545045],[52.992522,67.6541136],[52.9924706,67.6537813],[52.993019,67.6535858],[52.9938758,67.6537292],[52.9945612,67.6540028],[52.9950239,67.6542569],[52.9955551,67.6545305],[52.996052,67.6548954],[52.9964462,67.6552016],[52.9966004,67.6554556],[52.9964804,67.6556706],[52.9960692,67.6557553]]]}},{"type":"Feature","id":"osm-context-171853275","properties":{"osmId":171853275,"kind":"area","landuse":null,"natural":"water","water":null,"waterway":null,"leisure":null,"amenity":null,"railway":null,"name":null,"source":"OpenStreetMap"},"geometry":{"type":"Polygon","coordinates":[[[52.9239014,67.6595827],[52.9246621,67.6595015],[52.924852,67.659299],[52.9252632,67.6589928],[52.9255203,67.6586606],[52.9255546,67.6584848],[52.9249377,67.6586932],[52.9246635,67.6587909],[52.9245093,67.658615],[52.9246806,67.6583675],[52.9251947,67.6579767],[52.9242865,67.658361],[52.9239095,67.6586541],[52.9235839,67.6589016],[52.9235839,67.6591557],[52.9238238,67.6592925],[52.9239952,67.6594618],[52.9239014,67.6595827]]]}},{"type":"Feature","id":"osm-context-171853276","properties":{"osmId":171853276,"kind":"area","landuse":null,"natural":"water","water":null,"waterway":null,"leisure":null,"amenity":null,"railway":null,"name":null,"source":"OpenStreetMap"},"geometry":{"type":"Polygon","coordinates":[[[52.9008616,67.656309],[52.9012728,67.6568172],[52.9016327,67.6572406],[52.9019926,67.6577487],[52.9024724,67.6581265],[52.9031407,67.6585043],[52.9032263,67.6589798],[52.9032092,67.6595595],[52.9031578,67.6601783],[52.9031235,67.660516],[52.9031128,67.6605894],[52.9030484,67.6606812],[52.9029465,67.6607729],[52.9025924,67.660881],[52.9043265,67.6609093],[52.9042554,67.6606424],[52.9041964,67.660308],[52.9038261,67.6598461],[52.9039289,67.6590384],[52.9037233,67.6585173],[52.9033463,67.6581591],[52.9029522,67.6578399],[52.9026437,67.6576054],[52.9023353,67.6571494],[52.9018555,67.656752],[52.9013414,67.6564589],[52.9010672,67.656283],[52.9008616,67.656309]]]}},{"type":"Feature","id":"osm-context-171853279","properties":{"osmId":171853279,"kind":"area","landuse":null,"natural":"water","water":null,"waterway":null,"leisure":null,"amenity":null,"railway":null,"name":null,"source":"OpenStreetMap"},"geometry":{"type":"Polygon","coordinates":[[[52.9747691,67.6530451],[52.9744435,67.6532861],[52.9738781,67.6533448],[52.9729013,67.6534425],[52.9713077,67.6535598],[52.970091,67.6536575],[52.9694912,67.6537552],[52.9690971,67.6536836],[52.96908,67.6535011],[52.968583,67.6535468],[52.9685659,67.6537031],[52.9681204,67.6536771],[52.967949,67.6535077],[52.9683603,67.6533187],[52.9688915,67.6533317],[52.9691485,67.6533839],[52.9696455,67.6534034],[52.9701938,67.653449],[52.9704166,67.6533317],[52.9702795,67.6531298],[52.9706222,67.6529734],[52.9713248,67.6529604],[52.972353,67.6529539],[52.9728328,67.6530125],[52.9736553,67.6529343],[52.9744264,67.6529343],[52.9747691,67.6530451]]]}},{"type":"Feature","id":"osm-context-171853280","properties":{"osmId":171853280,"kind":"area","landuse":null,"natural":"water","water":null,"waterway":null,"leisure":null,"amenity":null,"railway":null,"name":null,"source":"OpenStreetMap"},"geometry":{"type":"Polygon","coordinates":[[[52.9266341,67.6568041],[52.9271139,67.6569279],[52.9276109,67.6568237],[52.9281421,67.6566869],[52.9283477,67.6563025],[52.928262,67.6557618],[52.9280907,67.6552928],[52.9277308,67.6549475],[52.9274395,67.6544523],[52.9269597,67.6541852],[52.9269083,67.6539637],[52.926617,67.6541527],[52.9263599,67.6539898],[52.9262571,67.6535728],[52.9261372,67.6532731],[52.9259658,67.6535598],[52.9258116,67.6538595],[52.9256916,67.6541722],[52.9258116,67.6545501],[52.9260686,67.6548954],[52.9260344,67.6552928],[52.9261886,67.6557748],[52.9264628,67.6560615],[52.9268226,67.6563025],[52.9270282,67.6565566],[52.9267541,67.656726],[52.9266341,67.6568041]]]}},{"type":"Feature","id":"osm-context-171853282","properties":{"osmId":171853282,"kind":"area","landuse":null,"natural":"water","water":null,"waterway":null,"leisure":null,"amenity":null,"railway":null,"name":null,"source":"OpenStreetMap"},"geometry":{"type":"Polygon","coordinates":[[[52.9615744,67.6524652],[52.9609918,67.6525108],[52.9603235,67.6523349],[52.9602549,67.6520873],[52.9607347,67.6519961],[52.9615059,67.6522502],[52.9615744,67.6524652]]]}},{"type":"Feature","id":"osm-context-171853287","properties":{"osmId":171853287,"kind":"area","landuse":null,"natural":"water","water":null,"waterway":null,"leisure":null,"amenity":null,"railway":null,"name":null,"source":"OpenStreetMap"},"geometry":{"type":"Polygon","coordinates":[[[53.0060832,67.6529864],[53.0067515,67.6530972],[53.0075912,67.6532731],[53.0083451,67.6533448],[53.0092362,67.6535011],[53.0101616,67.6535858],[53.0105557,67.6537943],[53.0118237,67.6540289],[53.0131089,67.654296],[53.0134345,67.6542374],[53.0137772,67.6544328],[53.0156279,67.6548367],[53.0165704,67.6549801],[53.0158678,67.6546087],[53.014497,67.6541983],[53.0129547,67.6538464],[53.0117552,67.6535924],[53.0107099,67.653436],[53.0095618,67.6532145],[53.0082595,67.653032],[53.0075055,67.6529669],[53.0069914,67.6528431],[53.0062374,67.652804],[53.0058776,67.6529213],[53.0060832,67.6529864]]]}},{"type":"Feature","id":"osm-context-171875380","properties":{"osmId":171875380,"kind":"area","landuse":null,"natural":"water","water":null,"waterway":null,"leisure":null,"amenity":null,"railway":null,"name":null,"source":"OpenStreetMap"},"geometry":{"type":"Polygon","coordinates":[[[52.900621,67.6736913],[52.9020801,67.673783],[52.9031315,67.673837],[52.9040864,67.6739103],[52.9047328,67.6739786],[52.9050171,67.6739755],[52.9052451,67.6739592],[52.9054812,67.6739338],[52.9060283,67.6738523],[52.9066533,67.6738064],[52.9071227,67.6737697],[52.9072139,67.6737402],[52.90723,67.6737096],[52.9071495,67.6736485],[52.9067901,67.6735384],[52.9064307,67.6734752],[52.9061517,67.6734722],[52.9056957,67.6734742],[52.9046234,67.6734853],[52.9028584,67.6734723],[52.9021686,67.6734732],[52.9009965,67.6734956],[52.9006559,67.673516],[52.9003179,67.6735333],[52.9002616,67.6735425],[52.9002053,67.6735751],[52.9002026,67.6736087],[52.9002804,67.6736454],[52.9004091,67.6736729],[52.900621,67.6736913]]]}},{"type":"Feature","id":"osm-context-171875381","properties":{"osmId":171875381,"kind":"area","landuse":null,"natural":"water","water":null,"waterway":null,"leisure":null,"amenity":null,"railway":null,"name":null,"source":"OpenStreetMap"},"geometry":{"type":"Polygon","coordinates":[[[52.8453666,67.6835506],[52.8501989,67.6834855],[52.8546957,67.6834776],[52.8568694,67.6833643],[52.8590068,67.6834074],[52.8607314,67.6833655],[52.8603764,67.6835425],[52.8602697,67.6838289],[52.8605148,67.6840321],[52.8609739,67.6841773],[52.8614505,67.6842232],[52.8619769,67.6842043],[52.8621267,67.6841255],[52.8617143,67.6840711],[52.8612442,67.6840125],[52.8610049,67.6838742],[52.8609953,67.6836047],[52.8612087,67.6834102],[52.8609487,67.6833284],[52.8627082,67.6832513],[52.8657242,67.6830561],[52.8669579,67.6828608],[52.8658467,67.6829537],[52.8649469,67.6826858],[52.8642304,67.6823835],[52.8617034,67.6825335],[52.8601701,67.6826025],[52.8602064,67.6827567],[52.8594866,67.6828999],[52.8580004,67.682978],[52.8560594,67.6829519],[52.8545646,67.6831455],[52.8530092,67.6831211],[52.8511145,67.683213],[52.8490091,67.6832591],[52.8467252,67.6833676],[52.8453666,67.6835506]]]}},{"type":"Feature","id":"osm-context-171875382","properties":{"osmId":171875382,"kind":"area","landuse":null,"natural":"water","water":null,"waterway":null,"leisure":null,"amenity":null,"railway":null,"name":null,"source":"OpenStreetMap"},"geometry":{"type":"Polygon","coordinates":[[[52.8716635,67.6901609],[52.8743025,67.6900958],[52.8765598,67.6900325],[52.8764809,67.6904165],[52.877901,67.690317],[52.8800944,67.6901479],[52.8824935,67.6900698],[52.883693,67.6900828],[52.884584,67.6899787],[52.8853038,67.6896535],[52.88407,67.689094],[52.8813968,67.6886126],[52.8775926,67.6882093],[52.8730687,67.6875066],[52.8690588,67.68683],[52.8663171,67.6865307],[52.86265,67.6861274],[52.8589143,67.6858671],[52.8528139,67.6856459],[52.8620674,67.6863616],[52.8696757,67.6873635],[52.8759132,67.6884565],[52.8805057,67.6892631],[52.8835902,67.6897445],[52.8800601,67.6895624],[52.8779353,67.6895364],[52.876256,67.6893802],[52.8737541,67.6894973],[52.8715607,67.6899787],[52.8716635,67.6901609]]]}},{"type":"Feature","id":"osm-context-171875383","properties":{"osmId":171875383,"kind":"area","landuse":null,"natural":"water","water":null,"waterway":null,"leisure":null,"amenity":null,"railway":null,"name":null,"source":"OpenStreetMap"},"geometry":{"type":"Polygon","coordinates":[[[52.9274833,67.6730728],[52.9247475,67.6722291],[52.9232937,67.6718286],[52.9225132,67.67158],[52.9219472,67.6713741],[52.9213893,67.6710694],[52.9210997,67.6708717],[52.9209119,67.6706272],[52.9208904,67.6704702],[52.9209495,67.6703011],[52.9210943,67.6701625],[52.921105,67.6700402],[52.9210192,67.6699301],[52.9208851,67.6698832],[52.9207134,67.6698812],[52.9205632,67.6699424],[52.9204291,67.6700096],[52.9202414,67.6700646],[52.9200429,67.6700973],[52.9196083,67.6701238],[52.9194474,67.6701197],[52.919265,67.6701197],[52.9191309,67.670136],[52.9188627,67.6701992],[52.9186749,67.6703113],[52.9184389,67.6705355],[52.9183477,67.6707535],[52.9183316,67.6709308],[52.9182565,67.6712304],[52.9180688,67.6715525],[52.9169476,67.6723738],[52.9159176,67.6729444],[52.9153061,67.6732582],[52.9147482,67.67346],[52.9142547,67.6735782],[52.9136914,67.6736495],[52.9131925,67.6737127],[52.9123557,67.6738329],[52.9117548,67.6739694],[52.9113203,67.6740958],[52.9110843,67.6742038],[52.9110306,67.6742914],[52.9110843,67.674377],[52.9112184,67.6744402],[52.9115081,67.6744809],[52.9118568,67.6744809],[52.9128277,67.6744524],[52.913965,67.6744524],[52.9153275,67.6744666],[52.9176879,67.6744177],[52.918793,67.6743811],[52.9199731,67.6742527],[52.9208636,67.674106],[52.9216093,67.6739511],[52.9224998,67.6737901],[52.9230148,67.6737249],[52.9234439,67.6736882],[52.9238516,67.673678],[52.9251391,67.6737636],[52.9269147,67.6738288],[52.927486,67.6738298],[52.9278481,67.6738176],[52.9281673,67.6737891],[52.9283604,67.6737728],[52.9285428,67.6737381],[52.9286474,67.6736964],[52.9287145,67.6736474],[52.9287493,67.6736108],[52.9287332,67.6735557],[52.9286742,67.6735038],[52.9285884,67.6734375],[52.9284382,67.6733897],[52.9274833,67.6730728]]]}},{"type":"Feature","id":"osm-context-171875384","properties":{"osmId":171875384,"kind":"area","landuse":null,"natural":"water","water":null,"waterway":null,"leisure":null,"amenity":null,"railway":null,"name":null,"source":"OpenStreetMap"},"geometry":{"type":"Polygon","coordinates":[[[52.8813282,67.6910585],[52.8812597,67.6905902],[52.879032,67.6906813],[52.8758447,67.690989],[52.8727602,67.6912927],[52.8706353,67.6911106],[52.8682363,67.6906683],[52.8649805,67.690382],[52.8612106,67.6897445],[52.8584688,67.6893802],[52.8561726,67.6892501],[52.8538763,67.6890029],[52.8522313,67.6889639],[52.852574,67.6891981],[52.8539106,67.6893933],[52.8550759,67.6895364],[52.8569951,67.6894453],[52.8573721,67.6895754],[52.856104,67.6897575],[52.8561383,67.6899657],[52.8584345,67.6896535],[52.8602852,67.6898226],[52.8630955,67.6904601],[52.8573721,67.690278],[52.857235,67.6906032],[52.8602852,67.6907203],[52.8647406,67.6910455],[52.8676537,67.6912797],[52.8689217,67.6915919],[52.864672,67.6918391],[52.8629584,67.6920993],[52.8599768,67.6921904],[52.8569951,67.6921383],[52.855727,67.6922944],[52.8556585,67.6924896],[52.8585716,67.6926327],[52.8618274,67.6924635],[52.8662143,67.6922814],[52.8701898,67.6920343],[52.8739597,67.6918228],[52.8768729,67.6915139],[52.8795803,67.6912797],[52.8813282,67.6910585]]]}},{"type":"Feature","id":"osm-context-171998107","properties":{"osmId":171998107,"kind":"area","landuse":null,"natural":"water","water":null,"waterway":null,"leisure":null,"amenity":null,"railway":null,"name":null,"source":"OpenStreetMap"},"geometry":{"type":"Polygon","coordinates":[[[52.8868903,67.6945845],[52.8881747,67.6945845],[52.8889987,67.6947133],[52.8898469,67.6945845],[52.8905254,67.6946765],[52.8913009,67.6946305],[52.8922218,67.6945385],[52.8933366,67.6944006],[52.8948633,67.694327],[52.8963416,67.694327],[52.8980137,67.6942074],[52.8997101,67.6940694],[52.9012368,67.6939867],[52.9023516,67.6938855],[52.9039753,67.6938487],[52.9066168,67.6937751],[52.9087251,67.6937751],[52.9102761,67.6938855],[52.9112939,67.6940051],[52.9121421,67.6938947],[52.9141778,67.6939591],[52.9162619,67.6938211],[52.9177644,67.6937107],[52.9192184,67.6936739],[52.9210117,67.6935451],[52.9235805,67.6935084],[52.9242349,67.6933888],[52.9261251,67.6932692],[52.9281365,67.6932692],[52.9298087,67.6931864],[52.9317474,67.693168],[52.934922,67.6929657],[52.9361095,67.6929932],[52.9379513,67.6929105],[52.9389206,67.6928921],[52.9396961,67.6928093],[52.9403262,67.6925885],[52.9401566,67.6923218],[52.940932,67.6923218],[52.9418287,67.6923585],[52.9435978,67.6924137],[52.9448822,67.6924413],[52.9475722,67.6924045],[52.949729,67.6925149],[52.950456,67.6925149],[52.9525643,67.6923953],[52.9553028,67.6922298],[52.9565629,67.6921838],[52.9579685,67.6921378],[52.9592772,67.6921102],[52.961022,67.6920918],[52.9622579,67.6920642],[52.9641724,67.6919538],[52.9658688,67.6918894],[52.9687284,67.6919262],[52.970764,67.6920274],[52.9726543,67.692285],[52.9745688,67.6924873],[52.9758532,67.6926621],[52.9779615,67.6932416],[52.9800214,67.6939039],[52.9821298,67.6946213],[52.9837292,67.6953479],[52.9850621,67.696001],[52.9859345,67.6962861],[52.9847955,67.6956974],[52.983293,67.6949616],[52.9815482,67.6941798],[52.9799245,67.6934808],[52.9778404,67.6928553],[52.9766044,67.6925333],[52.9743991,67.6920366],[52.9701824,67.6914847],[52.9678317,67.6913191],[52.964851,67.6914295],[52.9638574,67.6914663],[52.9630819,67.6913559],[52.9617975,67.6913835],[52.9608281,67.6912179],[52.9599072,67.6912547],[52.9602707,67.6914939],[52.960198,67.6917606],[52.9587925,67.6917606],[52.9570234,67.6917606],[52.9545273,67.6917882],[52.9517162,67.692009],[52.9494382,67.6920734],[52.9484446,67.6920458],[52.9476933,67.691917],[52.9466028,67.6917974],[52.9454638,67.6919906],[52.9442521,67.691963],[52.9428465,67.6918526],[52.9413683,67.6918986],[52.9407866,67.6917698],[52.9393811,67.6919814],[52.9377332,67.6919538],[52.9352371,67.6916502],[52.9336376,67.6914387],[52.9340254,67.6917422],[52.9355279,67.692055],[52.9379028,67.6921562],[52.9388237,67.6922942],[52.9384844,67.6924045],[52.9351644,67.6923861],[52.9322078,67.6923493],[52.9282577,67.6923953],[52.9238713,67.6926069],[52.9210602,67.6927633],[52.9183702,67.6929197],[52.915341,67.6930484],[52.9128691,67.6930484],[52.9120694,67.6932968],[52.9107123,67.6932784],[52.9076588,67.693168],[52.907465,67.69303],[52.9058897,67.693306],[52.9045569,67.6933244],[52.9030786,67.6933888],[52.9012853,67.6934256],[52.8990315,67.6934624],[52.8978198,67.6933704],[52.8960265,67.6933428],[52.8939666,67.6930392],[52.8929246,67.6930668],[52.8911797,67.6931036],[52.8903315,67.69326],[52.8899438,67.6936739],[52.8886109,67.6940878],[52.8875689,67.6943178],[52.8868903,67.6945845]]]}},{"type":"Feature","id":"osm-context-171998117","properties":{"osmId":171998117,"kind":"area","landuse":null,"natural":"water","water":null,"waterway":null,"leisure":null,"amenity":null,"railway":null,"name":null,"source":"OpenStreetMap"},"geometry":{"type":"Polygon","coordinates":[[[52.9291138,67.6832939],[52.930059,67.6834687],[52.9311495,67.6836068],[52.9323612,67.6836988],[52.9331609,67.6837448],[52.9340091,67.6838276],[52.9344938,67.6839472],[52.9355843,67.6840116],[52.9373049,67.6841129],[52.93825,67.6840761],[52.9394375,67.6839656],[52.9399464,67.6838368],[52.9398737,67.6837172],[52.9390013,67.6837172],[52.9383954,67.6835975],[52.9378138,67.6834963],[52.937111,67.6834135],[52.9366506,67.6833951],[52.9357539,67.6834043],[52.9343241,67.6833491],[52.933379,67.6832847],[52.9316099,67.6831834],[52.9307133,67.6831098],[52.9293319,67.6830914],[52.9291138,67.6832939]]]}},{"type":"Feature","id":"osm-context-171998118","properties":{"osmId":171998118,"kind":"area","landuse":null,"natural":"water","water":null,"waterway":null,"leisure":null,"amenity":null,"railway":null,"name":null,"source":"OpenStreetMap"},"geometry":{"type":"Polygon","coordinates":[[[52.9769992,67.6769859],[52.9821057,67.6784048],[52.9851217,67.6794591],[52.990708,67.6816587],[52.9945122,67.6832075],[52.9963286,67.6839232],[52.9981793,67.6847561],[53.0015722,67.6863566],[53.004314,67.6876058],[53.005068,67.687801],[53.0048623,67.6872284],[53.0040055,67.6862916],[53.0011267,67.6850294],[52.9979051,67.6838451],[52.9953347,67.682791],[52.9932441,67.6821012],[52.9912906,67.6813724],[52.986801,67.6796544],[52.9838536,67.6786391],[52.9818658,67.6779102],[52.9808034,67.67778],[52.9802208,67.6774936],[52.9805635,67.6771291],[52.9792954,67.6768297],[52.9790555,67.6765173],[52.9769992,67.6769859]]]}},{"type":"Feature","id":"osm-context-171998136","properties":{"osmId":171998136,"kind":"area","landuse":null,"natural":"water","water":null,"waterway":null,"leisure":null,"amenity":null,"railway":null,"name":null,"source":"OpenStreetMap"},"geometry":{"type":"Polygon","coordinates":[[[52.9080179,67.6860458],[52.910931,67.6860978],[52.9128503,67.6860068],[52.914324,67.6860978],[52.9158662,67.6859547],[52.9171,67.6860328],[52.9194647,67.6861759],[52.9227206,67.6861759],[52.9251196,67.6861499],[52.9276215,67.6861889],[52.9271759,67.6866704],[52.9256337,67.6868656],[52.9250168,67.6866964],[52.9233718,67.687334],[52.9189164,67.6880236],[52.9188821,67.6882318],[52.9197732,67.6884139],[52.9224807,67.6883619],[52.9245713,67.6880757],[52.9279299,67.6876463],[52.9304318,67.6871258],[52.9324538,67.6866964],[52.9340303,67.6863451],[52.9352641,67.6858766],[52.934613,67.6857205],[52.9330022,67.6860068],[52.9293694,67.6868005],[52.9281698,67.6869567],[52.9283755,67.6865403],[52.9281698,67.6862019],[52.9294722,67.6860718],[52.9314257,67.6858896],[52.9326252,67.6856034],[52.9332421,67.6853822],[52.9320083,67.6854732],[52.93122,67.6853171],[52.9307402,67.6851349],[52.9293694,67.6849527],[52.9258393,67.6844712],[52.9229262,67.6841719],[52.9219323,67.6838986],[52.9219666,67.6841069],[52.9274159,67.6849788],[52.9297121,67.6852911],[52.926936,67.6855513],[52.9221722,67.6855904],[52.9132958,67.6857855],[52.9106568,67.6859157],[52.9080179,67.6860458]]]}},{"type":"Feature","id":"osm-context-174250972","properties":{"osmId":174250972,"kind":"area","landuse":null,"natural":"water","water":null,"waterway":null,"leisure":null,"amenity":null,"railway":null,"name":null,"source":"OpenStreetMap"},"geometry":{"type":"Polygon","coordinates":[[[53.0577998,67.6902551],[53.0575852,67.6901966],[53.0574417,67.6901701],[53.0573639,67.6901757],[53.0573465,67.690191],[53.0573706,67.6902123],[53.0574511,67.6902449],[53.0575342,67.6902678],[53.0575718,67.6902851],[53.0575839,67.6903142],[53.0575678,67.6903523],[53.0575798,67.6903956],[53.0576912,67.6904791],[53.0579486,67.6905524],[53.0584073,67.6906756],[53.0591047,67.6908273],[53.0594239,67.6909149],[53.0595177,67.6909851],[53.059566,67.691032],[53.0595285,67.6910503],[53.0595043,67.6910574],[53.05944,67.6910635],[53.0593461,67.6910788],[53.05933,67.6911073],[53.0593568,67.6911328],[53.059456,67.6911582],[53.0596223,67.6911959],[53.0598772,67.6912427],[53.0610755,67.6914047],[53.0618888,67.6914678],[53.062849,67.6915736],[53.0636269,67.6916266],[53.0639219,67.6916917],[53.0643403,67.6917671],[53.0647105,67.69182],[53.0666149,67.692099],[53.0678111,67.6922639],[53.0692649,67.6924289],[53.0715662,67.6927078],[53.0731595,67.6928931],[53.0756271,67.6932556],[53.0761743,67.6933574],[53.0763513,67.6933859],[53.0766624,67.6934073],[53.0767992,67.6934154],[53.0768716,67.6934296],[53.0769038,67.6934408],[53.0769092,67.693452],[53.076877,67.6934867],[53.0768153,67.6935304],[53.0767,67.6937727],[53.0766705,67.6938756],[53.0766383,67.6939204],[53.0765739,67.6939662],[53.0764908,67.6940313],[53.0764613,67.6940822],[53.0765337,67.6941891],[53.0766866,67.6942298],[53.0770111,67.6942767],[53.0772069,67.6943082],[53.0773464,67.6943449],[53.0774161,67.69435],[53.0774966,67.6943469],[53.0775315,67.6943337],[53.0775395,67.694298],[53.0774617,67.6942349],[53.0773571,67.6941667],[53.0772927,67.6941016],[53.077333,67.6940527],[53.0774322,67.6940059],[53.0777487,67.6938012],[53.0778185,67.6937503],[53.0777809,67.693677],[53.0776736,67.6936109],[53.07762,67.6935691],[53.0776146,67.6935386],[53.0776897,67.6935253],[53.0778855,67.6935416],[53.0780733,67.6935946],[53.0783308,67.6936404],[53.0787519,67.69373],[53.0790657,67.693785],[53.0792615,67.6937911],[53.0794868,67.6937799],[53.0796826,67.6937351],[53.079747,67.6937117],[53.0798972,67.6936607],[53.08005,67.6934907],[53.0800581,67.6934103],[53.08005,67.6933889],[53.0800125,67.6933431],[53.0799052,67.693279],[53.0797416,67.693225],[53.0793151,67.693113],[53.0780813,67.6927516],[53.0774885,67.6925867],[53.077164,67.6924401],[53.0765069,67.6921896],[53.0762225,67.6920959],[53.0759919,67.6920369],[53.0758202,67.6920155],[53.0757344,67.6920176],[53.0755466,67.692042],[53.0754822,67.6920878],[53.0754849,67.6921428],[53.0755547,67.6921876],[53.0760777,67.6923576],[53.0771908,67.6926885],[53.0772176,67.6927669],[53.0771801,67.6928005],[53.076936,67.6928443],[53.0767482,67.6928443],[53.0763566,67.6928137],[53.0758738,67.6927374],[53.0751175,67.6925429],[53.0742538,67.6922731],[53.0737093,67.6920349],[53.073248,67.6917365],[53.0724299,67.6911165],[53.0722636,67.6909393],[53.0722234,67.6908395],[53.0720732,67.6906746],[53.0719069,67.6905952],[53.0716842,67.6905371],[53.0712792,67.6904119],[53.0708125,67.6902307],[53.0704156,67.6900413],[53.0699944,67.6898936],[53.0696484,67.6897725],[53.069053,67.6896075],[53.0684575,67.6894497],[53.0678058,67.6892348],[53.0675697,67.6891748],[53.067272,67.6891442],[53.0671111,67.6891646],[53.0670413,67.689187],[53.0670655,67.6892298],[53.067154,67.6892715],[53.0673739,67.6893265],[53.0675134,67.6893428],[53.0677038,67.6893703],[53.0678567,67.6893917],[53.068243,67.6894884],[53.0684093,67.6895576],[53.0685273,67.6895892],[53.0687472,67.68969],[53.0691791,67.6899374],[53.0694661,67.6900952],[53.0697852,67.6902398],[53.0701447,67.6903824],[53.0705926,67.6904964],[53.0712256,67.6907815],[53.0716118,67.6909933],[53.0718143,67.6911419],[53.0718009,67.6911791],[53.071762,67.6912071],[53.0716722,67.6912163],[53.0715957,67.6912173],[53.0714053,67.691199],[53.0711076,67.6911659],[53.0702573,67.6910218],[53.0686057,67.6907189],[53.0671808,67.690528],[53.0660328,67.6903478],[53.0656627,67.6902948],[53.0655447,67.6903131],[53.0654561,67.69036],[53.0653971,67.6904099],[53.0653918,67.6904547],[53.065483,67.6904954],[53.0656305,67.6905168],[53.0658478,67.6905463],[53.0660945,67.6905646],[53.0670708,67.6907113],[53.067551,67.6907846],[53.0681303,67.6908579],[53.0684629,67.6908813],[53.0689725,67.6909566],[53.0708447,67.6912998],[53.0713597,67.6914403],[53.0720485,67.6916492],[53.072218,67.6917365],[53.0724299,67.6918333],[53.0724916,67.691872],[53.0726445,67.6919229],[53.0727813,67.6919809],[53.0730173,67.6920735],[53.0731836,67.6921326],[53.0733164,67.6921896],[53.0733754,67.6922308],[53.0734397,67.692297],[53.0738997,67.6925419],[53.0738541,67.69255],[53.0737817,67.6925449],[53.0737039,67.6925251],[53.0736557,67.6925006],[53.0736074,67.6924676],[53.0735672,67.692434],[53.0735014,67.6923902],[53.073425,67.6923484],[53.0732533,67.6922466],[53.0731635,67.6921942],[53.0730508,67.6921453],[53.0729248,67.6921097],[53.0726324,67.6920226],[53.072399,67.6919702],[53.0718076,67.6917976],[53.0716762,67.691762],[53.0716252,67.6917477],[53.0713811,67.6917019],[53.0710512,67.6916174],[53.0706409,67.6915126],[53.0704826,67.691484],[53.0702519,67.6914586],[53.0696565,67.6914342],[53.0692247,67.6914118],[53.0688143,67.69137],[53.0663681,67.6911216],[53.0639809,67.6908304],[53.0611271,67.6905402],[53.0599898,67.690415],[53.0588579,67.6902801],[53.0587104,67.6902627],[53.0585119,67.6902551],[53.0582906,67.690247],[53.0581056,67.6902699],[53.0580533,67.6902882],[53.0579875,67.6902928],[53.0579272,67.6902933],[53.0577998,67.6902551]]]}},{"type":"Feature","id":"osm-context-179388690","properties":{"osmId":179388690,"kind":"area","landuse":null,"natural":"water","water":null,"waterway":null,"leisure":null,"amenity":null,"railway":null,"name":null,"source":"OpenStreetMap"},"geometry":{"type":"Polygon","coordinates":[[[52.9892732,67.65548],[52.9894738,67.6554647],[52.9896306,67.6554509],[52.9896926,67.6554301],[52.9898093,67.6553732],[52.9897583,67.6553261],[52.9895978,67.6552817],[52.9894082,67.6552609],[52.9891675,67.6552762],[52.9891857,67.6553552],[52.989244,67.6554037],[52.9892295,67.6554592],[52.9892732,67.65548]]]}},{"type":"Feature","id":"osm-context-179388693","properties":{"osmId":179388693,"kind":"area","landuse":null,"natural":"water","water":null,"waterway":null,"leisure":null,"amenity":null,"railway":null,"name":null,"source":"OpenStreetMap"},"geometry":{"type":"Polygon","coordinates":[[[52.9891038,67.6566973],[52.9893967,67.656721],[52.9894376,67.6565651],[52.9894428,67.6564632],[52.9894325,67.6562946],[52.9893499,67.6560632],[52.9893345,67.6558867],[52.9892107,67.6557475],[52.9892004,67.6555985],[52.9891333,67.6555103],[52.9890044,67.6554985],[52.9888961,67.6555926],[52.9888548,67.6557475],[52.9888187,67.6558809],[52.9887723,67.6559495],[52.9889322,67.6559711],[52.9890095,67.6560377],[52.9891127,67.6561514],[52.9891333,67.656275],[52.9891333,67.6563455],[52.9891333,67.6564652],[52.9891797,67.6565573],[52.9891038,67.6566973]]]}},{"type":"Feature","id":"osm-context-179403255","properties":{"osmId":179403255,"kind":"waterway","landuse":null,"natural":null,"water":null,"waterway":"ditch","leisure":null,"amenity":null,"railway":null,"name":null,"source":"OpenStreetMap"},"geometry":{"type":"LineString","coordinates":[[53.0301366,67.6956808],[53.0297818,67.696207],[53.0291025,67.6976628],[53.0282633,67.6987699],[53.0281386,67.6997921]]}},{"type":"Feature","id":"osm-context-179403257","properties":{"osmId":179403257,"kind":"area","landuse":null,"natural":"water","water":null,"waterway":null,"leisure":null,"amenity":null,"railway":null,"name":null,"source":"OpenStreetMap"},"geometry":{"type":"Polygon","coordinates":[[[52.9749211,67.6833671],[52.9757971,67.6835119],[52.9764329,67.6835709],[52.9771676,67.6836621],[52.9780577,67.6837748],[52.9788488,67.6838606],[52.9790043,67.6837533],[52.9783685,67.6836568],[52.9779022,67.6835012],[52.977436,67.6833027],[52.9768285,67.6832168],[52.9758536,67.6831149],[52.9752178,67.683131],[52.9748222,67.6832168],[52.9749211,67.6833671]]]}},{"type":"Feature","id":"osm-context-179403258","properties":{"osmId":179403258,"kind":"area","landuse":null,"natural":"water","water":null,"waterway":null,"leisure":null,"amenity":null,"railway":null,"name":null,"source":"OpenStreetMap"},"geometry":{"type":"Polygon","coordinates":[[[53.0300419,67.6876776],[53.0305505,67.68963],[53.030381,67.6915393],[53.0294202,67.6932983],[53.0300419,67.6944137],[53.0301366,67.6956808],[53.03072,67.6946711],[53.0315112,67.6931481],[53.0321329,67.6915393],[53.0328111,67.6903379],[53.0322459,67.6890721],[53.0313754,67.6883559],[53.0310557,67.6878477],[53.0305163,67.687658],[53.0300419,67.6876776]]]}},{"type":"Feature","id":"osm-context-179403260","properties":{"osmId":179403260,"kind":"area","landuse":null,"natural":"water","water":null,"waterway":null,"leisure":null,"amenity":null,"railway":null,"name":null,"source":"OpenStreetMap"},"geometry":{"type":"Polygon","coordinates":[[[52.9703607,67.6794532],[52.9699934,67.6797967],[52.9707563,67.6801293],[52.9716888,67.6805371],[52.9721692,67.6808054],[52.9729321,67.6811702],[52.9733277,67.6814171],[52.9742319,67.6814493],[52.9749949,67.6811917],[52.9746558,67.6808591],[52.9741754,67.6807195],[52.9741754,67.6803869],[52.9737515,67.6800971],[52.9731016,67.6797967],[52.9726213,67.6795176],[52.9717736,67.679464],[52.9703607,67.6794532]]]}},{"type":"Feature","id":"osm-context-179403261","properties":{"osmId":179403261,"kind":"area","landuse":null,"natural":"water","water":null,"waterway":null,"leisure":null,"amenity":null,"railway":null,"name":null,"source":"OpenStreetMap"},"geometry":{"type":"Polygon","coordinates":[[[53.019272,67.7078971],[53.0177934,67.707609],[53.0167544,67.7068814],[53.0160751,67.7060476],[53.0152759,67.704941],[53.0148363,67.7037887],[53.0144766,67.7026061],[53.0145166,67.7015448],[53.0144766,67.7004682],[53.0149562,67.6996191],[53.0152359,67.7006805],[53.016195,67.7015145],[53.0159152,67.7026668],[53.0169143,67.7029094],[53.0166345,67.7035916],[53.0173139,67.7043345],[53.0175537,67.7055777],[53.0183529,67.7066692],[53.019272,67.7078971]]]}},{"type":"Feature","id":"osm-context-179403262","properties":{"osmId":179403262,"kind":"area","landuse":null,"natural":"water","water":null,"waterway":null,"leisure":null,"amenity":null,"railway":null,"name":null,"source":"OpenStreetMap"},"geometry":{"type":"Polygon","coordinates":[[[52.9490147,67.6964109],[52.9496081,67.6967326],[52.9504558,67.6970543],[52.9515861,67.6973224],[52.9523772,67.6975154],[52.9546661,67.6976656],[52.9572657,67.6977835],[52.9602044,67.6978907],[52.962465,67.6981695],[52.9651494,67.6985127],[52.9662514,67.6988022],[52.9669578,67.6986735],[52.9680599,67.6990381],[52.9686533,67.6989952],[52.9680033,67.6987808],[52.9677773,67.6985448],[52.9670143,67.6982875],[52.9650929,67.6977513],[52.9636518,67.6973867],[52.9622389,67.6971079],[52.9612499,67.6968291],[52.9595263,67.6965288],[52.9586503,67.6962715],[52.9574352,67.6964752],[52.9571809,67.6963144],[52.9572092,67.6960999],[52.9565875,67.6960677],[52.9561919,67.6963573],[52.9557963,67.6963465],[52.9550334,67.6961642],[52.9542705,67.69625],[52.9522642,67.6962179],[52.9501732,67.6963894],[52.9490147,67.6964109]]]}},{"type":"Feature","id":"osm-context-179403263","properties":{"osmId":179403263,"kind":"area","landuse":null,"natural":"water","water":null,"waterway":null,"leisure":null,"amenity":null,"railway":null,"name":null,"source":"OpenStreetMap"},"geometry":{"type":"Polygon","coordinates":[[[53.0024606,67.6934003],[53.0032235,67.6934968],[53.0035909,67.6931857],[53.003054,67.692628],[53.0014151,67.6915769],[52.9991828,67.6904506],[52.9971483,67.6895174],[52.9948595,67.6886807],[52.9935032,67.688037],[52.9919208,67.687447],[52.9894059,67.6860845],[52.9882756,67.6855051],[52.987654,67.685033],[52.9864672,67.6841747],[52.984687,67.6831876],[52.9822004,67.6825223],[52.9792051,67.6821467],[52.9752774,67.6820394],[52.9743732,67.6818892],[52.9670546,67.682136],[52.9737798,67.6821575],[52.9783574,67.6823399],[52.9822286,67.6829515],[52.9847435,67.6836489],[52.9864672,67.6847434],[52.9877953,67.6856982],[52.9886712,67.6865351],[52.9908753,67.6879941],[52.9940118,67.6892278],[52.9963289,67.6902254],[53.0001435,67.6919523],[53.0011043,67.692628],[53.0021215,67.6931428],[53.0024606,67.6934003]]]}},{"type":"Feature","id":"osm-context-179403264","properties":{"osmId":179403264,"kind":"area","landuse":null,"natural":"water","water":null,"waterway":null,"leisure":null,"amenity":null,"railway":null,"name":null,"source":"OpenStreetMap"},"geometry":{"type":"Polygon","coordinates":[[[52.9769866,67.694636],[52.9770008,67.6947754],[52.9765628,67.6948183],[52.9760683,67.6947593],[52.9753619,67.6949149],[52.9750228,67.6949953],[52.9742457,67.694872],[52.9733697,67.6946843],[52.972522,67.6945717],[52.9719428,67.6944322],[52.9712787,67.6943625],[52.9706147,67.6942499],[52.9703321,67.694325],[52.9699365,67.6942714],[52.9700213,67.6941856],[52.9697528,67.6941105],[52.9695833,67.6941802],[52.9689051,67.6941802],[52.9680292,67.6941051],[52.967238,67.694089],[52.9666446,67.6940086],[52.9657121,67.6939764],[52.9648503,67.6939014],[52.965147,67.6938048],[52.9658251,67.6937887],[52.9659947,67.6936493],[52.9652883,67.6936332],[52.9644405,67.6934831],[52.9635222,67.693349],[52.9627027,67.6933222],[52.9627027,67.6932149],[52.9631972,67.6932418],[52.9632396,67.6931023],[52.9639037,67.6931613],[52.9642286,67.6929522],[52.9635504,67.6927484],[52.9633526,67.6926626],[52.9641721,67.6926143],[52.9650198,67.6927537],[52.9655143,67.6928825],[52.9659382,67.6929146],[52.9667152,67.6929307],[52.9672521,67.6930219],[52.9678738,67.6931238],[52.9683117,67.693156],[52.968778,67.6932525],[52.9691312,67.6932364],[52.9696963,67.6931774],[52.9701484,67.6932471],[52.9705723,67.6933061],[52.9710244,67.6933061],[52.9717732,67.6936171],[52.9724514,67.693644],[52.9729176,67.6937298],[52.9734121,67.693778],[52.9737795,67.6939014],[52.9744576,67.6940622],[52.9749663,67.6940515],[52.9754184,67.694148],[52.9759694,67.6943572],[52.9764074,67.6945073],[52.9769866,67.694636]]]}},{"type":"Feature","id":"osm-context-179403265","properties":{"osmId":179403265,"kind":"area","landuse":null,"natural":"water","water":null,"waterway":null,"leisure":null,"amenity":null,"railway":null,"name":null,"source":"OpenStreetMap"},"geometry":{"type":"Polygon","coordinates":[[[52.9482496,67.689276],[52.9487583,67.6893297],[52.9493799,67.689217],[52.9498462,67.6892546],[52.9502841,67.6892707],[52.9511601,67.6892117],[52.9521208,67.6891419],[52.9529827,67.6890722],[52.9536185,67.6889757],[52.9544379,67.6888845],[52.9553421,67.6887611],[52.9559638,67.6886753],[52.9565572,67.6886646],[52.9571365,67.6885573],[52.9576592,67.6885037],[52.9582526,67.6884178],[52.9589732,67.6883159],[52.9596231,67.6883266],[52.9599339,67.6882301],[52.9601458,67.6880853],[52.9608664,67.6880155],[52.9622792,67.6878868],[52.9634801,67.6877903],[52.964568,67.6877688],[52.9657407,67.6877581],[52.9669416,67.6877634],[52.967973,67.6877313],[52.9688913,67.6877581],[52.9693435,67.6878224],[52.9703748,67.6878332],[52.9716181,67.6878224],[52.972918,67.6878654],[52.9739917,67.6878868],[52.9749101,67.687919],[52.9754046,67.6878761],[52.9758849,67.6879244],[52.9766479,67.6879029],[52.9777923,67.6878814],[52.9782868,67.6878707],[52.9782585,67.6877366],[52.9774108,67.687683],[52.9760262,67.687624],[52.9742884,67.687624],[52.9724941,67.687624],[52.9709965,67.6876025],[52.9694,67.6875757],[52.967973,67.6875113],[52.9665602,67.6875489],[52.9652321,67.6875274],[52.9639605,67.6875489],[52.9626466,67.6875703],[52.9613044,67.6878117],[52.9602306,67.6878439],[52.9589025,67.6880155],[52.9575744,67.688155],[52.9565007,67.6882891],[52.9553421,67.6884447],[52.9546781,67.6885251],[52.9543249,67.6887128],[52.9534631,67.6888362],[52.9532935,67.6887397],[52.9530392,67.6887665],[52.9531381,67.6888738],[52.9528131,67.6889059],[52.9520219,67.6889381],[52.9509341,67.6890078],[52.9501146,67.6890508],[52.949168,67.6890722],[52.9484192,67.6890722],[52.9481225,67.6891688],[52.9482496,67.689276]]]}},{"type":"Feature","id":"osm-context-179622757","properties":{"osmId":179622757,"kind":"area","landuse":null,"natural":"water","water":null,"waterway":null,"leisure":null,"amenity":null,"railway":null,"name":null,"source":"OpenStreetMap"},"geometry":{"type":"Polygon","coordinates":[[[52.9803755,67.6951234],[52.9801432,67.6954319],[52.9809562,67.6958433],[52.9811111,67.6962253],[52.981653,67.6966073],[52.9821176,67.6969746],[52.9828144,67.6973713],[52.9836661,67.6977973],[52.9845178,67.6980911],[52.9849823,67.6985319],[52.9853307,67.6988844],[52.9859889,67.6991929],[52.9869567,67.6993986],[52.9874986,67.6996043],[52.9881955,67.6999568],[52.9885439,67.7004122],[52.9891633,67.7005738],[52.9901311,67.701176],[52.9911376,67.7014845],[52.9912925,67.7018223],[52.9918732,67.7019399],[52.9923377,67.702263],[52.9930346,67.7023364],[52.9920667,67.7016461],[52.9911376,67.7009263],[52.9900924,67.7003241],[52.9896666,67.6999274],[52.988931,67.6997071],[52.9879632,67.6991782],[52.9866857,67.6986641],[52.9859114,67.6982234],[52.9849436,67.6974888],[52.9842081,67.6968865],[52.9830854,67.6961372],[52.9818466,67.6957258],[52.9810336,67.6952556],[52.9803755,67.6951234]]]}},{"type":"Feature","id":"osm-context-179622758","properties":{"osmId":179622758,"kind":"area","landuse":null,"natural":"water","water":null,"waterway":null,"leisure":null,"amenity":null,"railway":null,"name":null,"source":"OpenStreetMap"},"geometry":{"type":"Polygon","coordinates":[[[52.9562909,67.6931784],[52.9556613,67.693355],[52.9545937,67.6933966],[52.9530334,67.6934589],[52.9514457,67.6934693],[52.9495021,67.6935109],[52.9477776,67.6936563],[52.9454234,67.6937706],[52.9428776,67.6940096],[52.9399486,67.694155],[52.9370743,67.6942589],[52.9351855,67.6944356],[52.9331051,67.6944979],[52.9313532,67.6944979],[52.9320102,67.6943005],[52.9326671,67.6940511],[52.9333515,67.6941239],[52.9343369,67.6940511],[52.9356235,67.6939784],[52.9363352,67.6938433],[52.9357056,67.6936875],[52.9366637,67.6936148],[52.9377587,67.693594],[52.9387442,67.6935732],[52.9396749,67.6936979],[52.9406877,67.6937291],[52.9419195,67.6935836],[52.9427408,67.6935316],[52.9446022,67.6933966],[52.946272,67.6932719],[52.9476407,67.6931992],[52.949639,67.6931264],[52.9515278,67.6931056],[52.9529513,67.693116],[52.9543473,67.6930953],[52.9550043,67.6931368],[52.9553875,67.6930121],[52.9562909,67.6931784]]]}},{"type":"Feature","id":"osm-context-179743482","properties":{"osmId":179743482,"kind":"area","landuse":null,"natural":"water","water":null,"waterway":null,"leisure":null,"amenity":null,"railway":null,"name":null,"source":"OpenStreetMap"},"geometry":{"type":"Polygon","coordinates":[[[52.9355836,67.6684035],[52.9367155,67.6683556],[52.9378822,67.6682414],[52.9382712,67.6681946],[52.9383945,67.668167],[52.9384214,67.6681528],[52.938424,67.6681202],[52.9383865,67.6680937],[52.9383463,67.6680876],[52.9380244,67.6680662],[52.9370186,67.6681059],[52.935538,67.6682516],[52.9352644,67.6682883],[52.9350874,67.6683148],[52.9350042,67.6683464],[52.9350176,67.6683821],[52.9350713,67.6684004],[52.9351866,67.6684025],[52.9355836,67.6684035]]]}},{"type":"Feature","id":"osm-context-181746655","properties":{"osmId":181746655,"kind":"area","landuse":null,"natural":"water","water":null,"waterway":null,"leisure":null,"amenity":null,"railway":null,"name":null,"source":"OpenStreetMap"},"geometry":{"type":"Polygon","coordinates":[[[53.1166895,67.6496802],[53.1168425,67.6497351],[53.1170124,67.6497577],[53.1172418,67.6497771],[53.1175902,67.6497642],[53.1180151,67.6497028],[53.1183635,67.6495445],[53.118287,67.6491115],[53.1179726,67.6489305],[53.1171824,67.6486462],[53.1164516,67.6485007],[53.1159842,67.6484749],[53.1155254,67.6485298],[53.11533,67.6487043],[53.1154829,67.6488207],[53.1152365,67.6489855],[53.1155934,67.6489661],[53.1158993,67.6491147],[53.1161032,67.6492504],[53.1163581,67.6493829],[53.116664,67.6495348],[53.1166895,67.6496802]]]}},{"type":"Feature","id":"osm-context-182824634","properties":{"osmId":182824634,"kind":"area","landuse":null,"natural":"water","water":null,"waterway":null,"leisure":null,"amenity":null,"railway":null,"name":null,"source":"OpenStreetMap"},"geometry":{"type":"Polygon","coordinates":[[[52.9384242,67.6192317],[52.9388342,67.619172],[52.9391656,67.6190856],[52.9393313,67.6190557],[52.9390958,67.6189461],[52.9388952,67.6188398],[52.9386597,67.6188664],[52.938494,67.6188963],[52.9384678,67.619069],[52.9384242,67.619162],[52.9384242,67.6192317]]]}},{"type":"Feature","id":"osm-context-182824635","properties":{"osmId":182824635,"kind":"area","landuse":null,"natural":"water","water":null,"waterway":null,"leisure":null,"amenity":null,"railway":null,"name":null,"source":"OpenStreetMap"},"geometry":{"type":"Polygon","coordinates":[[[52.9535416,67.6245469],[52.9533936,67.6247394],[52.95348,67.6248709],[52.9535663,67.6250447],[52.9537267,67.6251151],[52.9540227,67.6251386],[52.9542818,67.6252419],[52.9543928,67.6254297],[52.9545161,67.6256504],[52.9547505,67.6258993],[52.9548739,67.6260918],[52.9550096,67.6263359],[52.9551823,67.6264111],[52.9554783,67.6264064],[52.9557374,67.6262937],[52.9558484,67.6261622],[52.9558484,67.625965],[52.955614,67.6257396],[52.9554907,67.6255471],[52.9555647,67.6253968],[52.955762,67.6253358],[52.955651,67.6252982],[52.955577,67.6252466],[52.9555153,67.6250963],[52.9553673,67.6249836],[52.9553303,67.6248568],[52.9552069,67.6247629],[52.9547875,67.6247629],[52.9544791,67.6247582],[52.9542448,67.624824],[52.9540227,67.6248991],[52.9536773,67.6248427],[52.9537513,67.6247582],[52.9538007,67.6246737],[52.9537143,67.6245892],[52.9535416,67.6245469]]]}},{"type":"Feature","id":"osm-context-182824636","properties":{"osmId":182824636,"kind":"area","landuse":null,"natural":"water","water":null,"waterway":null,"leisure":null,"amenity":null,"railway":null,"name":null,"source":"OpenStreetMap"},"geometry":{"type":"Polygon","coordinates":[[[52.9438671,67.619152],[52.9436228,67.6192749],[52.9432827,67.6193081],[52.9429512,67.6193978],[52.942707,67.6194676],[52.9424278,67.6194343],[52.9422098,67.6194676],[52.9421662,67.6195373],[52.9418871,67.6196369],[52.9418434,67.6195008],[52.9416079,67.6194277],[52.9413811,67.6194543],[52.9412503,67.6193978],[52.9413986,67.6192218],[52.9413463,67.619069],[52.9411282,67.6190026],[52.9409363,67.6189661],[52.9404653,67.6189328],[52.9402559,67.6189627],[52.9404042,67.6188963],[52.9404217,67.6187933],[52.9403868,67.6187203],[52.9408142,67.6187701],[52.9410322,67.6187502],[52.9410933,67.6186937],[52.9412765,67.6186273],[52.9417039,67.6186007],[52.9417911,67.6185409],[52.9419917,67.6185808],[52.9420964,67.6186339],[52.942297,67.6187435],[52.942454,67.6187635],[52.942707,67.6187967],[52.9428291,67.6188531],[52.9429861,67.6188797],[52.9430384,67.6189694],[52.9431605,67.6190923],[52.9433612,67.6191421],[52.9436926,67.6191421],[52.9438671,67.619152]]]}},{"type":"Feature","id":"osm-context-186088102","properties":{"osmId":186088102,"kind":"waterway","landuse":null,"natural":null,"water":null,"waterway":"stream","leisure":null,"amenity":null,"railway":null,"name":null,"source":"OpenStreetMap"},"geometry":{"type":"LineString","coordinates":[[53.0020967,67.6065815],[53.0026022,67.6067317],[53.0038566,67.6067218],[53.0032033,67.606901],[53.0029681,67.6073689],[53.0027851,67.6077074],[53.0028374,67.6079762],[53.0025761,67.6081255],[53.0021318,67.6081554],[53.0022102,67.6085437],[53.0019488,67.6087826],[53.0010603,67.6087726],[53.0004853,67.6088622],[53.0008774,67.6090414],[53.0007205,67.6092007],[53.0004069,67.6094396],[52.9995955,67.6097747]]}},{"type":"Feature","id":"osm-context-186723276","properties":{"osmId":186723276,"kind":"area","landuse":null,"natural":"wood","water":null,"waterway":null,"leisure":null,"amenity":null,"railway":null,"name":null,"source":"OpenStreetMap"},"geometry":{"type":"Polygon","coordinates":[[[52.8459465,67.5875946],[52.84928,67.5885347],[52.8518038,67.5894163],[52.8586877,67.5920159],[52.8610707,67.5928752],[52.865279,67.5927463],[52.8770056,67.5923372],[52.8777553,67.5937706],[52.881982,67.594787],[52.8836736,67.5942362],[52.8903416,67.5948205],[52.8878124,67.5964272],[52.8840244,67.5976304],[52.885513,67.5990852],[52.8879391,67.6008843],[52.8943271,67.6015093],[52.904904,67.603028],[52.9095026,67.6039332],[52.9092727,67.6057729],[52.9035244,67.6078168],[52.9045974,67.6107363],[52.909196,67.6120791],[52.9177802,67.6092182],[52.9236533,67.6071638],[52.9270541,67.6070284],[52.9356033,67.606239],[52.9413098,67.6079043],[52.9579416,67.6084007],[53.014045,67.6076416],[53.0242672,67.6075463],[53.0366549,67.6070284],[53.0446259,67.6044881],[53.0456989,67.6013049],[53.0413302,67.5998154],[53.0309833,67.5995233],[53.0235488,67.6015093],[53.0215198,67.6034352],[53.0186152,67.6035391],[53.0142578,67.6021814],[53.0092164,67.601889],[53.00509,67.6011023],[53.0021734,67.6008086],[52.9943302,67.6024802],[52.983694,67.6010129],[52.9825443,67.5981505],[52.9662958,67.59669],[52.9599343,67.5982966],[52.9535729,67.5986471],[52.9547225,67.5964564],[52.9505071,67.5938564],[52.9450654,67.5919282],[52.9437625,67.58737],[52.9325684,67.5815331],[52.9280525,67.5810321],[52.9285041,67.5794664],[52.9228098,67.5787333],[52.9165538,67.5763506],[52.9075865,67.5746548],[52.8950169,67.5730174],[52.8943066,67.5680458],[52.893131,67.5649655],[52.8890118,67.5657408],[52.8900285,67.567148],[52.889192,67.5681631],[52.8839802,67.56673],[52.8795348,67.5624886],[52.8729434,67.5614355],[52.878309,67.5596418],[52.8879997,67.5624613],[52.897231,67.5611342],[52.9032887,67.5601388],[52.9014834,67.5582093],[52.897592,67.5552228],[52.8954361,67.5534487],[52.8865094,67.551721],[52.870031,67.5451059],[52.858961,67.5489929],[52.84911,67.5531348],[52.8423459,67.5519568],[52.8369347,67.5523418],[52.8366322,67.5548699],[52.8406763,67.5573395],[52.840523,67.5603531],[52.8422092,67.5665837],[52.8279004,67.5706473],[52.8297759,67.5733153],[52.8331652,67.5748302],[52.839926,67.5747897],[52.8450974,67.5728388],[52.8476701,67.5721844],[52.8525554,67.5722314],[52.856235,67.5739238],[52.8639683,67.5717145],[52.8715221,67.5713699],[52.8650491,67.5755027],[52.860987,67.5794494],[52.8675784,67.5814078],[52.8786917,67.5795663],[52.8848232,67.5807355],[52.8785384,67.5839799],[52.8727308,67.5847573],[52.8673356,67.5867566],[52.8638372,67.589015],[52.8607891,67.5883803],[52.858607,67.5890513],[52.85331,67.5880113],[52.8459465,67.5875946]]]}},{"type":"Feature","id":"osm-context-189349123","properties":{"osmId":189349123,"kind":"area","landuse":"military","natural":null,"water":null,"waterway":null,"leisure":null,"amenity":null,"railway":null,"name":null,"source":"OpenStreetMap"},"geometry":{"type":"Polygon","coordinates":[[[53.0241146,67.6173045],[53.0246786,67.6170255],[53.0268018,67.6159752],[53.0269337,67.6159099],[53.0290924,67.614842],[53.0296506,67.6133891],[53.0258591,67.6120603],[53.0219514,67.6116527],[53.017276,67.6127867],[53.0152523,67.6143105],[53.0175551,67.6150546],[53.0159269,67.6156481],[53.0182833,67.6164844],[53.0207185,67.6173487],[53.0241146,67.6173045]]]}},{"type":"Feature","id":"osm-context-189687137","properties":{"osmId":189687137,"kind":"waterway","landuse":null,"natural":null,"water":null,"waterway":"canal","leisure":null,"amenity":null,"railway":null,"name":null,"source":"OpenStreetMap"},"geometry":{"type":"LineString","coordinates":[[52.7949548,67.70462],[52.8000936,67.7054801],[52.807046,67.7057668],[52.8109757,67.7051361],[52.8126382,67.7035305],[52.8149053,67.7016955],[52.8197418,67.7004912],[52.8245783,67.7008353],[52.8302255,67.7021793],[52.8364253,67.702377],[52.8416076,67.702473],[52.8478102,67.7027034],[52.8511789,67.7030718],[52.8525117,67.7034914],[52.8536129,67.7038866],[52.8549254,67.7045036],[52.85733,67.7050307],[52.859414,67.7052943],[52.8635286,67.7051524],[52.8674294,67.7046861],[52.869834,67.703713],[52.8710096,67.702456],[52.8722387,67.7009556],[52.8737883,67.7002865],[52.8756051,67.6995971],[52.8775823,67.699293],[52.8788113,67.699293],[52.8793456,67.6986644]]}},{"type":"Feature","id":"osm-context-190568196","properties":{"osmId":190568196,"kind":"area","landuse":null,"natural":"water","water":null,"waterway":null,"leisure":null,"amenity":null,"railway":null,"name":null,"source":"OpenStreetMap"},"geometry":{"type":"Polygon","coordinates":[[[53.1452339,67.5984593],[53.1452859,67.5982014],[53.1451991,67.5981199],[53.1453322,67.5980471],[53.145604,67.5979722],[53.1456561,67.5978884],[53.145471,67.5976724],[53.1452339,67.5975136],[53.1448694,67.5973858],[53.1445282,67.5973373],[53.1439324,67.5973307],[53.1437184,67.5972932],[53.1435969,67.5972932],[53.1431284,67.5973461],[53.1427698,67.5973637],[53.142521,67.5973637],[53.1420467,67.5973307],[53.141798,67.5973351],[53.1413758,67.5973042],[53.1411328,67.597313],[53.14078,67.5973549],[53.1403288,67.5974365],[53.1399817,67.597571],[53.1397735,67.5976239],[53.1392818,67.5976635],[53.1389174,67.5976591],[53.13842,67.5977032],[53.1381366,67.5977429],[53.1379804,67.5978201],[53.1377027,67.5979148],[53.1373788,67.597981],[53.1369103,67.5980581],[53.1366789,67.5981044],[53.1363087,67.5981485],[53.1358402,67.5981794],[53.1354874,67.5982279],[53.1342148,67.5983667],[53.1333993,67.5984792],[53.1331794,67.5985188],[53.1327109,67.5985718],[53.1324506,67.5985784],[53.1322077,67.5986026],[53.1319011,67.5986798],[53.1316929,67.5987922],[53.1316466,67.5988363],[53.1315714,67.5988737],[53.1314789,67.5988936],[53.1310104,67.5989222],[53.1308947,67.5989134],[53.1306633,67.5989355],[53.1301948,67.5989156],[53.129975,67.5989487],[53.1297378,67.5989597],[53.1296221,67.5989465],[53.1294255,67.5989024],[53.1290495,67.598887],[53.1289338,67.5989068],[53.1288355,67.5989377],[53.1284826,67.5989575],[53.1282802,67.5990126],[53.1281587,67.5990192],[53.1278637,67.5990082],[53.1276497,67.5990479],[53.1276479,67.5990485],[53.1276728,67.5990942],[53.1278984,67.5991162],[53.1279389,67.5991581],[53.1279331,67.5992022],[53.1280488,67.5992793],[53.1282802,67.5993014],[53.1285173,67.5993014],[53.1286099,67.5993322],[53.1287256,67.5993433],[53.1289396,67.5993102],[53.1290495,67.5993102],[53.1292635,67.5993411],[53.1293618,67.5993212],[53.1295816,67.5993014],[53.1299171,67.5993433],[53.1303278,67.5994226],[53.1304666,67.5993521],[53.1305765,67.5993433],[53.1305245,67.5992154],[53.1304377,67.5991846],[53.1304319,67.5991427],[53.1304782,67.5991052],[53.1306055,67.5990303],[53.130698,67.5990038],[53.1308021,67.5989862],[53.1309005,67.599006],[53.1309294,67.5991383],[53.1308889,67.5992749],[53.1309294,67.5993675],[53.1308889,67.5995064],[53.130779,67.5996386],[53.1306806,67.5996629],[53.1306286,67.5997048],[53.1306344,67.5997488],[53.1307211,67.5997202],[53.1308021,67.599751],[53.1308831,67.5999142],[53.1307963,67.6000023],[53.1307096,67.6000376],[53.1305881,67.6000332],[53.1304782,67.6000552],[53.1303741,67.6001853],[53.1303625,67.6002801],[53.1303857,67.6003263],[53.1304898,67.6003506],[53.1306517,67.6004189],[53.1308368,67.6005379],[53.1308484,67.6005842],[53.1306864,67.6006526],[53.1306922,67.6007473],[53.1306286,67.6008355],[53.1307154,67.601014],[53.1307905,67.6010515],[53.1314615,67.6012521],[53.1316813,67.6012873],[53.1321556,67.6013292],[53.1324911,67.6013711],[53.132844,67.6013865],[53.1329539,67.6013733],[53.133191,67.6013755],[53.1337637,67.6014328],[53.1339719,67.6014725],[53.1340876,67.6014791],[53.1343941,67.6014174],[53.1346197,67.6014042],[53.1351345,67.6014549],[53.1355626,67.6014108],[53.1360137,67.6014394],[53.1362567,67.601435],[53.1364823,67.6014086],[53.1369392,67.6014218],[53.1371706,67.6013843],[53.1377548,67.6012345],[53.1383506,67.6012521],[53.1385993,67.6012146],[53.1387092,67.6012168],[53.1388249,67.6011948],[53.1391025,67.6011154],[53.1393397,67.6010096],[53.1399933,67.6008069],[53.1411328,67.6005908],[53.1413006,67.6005247],[53.1416303,67.6004608],[53.141931,67.6003815],[53.1419947,67.6003462],[53.1420352,67.6002558],[53.1419542,67.6000817],[53.1419773,67.5999935],[53.1420352,67.5999472],[53.1423012,67.599848],[53.1427987,67.599718],[53.1430763,67.5996298],[53.1433598,67.5994799],[53.1435391,67.5993631],[53.1437473,67.5991449],[53.1437878,67.5990104],[53.1437704,67.5989244],[53.1438456,67.5988385],[53.1439208,67.5988054],[53.1440249,67.5987856],[53.1442505,67.5987723],[53.1444819,67.5987966],[53.1445802,67.5987768],[53.1448579,67.5986864],[53.1449678,67.5986687],[53.1452107,67.5985188],[53.1452339,67.5984593]]]}},{"type":"Feature","id":"osm-context-190769912","properties":{"osmId":190769912,"kind":"area","landuse":null,"natural":"water","water":null,"waterway":null,"leisure":null,"amenity":null,"railway":null,"name":null,"source":"OpenStreetMap"},"geometry":{"type":"Polygon","coordinates":[[[52.9824521,67.6517138],[52.9826797,67.6518355],[52.9828736,67.6519157],[52.9829157,67.6521144],[52.9830253,67.6522426],[52.9832107,67.6523868],[52.9829157,67.6524445],[52.9827809,67.6525438],[52.981997,67.6524925],[52.9815671,67.6524092],[52.9813986,67.6523836],[52.9810024,67.652374],[52.9807833,67.652281],[52.9803534,67.6523355],[52.9800668,67.6523195],[52.9795358,67.6522394],[52.9790975,67.6521913],[52.9786424,67.6520983],[52.9782462,67.6520759],[52.9777826,67.6520086],[52.9771168,67.6518932],[52.9765436,67.6518516],[52.975667,67.6518195],[52.9749506,67.6518548],[52.9743185,67.6519253],[52.9739223,67.6519509],[52.9736526,67.6519798],[52.9742595,67.6520342],[52.9752709,67.6521817],[52.9756755,67.6522329],[52.9761981,67.6523163],[52.9766111,67.6524605],[52.9770156,67.6526528],[52.9772179,67.6527137],[52.9774371,67.6527393],[52.9774883,67.6527604],[52.9776309,67.6528194],[52.9782462,67.6528354],[52.9788447,67.6528419],[52.9790722,67.6528707],[52.9791734,67.652922],[52.9791397,67.6529765],[52.9788531,67.6530438],[52.9787772,67.6531175],[52.9788952,67.6532008],[52.9790807,67.6532649],[52.9794431,67.6532649],[52.9797802,67.6532553],[52.9800837,67.6533097],[52.980463,67.6533001],[52.9810277,67.6532809],[52.981761,67.6532264],[52.9825954,67.6531751],[52.9830337,67.6532008],[52.9833962,67.6533065],[52.9835238,67.6533788],[52.9838003,67.653407],[52.9840969,67.6534095],[52.9844071,67.6534095],[52.9846836,67.6534506],[52.9850882,67.6535634],[52.9858434,67.653789],[52.9865379,67.6539812],[52.986956,67.6540351],[52.9873808,67.6541146],[52.9880079,67.6542581],[52.988399,67.6543094],[52.9888035,67.6542709],[52.989107,67.6542094],[52.9892216,67.6541043],[52.9892081,67.6539966],[52.9891002,67.6538146],[52.9890328,67.6537403],[52.9886822,67.6535967],[52.9884124,67.6533993],[52.9880618,67.6532583],[52.9877988,67.6531275],[52.9872257,67.6528994],[52.9868076,67.6527814],[52.9863828,67.6526635],[52.9857018,67.6525379],[52.9852702,67.6524866],[52.9848522,67.6523917],[52.9845487,67.652384],[52.9841846,67.6522866],[52.9834294,67.6521148],[52.9833687,67.6520277],[52.983571,67.6519148],[52.9838272,67.6518559],[52.9824521,67.6517138]]]}},{"type":"Feature","id":"osm-context-192032604","properties":{"osmId":192032604,"kind":"area","landuse":null,"natural":null,"water":null,"waterway":null,"leisure":null,"amenity":"parking","railway":null,"name":"ЛК \"Залив\"","source":"OpenStreetMap"},"geometry":{"type":"Polygon","coordinates":[[[52.9741139,67.6329637],[52.9739145,67.6329471],[52.9739616,67.6328588],[52.9741248,67.6327539],[52.9742445,67.6327636],[52.9741139,67.6329637]]]}},{"type":"Feature","id":"osm-context-192059209","properties":{"osmId":192059209,"kind":"area","landuse":null,"natural":"wood","water":null,"waterway":null,"leisure":null,"amenity":null,"railway":null,"name":null,"source":"OpenStreetMap"},"geometry":{"type":"Polygon","coordinates":[[[53.0962115,67.5967656],[53.0950201,67.5968737],[53.0938287,67.5970251],[53.0926372,67.5971764],[53.0918997,67.5976089],[53.091616,67.5980629],[53.0913324,67.598517],[53.0920699,67.5988629],[53.0929209,67.599144],[53.0933748,67.599598],[53.0938287,67.6000304],[53.0946229,67.6003763],[53.0955307,67.6006357],[53.096098,67.6010033],[53.096949,67.6013059],[53.0978568,67.6015653],[53.0989915,67.601587],[53.0998425,67.6012843],[53.1005233,67.60096],[53.1016012,67.6006574],[53.1025657,67.6004412],[53.1037004,67.6003979],[53.1049486,67.6003331],[53.1060265,67.6003763],[53.1072179,67.6004412],[53.1082959,67.6004844],[53.1094873,67.6003763],[53.1103383,67.6000304],[53.1113595,67.5997277],[53.1124375,67.5995115],[53.1132885,67.5992305],[53.1141962,67.598971],[53.1141962,67.598517],[53.1135154,67.5981062],[53.1133452,67.5976954],[53.114026,67.5973062],[53.1152175,67.5972197],[53.1161819,67.5974143],[53.1166358,67.5978251],[53.1175436,67.5980629],[53.1186215,67.5981062],[53.1196995,67.5981494],[53.1208909,67.5982143],[53.1220256,67.5982575],[53.1231035,67.5982575],[53.1241815,67.5983008],[53.1252594,67.5982359],[53.1262239,67.5980413],[53.1273586,67.5979116],[53.1282096,67.5975656],[53.1287636,67.597394],[53.1291173,67.5972845],[53.1301386,67.5975008],[53.1305385,67.5976263],[53.131103,67.5978035],[53.1320675,67.5980629],[53.1333724,67.5979764],[53.1343369,67.597717],[53.1359822,67.5976521],[53.1371736,67.5976521],[53.1383083,67.5975224],[53.1393295,67.5973278],[53.1402372,67.5970467],[53.1409181,67.5966791],[53.1418825,67.5964413],[53.1430172,67.5964196],[53.1440952,67.596571],[53.1452299,67.5966575],[53.1463078,67.5967872],[53.1506196,67.5983656],[53.1516976,67.5984953],[53.1527755,67.5985818],[53.1539102,67.5984521],[53.1547045,67.5981494],[53.1553285,67.5977602],[53.1557824,67.5973062],[53.1556122,67.5968737],[53.1549314,67.5965061],[53.1557257,67.5953601],[53.1557257,67.5949492],[53.1551583,67.59456],[53.1541371,67.5943005],[53.1530592,67.5940842],[53.1519245,67.5938896],[53.1509033,67.5936301],[53.1501657,67.5932841],[53.1491445,67.5930462],[53.1480098,67.5928948],[53.1467617,67.5928083],[53.1456837,67.5926137],[53.1444923,67.5925055],[53.1432442,67.5924407],[53.141996,67.5923758],[53.1407479,67.5923325],[53.139216,67.5923109],[53.1380246,67.592246],[53.1368899,67.5920946],[53.1356418,67.5919432],[53.1344504,67.5918784],[53.1332589,67.5919432],[53.1318406,67.5919432],[53.1306492,67.5919216],[53.129401,67.5919216],[53.1282096,67.5917702],[53.1270182,67.591727],[53.1258268,67.5917053],[53.1245219,67.5917702],[53.1233304,67.5917702],[53.1221958,67.5919432],[53.120437,67.5928516],[53.1193591,67.5930462],[53.1181109,67.5931543],[53.1167493,67.5932192],[53.1155579,67.5932192],[53.1143097,67.5930678],[53.1137991,67.5926569],[53.1125509,67.5925055],[53.1112461,67.5924623],[53.1100546,67.5924407],[53.1087498,67.5924407],[53.1081647,67.5924407],[53.1073881,67.5924407],[53.10614,67.5925272],[53.1057428,67.5929813],[53.1056294,67.5934138],[53.104438,67.5935003],[53.1031898,67.5935003],[53.1019417,67.5936085],[53.1006935,67.5938464],[53.0996155,67.5941059],[53.0989915,67.5945384],[53.0988213,67.5950141],[53.0992184,67.5954898],[53.0995021,67.5959223],[53.0988213,67.5963548],[53.0962115,67.5967656]]]}},{"type":"Feature","id":"osm-context-192059224","properties":{"osmId":192059224,"kind":"area","landuse":null,"natural":"wood","water":null,"waterway":null,"leisure":null,"amenity":null,"railway":null,"name":null,"source":"OpenStreetMap"},"geometry":{"type":"Polygon","coordinates":[[[53.0663516,67.6040566],[53.0655092,67.6040261],[53.0647469,67.6038732],[53.0639446,67.6037662],[53.0631021,67.6037356],[53.0622597,67.6035828],[53.0613771,67.6035369],[53.0605748,67.6034147],[53.0597724,67.6033077],[53.05893,67.603216],[53.0580875,67.6031548],[53.0573253,67.6030325],[53.0565229,67.6029102],[53.0559212,67.6026657],[53.0564828,67.6024211],[53.0571247,67.6022377],[53.0576061,67.6020084],[53.0572049,67.6017332],[53.0565229,67.6015498],[53.0558409,67.6013663],[53.0553997,67.6010912],[53.0513478,67.6009536],[53.0509467,67.6006937],[53.0504251,67.6004491],[53.0502327,67.6004332],[53.0499036,67.6001434],[53.0497833,67.5998376],[53.0498234,67.5995166],[53.0501443,67.5992108],[53.0507862,67.5989662],[53.0516688,67.5989662],[53.0525112,67.5991038],[53.0531531,67.5992873],[53.0536746,67.5995166],[53.054156,67.5997918],[53.0545572,67.6000822],[53.0553194,67.600067],[53.0557607,67.5997918],[53.0560014,67.5995013],[53.0566032,67.5992873],[53.057245,67.5990885],[53.0578468,67.5989051],[53.058609,67.5987675],[53.0591305,67.5984311],[53.059612,67.5981865],[53.0600532,67.5979266],[53.0604945,67.5976514],[53.0611364,67.5974985],[53.0617783,67.597208],[53.0622196,67.5969481],[53.0626609,67.5966882],[53.0631824,67.5963518],[53.0640248,67.5961531],[53.0647068,67.5960002],[53.0655092,67.5958625],[53.0661109,67.5956179],[53.0666325,67.5953885],[53.067154,67.5951745],[53.0700424,67.5942264],[53.0703634,67.5939053],[53.0707645,67.5935995],[53.071286,67.5933242],[53.0716872,67.5930643],[53.0722489,67.5928502],[53.0730512,67.5926514],[53.073653,67.5924679],[53.0743349,67.5922844],[53.0749367,67.5919326],[53.0754582,67.5916574],[53.0758594,67.5913362],[53.0763007,67.5910457],[53.0768222,67.5908316],[53.0775443,67.5905563],[53.0781461,67.5903422],[53.0782664,67.5900363],[53.0782263,67.5897304],[53.0777048,67.5894092],[53.0773036,67.5891339],[53.0768222,67.588828],[53.0765815,67.5885221],[53.0763007,67.5882162],[53.0766216,67.5879409],[53.0770228,67.5876656],[53.0777449,67.5874974],[53.0783065,67.5872832],[53.0801118,67.5860595],[53.0807938,67.5858301],[53.0815962,67.5858148],[53.0823985,67.585876],[53.0830805,67.5860136],[53.0838026,67.5861207],[53.0844846,67.5862737],[53.085327,67.5863655],[53.0860893,67.5864725],[53.0868515,67.5866714],[53.087373,67.5869314],[53.0875736,67.5872526],[53.0876538,67.5875738],[53.0880951,67.5878644],[53.0886167,67.5881704],[53.0892585,67.5883998],[53.0899004,67.5885833],[53.0906626,67.5887363],[53.0915051,67.5887974],[53.0923475,67.5888586],[53.0930697,67.588981],[53.0937516,67.589241],[53.0941528,67.5895163],[53.0946743,67.5897916],[53.0951959,67.5900363],[53.0968005,67.5907551],[53.0967604,67.5911068],[53.0962389,67.5913974],[53.0954767,67.5915656],[53.0950755,67.5918715],[53.0948749,67.5921926],[53.0948749,67.5925291],[53.0948749,67.5928349],[53.0948749,67.5931407],[53.0951156,67.5934772],[53.0951156,67.5937983],[53.0949953,67.5941347],[53.0948749,67.5944405],[53.0945941,67.5947769],[53.0943534,67.5950827],[53.0937115,67.5953427],[53.0931499,67.5955873],[53.0925481,67.5958625],[53.0917859,67.5960919],[53.0910638,67.5962601],[53.0902615,67.596413],[53.0894591,67.5965812],[53.0888975,67.5968411],[53.0886167,67.5971622],[53.0882155,67.5974832],[53.0878544,67.5977737],[53.0868114,67.5984464],[53.086691,67.5987828],[53.0871323,67.5991038],[53.0877341,67.5993179],[53.0883358,67.5995472],[53.0888574,67.5997765],[53.0895393,67.5999294],[53.0902213,67.6000975],[53.090783,67.6003268],[53.091465,67.6005103],[53.0919865,67.6007855],[53.0920667,67.6011065],[53.0914249,67.6013816],[53.0909033,67.6016415],[53.090783,67.6019625],[53.090783,67.6023294],[53.0911039,67.6026045],[53.0914249,67.602895],[53.0916254,67.6032007],[53.091144,67.6034758],[53.0905022,67.6036898],[53.08978,67.6038579],[53.0890579,67.6040872],[53.0882556,67.6042248],[53.087841,67.604265],[53.0871323,67.6040566],[53.0869152,67.6039245],[53.0860893,67.6038885],[53.0852468,67.6038732],[53.0843642,67.6038732],[53.0834415,67.6038885],[53.0825991,67.6038579],[53.0817967,67.6037356],[53.0810746,67.6035828],[53.0802322,67.6035064],[53.0794298,67.6034147],[53.0785472,67.6032924],[53.0775844,67.6033994],[53.0767821,67.6035369],[53.0758995,67.6036287],[53.0750571,67.6037356],[53.0742146,67.6038274],[53.0733721,67.6039191],[53.0724093,67.6040413],[53.0714465,67.6041331],[53.0706041,67.6041789],[53.0697616,67.6041789],[53.068879,67.6041789],[53.0679162,67.6041789],[53.0670737,67.6041331],[53.0663516,67.6040566]]]}},{"type":"Feature","id":"osm-context-192059231","properties":{"osmId":192059231,"kind":"area","landuse":null,"natural":"wood","water":null,"waterway":null,"leisure":null,"amenity":null,"railway":null,"name":null,"source":"OpenStreetMap"},"geometry":{"type":"Polygon","coordinates":[[[53.1330716,67.607333],[53.1343554,67.6076998],[53.1354787,67.6081277],[53.1367624,67.6085251],[53.1382066,67.608739],[53.1397311,67.608739],[53.1412555,67.6087085],[53.1428602,67.6084639],[53.143143,67.6084412],[53.1437409,67.6083933],[53.1443847,67.6083417],[53.1459894,67.6082806],[53.147594,67.6082806],[53.1491987,67.6082194],[53.1508837,67.6080972],[53.1524883,67.6079138],[53.154093,67.607547],[53.1555372,67.6072414],[53.1569815,67.6069357],[53.1584257,67.6066912],[53.1601106,67.6065995],[53.1617153,67.6062938],[53.1635607,67.6059576],[53.1650049,67.6056825],[53.165727,67.6051628],[53.1662886,67.6046126],[53.1666898,67.6040012],[53.1666898,67.6033898],[53.1666898,67.6027784],[53.1668503,67.6021669],[53.1682945,67.6018306],[53.1698189,67.6017083],[53.1717446,67.6014943],[53.1734295,67.6014026],[53.1752749,67.6012803],[53.1769598,67.6012497],[53.1801692,67.6017083],[53.1816936,67.6015249],[53.1831378,67.6013109],[53.1849832,67.6010969],[53.1865077,67.6008217],[53.1879519,67.600516],[53.1896368,67.600302],[53.1912415,67.600302],[53.1925112,67.6002116],[53.1956544,67.6000879],[53.1972591,67.5999962],[53.1987835,67.5999656],[53.2001259,67.5999471],[53.2019127,67.5999045],[53.2042432,67.5999471],[53.2058441,67.5999962],[53.2072081,67.5996905],[53.2117012,67.5982228],[53.2117012,67.5976112],[53.2117012,67.5970303],[53.2118617,67.5964493],[53.2124234,67.5958682],[53.2131651,67.5951998],[53.2132257,67.5946144],[53.2135466,67.5939722],[53.2146699,67.593544],[53.2160339,67.5931159],[53.2160339,67.5925348],[53.2145897,67.5921677],[53.2128245,67.592076],[53.2119495,67.5921395],[53.2111396,67.5921983],[53.2099361,67.5926571],[53.2088128,67.5931464],[53.2073686,67.5935134],[53.2056837,67.5937581],[53.2039988,67.5939416],[53.2023138,67.5941557],[53.2006289,67.5941557],[53.198944,67.5941557],[53.1971788,67.5941557],[53.1954939,67.5941557],[53.1940497,67.5945532],[53.1931671,67.5951955],[53.1929264,67.5958377],[53.1911613,67.5961129],[53.1895566,67.5963269],[53.1878717,67.5965104],[53.1864274,67.5969691],[53.1847425,67.5972443],[53.1830576,67.5973055],[53.1820948,67.5967856],[53.1822553,67.5959906],[53.181132,67.5955318],[53.1794471,67.5954707],[53.1777621,67.5955318],[53.175997,67.5957153],[53.1743923,67.5960517],[53.1727074,67.5960823],[53.1720655,67.5955013],[53.1705411,67.5951649],[53.1700596,67.5945227],[53.1714236,67.594278],[53.1729481,67.5941863],[53.1745528,67.593911],[53.1750342,67.5932994],[53.1753551,67.5926877],[53.1751144,67.592076],[53.1743923,67.5905773],[53.1739911,67.5899961],[53.1735005,67.5897925],[53.172226,67.5893537],[53.1706213,67.5889867],[53.1690968,67.5886808],[53.1676526,67.5883137],[53.1661282,67.588069],[53.1644432,67.5879466],[53.1629188,67.5876713],[53.1612339,67.5876407],[53.160367,67.5876106],[53.1594687,67.5875795],[53.1577838,67.5876713],[53.1560989,67.5877325],[53.154414,67.5877325],[53.1526488,67.5877325],[53.1509639,67.5878243],[53.149279,67.5877937],[53.147594,67.5877019],[53.1459091,67.5879466],[53.1445451,67.5883749],[53.1384473,67.5881608],[53.1370031,67.5878548],[53.1371636,67.587243],[53.1378857,67.5866924],[53.1393299,67.5864476],[53.1408544,67.5863865],[53.1398113,67.585897],[53.139009,67.5853463],[53.1385799,67.5849445],[53.1371636,67.584612],[53.1360403,67.5841225],[53.1344356,67.5838777],[53.1328505,67.5835636],[53.1313867,67.5832352],[53.1298623,67.5829598],[53.1284181,67.5826539],[53.1264924,67.5826233],[53.1247273,67.5826233],[53.1228819,67.5826233],[53.1211167,67.5826539],[53.1194318,67.5828986],[53.1186295,67.58348],[53.1169445,67.5836024],[53.1154201,67.583327],[53.1137352,67.5831434],[53.1118916,67.5830965],[53.1101246,67.583327],[53.1084397,67.5835106],[53.1067548,67.583633],[53.1052303,67.5840307],[53.1040268,67.584612],[53.1027431,67.5850403],[53.1017,67.585591],[53.1004163,67.5860499],[53.0992128,67.5866006],[53.0988918,67.5872124],[53.0994535,67.5878243],[53.0997603,67.5885688],[53.0998546,67.589262],[53.1011384,67.5896596],[53.1026628,67.5897208],[53.1043478,67.5897208],[53.1058722,67.5898432],[53.1073967,67.5899043],[53.1090816,67.5899043],[53.110606,67.5897208],[53.1110874,67.5891702],[53.1110874,67.5885584],[53.1117293,67.5880078],[53.1132538,67.5878243],[53.1145375,67.5883137],[53.1155003,67.5888337],[53.117105,67.5888643],[53.1186295,67.5888949],[53.1194318,67.5883749],[53.1195923,67.5877937],[53.1206353,67.5873042],[53.1217586,67.5868453],[53.1233633,67.5868453],[53.1248877,67.5868147],[53.1264122,67.5869677],[53.1276959,67.5873654],[53.1292204,67.5874878],[53.1306646,67.5877937],[53.1321088,67.588069],[53.1330716,67.5886502],[53.1336333,67.5892314],[53.1344356,67.589782],[53.1362008,67.589782],[53.1377252,67.5899349],[53.1392497,67.590149],[53.1407741,67.5903937],[53.1422986,67.5904855],[53.1440637,67.5905467],[53.145508,67.5909443],[53.1469522,67.591189],[53.1480755,67.5916478],[53.1485502,67.5916969],[53.1484472,67.5918706],[53.1501615,67.5921677],[53.151686,67.5923512],[53.152729,67.59281],[53.1538523,67.5932688],[53.1552163,67.5938804],[53.1555372,67.5944921],[53.1565001,67.595012],[53.1570617,67.595593],[53.1570617,67.5962046],[53.1569815,67.5968774],[53.1565001,67.5974889],[53.1558582,67.5981005],[53.1544942,67.5985897],[53.1527755,67.5985818],[53.1512848,67.5989872],[53.1496801,67.5993541],[53.1480755,67.599721],[53.1476931,67.5997649],[53.1466312,67.600302],[53.1466312,67.6009134],[53.1466312,67.6015555],[53.1464708,67.6022892],[53.1458289,67.6028701],[53.1446254,67.6034815],[53.1439033,67.6041235],[53.1431009,67.6047654],[53.1415765,67.6051934],[53.1408335,67.6054457],[53.1389287,67.605713],[53.1374043,67.6060187],[53.1358798,67.6063549],[53.1344356,67.6068746],[53.1330716,67.607333]]]}},{"type":"Feature","id":"osm-context-192059232","properties":{"osmId":192059232,"kind":"area","landuse":null,"natural":"wood","water":null,"waterway":null,"leisure":null,"amenity":null,"railway":null,"name":null,"source":"OpenStreetMap"},"geometry":{"type":"Polygon","coordinates":[[[53.0813901,67.6061838],[53.0809187,67.6065343],[53.0804824,67.6070267],[53.0803689,67.607459],[53.0811064,67.6078048],[53.0820142,67.6080857],[53.0822978,67.6085396],[53.0821844,67.6089718],[53.0825248,67.6094041],[53.0831489,67.6097931],[53.0838297,67.6102469],[53.0847942,67.6105494],[53.085475,67.6109168],[53.0862125,67.6112409],[53.0872337,67.6114786],[53.0880552,67.6117046],[53.0882549,67.6117596],[53.0889358,67.6121053],[53.0900137,67.6122133],[53.0910917,67.6122998],[53.0922831,67.6123862],[53.0934178,67.6123862],[53.0944957,67.6123646],[53.0956304,67.612451],[53.0969353,67.612451],[53.0980132,67.6123646],[53.0991479,67.6123646],[53.1002826,67.6123862],[53.1015307,67.6123862],[53.1026654,67.6122782],[53.1036866,67.6121053],[53.1048781,67.6119324],[53.1058993,67.6117596],[53.1069772,67.6116299],[53.1077648,67.6114878],[53.1080552,67.6114354],[53.1091331,67.6112842],[53.1103813,67.6111761],[53.1118564,67.6109384],[53.1129911,67.610852],[53.114069,67.6107223],[53.115147,67.6105926],[53.1161682,67.6104414],[53.1173029,67.6103117],[53.1182673,67.6101172],[53.1190616,67.6097498],[53.1220685,67.6089286],[53.1230897,67.6087125],[53.1239408,67.6083667],[53.1243946,67.6079345],[53.124735,67.607459],[53.124962,67.6070267],[53.1243379,67.6065945],[53.1236571,67.6062054],[53.1228628,67.605838],[53.1225202,67.6057418],[53.1217849,67.6055354],[53.1207069,67.605276],[53.1199126,67.6049301],[53.1193453,67.6045411],[53.1186645,67.6041952],[53.1178702,67.6038494],[53.116849,67.6035683],[53.1155441,67.6033738],[53.1143527,67.6032441],[53.113218,67.6030712],[53.1120266,67.6029198],[53.1107784,67.6028766],[53.1094168,67.6028766],[53.1082254,67.6029198],[53.107034,67.6027685],[53.1064666,67.6023794],[53.1064666,67.6019687],[53.1058993,67.6015363],[53.1053319,67.6011688],[53.1039703,67.6011688],[53.102552,67.601212],[53.1014173,67.601385],[53.1002259,67.6016876],[53.099545,67.6020768],[53.099772,67.6025307],[53.1002259,67.6029198],[53.0999422,67.6033738],[53.0992046,67.6038061],[53.0975594,67.6038494],[53.0963679,67.6037845],[53.0952332,67.6039574],[53.0940418,67.6040655],[53.0931341,67.604433],[53.0921696,67.6047572],[53.0913186,67.6051463],[53.0902406,67.6053624],[53.0890492,67.6054489],[53.0878011,67.6055354],[53.0866096,67.6056434],[53.0813901,67.6061838]]]}},{"type":"Feature","id":"osm-context-193819875","properties":{"osmId":193819875,"kind":"waterway","landuse":null,"natural":null,"water":null,"waterway":"stream","leisure":null,"amenity":null,"railway":null,"name":null,"source":"OpenStreetMap"},"geometry":{"type":"LineString","coordinates":[[53.1647279,67.6066132],[53.1646416,67.6066272],[53.1645667,67.6066258],[53.1644881,67.6066215],[53.1644244,67.6066387],[53.1643495,67.6066486],[53.1642671,67.6066458],[53.1641923,67.6066429],[53.1641136,67.6066387],[53.1640462,67.6066272],[53.1639676,67.6066215],[53.1638927,67.6066144],[53.1638178,67.6066101],[53.1637241,67.6066101],[53.1636455,67.6066201],[53.1635781,67.6066401],[53.1635069,67.6066586],[53.1634208,67.6066729],[53.1633459,67.6066857],[53.1632635,67.6066929],[53.1631886,67.6067],[53.1631062,67.6067071],[53.1630201,67.6067057],[53.1629452,67.6067057],[53.1628628,67.6067086],[53.1627841,67.6067186],[53.162713,67.6067414],[53.1626493,67.6067614],[53.1625931,67.6067828],[53.1625482,67.6068113],[53.1624771,67.6068355],[53.1624171,67.6068555],[53.1623385,67.6068698],[53.1622636,67.6068769],[53.1621887,67.606884],[53.1621175,67.6069026],[53.1620501,67.6069211],[53.1619902,67.6069411],[53.161934,67.6069639],[53.1618179,67.6070025],[53.1617393,67.6070082],[53.1616607,67.6070125],[53.161597,67.6070296],[53.1615408,67.6070524],[53.1615333,67.6070838],[53.1615146,67.6071137],[53.1614884,67.6071423],[53.1614659,67.6071751],[53.161391,67.6071965],[53.1613086,67.6072022],[53.16123,67.6072065],[53.1611438,67.6072193],[53.1610577,67.6072279],[53.1609791,67.607235],[53.1609004,67.6072379],[53.1608218,67.6072393],[53.1607431,67.6072479],[53.1606907,67.6072764],[53.1606533,67.6073063],[53.1605971,67.6073334],[53.1605409,67.6073548],[53.1604922,67.6073791],[53.1604248,67.6074034],[53.1603499,67.6074162],[53.1602675,67.6074233],[53.1602188,67.6074504],[53.1602113,67.6074804],[53.1602113,67.6075118],[53.1601776,67.6075403],[53.1601102,67.6075603],[53.1600765,67.6075874],[53.1599267,67.6076616],[53.1598968,67.6076901],[53.1598631,67.6077201],[53.1598144,67.60775],[53.1597694,67.6077771],[53.1597545,67.6078071],[53.1598106,67.6078271],[53.1598181,67.607857],[53.1598181,67.6078884],[53.1597582,67.6079127],[53.1596871,67.6079298],[53.1596122,67.6079369],[53.159526,67.6079383],[53.1594436,67.6079369],[53.159365,67.6079269],[53.1592863,67.6079198],[53.1592114,67.6079169],[53.1591253,67.6079127],[53.1590504,67.6079098],[53.1589755,67.6079098],[53.1589006,67.6079041],[53.158822,67.6078984],[53.1587321,67.6079098],[53.1586684,67.6079298],[53.1585823,67.6079498],[53.1585036,67.6079654],[53.1584362,67.6079868],[53.1583913,67.6080125],[53.1583464,67.6080411],[53.1583014,67.6080667],[53.1582602,67.6080953],[53.1582602,67.6081281],[53.1582602,67.6081609],[53.158234,67.6081966],[53.1581816,67.6082208],[53.1580949,67.6082557],[53.1579678,67.6083284],[53.1578407,67.608401],[53.1577242,67.6084777],[53.1576288,67.6085664],[53.1575547,67.6086471],[53.157417,67.6087278],[53.1572475,67.6087964],[53.1571204,67.6088691],[53.1570357,67.6089498],[53.1569192,67.6090264],[53.1567497,67.6090829],[53.1566437,67.6091596],[53.156559,67.6092403],[53.1564425,67.609321],[53.1562942,67.6093855],[53.1561141,67.609446],[53.1559447,67.6095106],[53.1557646,67.6095711],[53.1555633,67.6096074],[53.1553833,67.6096559],[53.1551926,67.6097123],[53.1550337,67.609785],[53.154896,67.6098657],[53.1546842,67.6099423],[53.1545041,67.6100069],[53.1544723,67.6100553],[53.154377,67.610136],[53.1542499,67.6102127],[53.154091,67.6102893],[53.1539215,67.6103498],[53.1537203,67.6103982],[53.1535402,67.6104467],[53.1533177,67.610483],[53.1531059,67.6105274],[53.1528835,67.6105677],[53.1526822,67.6106161],[53.1524809,67.6106766],[53.1522797,67.6107251],[53.152142,67.6108017],[53.1519937,67.6108743],[53.1518242,67.6109429],[53.1516441,67.6109994],[53.1514535,67.6110438],[53.1511993,67.611064],[53.1510404,67.6111285],[53.1509874,67.6112132],[53.1507703,67.6112798],[53.1506644,67.6112859],[53.1505478,67.6112879],[53.1504366,67.6112859],[53.1503307,67.6112859],[53.1502724,67.6113242],[53.1502883,67.6113686],[53.1503095,67.6114109],[53.150246,67.6114472],[53.1501718,67.6114795],[53.1501347,67.6115219],[53.1501083,67.6115663],[53.1500924,67.6116086],[53.1500341,67.6116449],[53.1499388,67.6116691],[53.1498329,67.6116893],[53.1497375,67.6117175],[53.1496422,67.6117377],[53.1496157,67.6117801],[53.1497057,67.6118043],[53.1496951,67.6118507],[53.1496528,67.611893],[53.1496528,67.6119374],[53.1496793,67.6119798],[53.1497534,67.6120141],[53.1497905,67.6120564],[53.1497534,67.6120988],[53.1497269,67.6121412],[53.1497587,67.6121855],[53.1498064,67.6122239],[53.1498487,67.6122662],[53.1498434,67.6123086],[53.1497958,67.6123489],[53.1497534,67.6123792],[53.1497163,67.6124195],[53.1496475,67.6124538],[53.149568,67.6124901],[53.1494727,67.6125204],[53.1494145,67.6125587],[53.1493509,67.612597],[53.1493085,67.6126394],[53.1492715,67.6126797],[53.1492026,67.6127181],[53.1491338,67.6127564],[53.1490596,67.6127927],[53.1489802,67.612823],[53.1489166,67.6128613],[53.1488372,67.6128996],[53.1487418,67.6129238],[53.1486465,67.612948],[53.1485618,67.6129763],[53.1484664,67.6130105],[53.1484717,67.6130529],[53.14853,67.6130932],[53.1485194,67.6131376],[53.1484294,67.6131659],[53.1483181,67.613178],[53.1482122,67.6131921],[53.1481063,67.6132062],[53.148048,67.6132445],[53.1480057,67.6132869],[53.1479739,67.6133292],[53.147905,67.6133656],[53.1478256,67.6134019],[53.1477832,67.6134442],[53.1477832,67.6134906],[53.1477726,67.613535],[53.1476085,67.6135733],[53.1475661,67.6136177],[53.1474602,67.6136459],[53.147386,67.6136863],[53.1473489,67.6137286],[53.1472483,67.6137629],[53.1471636,67.6137932],[53.1470947,67.6138295],[53.1469835,67.6138375],[53.1468617,67.6138436],[53.1467558,67.6138496],[53.1466445,67.6138537],[53.1465174,67.6138597],[53.1464115,67.6138638],[53.1463003,67.6138739],[53.1461997,67.613894],[53.146099,67.6139142],[53.1459931,67.6139263],[53.1458766,67.6139424],[53.1457601,67.6139545],[53.1456859,67.6139888],[53.1456489,67.6140312],[53.1455482,67.6140473],[53.145437,67.6140574],[53.1453311,67.6140695],[53.1451034,67.6140211],[53.1449921,67.614005],[53.1448756,67.6139989],[53.1447644,67.6139908],[53.1446532,67.6139868],[53.1445896,67.6139545],[53.1444784,67.6139384],[53.1443725,67.6139303],[53.144256,67.6139444],[53.1441447,67.6139787],[53.1440494,67.6139989],[53.1439435,67.6139989],[53.1438482,67.6140191],[53.1438058,67.6140635],[53.1436946,67.6140715],[53.1435833,67.6140937],[53.1435145,67.614132],[53.1434404,67.6141663],[53.1433124,67.6142259]]}},{"type":"Feature","id":"osm-context-203546617","properties":{"osmId":203546617,"kind":"area","landuse":"forest","natural":null,"water":null,"waterway":null,"leisure":null,"amenity":null,"railway":null,"name":null,"source":"OpenStreetMap"},"geometry":{"type":"Polygon","coordinates":[[[52.9525254,67.6225974],[52.9521244,67.6225516],[52.9517033,67.6224981],[52.9513424,67.6223913],[52.9509815,67.6223073],[52.9506206,67.6222462],[52.9502798,67.6221623],[52.9499389,67.6220783],[52.9496181,67.6219791],[52.9494777,67.6218187],[52.9493574,67.6216508],[52.9492572,67.6214981],[52.9492171,67.6213378],[52.949177,67.6211852],[52.9491569,67.6210325],[52.9490767,67.6208874],[52.9489364,67.6207424],[52.9488161,67.6205973],[52.9484752,67.6205134],[52.9480542,67.6204828],[52.9476531,67.6204599],[52.9473123,67.6205668],[52.9470316,67.6206813],[52.9466105,67.6207195],[52.9462095,67.6206737],[52.9458285,67.620605],[52.9454075,67.6205744],[52.9449463,67.6206355],[52.9445453,67.620689],[52.9440842,67.6207042],[52.943643,67.6206813],[52.943242,67.6206584],[52.9429012,67.6205592],[52.9425403,67.6204752],[52.9421192,67.6204294],[52.9417583,67.6203378],[52.9414575,67.6202309],[52.9410966,67.6201393],[52.940856,67.6200019],[52.9409763,67.6198645],[52.940856,67.6197194],[52.9407357,67.6195591],[52.9406555,67.619414],[52.940455,67.6192843],[52.9398735,67.6192308],[52.9393322,67.6194064],[52.9390916,67.6195438],[52.9386906,67.6196507],[52.9382896,67.619666],[52.9378685,67.619666],[52.9374675,67.6196125],[52.9370865,67.6195438],[52.9367657,67.6194446],[52.9364048,67.6193606],[52.9359837,67.6193606],[52.9355426,67.6193759],[52.9351817,67.6194446],[52.9348008,67.6195133],[52.9343998,67.6196202],[52.9339787,67.6196431],[52.9335777,67.6197041],[52.9332368,67.6197958],[52.9322543,67.6203149],[52.9323345,67.6204752],[52.9324348,67.6206279],[52.9325952,67.6207729],[52.9330363,67.6208264],[52.9333972,67.6208874],[52.9336579,67.6210172],[52.9339987,67.6211164],[52.9343597,67.6212081],[52.9347406,67.6212691],[52.9350815,67.6213378],[52.9354624,67.6213684],[52.9358434,67.6214523],[52.9362243,67.621521],[52.9366254,67.6215745],[52.9370264,67.6216279],[52.9373873,67.621689],[52.9377281,67.6217653],[52.9381091,67.6218569],[52.9384299,67.6219714],[52.9387908,67.6220783],[52.9391718,67.6221317],[52.9394525,67.6222539],[52.9397933,67.6223455],[52.9401743,67.6223607],[52.9405753,67.6223836],[52.9409763,67.6224218],[52.9413773,67.6224829],[52.9417984,67.6225592],[52.9422195,67.6225592],[52.944425,67.6227195],[52.9451067,67.6224371],[52.9455077,67.6224218],[52.9459488,67.6224447],[52.94639,67.6224676],[52.9467709,67.622521],[52.947192,67.6225363],[52.947593,67.6225821],[52.948776,67.622605],[52.9491569,67.6226279],[52.9495579,67.6226432],[52.9499389,67.6226508],[52.9503399,67.6226661],[52.950781,67.6226737],[52.951162,67.6226813],[52.951563,67.622689],[52.951944,67.6226966],[52.952345,67.6227119],[52.9527259,67.6227119],[52.9525254,67.6225974]]]}},{"type":"Feature","id":"osm-context-203546618","properties":{"osmId":203546618,"kind":"area","landuse":"forest","natural":null,"water":null,"waterway":null,"leisure":null,"amenity":null,"railway":null,"name":null,"source":"OpenStreetMap"},"geometry":{"type":"Polygon","coordinates":[[[52.9640695,67.6236203],[52.9647913,67.6237272],[52.9655532,67.6238493],[52.966275,67.6239714],[52.9664755,67.6242767],[52.9657938,67.6244752],[52.9651121,67.6246431],[52.9643502,67.6247958],[52.9635883,67.6249331],[52.9629065,67.6251011],[52.9621045,67.6252079],[52.9613025,67.62533],[52.9605807,67.6254674],[52.9598589,67.6256353],[52.9591771,67.6258338],[52.9584954,67.6260627],[52.9580142,67.6263222],[52.9577335,67.6266275],[52.9574929,67.6269328],[52.9574929,67.6272839],[52.9578538,67.6275739],[52.958335,67.6278334],[52.9590568,67.6280165],[52.9597787,67.6281691],[52.9605807,67.6282607],[52.9613426,67.628337],[52.9621847,67.6283523],[52.9629466,67.628276],[52.9634279,67.6280165],[52.9639492,67.6278028],[52.9645507,67.6276044],[52.9653126,67.6274976],[52.9659943,67.6273602],[52.9667161,67.6272381],[52.9675182,67.627116],[52.968641,67.6269023],[52.9692425,67.6266733],[52.9696435,67.6264138],[52.9700044,67.6261543],[52.9703419,67.6260753],[52.9704856,67.6257575],[52.9711273,67.625559],[52.9716486,67.62533],[52.9720095,67.6250553],[52.9723704,67.6247805],[52.972611,67.6244599],[52.9727313,67.6241546],[52.973012,67.6238646],[52.973012,67.6235592],[52.972611,67.6232844],[52.971809,67.6232692],[52.971007,67.6232081],[52.970245,67.6230707],[52.9695232,67.6229181],[52.969042,67.6226433],[52.968641,67.6223532],[52.96824,67.6220784],[52.9681197,67.6217883],[52.9679994,67.621483],[52.9679192,67.6211776],[52.9675583,67.6209028],[52.9667562,67.6208875],[52.9659141,67.6209028],[52.9651121,67.6209333],[52.96427,67.6209639],[52.963468,67.6210402],[52.9626258,67.6211471],[52.9619441,67.621315],[52.9613426,67.6215593],[52.9609015,67.6218188],[52.9600594,67.6219257],[52.9591771,67.6219562],[52.958335,67.6219257],[52.957533,67.6219257],[52.9566909,67.6219257],[52.9558087,67.6219562],[52.9550066,67.6219868],[52.9541244,67.6220173],[52.9532823,67.6221395],[52.9525204,67.6220478],[52.952761,67.6223685],[52.9534427,67.6225364],[52.9542046,67.622628],[52.9549665,67.6227043],[52.9557686,67.6228112],[52.9566107,67.6228265],[52.9574127,67.6228265],[52.9582147,67.6228875],[52.9590167,67.6229181],[52.9598188,67.6229639],[52.9605807,67.6230402],[52.9613426,67.623086],[52.9621847,67.6231165],[52.9629466,67.6232386],[52.9635482,67.6234676],[52.9640695,67.6236203]]]}},{"type":"Feature","id":"osm-context-203546619","properties":{"osmId":203546619,"kind":"area","landuse":null,"natural":"water","water":null,"waterway":null,"leisure":null,"amenity":null,"railway":null,"name":null,"source":"OpenStreetMap"},"geometry":{"type":"Polygon","coordinates":[[[52.968114,67.6205459],[52.9682487,67.620554],[52.9683621,67.6205216],[52.9683905,67.6204703],[52.9682629,67.6204406],[52.9681353,67.6204163],[52.9680077,67.6203867],[52.967873,67.6203597],[52.9677312,67.6203624],[52.9675823,67.6203759],[52.9674689,67.6204109],[52.9673555,67.6204487],[52.9672492,67.6204892],[52.9671074,67.6205108],[52.9669656,67.6205162],[52.9668238,67.6205135],[52.9666891,67.6204973],[52.9665544,67.6204784],[52.9664127,67.6204595],[52.966278,67.6204271],[52.9661646,67.6203867],[52.966122,67.6203327],[52.9661008,67.6202814],[52.9661149,67.6202274],[52.9661787,67.6201788],[52.9662638,67.6201356],[52.9663701,67.6201033],[52.9664481,67.6200601],[52.9665048,67.6200115],[52.9665048,67.6199575],[52.9665048,67.6199008],[52.966363,67.6199035],[52.9662071,67.6199116],[52.9661575,67.6199629],[52.9661149,67.6200223],[52.9660937,67.620079],[52.9660582,67.6201356],[52.9659944,67.6201923],[52.9659519,67.6202463],[52.9659235,67.6203003],[52.9658668,67.6203543],[52.9657463,67.6203948],[52.9656541,67.6204379],[52.9656258,67.6204919],[52.9655974,67.6205459],[52.965484,67.6205837],[52.9654202,67.6206323],[52.9653493,67.6206835],[52.9652075,67.6206997],[52.9650587,67.6206889],[52.9649311,67.620662],[52.9647964,67.6206404],[52.9646404,67.6206188],[52.9645057,67.6205999],[52.9643781,67.6205675],[52.9642789,67.6205189],[52.9642576,67.6204676],[52.9641867,67.6204163],[52.9640591,67.6203894],[52.9638748,67.6203759],[52.9637472,67.6204109],[52.9636125,67.6204352],[52.9634849,67.6204649],[52.9633644,67.6204946],[52.963251,67.6205324],[52.9631163,67.6205675],[52.9629745,67.6205945],[52.9628398,67.6206242],[52.9627052,67.6206485],[52.9625563,67.620662],[52.9624287,67.620697],[52.9622798,67.6207159],[52.962138,67.6207321],[52.9619892,67.6207483],[52.9617539,67.6207473],[52.9618403,67.6208788],[52.962053,67.6208806],[52.9621877,67.6208617],[52.9623153,67.6208401],[52.9624429,67.6208131],[52.9625563,67.6207807],[52.9626697,67.620751],[52.9627902,67.6207159],[52.9629178,67.6206916],[52.9630454,67.6206754],[52.9631588,67.6206404],[52.9632864,67.6206161],[52.9633999,67.6205837],[52.9635204,67.620554],[52.9636409,67.6205297],[52.9637756,67.6205162],[52.9639174,67.6205162],[52.9640379,67.6205486],[52.9641513,67.6205864],[52.9642576,67.6206242],[52.964364,67.620662],[52.9644632,67.6207024],[52.964605,67.6207186],[52.9647397,67.6207375],[52.9652784,67.6207726],[52.9654131,67.6207564],[52.9655336,67.6207321],[52.9656329,67.6206916],[52.9656754,67.6206431],[52.9656754,67.6205918],[52.9657109,67.6205378],[52.9657676,67.6204892],[52.9658739,67.6204514],[52.9660086,67.6204433],[52.9661433,67.6204649],[52.9662709,67.6204865],[52.9663914,67.6205135],[52.9665332,67.6205378],[52.9666679,67.620554],[52.9668026,67.6205756],[52.9670294,67.620581],[52.9671641,67.6205702],[52.9672775,67.6205351],[52.9674051,67.6205108],[52.9675327,67.6204919],[52.9676674,67.6204811],[52.9678092,67.620473],[52.9679439,67.6204784],[52.968114,67.6205459]]]}},{"type":"Feature","id":"osm-context-203546621","properties":{"osmId":203546621,"kind":"area","landuse":null,"natural":"wood","water":null,"waterway":null,"leisure":null,"amenity":null,"railway":null,"name":null,"source":"OpenStreetMap"},"geometry":{"type":"Polygon","coordinates":[[[52.9563812,67.6186727],[52.9567622,67.6186192],[52.9571632,67.6185963],[52.9575442,67.6186192],[52.9579452,67.6186574],[52.9583261,67.6187032],[52.958667,67.6187948],[52.9590279,67.6188864],[52.9593888,67.6189704],[52.9597898,67.6190544],[52.9601106,67.6191613],[52.9605117,67.6192453],[52.9607924,67.6193674],[52.961053,67.6195125],[52.9613538,67.6196499],[52.9616746,67.6197415],[52.9619954,67.6198484],[52.9623363,67.6199476],[52.9626571,67.6200545],[52.9628977,67.6201843],[52.9632987,67.6201919],[52.9636796,67.6202225],[52.9640004,67.6203064],[52.9643413,67.620398],[52.9647423,67.6204133],[52.9651233,67.6204209],[52.965404,67.6203064],[52.9656446,67.6201843],[52.965805,67.6200392],[52.9660456,67.6199171],[52.9663664,67.6198331],[52.9667474,67.6198942],[52.966988,67.6200316],[52.9673288,67.6201156],[52.9677098,67.6201308],[52.9680907,67.6201156],[52.968171,67.6199629],[52.9680506,67.6198102],[52.9678902,67.6196652],[52.9676697,67.6195354],[52.9675093,67.6193903],[52.9673489,67.6192224],[52.9672486,67.6190697],[52.9672286,67.6189246],[52.9671885,67.6187796],[52.9671283,67.6186269],[52.9670882,67.6184742],[52.9670281,67.6183215],[52.9669278,67.6181612],[52.9668877,67.6180008],[52.9667674,67.6178405],[52.9665669,67.6176954],[52.9663664,67.617558],[52.9661458,67.6174129],[52.9659453,67.6172679],[52.9657448,67.6171304],[52.9657047,67.6165349],[52.9654842,67.6163975],[52.9653238,67.6162524],[52.9651032,67.6160997],[52.9648426,67.6159699],[52.9645819,67.6158553],[52.9641809,67.6158019],[52.9637398,67.6157713],[52.9632786,67.6157637],[52.9628776,67.6157637],[52.9624566,67.6157713],[52.9620154,67.6158095],[52.9615743,67.6158401],[52.9611533,67.6158553],[52.9607322,67.6158477],[52.9602911,67.6158477],[52.9598299,67.6158477],[52.9593888,67.6158706],[52.9589678,67.6158782],[52.9585868,67.6158019],[52.958286,67.6156874],[52.9579853,67.6155805],[52.9576845,67.6154583],[52.9575041,67.6152979],[52.9572835,67.6151681],[52.9570028,67.6150536],[52.9560604,67.6149009],[52.9556795,67.614962],[52.9552985,67.615023],[52.9549176,67.6150765],[52.9545366,67.6151452],[52.9538148,67.6153208],[52.953494,67.6154201],[52.9531932,67.6155499],[52.9528925,67.6156644],[52.9525516,67.6157484],[52.9522709,67.6158782],[52.9519902,67.616008],[52.9516293,67.6161073],[52.9512483,67.6161989],[52.9508674,67.6162753],[52.9504663,67.6163516],[52.9500653,67.6164127],[52.9496844,67.6164738],[52.9492834,67.6165273],[52.9489024,67.6166112],[52.9485014,67.6166494],[52.9480803,67.6166876],[52.9476392,67.6167487],[52.9472382,67.616825],[52.9468172,67.6168708],[52.9463961,67.6169319],[52.9449725,67.6172221],[52.9447319,67.6173595],[52.9445113,67.6175046],[52.9442908,67.6176496],[52.9440502,67.617787],[52.9437895,67.6179092],[52.9433885,67.6179703],[52.9429675,67.6179703],[52.9425263,67.6179168],[52.9420451,67.6179168],[52.941604,67.6179168],[52.941203,67.6179626],[52.9408621,67.6180466],[52.9412832,67.6181306],[52.9417845,67.6181382],[52.9422657,67.6181382],[52.9427469,67.6181382],[52.9431479,67.6181382],[52.9434086,67.6182528],[52.9436893,67.6183673],[52.9439499,67.6184894],[52.9441705,67.6186192],[52.944391,67.618749],[52.9446517,67.6188864],[52.9448321,67.6190239],[52.9451931,67.6191078],[52.9455339,67.6191766],[52.945955,67.6192071],[52.9463359,67.6192682],[52.946757,67.6193292],[52.9470979,67.6194209],[52.9473786,67.6195354],[52.9469375,67.6195583],[52.9464963,67.6195735],[52.9463359,67.6197186],[52.9465164,67.6198636],[52.946777,67.6199934],[52.9471179,67.6200774],[52.947539,67.6201232],[52.9478798,67.6201995],[52.9482207,67.6202988],[52.9486217,67.620337],[52.9490428,67.620337],[52.9494638,67.6203446],[52.9498448,67.6203522],[52.9502658,67.6203751],[52.9506669,67.6203293],[52.9509676,67.6202301],[52.9511882,67.6201003],[52.9514689,67.6199782],[52.9518097,67.6198484],[52.9521506,67.6197262],[52.9525115,67.6196652],[52.9528724,67.6195964],[52.9531732,67.6194896],[52.953514,67.6193827],[52.9538348,67.6192758],[52.9537546,67.6193598],[52.9534739,67.6194896],[52.953113,67.6195888],[52.9528323,67.6197262],[52.9526118,67.6198713],[52.9525115,67.6200316],[52.9529927,67.61994],[52.9532935,67.6198178],[52.9535742,67.6196957],[52.9539752,67.6195812],[52.954316,67.6194972],[52.954697,67.6194285],[52.955078,67.6193827],[52.955499,67.6193369],[52.9559,67.6192987],[52.9562609,67.6192529],[52.9566219,67.6191842],[52.9569026,67.6190849],[52.9567021,67.6189399],[52.9563812,67.6186727]]]}},{"type":"Feature","id":"osm-context-216595842","properties":{"osmId":216595842,"kind":"area","landuse":null,"natural":null,"water":null,"waterway":null,"leisure":null,"amenity":"kindergarten","railway":null,"name":"Детский сад № 3","source":"OpenStreetMap"},"geometry":{"type":"Polygon","coordinates":[[[52.9789758,67.6365937],[52.9795951,67.6365029],[52.9798944,67.6365386],[52.9800593,67.6365582],[52.9805165,67.6366494],[52.980535,67.6366564],[52.9808672,67.6367818],[52.980932,67.6368063],[52.981622,67.6373559],[52.9808328,67.6374786],[52.9800315,67.6376011],[52.9795125,67.6371375],[52.9789758,67.6365937]]]}},{"type":"Feature","id":"osm-context-242700035","properties":{"osmId":242700035,"kind":"area","landuse":null,"natural":"wood","water":null,"waterway":null,"leisure":null,"amenity":null,"railway":null,"name":null,"source":"OpenStreetMap"},"geometry":{"type":"Polygon","coordinates":[[[53.089881,67.6459061],[53.0902713,67.6448401],[53.0913534,67.644577],[53.0917082,67.6445433],[53.0920807,67.6445163],[53.0937659,67.6447187],[53.0953802,67.644712],[53.0968348,67.6447457],[53.0970654,67.6448469],[53.097296,67.6449481],[53.0974202,67.6450763],[53.0975266,67.6452112],[53.0976508,67.6453529],[53.0977927,67.6454878],[53.0978814,67.6456228],[53.0981652,67.6464661],[53.0981297,67.6466078],[53.0980765,67.6467495],[53.0979346,67.6468777],[53.0977572,67.6470261],[53.0976153,67.6471745],[53.0974202,67.6472892],[53.097225,67.6474241],[53.0970299,67.6475455],[53.0967993,67.647667],[53.0964622,67.6477682],[53.0961252,67.6478424],[53.0957172,67.6478559],[53.0953447,67.6478086],[53.0948657,67.6474916],[53.0944223,67.6473701],[53.0917436,67.6477749],[53.0892424,67.6479908],[53.0877346,67.6480785],[53.0873621,67.6480515],[53.087025,67.6479773],[53.0867235,67.6479098],[53.0864751,67.6478086],[53.08628,67.6476872],[53.0861381,67.647559],[53.0857833,67.6476265],[53.0856591,67.6477547],[53.0843464,67.6479098],[53.0832821,67.6478491],[53.0818275,67.6484563],[53.0797165,67.64849],[53.0784571,67.6484563],[53.0772685,67.6488813],[53.0766122,67.6487194],[53.07608,67.6486182],[53.0719468,67.6488813],[53.0701197,67.647215],[53.0705986,67.6471543],[53.0714146,67.6472824],[53.0722306,67.6473027],[53.0728515,67.6470126],[53.0730111,67.646709],[53.0730289,67.6463514],[53.0726741,67.6460816],[53.0726918,67.6456295],[53.0735078,67.6454069],[53.074519,67.6449009],[53.0759381,67.6447524],[53.0778539,67.6450291],[53.0795391,67.6451505],[53.0804084,67.6449751],[53.0815791,67.6444623],[53.0821823,67.6441924],[53.0835482,67.643909],[53.0834063,67.6437673],[53.0828918,67.6432613],[53.0852511,67.6429509],[53.0868122,67.6431938],[53.0876104,67.6435784],[53.0873976,67.6446782],[53.0874153,67.6455081],[53.0878588,67.6460141],[53.0885151,67.6460748],[53.089881,67.6459061]]]}},{"type":"Feature","id":"osm-context-243779545","properties":{"osmId":243779545,"kind":"area","landuse":null,"natural":"water","water":null,"waterway":null,"leisure":null,"amenity":null,"railway":null,"name":null,"source":"OpenStreetMap"},"geometry":{"type":"Polygon","coordinates":[[[52.9189511,67.7009789],[52.9189166,67.7009134],[52.9188821,67.7008513],[52.9188993,67.7007891],[52.9189683,67.7007335],[52.9189942,67.7006713],[52.9189855,67.7006092],[52.9189597,67.700547],[52.9189166,67.7004848],[52.9188821,67.7004227],[52.9188821,67.7003605],[52.9188735,67.7002951],[52.918839,67.7002296],[52.9188045,67.7001675],[52.9187527,67.7001053],[52.918701,67.7000399],[52.9186406,67.6999744],[52.9186148,67.6999123],[52.9186062,67.6998468],[52.9186062,67.6997814],[52.9186234,67.6997192],[52.9185717,67.6996571],[52.9184941,67.6995982],[52.9184165,67.6995393],[52.9183302,67.6994836],[52.9182526,67.699428],[52.9181578,67.6993724],[52.9180457,67.6993168],[52.917925,67.6992644],[52.9177956,67.6992186],[52.9176663,67.6991728],[52.917537,67.699127],[52.9174076,67.6990812],[52.9172783,67.6990354],[52.9171489,67.6989928],[52.917011,67.6989503],[52.9168644,67.6989078],[52.9167264,67.6988685],[52.9165195,67.6988391],[52.9165885,67.6987834],[52.9166833,67.6987311],[52.9165626,67.698682],[52.9163902,67.6986918],[52.9162005,67.6986951],[52.9160194,67.698682],[52.9158383,67.6986787],[52.9156831,67.6986493],[52.9155452,67.6986067],[52.9154244,67.6985577],[52.9152951,67.6985151],[52.9151658,67.6984693],[52.9150192,67.6984366],[52.9148554,67.6984039],[52.9146915,67.6983842],[52.9145105,67.6983712],[52.9143466,67.698345],[52.9141828,67.6983188],[52.9140276,67.6982926],[52.9138638,67.6982664],[52.9136999,67.6982403],[52.9135275,67.6982174],[52.9133637,67.6981912],[52.9131998,67.6981716],[52.9130446,67.6981454],[52.9128808,67.6981127],[52.9127256,67.6980767],[52.9125618,67.6980439],[52.9124152,67.6980112],[52.9122513,67.6979818],[52.9120961,67.6979523],[52.9119237,67.6979261],[52.9117685,67.6978901],[52.9116133,67.6978574],[52.9114495,67.6978313],[52.911277,67.6978214],[52.9110959,67.6978149],[52.9109149,67.6978018],[52.910751,67.6977822],[52.91057,67.6977691],[52.9102337,67.6977756],[52.9100526,67.6977658],[52.9098802,67.6977527],[52.9096991,67.6977494],[52.9095266,67.6977396],[52.9093456,67.6977331],[52.9091645,67.6977331],[52.9089834,67.6977331],[52.908811,67.6977331],[52.9086213,67.6977364],[52.9084316,67.6977429],[52.9082591,67.6977494],[52.9080867,67.697756],[52.9079142,67.697756],[52.9077331,67.6977527],[52.9075607,67.6977429],[52.9073882,67.6977331],[52.9072072,67.6977265],[52.9070347,67.6977233],[52.9068623,67.6977167],[52.9066812,67.6977167],[52.9065001,67.6977004],[52.906319,67.6976873],[52.9061293,67.6976676],[52.9059569,67.6976546],[52.9057672,67.6976349],[52.9055948,67.6976218],[52.9054223,67.6976153],[52.9052499,67.6976055],[52.9050774,67.6975957],[52.9049049,67.6975826],[52.9047239,67.6975695],[52.9045514,67.6975531],[52.904379,67.6975466],[52.9041893,67.6975466],[52.9039996,67.6975466],[52.9038185,67.6975368],[52.9036374,67.6975302],[52.903465,67.6975106],[52.9033012,67.6974844],[52.9031373,67.6974582],[52.9029735,67.697432],[52.9027924,67.6974059],[52.90262,67.697383],[52.9024648,67.6973568],[52.9023096,67.6973306],[52.9021371,67.6973044],[52.9019647,67.6972815],[52.9017836,67.6972586],[52.9016111,67.6972357],[52.9014301,67.6972128],[52.9012576,67.6971932],[52.9010765,67.6971735],[52.9009041,67.6971539],[52.9007316,67.6971343],[52.9005592,67.6971146],[52.9003954,67.6970917],[52.9002315,67.6970655],[52.900085,67.6970296],[52.8999384,67.6969903],[52.8997918,67.6969576],[52.8996366,67.6969248],[52.8994728,67.6968987],[52.8993175,67.6968692],[52.899171,67.6968365],[52.8990158,67.6968038],[52.8987226,67.6967743],[52.898576,67.6967383],[52.8984208,67.696699],[52.8982742,67.6966598],[52.8981535,67.696614],[52.8980673,67.6965583],[52.8979638,67.696506],[52.8978345,67.6964602],[52.8977396,67.6964045],[52.8975585,67.6964144],[52.8974206,67.6964634],[52.8972481,67.6964536],[52.8970671,67.6964373],[52.8969032,67.6964144],[52.8967653,67.6963685],[52.8966359,67.6963195],[52.8964721,67.6962965],[52.896291,67.6962802],[52.89611,67.6962638],[52.8959375,67.6962409],[52.8957737,67.696218],[52.8956099,67.6961984],[52.8954288,67.6961951],[52.895265,67.6962246],[52.8950839,67.6962344],[52.8948942,67.6962344],[52.8947217,67.6962344],[52.8945493,67.6962475],[52.8943682,67.6962606],[52.8941958,67.6962704],[52.8940233,67.6962867],[52.8938422,67.6963064],[52.8936698,67.6963227],[52.8934887,67.6963424],[52.8933076,67.6963653],[52.8931266,67.6963751],[52.8929455,67.6963914],[52.8927558,67.6964078],[52.8925833,67.6964307],[52.8924195,67.6964634],[52.8923592,67.6965289],[52.892454,67.6965878],[52.8926351,67.6966042],[52.8928075,67.6966107],[52.8929627,67.6966369],[52.8931266,67.6966663],[52.8932731,67.6967023],[52.8934111,67.6967449],[52.8934887,67.696807],[52.8935146,67.6968758],[52.893506,67.6969445],[52.893506,67.6970165],[52.893437,67.6970819],[52.8933249,67.6971408],[52.8931955,67.6971964],[52.8930059,67.6972193],[52.8928334,67.6972193],[52.8926782,67.6971932],[52.8925575,67.6971474],[52.8924195,67.6971048],[52.8922729,67.6970721],[52.8921091,67.6970426],[52.8919367,67.6970197],[52.8917728,67.6970001],[52.8916004,67.6969772],[52.8914365,67.696951],[52.8912813,67.6969216],[52.8911089,67.6968954],[52.8909364,67.6968725],[52.8907726,67.696843],[52.890626,67.6968103],[52.8904708,67.6967743],[52.8903156,67.6967481],[52.8901345,67.6967645],[52.8901001,67.6968692],[52.889919,67.6968888],[52.8897379,67.6968954],[52.8895655,67.696879],[52.8894103,67.6968496],[52.8892637,67.6968136],[52.8891257,67.6967743],[52.8889705,67.6967416],[52.8887981,67.696722],[52.8886256,67.6967056],[52.8884532,67.6966892],[52.8882807,67.696686],[52.8881083,67.6966827],[52.8879272,67.6966794],[52.8877461,67.6966794],[52.8875737,67.6966696],[52.8874012,67.6966761],[52.8872805,67.6967285],[52.8870994,67.6967318],[52.8869183,67.696722],[52.8867545,67.6966958],[52.8866338,67.69665],[52.8864958,67.6966074],[52.8863493,67.6965714],[52.8861682,67.6965682],[52.8859957,67.6965878],[52.8858233,67.6965878],[52.8856422,67.6965812],[52.8854698,67.6965616],[52.8853059,67.6965354],[52.8851421,67.6965158],[52.884961,67.6965158],[52.8847886,67.6965289],[52.8846161,67.6965387],[52.8844351,67.6965518],[52.884254,67.6965616],[52.8840815,67.6965682],[52.8839091,67.6965682],[52.883728,67.6965518],[52.8835728,67.6965256],[52.8834176,67.6964962],[52.8832796,67.6964536],[52.8831417,67.6964111],[52.8829778,67.6963914],[52.8827968,67.6964144],[52.8826588,67.6964634],[52.8825122,67.6965027],[52.8824088,67.6965616],[52.8822622,67.6966107],[52.8820983,67.6966434],[52.8819259,67.6966532],[52.8817362,67.6966532],[52.8815551,67.6966532],[52.8813827,67.6966467],[52.8812102,67.6966434],[52.8809602,67.6966794],[52.8808222,67.6967252],[52.8806411,67.6967318],[52.8804601,67.6967383],[52.8802876,67.6967547],[52.8801065,67.6967645],[52.8799341,67.696771],[52.879753,67.6967776],[52.8795806,67.6967841],[52.8794081,67.6968103],[52.8792443,67.696843],[52.8790632,67.6968659],[52.8788908,67.6968659],[52.8787183,67.6968463],[52.8785459,67.6968332],[52.8784079,67.6967939],[52.8782441,67.6967645],[52.8780716,67.696735],[52.8778819,67.6967154],[52.8777095,67.6967089],[52.8775198,67.696699],[52.8773387,67.6966925],[52.8771576,67.6966892],[52.8769852,67.6966892],[52.8768127,67.6966892],[52.8766317,67.6966892],[52.8764592,67.6967056],[52.8762695,67.6967089],[52.8760884,67.6967023],[52.8759332,67.6966663],[52.8758039,67.6966238],[52.8756314,67.6966009],[52.875459,67.6965943],[52.8752865,67.6965943],[52.8751141,67.696578],[52.8749589,67.6965452],[52.8747951,67.6965158],[52.8746399,67.6964863],[52.874476,67.6964634],[52.8743036,67.6964438],[52.8741311,67.6964274],[52.8739673,67.6964045],[52.8737948,67.6963849],[52.873631,67.6963653],[52.8734672,67.6963391],[52.8733206,67.6963064],[52.8731999,67.6962573],[52.8730878,67.6962049],[52.8729326,67.6961689],[52.8727601,67.696146],[52.8726308,67.6961493],[52.8724497,67.6961624],[52.8722687,67.6961657],[52.8720876,67.6961657],[52.8719065,67.6961657],[52.8717341,67.6961853],[52.871553,67.6961984],[52.8713805,67.6961984],[52.8711995,67.6961853],[52.8710098,67.6961657],[52.8708459,67.6961427],[52.8706735,67.6961198],[52.8704924,67.6961035],[52.87032,67.6960969],[52.8701389,67.6960969],[52.8699319,67.6961002],[52.8697595,67.6961002],[52.8695784,67.6961067],[52.8693973,67.6961067],[52.8692163,67.6961067],[52.8690438,67.6961067],[52.8688541,67.6961067],[52.8686731,67.6961002],[52.8685006,67.6961002],[52.8683282,67.69611],[52.8681471,67.6961198],[52.867966,67.6961329],[52.8677849,67.6961526],[52.8676125,67.6961722],[52.8674314,67.6961951],[52.867259,67.696218],[52.8670865,67.6962475],[52.8669141,67.6962769],[52.8667502,67.6963064],[52.8666209,67.696362],[52.8665778,67.6964307],[52.8664571,67.6964863],[52.866276,67.6964994],[52.8660863,67.6964994],[52.8659225,67.6964798],[52.8657328,67.6964634],[52.8655517,67.6964471],[52.8653792,67.6964274],[52.8652154,67.696398],[52.8650516,67.6963718],[52.8648791,67.6963555],[52.8646981,67.6963424],[52.8644997,67.6963424],[52.8643187,67.6963424],[52.8641376,67.6963456],[52.8639824,67.6963718],[52.8638099,67.696398],[52.8636375,67.6964144],[52.863465,67.6964242],[52.8632926,67.6964536],[52.8631374,67.6964863],[52.8629563,67.6965125],[52.8627752,67.6965256],[52.8626028,67.6965223],[52.862439,67.6965027],[52.8622665,67.6965093],[52.8621113,67.696542],[52.8619561,67.6965747],[52.8618613,67.6966336],[52.861844,67.6967056],[52.8618785,67.6967776],[52.8618957,67.6968463],[52.8619302,67.696915],[52.8619992,67.6969805],[52.8621027,67.6970394],[52.862232,67.6970852],[52.86237,67.6971343],[52.8625424,67.6971604],[52.8627063,67.6971604],[52.8628442,67.6971244],[52.8629649,67.6970819],[52.8631374,67.6970721],[52.8633012,67.6970721],[52.8634737,67.6970786],[52.8636461,67.6971048],[52.8638013,67.6971343],[52.8639479,67.697167],[52.8641117,67.6971932],[52.8642756,67.6972128],[52.864448,67.697203],[52.8646205,67.6971997],[52.8647843,67.6972063],[52.8649481,67.697239],[52.8651206,67.6972423],[52.8652844,67.6972226],[52.8654482,67.6972128],[52.8656293,67.6972226],[52.8657931,67.6972423],[52.865957,67.6972586],[52.8661294,67.6972717],[52.8663019,67.6972782],[52.8664657,67.6972881],[52.8666295,67.6973012],[52.8671382,67.6973241],[52.8673021,67.6973077],[52.8674831,67.6973044],[52.8676556,67.6973273],[52.8678194,67.6973437],[52.8679919,67.6973568],[52.8681643,67.6973666],[52.8683282,67.6973895],[52.8684402,67.6974451],[52.8685782,67.6974909],[52.868742,67.6975204],[52.8689059,67.69754],[52.8690611,67.6975204],[52.869199,67.6974877],[52.8693629,67.6974746],[52.8695353,67.6974746],[52.8697078,67.6974877],[52.8698716,67.6975008],[52.870044,67.6975073],[52.8702165,67.6975171],[52.8703803,67.6975269],[52.8705528,67.69754],[52.8707166,67.6975531],[52.8708804,67.6975629],[52.8710443,67.6975891],[52.8712081,67.6976153],[52.8713719,67.6976349],[52.8715357,67.6976546],[52.8717082,67.6976742],[52.8718806,67.6976938],[52.8720445,67.69772],[52.8722169,67.6977298],[52.872398,67.6977396],[52.8725618,67.6977462],[52.8727343,67.6977593],[52.8728895,67.6977854],[52.8730361,67.6978182],[52.8731999,67.6978443],[52.8733723,67.6978574],[52.8735362,67.6978542],[52.8737086,67.6978411],[52.8738724,67.6978313],[52.8740449,67.697828],[52.8742173,67.6978182],[52.8743812,67.6978116],[52.8745536,67.6977985],[52.8747261,67.697792],[52.8748209,67.6977953],[52.8749934,67.697792],[52.8751658,67.697792],[52.8753469,67.6977822],[52.875528,67.6977822],[52.8757004,67.6977822],[52.8758729,67.697792],[52.8760453,67.6978083],[52.8762178,67.6978247],[52.8763988,67.6978509],[52.8765627,67.6978672],[52.8767265,67.6978771],[52.876899,67.6978967],[52.8770714,67.6979],[52.8772439,67.6979065],[52.8774163,67.6979098],[52.8775974,67.6979098],[52.8777698,67.6979098],[52.8779423,67.6979098],[52.8781147,67.6979098],[52.8782786,67.6979098],[52.8784596,67.6979131],[52.8786235,67.6979196],[52.8788045,67.6979261],[52.8789856,67.6979392],[52.8791581,67.6979523],[52.8793305,67.6979621],[52.879503,67.6979818],[52.8796754,67.6979981],[52.8798392,67.6980079],[52.8800117,67.6980178],[52.8802014,67.6980243],[52.8803738,67.6980243],[52.8805549,67.6980309],[52.880736,67.6980341],[52.8809084,67.6980472],[52.8810809,67.6980701],[52.8812275,67.6981028],[52.8813999,67.6981192],[52.881581,67.6981225],[52.8817534,67.6981127],[52.8819259,67.698093],[52.8820983,67.6980767],[52.882288,67.6980701],[52.8824519,67.6980701],[52.8826243,67.698093],[52.8827795,67.6981225],[52.8829347,67.6981519],[52.8831072,67.6981716],[52.8832796,67.6981716],[52.8834435,67.6981716],[52.8836073,67.6981716],[52.883797,67.6981716],[52.8839694,67.6981716],[52.8841419,67.6981945],[52.8842885,67.6982337],[52.8847023,67.6982861],[52.8848748,67.6982959],[52.8850473,67.6983057],[52.8852197,67.6983155],[52.8853922,67.6983253],[52.8855646,67.6983384],[52.8857371,67.6983515],[52.8859095,67.6983613],[52.8860733,67.6983613],[52.8862544,67.6983613],[52.8864269,67.6983646],[52.8865993,67.6983712],[52.8867804,67.6983777],[52.8869528,67.6983908],[52.8871339,67.6984071],[52.8873064,67.6984202],[52.8874702,67.6984431],[52.8876426,67.6984595],[52.8878237,67.6984726],[52.8879962,67.6984791],[52.88816,67.6984857],[52.8883238,67.6984955],[52.8884963,67.6985053],[52.8886601,67.6985217],[52.8888239,67.6985348],[52.8889964,67.6985544],[52.8891688,67.6985675],[52.8893327,67.6985806],[52.8895051,67.6985969],[52.8896689,67.6986133],[52.8898328,67.6986329],[52.8900052,67.6986558],[52.890169,67.6986755],[52.8903156,67.6987147],[52.890376,67.6987802],[52.8902035,67.6988096],[52.8900138,67.6988096],[52.8898414,67.6987998],[52.8896776,67.6987769],[52.8895137,67.698754],[52.889324,67.6987344],[52.889143,67.6987245],[52.8889705,67.698718],[52.8887894,67.698718],[52.8885997,67.698718],[52.8884187,67.6987213],[52.8882203,67.6987245],[52.8880479,67.6987245],[52.8878668,67.6987245],[52.8876944,67.6987245],[52.8875047,67.6987245],[52.8873236,67.6987245],[52.8871339,67.6987278],[52.8869442,67.6987278],[52.8867718,67.6987278],[52.8865821,67.6987278],[52.8863924,67.6987278],[52.8862027,67.6987278],[52.886013,67.698718],[52.8858319,67.6987049],[52.8856595,67.6987016],[52.8856336,67.6987703],[52.8857802,67.6988031],[52.8859526,67.6988063],[52.8861337,67.6988063],[52.8863148,67.6988063],[52.8864786,67.6988063],[52.886651,67.6988194],[52.8868149,67.6988391],[52.8869873,67.6988521],[52.8871684,67.6988554],[52.8873495,67.6988652],[52.8875219,67.6988718],[52.8876944,67.6988816],[52.8878668,67.6988881],[52.8880479,67.6988947],[52.8882203,67.6989012],[52.8883928,67.698911],[52.8885739,67.6989143],[52.8887463,67.6989176],[52.888936,67.6989209],[52.8891085,67.6989209],[52.8892723,67.6989209],[52.8894447,67.6989209],[52.8896172,67.6989209],[52.8897983,67.6989209],[52.8899793,67.6989209],[52.8901518,67.6989209],[52.8903242,67.6989209],[52.8904967,67.6989209],[52.8906605,67.6989209],[52.890833,67.6989241],[52.8910054,67.6989307],[52.8914107,67.6990092],[52.8915918,67.6990157],[52.8917642,67.6990223],[52.891928,67.6990223],[52.8921005,67.6990157],[52.8922729,67.6990027],[52.8924368,67.6989765],[52.8926092,67.6989667],[52.8927817,67.6989634],[52.8929455,67.6989634],[52.8931093,67.6989765],[52.8932818,67.6989994],[52.8934542,67.6990157],[52.8936439,67.6990387],[52.8938077,67.6990517],[52.8939802,67.6990746],[52.894144,67.6990845],[52.8943079,67.6990943],[52.8944803,67.6991074],[52.8946528,67.6991172],[52.8948166,67.6991368],[52.8949804,67.6991597],[52.8950925,67.6992121],[52.895196,67.699271],[52.8953167,67.69932],[52.8954633,67.699356],[52.8956357,67.6993757],[52.8957996,67.6993888],[52.8959806,67.699392],[52.8961531,67.6993953],[52.8963169,67.6994084],[52.8964894,67.6994117],[52.8966618,67.6994247],[52.896817,67.6994575],[52.8969808,67.6994869],[52.8971447,67.6995098],[52.8973257,67.6995327],[52.8974896,67.6995622],[52.897662,67.6995883],[52.8978258,67.6996178],[52.8979897,67.6996505],[52.8981535,67.6996701],[52.898326,67.699693],[52.8984984,67.6997127],[52.8986622,67.699729],[52.8988519,67.6997454],[52.899033,67.6997552],[52.8992141,67.6997618],[52.8994038,67.6997618],[52.8995848,67.699765],[52.8997573,67.699765],[52.8999384,67.699765],[52.9001108,67.699765],[52.9002833,67.699765],[52.9004471,67.699765],[52.9005937,67.6997977],[52.9008265,67.6998795],[52.9009903,67.699909],[52.9011541,67.6999352],[52.901318,67.6999515],[52.9014904,67.6999679],[52.9016715,67.6999908],[52.9018353,67.7000137],[52.9020164,67.70003],[52.9021975,67.7000562],[52.9023699,67.7000824],[52.9025338,67.7001118],[52.902689,67.7001446],[52.9028442,67.7001838],[52.9029907,67.7002296],[52.9031201,67.7002754],[52.9032753,67.7003147],[52.9034046,67.7003638],[52.9035426,67.7004063],[52.9036719,67.7004521],[52.9038185,67.7004947],[52.9039306,67.7005503],[52.9039392,67.700619],[52.9039392,67.7006877],[52.9039392,67.7007597],[52.9039565,67.7008316],[52.9040082,67.7009036],[52.9040686,67.7009691],[52.9040858,67.7010378],[52.9041462,67.7011032],[52.9042238,67.701041],[52.9042496,67.7009789],[52.9042755,67.7009167],[52.9043186,67.7008545],[52.9043617,67.7007924],[52.9043617,67.7007237],[52.9043359,67.7006615],[52.9042496,67.7006059],[52.9043704,67.7005535],[52.9045256,67.7005339],[52.9046894,67.7005306],[52.9048618,67.7005241],[52.9050257,67.700511],[52.9051722,67.7004783],[52.9053188,67.7004521],[52.9054827,67.7004292],[52.9056465,67.7004129],[52.9058017,67.7003932],[52.9059655,67.7003769],[52.906138,67.7003703],[52.9063104,67.7003703],[52.9064829,67.70039],[52.9066381,67.7004161],[52.9067933,67.7004521],[52.9069485,67.7004816],[52.9071209,67.7005012],[52.9072934,67.7005143],[52.9074745,67.7005241],[52.9076383,67.700547],[52.9078107,67.7005764],[52.9079659,67.7006026],[52.9081384,67.700619],[52.9083022,67.7006321],[52.9084833,67.7006419],[52.9086644,67.700655],[52.9088282,67.7006615],[52.908992,67.7006681],[52.9092507,67.7007335],[52.9094145,67.7007597],[52.9095697,67.7007858],[52.9097336,67.7008022],[52.9099146,67.7008218],[52.9100957,67.7008447],[52.9102682,67.7008644],[52.9105613,67.7008971],[52.9107683,67.70092],[52.9109407,67.7009396],[52.9111132,67.7009658],[52.911277,67.7009854],[52.9114408,67.701005],[52.9116133,67.7010247],[52.9117857,67.7010476],[52.9119668,67.7010639],[52.9121306,67.7010868],[52.9123031,67.7011097],[52.9124583,67.7011359],[52.9126307,67.7011686],[52.9127859,67.7012046],[52.9129412,67.7012341],[52.9130964,67.7012668],[52.9132516,67.7012995],[52.9134068,67.7013322],[52.9135706,67.7013584],[52.9137517,67.7013649],[52.9139241,67.7013649],[52.9140879,67.7013453],[52.9142518,67.7013289],[52.9144329,67.7013093],[52.9145881,67.7012864],[52.9147433,67.7012668],[52.9149071,67.7012537],[52.9150795,67.7012406],[52.915252,67.7012243],[52.9154158,67.701221],[52.9155883,67.7012079],[52.9157521,67.7012046],[52.9159332,67.7012013],[52.9161056,67.7011981],[52.9162695,67.7011915],[52.9164419,67.7011817],[52.9166057,67.7011654],[52.9167696,67.7011588],[52.916942,67.7011588],[52.9171145,67.7011588],[52.9172869,67.7011686],[52.9174507,67.701185],[52.9176146,67.7012079],[52.917787,67.7012341],[52.9179595,67.7012504],[52.9180802,67.7012537],[52.9182526,67.7012406],[52.9184165,67.701221],[52.9185717,67.7011915],[52.918701,67.7011523],[52.9188045,67.7010999],[52.9188993,67.7010476],[52.9191408,67.701041],[52.9189511,67.7009789]]]}},{"type":"Feature","id":"osm-context-259989701","properties":{"osmId":259989701,"kind":"area","landuse":null,"natural":"water","water":null,"waterway":null,"leisure":null,"amenity":null,"railway":null,"name":null,"source":"OpenStreetMap"},"geometry":{"type":"Polygon","coordinates":[[[52.9885893,67.6288958],[52.9884319,67.6289741],[52.9882382,67.6290432],[52.988093,67.6291262],[52.9878872,67.629186],[52.9880809,67.6292459],[52.9883109,67.6292321],[52.9884804,67.6293058],[52.9886498,67.6293796],[52.9888798,67.6293657],[52.989122,67.6293427],[52.9893641,67.6293381],[52.9896062,67.6293335],[52.9896909,67.6292505],[52.989812,67.6291722],[52.9896546,67.6290985],[52.9894367,67.6290432],[52.9891946,67.6290202],[52.9890614,67.6289465],[52.9888193,67.6289234],[52.9885893,67.6288958]]]}},{"type":"Feature","id":"osm-context-273645506","properties":{"osmId":273645506,"kind":"area","landuse":null,"natural":null,"water":null,"waterway":null,"leisure":null,"amenity":"parking","railway":null,"name":null,"source":"OpenStreetMap"},"geometry":{"type":"Polygon","coordinates":[[[53.1192873,67.6612742],[53.1194873,67.6612235],[53.1191754,67.6610363],[53.1189549,67.6611053],[53.1192873,67.6612742]]]}},{"type":"Feature","id":"osm-context-273686523","properties":{"osmId":273686523,"kind":"area","landuse":null,"natural":"water","water":null,"waterway":null,"leisure":null,"amenity":null,"railway":null,"name":null,"source":"OpenStreetMap"},"geometry":{"type":"Polygon","coordinates":[[[53.001961,67.6240515],[53.0035736,67.6239816],[53.0034722,67.6238401],[53.0032887,67.6238273],[53.0031922,67.6237868],[53.0020721,67.623785],[53.001961,67.6238328],[53.001961,67.6240515]]]}},{"type":"Feature","id":"osm-context-273686557","properties":{"osmId":273686557,"kind":"area","landuse":null,"natural":"water","water":null,"waterway":null,"leisure":null,"amenity":null,"railway":null,"name":null,"source":"OpenStreetMap"},"geometry":{"type":"Polygon","coordinates":[[[53.0053031,67.6210425],[53.0049556,67.6210038],[53.0046908,67.6208731],[53.004269,67.6206843],[53.004108,67.6205262],[53.0043029,67.620523],[53.0048454,67.6208199],[53.0050912,67.6208651],[53.005159,67.6207715],[53.0054981,67.6207682],[53.0053963,67.6208489],[53.0055743,67.6210167],[53.0053031,67.6210425]]]}},{"type":"Feature","id":"osm-context-273686568","properties":{"osmId":273686568,"kind":"area","landuse":null,"natural":"water","water":null,"waterway":null,"leisure":null,"amenity":null,"railway":null,"name":null,"source":"OpenStreetMap"},"geometry":{"type":"Polygon","coordinates":[[[53.0003884,67.6224737],[53.0008788,67.6224964],[53.0004032,67.6220409],[52.9996453,67.6217411],[52.9994075,67.6217694],[52.9997419,67.6218769],[52.9999871,67.6223436],[53.0003884,67.6224737]]]}},{"type":"Feature","id":"osm-context-288486857","properties":{"osmId":288486857,"kind":"area","landuse":null,"natural":"water","water":null,"waterway":null,"leisure":null,"amenity":null,"railway":null,"name":null,"source":"OpenStreetMap"},"geometry":{"type":"Polygon","coordinates":[[[53.0837488,67.6915512],[53.083642,67.691455],[53.0835481,67.6913817],[53.0834772,67.6913194],[53.0834698,67.6912926],[53.0834725,67.6912674],[53.0835041,67.6912321],[53.0836087,67.6911939],[53.083773,67.6911608],[53.0839084,67.6911577],[53.0840392,67.6911738],[53.0841129,67.6912005],[53.0841847,67.6912435],[53.0843765,67.6914219],[53.0845238,67.6915758],[53.084754,67.6917676],[53.0848599,67.6918373],[53.0848787,67.6918498],[53.0848914,67.6918653],[53.0848874,67.691874],[53.08487,67.6918791],[53.0848572,67.6918801],[53.0848284,67.6918768],[53.0847701,67.691863],[53.0846192,67.6918155],[53.0840479,67.6916617],[53.0839017,67.6916195],[53.0837488,67.6915512]]]}},{"type":"Feature","id":"osm-context-359694765","properties":{"osmId":359694765,"kind":"waterway","landuse":null,"natural":null,"water":null,"waterway":"stream","leisure":null,"amenity":null,"railway":null,"name":null,"source":"OpenStreetMap"},"geometry":{"type":"LineString","coordinates":[[53.161407,67.6537698],[53.1602799,67.6540147],[53.1596318,67.6542283],[53.1590054,67.6543679],[53.1586598,67.6545732],[53.1583789,67.654721],[53.1577741,67.6549017],[53.1573205,67.6548771],[53.156586,67.6548524],[53.1560892,67.6549674],[53.1558084,67.6551317],[53.1551387,67.6551234],[53.1543179,67.6551152],[53.1535186,67.6552466],[53.1528489,67.655378],[53.1526476,67.6554555],[53.1524169,67.6555751],[53.1522657,67.6559036],[53.1515529,67.6561089],[53.1504944,67.6563963],[53.1495871,67.656733],[53.1491767,67.6570615],[53.1486799,67.6574639],[53.1484206,67.657973],[53.1484638,67.6583918],[53.148291,67.6590815],[53.1486367,67.6594756],[53.1496735,67.6597548],[53.1506456,67.6599437],[53.1512936,67.6602393],[53.1519849,67.6603542],[53.1526113,67.6603953],[53.1530866,67.6604117],[53.1541234,67.6604035],[53.1550523,67.6604117],[53.1549659,67.6606991],[53.1550955,67.6610439],[53.1556355,67.6613559],[53.1562404,67.6615365],[53.1562404,67.6616432],[53.1559164,67.6618321],[53.1555491,67.6620948],[53.1545987,67.6625381],[53.1542492,67.6629142]]}},{"type":"Feature","id":"osm-context-360978177","properties":{"osmId":360978177,"kind":"waterway","landuse":null,"natural":null,"water":null,"waterway":"fuel","leisure":null,"amenity":null,"railway":null,"name":"Плавучая АЗС","source":"OpenStreetMap"},"geometry":{"type":"LineString","coordinates":[[53.0910711,67.6694241],[53.0908205,67.6691318],[53.0911662,67.6690973],[53.0914082,67.6693912],[53.0910711,67.6694241]]}},{"type":"Feature","id":"osm-context-368756697","properties":{"osmId":368756697,"kind":"area","landuse":null,"natural":null,"water":null,"waterway":null,"leisure":null,"amenity":"parking","railway":null,"name":null,"source":"OpenStreetMap"},"geometry":{"type":"Polygon","coordinates":[[[53.0022954,67.640557],[53.0028087,67.6401529],[53.0034274,67.6402475],[53.0029558,67.6406644],[53.0029275,67.64066],[53.0026014,67.6406069],[53.0022954,67.640557]]]}},{"type":"Feature","id":"osm-context-426178400","properties":{"osmId":426178400,"kind":"waterway","landuse":null,"natural":null,"water":null,"waterway":"river","leisure":null,"amenity":null,"railway":null,"name":"Городецкая","source":"OpenStreetMap"},"geometry":{"type":"LineString","coordinates":[[53.0072043,67.6294209],[53.006503,67.6294992]]}},{"type":"Feature","id":"osm-context-426178402","properties":{"osmId":426178402,"kind":"waterway","landuse":null,"natural":null,"water":null,"waterway":"river","leisure":null,"amenity":null,"railway":null,"name":"Городецкая","source":"OpenStreetMap"},"geometry":{"type":"LineString","coordinates":[[53.006503,67.6294992],[53.0063007,67.629629],[53.0061711,67.6297159]]}},{"type":"Feature","id":"osm-context-436367953","properties":{"osmId":436367953,"kind":"waterway","landuse":null,"natural":null,"water":null,"waterway":"river","leisure":null,"amenity":null,"railway":null,"name":null,"source":"OpenStreetMap"},"geometry":{"type":"LineString","coordinates":[[53.072329,67.6726526],[53.0546951,67.6746012],[53.0489015,67.6755956],[53.0449962,67.676867],[53.0414772,67.6784807],[53.0393314,67.6801595],[53.0382156,67.68161],[53.0377435,67.6832071],[53.0376342,67.6851136],[53.0373922,67.6874482],[53.0448674,67.6971626]]}},{"type":"Feature","id":"osm-context-542930059","properties":{"osmId":542930059,"kind":"area","landuse":null,"natural":null,"water":null,"waterway":null,"leisure":"pitch","amenity":null,"railway":null,"name":null,"source":"OpenStreetMap"},"geometry":{"type":"Polygon","coordinates":[[[52.9886513,67.6402557],[52.9888872,67.6402161],[52.9889105,67.6402122],[52.9889368,67.6402078],[52.9892547,67.6401544],[52.9887673,67.6397308],[52.9881205,67.6398485],[52.9886513,67.6402557]]]}},{"type":"Feature","id":"osm-context-551579845","properties":{"osmId":551579845,"kind":"area","landuse":null,"natural":"water","water":null,"waterway":null,"leisure":null,"amenity":null,"railway":null,"name":null,"source":"OpenStreetMap"},"geometry":{"type":"Polygon","coordinates":[[[52.9259384,67.6037232],[52.926228,67.6036618],[52.9265177,67.6037436],[52.9261637,67.6038948],[52.9258847,67.6040052],[52.9255414,67.6042709],[52.9251337,67.6042178],[52.9249298,67.6042914],[52.9242861,67.6045448],[52.923814,67.6046306],[52.9233312,67.6048555],[52.9228485,67.6047655],[52.9228055,67.6047247],[52.9224729,67.6047287],[52.9229665,67.6045162],[52.923063,67.6044099],[52.9223871,67.6044671],[52.9220974,67.6044753],[52.9217541,67.6045652],[52.921561,67.6046143],[52.9210353,67.6046429],[52.9207241,67.6047001],[52.9203594,67.6047737],[52.920413,67.6046797],[52.9201126,67.6047206],[52.9200482,67.6047941],[52.9195869,67.6047492],[52.9194796,67.6045571],[52.9195976,67.6044712],[52.9203164,67.604508],[52.9208958,67.6043731],[52.9212069,67.6042341],[52.9219794,67.6040829],[52.9232347,67.6039153],[52.9242539,67.6037967],[52.9241681,67.603903],[52.9233634,67.6040011],[52.9224193,67.6041483],[52.9220223,67.6042464],[52.9216897,67.6043281],[52.921325,67.6043976],[52.9214108,67.6044835],[52.9217219,67.604414],[52.9226231,67.6042382],[52.9229987,67.6041687],[52.9233312,67.604275],[52.9235351,67.6043568],[52.923814,67.6042832],[52.9239857,67.6041197],[52.9244256,67.6039521],[52.9247582,67.6038703],[52.9254126,67.6037967],[52.9250586,67.604087],[52.9253161,67.6040502],[52.9257774,67.6038376],[52.9259384,67.6037232]]]}},{"type":"Feature","id":"osm-context-551579846","properties":{"osmId":551579846,"kind":"area","landuse":null,"natural":"water","water":null,"waterway":null,"leisure":null,"amenity":null,"railway":null,"name":null,"source":"OpenStreetMap"},"geometry":{"type":"Polygon","coordinates":[[[52.9278481,67.6035801],[52.9276121,67.6035065],[52.9278266,67.6033634],[52.9277193,67.6031877],[52.927022,67.603016],[52.9262495,67.6030691],[52.9257238,67.6033226],[52.9251873,67.6034493],[52.9250586,67.6033593],[52.9249191,67.6033185],[52.9245865,67.603388],[52.9243612,67.6034288],[52.9246616,67.6030446],[52.9256487,67.6027339],[52.9266143,67.602505],[52.9276228,67.6022679],[52.9290604,67.6019531],[52.9293716,67.6019326],[52.9299509,67.6019163],[52.9303265,67.601765],[52.93082,67.6017487],[52.9307556,67.6018795],[52.9302192,67.6020471],[52.9294896,67.6021452],[52.9288244,67.6023292],[52.9282451,67.6025418],[52.927891,67.6028157],[52.9278803,67.602877],[52.9282665,67.6028606],[52.9285884,67.6028238],[52.9285884,67.6030691],[52.9285884,67.6031877],[52.9285991,67.6032612],[52.9283309,67.6033675],[52.9283094,67.6035351],[52.9278481,67.6035801]]]}},{"type":"Feature","id":"osm-context-551579847","properties":{"osmId":551579847,"kind":"area","landuse":null,"natural":"water","water":null,"waterway":null,"leisure":null,"amenity":null,"railway":null,"name":null,"source":"OpenStreetMap"},"geometry":{"type":"Polygon","coordinates":[[[52.920928,67.6023006],[52.9229987,67.6019899],[52.9249736,67.6016935],[52.9259384,67.6016015],[52.9264641,67.6015484],[52.9266786,67.6014216],[52.926389,67.6013562],[52.9239321,67.6014094],[52.9233742,67.6014012],[52.9220009,67.6016587],[52.921046,67.6019817],[52.9207778,67.6022515],[52.920928,67.6023006]]]}},{"type":"Feature","id":"osm-context-551579848","properties":{"osmId":551579848,"kind":"area","landuse":null,"natural":"water","water":null,"waterway":null,"leisure":null,"amenity":null,"railway":null,"name":null,"source":"OpenStreetMap"},"geometry":{"type":"Polygon","coordinates":[[[53.0088937,67.6026889],[53.008647,67.602644],[53.009119,67.6025826],[53.009001,67.6022433],[53.0088186,67.601949],[53.0088723,67.6018918],[53.00928,67.6019858],[53.0095696,67.6018018],[53.0097735,67.6017691],[53.009516,67.6019817],[53.0094623,67.6021575],[53.0096662,67.602227],[53.0095053,67.6023047],[53.009634,67.6023946],[53.0098486,67.6024396],[53.0097949,67.6025009],[53.0096447,67.6026194],[53.0094194,67.6027339],[53.0088937,67.6026889]]]}},{"type":"Feature","id":"osm-context-551579851","properties":{"osmId":551579851,"kind":"area","landuse":null,"natural":"water","water":null,"waterway":null,"leisure":null,"amenity":null,"railway":null,"name":null,"source":"OpenStreetMap"},"geometry":{"type":"Polygon","coordinates":[[[53.0849397,67.6273347],[53.0849719,67.6271101],[53.0845857,67.6269794],[53.084178,67.6268814],[53.0839848,67.626616],[53.0838132,67.6264322],[53.0845857,67.6263587],[53.084929,67.6264363],[53.0847895,67.6265833],[53.0846608,67.6267181],[53.0850792,67.6269223],[53.0853367,67.6269386],[53.0852938,67.6271836],[53.0853152,67.6272735],[53.0849397,67.6273347]]]}},{"type":"Feature","id":"osm-context-551579852","properties":{"osmId":551579852,"kind":"area","landuse":null,"natural":"water","water":null,"waterway":null,"leisure":null,"amenity":null,"railway":null,"name":null,"source":"OpenStreetMap"},"geometry":{"type":"Polygon","coordinates":[[[53.0831909,67.6274572],[53.082633,67.6273429],[53.0826187,67.6271589],[53.0828261,67.627151],[53.0835664,67.6271265],[53.0839956,67.6272245],[53.0838025,67.6274287],[53.083545,67.6274817],[53.0831909,67.6274572]]]}},{"type":"Feature","id":"osm-context-551579854","properties":{"osmId":551579854,"kind":"area","landuse":null,"natural":"water","water":null,"waterway":null,"leisure":null,"amenity":null,"railway":null,"name":null,"source":"OpenStreetMap"},"geometry":{"type":"Polygon","coordinates":[[[53.0711746,67.6333819],[53.0708742,67.6331574],[53.0707347,67.6325286],[53.0710137,67.6321489],[53.0713141,67.6321489],[53.0716145,67.6323],[53.0722368,67.6326879],[53.0725586,67.6331043],[53.0725586,67.6333615],[53.071475,67.6333901],[53.0711746,67.6333819]]]}},{"type":"Feature","id":"osm-context-553079675","properties":{"osmId":553079675,"kind":"area","landuse":"farmland","natural":null,"water":null,"waterway":null,"leisure":null,"amenity":null,"railway":null,"name":"Заброшенное поле","source":"OpenStreetMap"},"geometry":{"type":"Polygon","coordinates":[[[53.0387414,67.6035322],[53.0388535,67.6011193],[53.034856,67.6011264],[53.0348477,67.6012832],[53.0347813,67.6025428],[53.0348908,67.6034874],[53.0387414,67.6035322]]]}},{"type":"Feature","id":"osm-context-553079682","properties":{"osmId":553079682,"kind":"area","landuse":"farmland","natural":null,"water":null,"waterway":null,"leisure":null,"amenity":null,"railway":null,"name":null,"source":"OpenStreetMap"},"geometry":{"type":"Polygon","coordinates":[[[53.0259602,67.6015995],[53.0272262,67.6018121],[53.0287497,67.6006633],[53.0280523,67.6005284],[53.0274515,67.6009454],[53.0267756,67.6008391],[53.0259602,67.6015995]]]}},{"type":"Feature","id":"osm-context-553240503","properties":{"osmId":553240503,"kind":"area","landuse":"military","natural":null,"water":null,"waterway":null,"leisure":null,"amenity":null,"railway":null,"name":null,"source":"OpenStreetMap"},"geometry":{"type":"Polygon","coordinates":[[[53.0994732,67.672396],[53.0996697,67.6724401],[53.0997826,67.6723675],[53.099586,67.6723234],[53.0994732,67.672396]]]}},{"type":"Feature","id":"osm-context-553429148","properties":{"osmId":553429148,"kind":"area","landuse":"military","natural":null,"water":null,"waterway":null,"leisure":null,"amenity":null,"railway":null,"name":null,"source":"OpenStreetMap"},"geometry":{"type":"Polygon","coordinates":[[[53.1386304,67.6713947],[53.1405283,67.6723686],[53.1452854,67.6720595],[53.1482802,67.6714415],[53.1492415,67.6715117],[53.1496852,67.6718114],[53.1515605,67.6715286],[53.1527046,67.6711746],[53.1543758,67.6703416],[53.1554652,67.6696575],[53.1553894,67.6679784],[53.1386304,67.6713947]]]}},{"type":"Feature","id":"osm-context-553688500","properties":{"osmId":553688500,"kind":"area","landuse":"recreation_ground","natural":null,"water":null,"waterway":null,"leisure":null,"amenity":null,"railway":null,"name":"Смотровая площадка","source":"OpenStreetMap"},"geometry":{"type":"Polygon","coordinates":[[[53.1222601,67.6809003],[53.1224358,67.6809404],[53.1225752,67.6808523],[53.1223995,67.6808122],[53.1222601,67.6809003]]]}},{"type":"Feature","id":"osm-context-553692262","properties":{"osmId":553692262,"kind":"area","landuse":null,"natural":"wood","water":null,"waterway":null,"leisure":null,"amenity":null,"railway":null,"name":null,"source":"OpenStreetMap"},"geometry":{"type":"Polygon","coordinates":[[[53.1230814,67.6638147],[53.1239255,67.663962],[53.1242864,67.663992],[53.1244382,67.6640172],[53.1245205,67.6640882],[53.1249013,67.6643858],[53.1263714,67.6637768],[53.1249818,67.6634888],[53.1246546,67.6633053],[53.1245205,67.6630994],[53.1243434,67.6630484],[53.1245097,67.662816],[53.1239947,67.6625734],[53.1248638,67.6625183],[53.1247404,67.6622533],[53.1246224,67.6620861],[53.1242093,67.6617701],[53.1237641,67.6618639],[53.1233671,67.66229],[53.1235227,67.66229],[53.1232062,67.6625754],[53.1233886,67.6626896],[53.1229433,67.6628344],[53.1227717,67.6629424],[53.1225356,67.6631871],[53.1226858,67.6635459],[53.1230814,67.6638147]]]}},{"type":"Feature","id":"osm-context-553692263","properties":{"osmId":553692263,"kind":"area","landuse":null,"natural":"wood","water":null,"waterway":null,"leisure":null,"amenity":null,"railway":null,"name":null,"source":"OpenStreetMap"},"geometry":{"type":"Polygon","coordinates":[[[53.1302822,67.6638047],[53.130806,67.664106],[53.1350247,67.6656554],[53.1353928,67.6661234],[53.1353079,67.6663117],[53.134869,67.6664193],[53.1342178,67.6663655],[53.1343452,67.6661664],[53.1338497,67.6660266],[53.1338214,67.6661557],[53.1334958,67.6663117],[53.1332976,67.6664354],[53.1329012,67.6663924],[53.1322641,67.6661826],[53.1319385,67.6661772],[53.1320376,67.666032],[53.1316696,67.6658759],[53.1317262,67.665763],[53.1321509,67.6655639],[53.131981,67.6655209],[53.131528,67.6657361],[53.1314289,67.6657038],[53.1314572,67.6656177],[53.1312873,67.665607],[53.1311599,67.6656984],[53.1307729,67.6657937],[53.1308202,67.6660051],[53.1307069,67.6663117],[53.1308768,67.6663924],[53.1309051,67.6665699],[53.1313156,67.6667098],[53.1311599,67.6668981],[53.1307211,67.6669196],[53.1302822,67.6668335],[53.1295885,67.6667474],[53.1285404,67.6666485],[53.1287957,67.6668066],[53.129998,67.6670809],[53.1323873,67.6671896],[53.1360299,67.6670756],[53.137304,67.6668981],[53.1375729,67.6667098],[53.1387904,67.6663009],[53.138748,67.6660857],[53.1393567,67.666032],[53.1401919,67.6662525],[53.1431366,67.6652465],[53.1431507,67.6651497],[53.1436745,67.6650259],[53.1434339,67.6646762],[53.1431366,67.6644826],[53.1428251,67.6641006],[53.1418624,67.6639392],[53.1420748,67.6637616],[53.1444673,67.6631106],[53.1441134,67.6627824],[53.1440284,67.6625349],[53.143448,67.6623789],[53.1430387,67.6621218],[53.1421456,67.6615019],[53.1372574,67.6627061],[53.1356193,67.6629062],[53.1332693,67.6628739],[53.1315705,67.6632613],[53.1304096,67.6634872],[53.1302822,67.6638047]]]}},{"type":"Feature","id":"osm-context-554197430","properties":{"osmId":554197430,"kind":"area","landuse":"grass","natural":null,"water":null,"waterway":null,"leisure":null,"amenity":null,"railway":null,"name":null,"source":"OpenStreetMap"},"geometry":{"type":"Polygon","coordinates":[[[53.0000825,67.6367899],[53.0000879,67.636785],[53.0001287,67.6367477],[52.9962962,67.636111],[52.9962775,67.6361264],[52.9962916,67.6361392],[52.9963714,67.636176],[53.0000825,67.6367899]]]}},{"type":"Feature","id":"osm-context-554197431","properties":{"osmId":554197431,"kind":"area","landuse":"grass","natural":null,"water":null,"waterway":null,"leisure":null,"amenity":null,"railway":null,"name":null,"source":"OpenStreetMap"},"geometry":{"type":"Polygon","coordinates":[[[52.9927185,67.6355318],[52.9926519,67.6355349],[52.9925673,67.6355439],[52.9926011,67.6355679],[52.992664,67.6355853],[52.9928154,67.6356027],[52.9930256,67.6356374],[52.9950411,67.6359585],[52.9950839,67.6359223],[52.9950865,67.6359201],[52.9927185,67.6355318]]]}},{"type":"Feature","id":"osm-context-554272759","properties":{"osmId":554272759,"kind":"area","landuse":"farmland","natural":null,"water":null,"waterway":null,"leisure":null,"amenity":null,"railway":null,"name":null,"source":"OpenStreetMap"},"geometry":{"type":"Polygon","coordinates":[[[53.085903,67.6205326],[53.086697,67.6204835],[53.0878128,67.6207777],[53.0892397,67.6209778],[53.0902375,67.6210105],[53.0905272,67.6206755],[53.0903555,67.6202916],[53.0891431,67.620267],[53.0880488,67.6198177],[53.0874802,67.6197564],[53.0863214,67.6197483],[53.0856563,67.6197564],[53.0853344,67.6197646],[53.0868042,67.6200751],[53.085903,67.6205326]]]}},{"type":"Feature","id":"osm-context-555052960","properties":{"osmId":555052960,"kind":"area","landuse":null,"natural":null,"water":null,"waterway":null,"leisure":null,"amenity":"parking","railway":null,"name":null,"source":"OpenStreetMap"},"geometry":{"type":"Polygon","coordinates":[[[53.0592389,67.6390675],[53.0597556,67.6389888],[53.0596544,67.6388926],[53.0591376,67.6389714],[53.0592389,67.6390675]]]}},{"type":"Feature","id":"osm-context-555056514","properties":{"osmId":555056514,"kind":"area","landuse":null,"natural":null,"water":null,"waterway":null,"leisure":null,"amenity":"parking","railway":null,"name":null,"source":"OpenStreetMap"},"geometry":{"type":"Polygon","coordinates":[[[53.1188866,67.666095],[53.118812,67.6660087],[53.1192076,67.6659594],[53.1192822,67.6660457],[53.1188866,67.666095]]]}},{"type":"Feature","id":"osm-context-555100559","properties":{"osmId":555100559,"kind":"area","landuse":"recreation_ground","natural":null,"water":null,"waterway":null,"leisure":null,"amenity":null,"railway":null,"name":"ЦАО \"Большуха\"","source":"OpenStreetMap"},"geometry":{"type":"Polygon","coordinates":[[[53.0955437,67.6598749],[53.0953455,67.6600256],[53.0949137,67.6603888],[53.0949791,67.6606455],[53.095389,67.6607896],[53.0962217,67.6608996],[53.0971453,67.6608119],[53.0979716,67.6602543],[53.0977451,67.6600696],[53.0972638,67.6600357],[53.0968391,67.6599785],[53.0955437,67.6598749]]]}},{"type":"Feature","id":"osm-context-555639188","properties":{"osmId":555639188,"kind":"area","landuse":"grass","natural":null,"water":null,"waterway":null,"leisure":null,"amenity":null,"railway":null,"name":null,"source":"OpenStreetMap"},"geometry":{"type":"Polygon","coordinates":[[[53.0170433,67.6368281],[53.0171,67.6368361],[53.0172238,67.6368388],[53.0173088,67.6368361],[53.0173223,67.6368298],[53.0173548,67.6368146],[53.0173618,67.6367811],[53.0173249,67.6367447],[53.0172663,67.6367271],[53.017192,67.6367271],[53.0170892,67.6367381],[53.017015,67.6367823],[53.0170077,67.6368114],[53.0170433,67.6368281]]]}},{"type":"Feature","id":"osm-context-555639191","properties":{"osmId":555639191,"kind":"area","landuse":"grass","natural":null,"water":null,"waterway":null,"leisure":null,"amenity":null,"railway":null,"name":null,"source":"OpenStreetMap"},"geometry":{"type":"Polygon","coordinates":[[[53.0169553,67.6360841],[53.0169651,67.6356809],[53.0169899,67.6356661],[53.0170395,67.635658],[53.0170996,67.635658],[53.0171456,67.6356648],[53.0171775,67.6356742],[53.0172023,67.6356863],[53.0171841,67.6360834],[53.0169553,67.6360841]]]}},{"type":"Feature","id":"osm-context-576204316","properties":{"osmId":576204316,"kind":"area","landuse":null,"natural":null,"water":null,"waterway":null,"leisure":null,"amenity":"school","railway":null,"name":"Коррекционная школа-интернат","source":"OpenStreetMap"},"geometry":{"type":"Polygon","coordinates":[[[52.9883372,67.635714],[52.9881763,67.6355844],[52.9881147,67.6355956],[52.9869506,67.6346567],[52.9869763,67.6346227],[52.9893511,67.6342226],[52.9903248,67.6340586],[52.9908636,67.6344951],[52.9909712,67.6345822],[52.9910317,67.6346312],[52.9911768,67.6347433],[52.991205,67.6347655],[52.9912308,67.6347867],[52.9913124,67.6348523],[52.9916232,67.6351035],[52.9916418,67.635117],[52.9883372,67.635714]]]}},{"type":"Feature","id":"osm-context-594925244","properties":{"osmId":594925244,"kind":"area","landuse":null,"natural":"wood","water":null,"waterway":null,"leisure":null,"amenity":null,"railway":null,"name":null,"source":"OpenStreetMap"},"geometry":{"type":"Polygon","coordinates":[[[53.127916,67.6681167],[53.1284203,67.6682349],[53.1286563,67.6680433],[53.1289675,67.6679536],[53.1305553,67.6682471],[53.1310381,67.6684714],[53.131081,67.6686059],[53.1308128,67.668667],[53.1309737,67.6688097],[53.1318535,67.6689524],[53.1326689,67.6688709],[53.1333663,67.6686752],[53.1342139,67.6685325],[53.1344499,67.6683205],[53.1338705,67.6682227],[53.1331946,67.6679944],[53.1334628,67.6677498],[53.1338705,67.66755],[53.1349541,67.6676071],[53.1356837,67.6676316],[53.135791,67.6678354],[53.1373252,67.6676886],[53.1405975,67.6668937],[53.1417133,67.6664697],[53.1424643,67.6662577],[53.1429364,67.6659519],[53.1435372,67.6657807],[53.1443311,67.665585],[53.1446959,67.6654545],[53.1444706,67.6653281],[53.1438698,67.6651446],[53.1411447,67.6661231],[53.1405653,67.6663433],[53.1403078,67.6666735],[53.1384303,67.6671179],[53.1369497,67.6673543],[53.1349971,67.6673992],[53.1332375,67.6674277],[53.1321861,67.6674522],[53.1307914,67.6673951],[53.1293751,67.6672891],[53.1285168,67.6671709],[53.1281091,67.6671831],[53.1277873,67.6672524],[53.127562,67.6673992],[53.1274332,67.6675378],[53.1274654,67.6677539],[53.1276049,67.6679699],[53.127916,67.6681167]]]}},{"type":"Feature","id":"osm-context-641346171","properties":{"osmId":641346171,"kind":"area","landuse":null,"natural":"water","water":null,"waterway":null,"leisure":null,"amenity":null,"railway":null,"name":null,"source":"OpenStreetMap"},"geometry":{"type":"Polygon","coordinates":[[[53.149817,67.6296133],[53.1488728,67.6292213],[53.1486797,67.6290743],[53.1489372,67.6287558],[53.1492591,67.6286415],[53.1500315,67.6285108],[53.1504392,67.628568],[53.1507182,67.628715],[53.1510615,67.6293847],[53.1509542,67.6295562],[53.1507396,67.6297032],[53.150289,67.6297358],[53.149817,67.6296133]]]}},{"type":"Feature","id":"osm-context-641346172","properties":{"osmId":641346172,"kind":"area","landuse":null,"natural":"water","water":null,"waterway":null,"leisure":null,"amenity":null,"railway":null,"name":null,"source":"OpenStreetMap"},"geometry":{"type":"Polygon","coordinates":[[[53.1446779,67.6314507],[53.143841,67.6313691],[53.1438088,67.6312997],[53.1439698,67.6311282],[53.1441092,67.6310302],[53.1444847,67.6309812],[53.144989,67.6309689],[53.1453967,67.6310955],[53.1460512,67.6310016],[53.1466627,67.6309281],[53.1470811,67.6309036],[53.1484544,67.6310261],[53.148669,67.6311976],[53.1482506,67.6313568],[53.1481647,67.6314957],[53.1467485,67.6314875],[53.1461155,67.6315692],[53.1456864,67.6315324],[53.1451499,67.6313854],[53.1449246,67.6313813],[53.1446779,67.6314507]]]}},{"type":"Feature","id":"osm-context-641346173","properties":{"osmId":641346173,"kind":"area","landuse":null,"natural":"water","water":null,"waterway":null,"leisure":null,"amenity":null,"railway":null,"name":null,"source":"OpenStreetMap"},"geometry":{"type":"Polygon","coordinates":[[[53.1416845,67.6303973],[53.1409979,67.6303932],[53.1405687,67.6303401],[53.1405687,67.6302544],[53.1407833,67.6302217],[53.142972,67.6301687],[53.1431544,67.6302217],[53.1431222,67.6303075],[53.1429291,67.6303565],[53.1427896,67.6305116],[53.1421029,67.6304667],[53.1416845,67.6303973]]]}},{"type":"Feature","id":"osm-context-641346174","properties":{"osmId":641346174,"kind":"area","landuse":null,"natural":"water","water":null,"waterway":null,"leisure":null,"amenity":null,"railway":null,"name":null,"source":"OpenStreetMap"},"geometry":{"type":"Polygon","coordinates":[[[53.1394529,67.629205],[53.1393027,67.6292785],[53.1392705,67.6293602],[53.1394422,67.6294214],[53.140912,67.6296664],[53.1413627,67.629646],[53.1413412,67.6295643],[53.1414914,67.6294949],[53.1422102,67.6294459],[53.1423712,67.6293887],[53.1424034,67.6293071],[53.1420386,67.6292009],[53.1413841,67.6291274],[53.1411481,67.6291397],[53.1409871,67.6291968],[53.1407404,67.6291887],[53.1403327,67.6290907],[53.1394529,67.629205]]]}},{"type":"Feature","id":"osm-context-641346175","properties":{"osmId":641346175,"kind":"area","landuse":null,"natural":"water","water":null,"waterway":null,"leisure":null,"amenity":null,"railway":null,"name":null,"source":"OpenStreetMap"},"geometry":{"type":"Polygon","coordinates":[[[53.1359231,67.6299114],[53.1357729,67.6297481],[53.1359231,67.6295888],[53.1360412,67.6295194],[53.1361055,67.6294377],[53.1356764,67.6293928],[53.1354403,67.6293806],[53.1352365,67.6293479],[53.1351292,67.6292744],[53.1349575,67.6292172],[53.1347,67.6290702],[53.1343996,67.6288416],[53.1339598,67.6287803],[53.1337452,67.6287926],[53.1335843,67.6288538],[53.1335091,67.6289314],[53.1334448,67.6290172],[53.133434,67.6291968],[53.1336057,67.6292499],[53.1338417,67.6292744],[53.1342602,67.6292785],[53.1343996,67.6293438],[53.1344747,67.6294255],[53.1345177,67.6295112],[53.1345284,67.629597],[53.1344533,67.6298542],[53.1345391,67.6299359],[53.1347322,67.6299767],[53.1351399,67.6300257],[53.1353009,67.630087],[53.1355047,67.6301237],[53.1359231,67.6301401],[53.1360948,67.6300992],[53.1359982,67.6299441],[53.1359231,67.6299114]]]}},{"type":"Feature","id":"osm-context-695919520","properties":{"osmId":695919520,"kind":"area","landuse":null,"natural":"wood","water":null,"waterway":null,"leisure":null,"amenity":null,"railway":null,"name":null,"source":"OpenStreetMap"},"geometry":{"type":"Polygon","coordinates":[[[53.0071981,67.6262505],[53.0076916,67.6262096],[53.0079813,67.6261443],[53.0084641,67.6261525],[53.0102451,67.6260299],[53.0104918,67.6259728],[53.0109639,67.6259932],[53.011672,67.6259728],[53.01204,67.6259876],[53.0123479,67.6259319],[53.0128683,67.6259291],[53.0131204,67.6258666],[53.0132277,67.6257236],[53.0131097,67.6256706],[53.0134519,67.6254882],[53.0095187,67.6257305],[53.0090005,67.6258625],[53.0084963,67.6258543],[53.008117,67.6258169],[53.0073697,67.6258911],[53.0070801,67.6260259],[53.0071015,67.6261361],[53.0071552,67.6261851],[53.0071981,67.6262505]]]}},{"type":"Feature","id":"osm-context-764630858","properties":{"osmId":764630858,"kind":"area","landuse":null,"natural":"wood","water":null,"waterway":null,"leisure":null,"amenity":null,"railway":null,"name":null,"source":"OpenStreetMap"},"geometry":{"type":"Polygon","coordinates":[[[53.097678,67.6693662],[53.0978962,67.6693636],[53.09827,67.6693923],[53.0985611,67.6694488],[53.0987005,67.6694927],[53.0987874,67.6695731],[53.0989535,67.6696448],[53.099097,67.6696692],[53.0992216,67.6696749],[53.0993047,67.6696477],[53.0993198,67.6695774],[53.099433,67.6695544],[53.0995539,67.6695573],[53.0998196,67.6696041],[53.100124,67.6696907],[53.1002397,67.6696577],[53.1003998,67.6695803],[53.1006784,67.6695578],[53.1008717,67.6695329],[53.1012363,67.6695639],[53.1017737,67.6695932],[53.1022763,67.6696089],[53.1026124,67.6696692],[53.1028352,67.669751],[53.1030308,67.66989],[53.1030741,67.6699523],[53.1033388,67.6699949],[53.103528,67.6700336],[53.1037171,67.6700115],[53.1038262,67.6699065],[53.1040081,67.669807],[53.1042264,67.6697268],[53.1045174,67.6696384],[53.1048596,67.6695853],[53.1051348,67.6695243],[53.105467,67.6694267],[53.1056672,67.6694138],[53.1057804,67.6694181],[53.1060643,67.6693876],[53.1063544,67.6693564],[53.1065885,67.6693507],[53.1067395,67.6693693],[53.1068981,67.6694095],[53.1070567,67.6693894],[53.1073739,67.6693851],[53.1073546,67.6693288],[53.1074637,67.6692486],[53.1076092,67.6691602],[53.1077911,67.6690386],[53.1077838,67.6689529],[53.1078493,67.6688285],[53.1079366,67.6687179],[53.1081039,67.6686101],[53.1083179,67.6685874],[53.1084458,67.6685576],[53.1084676,67.6684774],[53.1083658,67.6683586],[53.1083658,67.6682729],[53.1082566,67.6681513],[53.1085369,67.6681226],[53.1086766,67.6680924],[53.108875,67.6680435],[53.109006,67.6679744],[53.1093333,67.6678914],[53.1094279,67.6678831],[53.1094279,67.6678279],[53.1094279,67.6677394],[53.1096752,67.6677256],[53.1098353,67.6678196],[53.1100535,67.6678417],[53.1102209,67.6677919],[53.1102936,67.6676813],[53.1102936,67.6676316],[53.1111666,67.6674353],[53.1113557,67.6675044],[53.1112975,67.6676122],[53.1112394,67.6676509],[53.1114721,67.6677145],[53.1118141,67.6676703],[53.1123451,67.6676454],[53.1124906,67.6676454],[53.1123815,67.6675238],[53.1123815,67.6674657],[53.1125488,67.6674187],[53.1129053,67.6675017],[53.1129635,67.667557],[53.1129271,67.6676813],[53.1129159,67.6677824],[53.1130681,67.667817],[53.1131957,67.667849],[53.1135091,67.6678389],[53.1136546,67.6677698],[53.113902,67.6677366],[53.1139965,67.6676371],[53.1141933,67.6676563],[53.114299,67.6676089],[53.114469,67.6676061],[53.1145349,67.6675818],[53.114513,67.6675044],[53.1146731,67.6674409],[53.1147895,67.667333],[53.1149714,67.6672225],[53.1149786,67.6671202],[53.1150077,67.666993],[53.1150077,67.6669377],[53.1152915,67.666982],[53.1155606,67.6670898],[53.1159244,67.667134],[53.1163058,67.6671517],[53.1166137,67.6671154],[53.1171877,67.6671426],[53.117509,67.6671152],[53.1176631,67.6670649],[53.1177576,67.6670234],[53.1176703,67.666946],[53.1176121,67.6668769],[53.1176776,67.6668686],[53.1178437,67.6668774],[53.1179089,67.6668413],[53.1179031,67.6668023],[53.1179468,67.6667691],[53.1181619,67.6668356],[53.1183242,67.6668069],[53.1183906,67.6667166],[53.1186088,67.6665867],[53.1187689,67.6665231],[53.1188271,67.666465],[53.1187325,67.6663904],[53.1188925,67.6662687],[53.1188853,67.6661886],[53.1186234,67.6661139],[53.1154006,67.6664291],[53.1119668,67.6666392],[53.1104027,67.6667829],[53.1086568,67.6670815],[53.1068089,67.6674768],[53.1051738,67.6677461],[53.1044592,67.6678638],[53.1029533,67.6680103],[53.102524,67.6683392],[53.102233,67.6684664],[53.1023858,67.6686295],[53.1017965,67.6687069],[53.1015201,67.6686875],[53.1011273,67.6685521],[53.100538,67.6682314],[53.1000288,67.6681181],[53.099374,67.6680988],[53.0984011,67.6681511],[53.0982134,67.6684083],[53.0982331,67.668611],[53.0981926,67.6687532],[53.097678,67.6693662]]]}},{"type":"Feature","id":"osm-context-764891532","properties":{"osmId":764891532,"kind":"area","landuse":null,"natural":null,"water":null,"waterway":null,"leisure":"playground","amenity":null,"railway":null,"name":null,"source":"OpenStreetMap"},"geometry":{"type":"Polygon","coordinates":[[[53.0185579,67.6306811],[53.0187774,67.6307619],[53.0189828,67.6306829],[53.0187704,67.6305984],[53.0185579,67.6306811]]]}},{"type":"Feature","id":"osm-context-765062966","properties":{"osmId":765062966,"kind":"area","landuse":null,"natural":null,"water":null,"waterway":null,"leisure":"playground","amenity":null,"railway":null,"name":null,"source":"OpenStreetMap"},"geometry":{"type":"Polygon","coordinates":[[[53.0352219,67.6285632],[53.0354714,67.6287664],[53.0349933,67.6287442],[53.0349673,67.628743],[53.0349245,67.628741],[53.0346775,67.6287296],[53.0345782,67.6286643],[53.0348048,67.6286287],[53.0348361,67.6286238],[53.0348796,67.628617],[53.0352219,67.6285632]]]}},{"type":"Feature","id":"osm-context-765062967","properties":{"osmId":765062967,"kind":"area","landuse":"grass","natural":null,"water":null,"waterway":null,"leisure":null,"amenity":null,"railway":null,"name":null,"source":"OpenStreetMap"},"geometry":{"type":"Polygon","coordinates":[[[53.0343854,67.6286546],[53.0344654,67.6287214],[53.0345685,67.6287652],[53.0349001,67.6287847],[53.0349245,67.628741],[53.0346775,67.6287296],[53.0345782,67.6286643],[53.0348048,67.6286287],[53.034763,67.628596],[53.0345302,67.6286314],[53.0343854,67.6286546]]]}},{"type":"Feature","id":"osm-context-765062968","properties":{"osmId":765062968,"kind":"area","landuse":"grass","natural":null,"water":null,"waterway":null,"leisure":null,"amenity":null,"railway":null,"name":null,"source":"OpenStreetMap"},"geometry":{"type":"Polygon","coordinates":[[[53.0349943,67.6287892],[53.035743,67.6288091],[53.0353733,67.628503],[53.0348264,67.6285775],[53.0348796,67.628617],[53.0352219,67.6285632],[53.0354714,67.6287664],[53.0349933,67.6287442],[53.0349943,67.6287892]]]}},{"type":"Feature","id":"osm-context-765352131","properties":{"osmId":765352131,"kind":"area","landuse":null,"natural":"water","water":"lake","waterway":null,"leisure":null,"amenity":null,"railway":null,"name":null,"source":"OpenStreetMap"},"geometry":{"type":"Polygon","coordinates":[[[52.968114,67.6205459],[52.9684813,67.6208854],[52.9691912,67.6209778],[52.9716382,67.6206791],[52.9723107,67.6205227],[52.9729085,67.6207147],[52.9743655,67.6204089],[52.9747952,67.6205725],[52.9739546,67.6208143],[52.9725722,67.6209209],[52.9720118,67.6208072],[52.9728711,67.621561],[52.9743282,67.6217602],[52.9761028,67.6218882],[52.976962,67.6218313],[52.976495,67.6216321],[52.9772422,67.6218028],[52.9788674,67.6217886],[52.9791476,67.6214757],[52.978307,67.6212837],[52.977317,67.6213406],[52.9775411,67.621049],[52.9767005,67.6208143],[52.9775785,67.620544],[52.9770181,67.6193633],[52.975561,67.6190646],[52.9740853,67.6192069],[52.972759,67.6191215],[52.973226,67.6189295],[52.9721426,67.6190148],[52.9707229,67.619278],[52.9702186,67.6197688],[52.970424,67.6199608],[52.9687055,67.6202524],[52.968114,67.6205459]]]}},{"type":"Feature","id":"osm-context-765352151","properties":{"osmId":765352151,"kind":"area","landuse":"cemetery","natural":null,"water":null,"waterway":null,"leisure":null,"amenity":null,"railway":null,"name":"Безымянное кладбище","source":"OpenStreetMap"},"geometry":{"type":"Polygon","coordinates":[[[53.0507959,67.6171286],[53.0496663,67.6171741],[53.0500042,67.6182166],[53.0505699,67.618529],[53.0523592,67.6186058],[53.0557925,67.6178541],[53.0584586,67.6173781],[53.059966,67.617231],[53.0620044,67.6171718],[53.0616182,67.6165099],[53.061114,67.6160605],[53.0607744,67.6160041],[53.0589232,67.6162769],[53.0588214,67.6162919],[53.0566681,67.616529],[53.0556772,67.6165835],[53.0540335,67.616732],[53.0509159,67.6171163],[53.0508694,67.617122],[53.0507959,67.6171286]]]}},{"type":"Feature","id":"osm-context-766168649","properties":{"osmId":766168649,"kind":"area","landuse":null,"natural":"wood","water":null,"waterway":null,"leisure":null,"amenity":null,"railway":null,"name":null,"source":"OpenStreetMap"},"geometry":{"type":"Polygon","coordinates":[[[53.0287841,67.6213071],[53.030329,67.6220996],[53.0312559,67.6224958],[53.0325731,67.6227125],[53.0365247,67.6233873],[53.0378582,67.6231149],[53.0381672,67.6232325],[53.0380371,67.6230963],[53.0398909,67.6225825],[53.040265,67.6223905],[53.0409967,67.6221924],[53.0412244,67.6219015],[53.0418098,67.6214866],[53.0422977,67.6211709],[53.042314,67.6209604],[53.0420538,67.620527],[53.0422489,67.6203969],[53.0427855,67.6198892],[53.0437287,67.6195363],[53.0444768,67.6192391],[53.0470624,67.6188119],[53.0508677,67.6191153],[53.0513556,67.6189852],[53.0515832,67.6192019],[53.0524451,67.6192824],[53.0528842,67.6191462],[53.0542176,67.618979],[53.0561318,67.6185812],[53.0567326,67.6181237],[53.0589213,67.6175681],[53.0599298,67.6173883],[53.062333,67.6173066],[53.0634488,67.6173475],[53.0637922,67.6170942],[53.0634059,67.6170125],[53.0630411,67.6168572],[53.0623545,67.6165794],[53.062376,67.6162852],[53.0616893,67.6162035],[53.0615176,67.6159502],[53.0630197,67.6160483],[53.0644359,67.6158521],[53.0628051,67.6151412],[53.0510892,67.6162934],[53.0495443,67.6163833],[53.0489323,67.6164339],[53.0486962,67.6167403],[53.0476555,67.6170508],[53.0476663,67.6174308],[53.0475053,67.6175525],[53.0474545,67.6175561],[53.0463988,67.6176314],[53.0462636,67.6174755],[53.0467191,67.6173302],[53.04685,67.6171935],[53.0466148,67.6168139],[53.0464776,67.6166986],[53.0461766,67.616676],[53.0457565,67.6166995],[53.0455027,67.6167207],[53.0407854,67.6172475],[53.0402218,67.6173273],[53.0388176,67.6177343],[53.0380347,67.6179946],[53.0370506,67.6183436],[53.0358745,67.6186927],[53.0344327,67.619229],[53.0339104,67.6194206],[53.0327159,67.6198581],[53.0314561,67.6203223],[53.0316358,67.6203874],[53.0320236,67.6202128],[53.0326673,67.6205191],[53.0317017,67.6211768],[53.0310258,67.6210992],[53.0308756,67.6209807],[53.0308327,67.6207969],[53.0308542,67.6206948],[53.0307093,67.6205666],[53.0290306,67.6211961],[53.0287841,67.6213071]]]}},{"type":"Feature","id":"osm-context-768726228","properties":{"osmId":768726228,"kind":"area","landuse":"residential","natural":null,"water":null,"waterway":null,"leisure":null,"amenity":null,"railway":null,"name":null,"source":"OpenStreetMap"},"geometry":{"type":"Polygon","coordinates":[[[53.0033995,67.6447638],[53.0035114,67.6446667],[53.0035967,67.6445927],[53.0025914,67.6444264],[53.0024733,67.6445142],[53.0020488,67.6448892],[53.0021555,67.6449762],[53.0022224,67.6449889],[53.0021649,67.6450327],[53.0024947,67.6450866],[53.00265,67.6451128],[53.0027764,67.6451341],[53.0031466,67.6451965],[53.0035472,67.6448428],[53.0033526,67.6448013],[53.0033735,67.6447846],[53.0033995,67.6447638]]]}},{"type":"Feature","id":"osm-context-768726235","properties":{"osmId":768726235,"kind":"area","landuse":"grass","natural":null,"water":null,"waterway":null,"leisure":null,"amenity":null,"railway":null,"name":null,"source":"OpenStreetMap"},"geometry":{"type":"Polygon","coordinates":[[[53.0052963,67.6437308],[53.0053762,67.6437499],[53.0056155,67.643541],[53.0055806,67.6435354],[53.0053647,67.643714],[53.005311,67.6437191],[53.0052963,67.6437308]]]}},{"type":"Feature","id":"osm-context-768726236","properties":{"osmId":768726236,"kind":"area","landuse":"grass","natural":null,"water":null,"waterway":null,"leisure":null,"amenity":null,"railway":null,"name":null,"source":"OpenStreetMap"},"geometry":{"type":"Polygon","coordinates":[[[53.005688,67.6434422],[53.0057511,67.6433883],[53.0057889,67.6433942],[53.0057273,67.6434484],[53.005688,67.6434422]]]}},{"type":"Feature","id":"osm-context-768726237","properties":{"osmId":768726237,"kind":"area","landuse":"grass","natural":null,"water":null,"waterway":null,"leisure":null,"amenity":null,"railway":null,"name":null,"source":"OpenStreetMap"},"geometry":{"type":"Polygon","coordinates":[[[53.0051442,67.6438064],[53.0046718,67.6442391],[53.0046398,67.6442332],[53.0046239,67.6442258],[53.0046186,67.644215],[53.0046239,67.6442049],[53.0050309,67.643832],[53.0050557,67.6438179],[53.005084,67.6438105],[53.0051442,67.6438064]]]}},{"type":"Feature","id":"osm-context-768726238","properties":{"osmId":768726238,"kind":"area","landuse":"grass","natural":null,"water":null,"waterway":null,"leisure":null,"amenity":null,"railway":null,"name":null,"source":"OpenStreetMap"},"geometry":{"type":"Polygon","coordinates":[[[53.0043829,67.6444926],[53.0043043,67.6444803],[53.0045139,67.6442945],[53.0045478,67.6442828],[53.0045786,67.6442793],[53.0046001,67.6442793],[53.0046217,67.6442799],[53.0043829,67.6444926]]]}},{"type":"Feature","id":"osm-context-768726239","properties":{"osmId":768726239,"kind":"area","landuse":"grass","natural":null,"water":null,"waterway":null,"leisure":null,"amenity":null,"railway":null,"name":null,"source":"OpenStreetMap"},"geometry":{"type":"Polygon","coordinates":[[[53.0040925,67.6444417],[53.0041527,67.6444518],[53.0046404,67.6440275],[53.004565,67.6440311],[53.0040925,67.6444417]]]}},{"type":"Feature","id":"osm-context-768726240","properties":{"osmId":768726240,"kind":"area","landuse":"grass","natural":null,"water":null,"waterway":null,"leisure":null,"amenity":null,"railway":null,"name":null,"source":"OpenStreetMap"},"geometry":{"type":"Polygon","coordinates":[[[53.004714,67.6439002],[53.0047603,67.6439284],[53.0050143,67.6437073],[53.0049456,67.643696],[53.004714,67.6439002]]]}},{"type":"Feature","id":"osm-context-768726267","properties":{"osmId":768726267,"kind":"area","landuse":"grass","natural":null,"water":null,"waterway":null,"leisure":null,"amenity":null,"railway":null,"name":null,"source":"OpenStreetMap"},"geometry":{"type":"Polygon","coordinates":[[[53.0014078,67.6439905],[53.0014826,67.6440021],[53.0015853,67.6439044],[53.0015526,67.6438644],[53.0014795,67.643928],[53.0014335,67.6439682],[53.0014078,67.6439905]]]}},{"type":"Feature","id":"osm-context-768726268","properties":{"osmId":768726268,"kind":"area","landuse":"grass","natural":null,"water":null,"waterway":null,"leisure":null,"amenity":null,"railway":null,"name":null,"source":"OpenStreetMap"},"geometry":{"type":"Polygon","coordinates":[[[53.0012514,67.6440345],[53.0013418,67.6439543],[53.0010127,67.6439044],[53.0009601,67.6439508],[53.0009305,67.6439768],[53.0010055,67.6439965],[53.0012514,67.6440345]]]}},{"type":"Feature","id":"osm-context-768726298","properties":{"osmId":768726298,"kind":"area","landuse":"grass","natural":null,"water":null,"waterway":null,"leisure":null,"amenity":null,"railway":null,"name":null,"source":"OpenStreetMap"},"geometry":{"type":"Polygon","coordinates":[[[52.9960789,67.6363546],[52.9961209,67.6363164],[52.9957964,67.6362666],[52.9957543,67.636303],[52.9960789,67.6363546]]]}},{"type":"Feature","id":"osm-context-768726299","properties":{"osmId":768726299,"kind":"area","landuse":"grass","natural":null,"water":null,"waterway":null,"leisure":null,"amenity":null,"railway":null,"name":null,"source":"OpenStreetMap"},"geometry":{"type":"Polygon","coordinates":[[[52.9962656,67.6363853],[52.9963079,67.6363467],[52.9966465,67.6364004],[52.9966042,67.636439],[52.9962656,67.6363853]]]}},{"type":"Feature","id":"osm-context-768726302","properties":{"osmId":768726302,"kind":"area","landuse":"grass","natural":null,"water":null,"waterway":null,"leisure":null,"amenity":null,"railway":null,"name":null,"source":"OpenStreetMap"},"geometry":{"type":"Polygon","coordinates":[[[52.9942929,67.6361158],[52.9948124,67.6362008],[52.9948947,67.636128],[52.9943752,67.636043],[52.9942929,67.6361158]]]}},{"type":"Feature","id":"osm-context-768805934","properties":{"osmId":768805934,"kind":"area","landuse":"grass","natural":null,"water":null,"waterway":null,"leisure":null,"amenity":null,"railway":null,"name":null,"source":"OpenStreetMap"},"geometry":{"type":"Polygon","coordinates":[[[53.0005742,67.6404996],[53.0014825,67.6406584],[53.0015487,67.6406035],[53.0006404,67.6404448],[53.0005742,67.6404996]]]}},{"type":"Feature","id":"osm-context-768805970","properties":{"osmId":768805970,"kind":"area","landuse":"grass","natural":null,"water":null,"waterway":null,"leisure":null,"amenity":null,"railway":null,"name":null,"source":"OpenStreetMap"},"geometry":{"type":"Polygon","coordinates":[[[52.9987023,67.6383443],[52.9977916,67.6381924],[52.9978143,67.6381727],[52.998729,67.6383235],[52.9987023,67.6383443]]]}},{"type":"Feature","id":"osm-context-768805971","properties":{"osmId":768805971,"kind":"area","landuse":"grass","natural":null,"water":null,"waterway":null,"leisure":null,"amenity":null,"railway":null,"name":null,"source":"OpenStreetMap"},"geometry":{"type":"Polygon","coordinates":[[[52.9988255,67.6383651],[53.0000181,67.6385665],[53.0013738,67.6387815],[53.0014004,67.6387569],[53.0013109,67.6387423],[52.9994976,67.6384471],[52.9993104,67.6384166],[52.9989821,67.6383632],[52.9988539,67.6383423],[52.9988255,67.6383651]]]}},{"type":"Feature","id":"osm-context-768811980","properties":{"osmId":768811980,"kind":"area","landuse":"grass","natural":null,"water":null,"waterway":null,"leisure":null,"amenity":null,"railway":null,"name":null,"source":"OpenStreetMap"},"geometry":{"type":"Polygon","coordinates":[[[52.9926389,67.6381113],[52.9928047,67.6379594],[52.9928491,67.6379496],[52.9929261,67.6379496],[52.9930055,67.6379576],[52.9930522,67.6379798],[52.9930569,67.6380029],[52.9928934,67.638146],[52.9928351,67.6381611],[52.992772,67.6381611],[52.992693,67.6381496],[52.9926529,67.63813],[52.9926389,67.6381113]]]}},{"type":"Feature","id":"osm-context-768811990","properties":{"osmId":768811990,"kind":"area","landuse":"grass","natural":null,"water":null,"waterway":null,"leisure":null,"amenity":null,"railway":null,"name":null,"source":"OpenStreetMap"},"geometry":{"type":"Polygon","coordinates":[[[52.9956201,67.6372972],[52.9958884,67.637448],[52.9960571,67.6374727],[52.9964352,67.6374085],[52.9956201,67.6372972]]]}},{"type":"Feature","id":"osm-context-768811991","properties":{"osmId":768811991,"kind":"area","landuse":"grass","natural":null,"water":null,"waterway":null,"leisure":null,"amenity":null,"railway":null,"name":null,"source":"OpenStreetMap"},"geometry":{"type":"Polygon","coordinates":[[[52.9954778,67.6372817],[52.9953396,67.6374101],[52.9958274,67.6374882],[52.9958132,67.6374689],[52.9953965,67.6374023],[52.9955103,67.6372972],[52.9954778,67.6372817]]]}},{"type":"Feature","id":"osm-context-768811992","properties":{"osmId":768811992,"kind":"area","landuse":"grass","natural":null,"water":null,"waterway":null,"leisure":null,"amenity":null,"railway":null,"name":null,"source":"OpenStreetMap"},"geometry":{"type":"Polygon","coordinates":[[[52.9960185,67.6375207],[52.9963417,67.6375702],[52.9965084,67.6374294],[52.9960185,67.6375207]]]}},{"type":"Feature","id":"osm-context-768811993","properties":{"osmId":768811993,"kind":"area","landuse":"grass","natural":null,"water":null,"waterway":null,"leisure":null,"amenity":null,"railway":null,"name":null,"source":"OpenStreetMap"},"geometry":{"type":"Polygon","coordinates":[[[52.9964347,67.6375838],[52.9966566,67.6373736],[52.9966912,67.6373788],[52.9964694,67.6375891],[52.9964347,67.6375838]]]}},{"type":"Feature","id":"osm-context-768837982","properties":{"osmId":768837982,"kind":"area","landuse":null,"natural":null,"water":null,"waterway":null,"leisure":"playground","amenity":null,"railway":null,"name":null,"source":"OpenStreetMap"},"geometry":{"type":"Polygon","coordinates":[[[52.9752488,67.6379783],[52.9757821,67.6378786],[52.9759054,67.6379771],[52.9753691,67.6380745],[52.9752488,67.6379783]]]}},{"type":"Feature","id":"osm-context-768847170","properties":{"osmId":768847170,"kind":"area","landuse":"grass","natural":null,"water":null,"waterway":null,"leisure":null,"amenity":null,"railway":null,"name":null,"source":"OpenStreetMap"},"geometry":{"type":"Polygon","coordinates":[[[52.9989304,67.6418635],[52.9999079,67.6420285],[52.9999387,67.6420022],[52.9989611,67.6418372],[52.9989304,67.6418635]]]}},{"type":"Feature","id":"osm-context-768847171","properties":{"osmId":768847171,"kind":"area","landuse":"grass","natural":null,"water":null,"waterway":null,"leisure":null,"amenity":null,"railway":null,"name":null,"source":"OpenStreetMap"},"geometry":{"type":"Polygon","coordinates":[[[52.9972826,67.641549],[52.9972406,67.641584],[52.9987376,67.6418312],[52.9987554,67.6418162],[52.9987323,67.6417978],[52.9972826,67.641549]]]}},{"type":"Feature","id":"osm-context-768847185","properties":{"osmId":768847185,"kind":"area","landuse":"grass","natural":null,"water":null,"waterway":null,"leisure":null,"amenity":null,"railway":null,"name":null,"source":"OpenStreetMap"},"geometry":{"type":"Polygon","coordinates":[[[52.9964143,67.6451014],[52.9958695,67.6450102],[52.9957008,67.6450311],[52.9955503,67.6451617],[52.996211,67.6452676],[52.9964143,67.6451014]]]}},{"type":"Feature","id":"osm-context-768847186","properties":{"osmId":768847186,"kind":"area","landuse":"grass","natural":null,"water":null,"waterway":null,"leisure":null,"amenity":null,"railway":null,"name":null,"source":"OpenStreetMap"},"geometry":{"type":"Polygon","coordinates":[[[52.9955199,67.6451803],[52.9961378,67.64528],[52.9961114,67.6453009],[52.9960504,67.6452947],[52.9959589,67.645372],[52.9959996,67.6453937],[52.9959894,67.6454053],[52.9953755,67.6453086],[52.9955199,67.6451803]]]}},{"type":"Feature","id":"osm-context-768847187","properties":{"osmId":768847187,"kind":"area","landuse":"grass","natural":null,"water":null,"waterway":null,"leisure":null,"amenity":null,"railway":null,"name":null,"source":"OpenStreetMap"},"geometry":{"type":"Polygon","coordinates":[[[52.9951885,67.6454748],[52.9958065,67.6455692],[52.9958634,67.6455638],[52.996026,67.6454254],[52.9953633,67.645321],[52.9951885,67.6454748]]]}},{"type":"Feature","id":"osm-context-768847199","properties":{"osmId":768847199,"kind":"area","landuse":null,"natural":null,"water":null,"waterway":null,"leisure":"park","amenity":null,"railway":null,"name":null,"source":"OpenStreetMap"},"geometry":{"type":"Polygon","coordinates":[[[52.9964813,67.6457062],[52.9969763,67.6452302],[52.9978776,67.6453696],[52.9978047,67.6454329],[52.9973079,67.6458643],[52.9965933,67.6457515],[52.9964813,67.6457062]]]}},{"type":"Feature","id":"osm-context-768847216","properties":{"osmId":768847216,"kind":"area","landuse":null,"natural":null,"water":null,"waterway":null,"leisure":"playground","amenity":null,"railway":null,"name":null,"source":"OpenStreetMap"},"geometry":{"type":"Polygon","coordinates":[[[53.0028789,67.6463858],[53.0029362,67.6463935],[53.0029598,67.6463967],[53.0034099,67.6464569],[53.0034551,67.646408],[53.003504,67.6463551],[53.0035463,67.6463094],[53.0030154,67.6462384],[53.0028789,67.6463858]]]}},{"type":"Feature","id":"osm-context-768847233","properties":{"osmId":768847233,"kind":"area","landuse":null,"natural":null,"water":null,"waterway":null,"leisure":"pitch","amenity":null,"railway":null,"name":null,"source":"OpenStreetMap"},"geometry":{"type":"Polygon","coordinates":[[[53.0107251,67.6429488],[53.0116778,67.6430989],[53.0117478,67.6430936],[53.0117969,67.6430794],[53.0119136,67.6429683],[53.0119159,67.6429417],[53.0118856,67.6429213],[53.0109563,67.6427694],[53.0109096,67.6427694],[53.0108442,67.6427756],[53.0107017,67.6429053],[53.0106924,67.642931],[53.0107251,67.6429488]]]}},{"type":"Feature","id":"osm-context-768847258","properties":{"osmId":768847258,"kind":"area","landuse":"industrial","natural":null,"water":null,"waterway":null,"leisure":null,"amenity":null,"railway":null,"name":null,"source":"OpenStreetMap"},"geometry":{"type":"Polygon","coordinates":[[[53.0134066,67.63877],[53.0136967,67.6388183],[53.0136227,67.6388844],[53.0133277,67.6388374],[53.0134066,67.63877]]]}},{"type":"Feature","id":"osm-context-768999349","properties":{"osmId":768999349,"kind":"area","landuse":"grass","natural":null,"water":null,"waterway":null,"leisure":null,"amenity":null,"railway":null,"name":null,"source":"OpenStreetMap"},"geometry":{"type":"Polygon","coordinates":[[[53.0087125,67.6378726],[53.0087568,67.6378948],[53.0088205,67.6379157],[53.0089337,67.6379338],[53.0090063,67.6379352],[53.0091071,67.6379298],[53.0087125,67.6378726]]]}},{"type":"Feature","id":"osm-context-768999353","properties":{"osmId":768999353,"kind":"area","landuse":"grass","natural":null,"water":null,"waterway":null,"leisure":null,"amenity":null,"railway":null,"name":null,"source":"OpenStreetMap"},"geometry":{"type":"Polygon","coordinates":[[[53.0098291,67.6378537],[53.0100733,67.6378396],[53.0100592,67.6378019],[53.0100804,67.6377803],[53.0099265,67.6377527],[53.0098291,67.6378537]]]}},{"type":"Feature","id":"osm-context-768999354","properties":{"osmId":768999354,"kind":"area","landuse":"grass","natural":null,"water":null,"waterway":null,"leisure":null,"amenity":null,"railway":null,"name":null,"source":"OpenStreetMap"},"geometry":{"type":"Polygon","coordinates":[[[53.0098645,67.6377447],[53.009753,67.6378591],[53.0093,67.6378934],[53.0093602,67.6377945],[53.0094009,67.6378059],[53.009454,67.6378093],[53.0094965,67.6378086],[53.009546,67.6378012],[53.0095725,67.6377891],[53.0095991,67.6377642],[53.0095973,67.6377447],[53.0095672,67.6377319],[53.009523,67.6377204],[53.0094752,67.637715],[53.0094398,67.6377164],[53.0094021,67.6377199],[53.0094062,67.6376666],[53.0098645,67.6377447]]]}},{"type":"Feature","id":"osm-context-768999377","properties":{"osmId":768999377,"kind":"area","landuse":null,"natural":null,"water":null,"waterway":null,"leisure":"playground","amenity":null,"railway":null,"name":null,"source":"OpenStreetMap"},"geometry":{"type":"Polygon","coordinates":[[[53.0221022,67.6291433],[53.0224268,67.629124],[53.0224926,67.6291192],[53.0225326,67.6292246],[53.0221477,67.6292458],[53.0221022,67.6291433]]]}},{"type":"Feature","id":"osm-context-768999378","properties":{"osmId":768999378,"kind":"area","landuse":null,"natural":null,"water":null,"waterway":null,"leisure":"pitch","amenity":null,"railway":null,"name":null,"source":"OpenStreetMap"},"geometry":{"type":"Polygon","coordinates":[[[53.0221022,67.6291433],[53.0224268,67.629124],[53.0224197,67.6291066],[53.0224088,67.6290801],[53.0224052,67.6290714],[53.0223242,67.6288729],[53.0219994,67.6288922],[53.0221022,67.6291433]]]}},{"type":"Feature","id":"osm-context-768999383","properties":{"osmId":768999383,"kind":"area","landuse":null,"natural":null,"water":null,"waterway":null,"leisure":"playground","amenity":null,"railway":null,"name":null,"source":"OpenStreetMap"},"geometry":{"type":"Polygon","coordinates":[[[53.0164833,67.630658],[53.0167163,67.630568],[53.0164203,67.6304571],[53.0161873,67.6305471],[53.0164833,67.630658]]]}},{"type":"Feature","id":"osm-context-768999425","properties":{"osmId":768999425,"kind":"area","landuse":null,"natural":null,"water":null,"waterway":null,"leisure":null,"amenity":"parking","railway":null,"name":null,"source":"OpenStreetMap"},"geometry":{"type":"Polygon","coordinates":[[[53.0173065,67.6304271],[53.0177816,67.6302525],[53.0177018,67.630221],[53.017344,67.63008],[53.0172819,67.6300555],[53.0168067,67.63023],[53.0173065,67.6304271]]]}},{"type":"Feature","id":"osm-context-769033825","properties":{"osmId":769033825,"kind":"area","landuse":null,"natural":null,"water":null,"waterway":null,"leisure":"playground","amenity":null,"railway":null,"name":null,"source":"OpenStreetMap"},"geometry":{"type":"Polygon","coordinates":[[[52.98399,67.6342584],[52.9839188,67.6342959],[52.9838194,67.6343226],[52.9837026,67.6343355],[52.9835811,67.6343331],[52.9834683,67.6343159],[52.9833764,67.6342855],[52.9833156,67.6342454],[52.9832925,67.6342005],[52.9833088,67.634155],[52.9833628,67.6341141],[52.9834487,67.6340819],[52.9835573,67.6340621],[52.9836769,67.6340567],[52.9837947,67.6340662],[52.9838981,67.6340897],[52.9839759,67.6341247],[52.9840202,67.6341678],[52.984025,67.6342141],[52.98399,67.6342584]]]}},{"type":"Feature","id":"osm-context-769033826","properties":{"osmId":769033826,"kind":"area","landuse":"grass","natural":null,"water":null,"waterway":null,"leisure":null,"amenity":null,"railway":null,"name":null,"source":"OpenStreetMap"},"geometry":{"type":"Polygon","coordinates":[[[52.9836835,67.6341595],[52.9836545,67.6341579],[52.9836256,67.6341599],[52.9836,67.6341654],[52.9835806,67.6341738],[52.9835693,67.6341841],[52.9835675,67.6341953],[52.9835753,67.634206],[52.9835919,67.6342152],[52.9836153,67.6342219],[52.9836432,67.6342253],[52.9836724,67.634225],[52.9836999,67.6342212],[52.9837226,67.6342142],[52.9837382,67.6342048],[52.9837449,67.634194],[52.983742,67.6341829],[52.9837298,67.6341728],[52.9837096,67.6341647],[52.9836835,67.6341595]]]}},{"type":"Feature","id":"osm-context-769051842","properties":{"osmId":769051842,"kind":"area","landuse":null,"natural":"wood","water":null,"waterway":null,"leisure":null,"amenity":null,"railway":null,"name":null,"source":"OpenStreetMap"},"geometry":{"type":"Polygon","coordinates":[[[52.9982128,67.6461743],[52.9982343,67.6461539],[52.9964775,67.6458733],[52.9964319,67.6458744],[52.9964077,67.6458886],[52.9982128,67.6461743]]]}},{"type":"Feature","id":"osm-context-769051875","properties":{"osmId":769051875,"kind":"area","landuse":null,"natural":null,"water":null,"waterway":null,"leisure":"playground","amenity":null,"railway":null,"name":null,"source":"OpenStreetMap"},"geometry":{"type":"Polygon","coordinates":[[[53.011303,67.6386267],[53.0112646,67.6384171],[53.0116733,67.6384083],[53.011719,67.6386071],[53.011303,67.6386267]]]}},{"type":"Feature","id":"osm-context-769051878","properties":{"osmId":769051878,"kind":"area","landuse":"grass","natural":null,"water":null,"waterway":null,"leisure":null,"amenity":null,"railway":null,"name":null,"source":"OpenStreetMap"},"geometry":{"type":"Polygon","coordinates":[[[53.0081094,67.6384581],[53.0092904,67.6384106],[53.0092762,67.6383797],[53.0087629,67.6382328],[53.0082574,67.6383178],[53.0081094,67.6384581]]]}},{"type":"Feature","id":"osm-context-769051879","properties":{"osmId":769051879,"kind":"area","landuse":"grass","natural":null,"water":null,"waterway":null,"leisure":null,"amenity":null,"railway":null,"name":null,"source":"OpenStreetMap"},"geometry":{"type":"Polygon","coordinates":[[[53.0088373,67.6382203],[53.0093148,67.6383642],[53.0096523,67.6382049],[53.0096421,67.6381794],[53.0097595,67.6381745],[53.0097434,67.6381153],[53.0093408,67.6381357],[53.0088373,67.6382203]]]}},{"type":"Feature","id":"osm-context-769051882","properties":{"osmId":769051882,"kind":"area","landuse":"grass","natural":null,"water":null,"waterway":null,"leisure":null,"amenity":null,"railway":null,"name":null,"source":"OpenStreetMap"},"geometry":{"type":"Polygon","coordinates":[[[53.0108669,67.6386472],[53.0108068,67.6384414],[53.0108932,67.638405],[53.0112388,67.6383881],[53.0115377,67.638309],[53.0118012,67.6382945],[53.0118279,67.6383977],[53.0116733,67.6384083],[53.0112646,67.6384171],[53.011303,67.6386267],[53.0108669,67.6386472]]]}},{"type":"Feature","id":"osm-context-769051887","properties":{"osmId":769051887,"kind":"area","landuse":"grass","natural":null,"water":null,"waterway":null,"leisure":null,"amenity":null,"railway":null,"name":null,"source":"OpenStreetMap"},"geometry":{"type":"Polygon","coordinates":[[[53.0104907,67.6383794],[53.0106641,67.6383726],[53.010703,67.6384992],[53.0104836,67.6386123],[53.0100553,67.6386325],[53.0100483,67.6386083],[53.0102181,67.6385975],[53.0105084,67.6384386],[53.0104907,67.6383794]]]}},{"type":"Feature","id":"osm-context-769051888","properties":{"osmId":769051888,"kind":"area","landuse":"grass","natural":null,"water":null,"waterway":null,"leisure":null,"amenity":null,"railway":null,"name":null,"source":"OpenStreetMap"},"geometry":{"type":"Polygon","coordinates":[[[53.0094277,67.6385008],[53.009484,67.6386722],[53.00994,67.6386528],[53.0099185,67.6386192],[53.0094277,67.6385008]]]}},{"type":"Feature","id":"osm-context-769051890","properties":{"osmId":769051890,"kind":"area","landuse":"grass","natural":null,"water":null,"waterway":null,"leisure":null,"amenity":null,"railway":null,"name":null,"source":"OpenStreetMap"},"geometry":{"type":"Polygon","coordinates":[[[53.0080639,67.6385012],[53.0092955,67.6384541],[53.0093726,67.6384817],[53.0094614,67.6387377],[53.0093622,67.6387414],[53.0093877,67.6388412],[53.0096266,67.6388324],[53.0096312,67.6388504],[53.0097679,67.6388454],[53.0098069,67.6389951],[53.008972,67.639007],[53.0089345,67.6387335],[53.0085845,67.6386958],[53.0084979,67.6386864],[53.0079538,67.6386056],[53.0080639,67.6385012]]]}},{"type":"Feature","id":"osm-context-769051912","properties":{"osmId":769051912,"kind":"area","landuse":"grass","natural":null,"water":null,"waterway":null,"leisure":null,"amenity":null,"railway":null,"name":null,"source":"OpenStreetMap"},"geometry":{"type":"Polygon","coordinates":[[[53.0076871,67.6379388],[53.0080443,67.6379939],[53.0081961,67.6378704],[53.0081027,67.6378579],[53.008056,67.637865],[53.007979,67.6379228],[53.0078552,67.637905],[53.0076871,67.6379388]]]}},{"type":"Feature","id":"osm-context-769051926","properties":{"osmId":769051926,"kind":"area","landuse":null,"natural":null,"water":null,"waterway":null,"leisure":null,"amenity":"parking","railway":null,"name":null,"source":"OpenStreetMap"},"geometry":{"type":"Polygon","coordinates":[[[53.0142881,67.6341846],[53.014635,67.6340865],[53.0152544,67.6344003],[53.0152366,67.6344162],[53.0148898,67.6344552],[53.0142881,67.6341846]]]}},{"type":"Feature","id":"osm-context-769056295","properties":{"osmId":769056295,"kind":"area","landuse":"garages","natural":null,"water":null,"waterway":null,"leisure":null,"amenity":null,"railway":null,"name":"База МКУ \"Чистый город\"","source":"OpenStreetMap"},"geometry":{"type":"Polygon","coordinates":[[[53.0092887,67.6354289],[53.010176,67.6355942],[53.0104565,67.6355646],[53.0103426,67.6356816],[53.0101847,67.6357783],[53.0102284,67.6359248],[53.0099691,67.6361519],[53.0104851,67.6362284],[53.0102108,67.6364803],[53.0101375,67.6365476],[53.0099398,67.6365172],[53.0093399,67.636413],[53.0088173,67.6363351],[53.0087988,67.6362964],[53.0087356,67.6362822],[53.0086726,67.6362784],[53.0085554,67.6362941],[53.0080286,67.6362096],[53.008198,67.6360901],[53.0085061,67.6361159],[53.0092887,67.6354289]]]}},{"type":"Feature","id":"osm-context-769056302","properties":{"osmId":769056302,"kind":"area","landuse":"retail","natural":null,"water":null,"waterway":null,"leisure":null,"amenity":null,"railway":null,"name":null,"source":"OpenStreetMap"},"geometry":{"type":"Polygon","coordinates":[[[53.00632,67.6359179],[53.0064176,67.6358355],[53.0064677,67.6358441],[53.0063702,67.6359265],[53.00632,67.6359179]]]}},{"type":"Feature","id":"osm-context-769056310","properties":{"osmId":769056310,"kind":"area","landuse":null,"natural":null,"water":null,"waterway":null,"leisure":"pitch","amenity":null,"railway":null,"name":null,"source":"OpenStreetMap"},"geometry":{"type":"Polygon","coordinates":[[[53.0178664,67.6314132],[53.0181223,67.63151],[53.0185431,67.6313489],[53.0182871,67.6312521],[53.0178664,67.6314132]]]}},{"type":"Feature","id":"osm-context-769056311","properties":{"osmId":769056311,"kind":"area","landuse":null,"natural":null,"water":null,"waterway":null,"leisure":"playground","amenity":null,"railway":null,"name":null,"source":"OpenStreetMap"},"geometry":{"type":"Polygon","coordinates":[[[53.0178664,67.6314132],[53.0181223,67.63151],[53.0185431,67.6313489],[53.0191174,67.6315645],[53.0186583,67.6317451],[53.0176569,67.6314871],[53.017713,67.6314673],[53.0178664,67.6314132]]]}},{"type":"Feature","id":"osm-context-769056314","properties":{"osmId":769056314,"kind":"area","landuse":null,"natural":null,"water":null,"waterway":null,"leisure":null,"amenity":"parking","railway":null,"name":null,"source":"OpenStreetMap"},"geometry":{"type":"Polygon","coordinates":[[[53.0187569,67.6317673],[53.018873,67.6318092],[53.0190043,67.6318566],[53.0195045,67.6316559],[53.019398,67.6316175],[53.019257,67.6315666],[53.0192296,67.631578],[53.0187569,67.6317673]]]}},{"type":"Feature","id":"osm-context-769056366","properties":{"osmId":769056366,"kind":"area","landuse":"industrial","natural":null,"water":null,"waterway":null,"leisure":null,"amenity":null,"railway":null,"name":"Котельная № 2","source":"OpenStreetMap"},"geometry":{"type":"Polygon","coordinates":[[[53.0055092,67.6339506],[53.0055981,67.6338659],[53.0061243,67.6339459],[53.0060354,67.6340306],[53.0055092,67.6339506]]]}},{"type":"Feature","id":"osm-context-769263209","properties":{"osmId":769263209,"kind":"area","landuse":null,"natural":null,"water":null,"waterway":null,"leisure":"playground","amenity":null,"railway":null,"name":null,"source":"OpenStreetMap"},"geometry":{"type":"Polygon","coordinates":[[[52.9951232,67.634733],[52.9950924,67.6347168],[52.9950494,67.6347051],[52.9949989,67.6346994],[52.9949462,67.6347001],[52.994897,67.6347073],[52.9948564,67.6347201],[52.9948288,67.6347372],[52.9948171,67.6347567],[52.9948228,67.6347771],[52.9948458,67.6347956],[52.9948835,67.6348102],[52.9949316,67.6348193],[52.994985,67.6348219],[52.9950376,67.6348177],[52.9950837,67.6348071],[52.9951181,67.6347914],[52.9951371,67.6347722],[52.9951387,67.6347522],[52.9951232,67.634733]]]}},{"type":"Feature","id":"osm-context-769263210","properties":{"osmId":769263210,"kind":"area","landuse":"recreation_ground","natural":null,"water":null,"waterway":null,"leisure":null,"amenity":null,"railway":null,"name":null,"source":"OpenStreetMap"},"geometry":{"type":"Polygon","coordinates":[[[52.9947367,67.6347604],[52.9947434,67.6347451],[52.9947568,67.6347273],[52.9947823,67.6347109],[52.9948196,67.6346977],[52.9948252,67.6346885],[52.9948078,67.6346814],[52.9947957,67.6346706],[52.9948078,67.6346558],[52.9948399,67.6346446],[52.9948681,67.6346426],[52.9949124,67.6346456],[52.9949513,67.6346558],[52.99497,67.634663],[52.9949861,67.6346737],[52.9950492,67.634677],[52.9950544,67.6346778],[52.9950954,67.6346838],[52.9951387,67.6346979],[52.9951953,67.6347018],[52.9952436,67.6347043],[52.9952892,67.6347135],[52.9953026,67.6347252],[52.9952986,67.6347385],[52.9952825,67.6347508],[52.995257,67.6347599],[52.9952289,67.634764],[52.9952101,67.6347773],[52.9952061,67.6347936],[52.9951883,67.6348051],[52.9951564,67.6348258],[52.9951564,67.634836],[52.9951605,67.6348503],[52.9951578,67.6348625],[52.9951363,67.6348737],[52.9951095,67.6348829],[52.9950867,67.6348839],[52.9950585,67.6348845],[52.995029,67.6348793],[52.9950022,67.6348717],[52.9949875,67.634861],[52.9949834,67.6348513],[52.9949204,67.6348503],[52.9948574,67.634839],[52.9948292,67.6348253],[52.9948104,67.6348253],[52.9947876,67.6348299],[52.9947622,67.6348293],[52.9947273,67.6348247],[52.9947007,67.6348182],[52.9946964,67.6348171],[52.994679,67.6348099],[52.994671,67.6347967],[52.994671,67.6347829],[52.9946884,67.6347691],[52.9947099,67.6347599],[52.9947367,67.6347604]]]}},{"type":"Feature","id":"osm-context-769263217","properties":{"osmId":769263217,"kind":"area","landuse":"grass","natural":null,"water":null,"waterway":null,"leisure":null,"amenity":null,"railway":null,"name":null,"source":"OpenStreetMap"},"geometry":{"type":"Polygon","coordinates":[[[52.9950954,67.6346838],[52.9951387,67.6346979],[52.9951953,67.6347018],[52.9952436,67.6347043],[52.9952892,67.6347135],[52.9953026,67.6347252],[52.9952986,67.6347385],[52.9952825,67.6347508],[52.995257,67.6347599],[52.9952289,67.634764],[52.9952101,67.6347773],[52.9952061,67.6347936],[52.9952629,67.6348027],[52.9953902,67.6346943],[52.9951287,67.6346521],[52.9950954,67.6346838]]]}},{"type":"Feature","id":"osm-context-769263218","properties":{"osmId":769263218,"kind":"area","landuse":"grass","natural":null,"water":null,"waterway":null,"leisure":null,"amenity":null,"railway":null,"name":null,"source":"OpenStreetMap"},"geometry":{"type":"Polygon","coordinates":[[[52.9952416,67.6348137],[52.9951883,67.6348051],[52.9951564,67.6348258],[52.9951564,67.634836],[52.9951605,67.6348503],[52.9951578,67.6348625],[52.9951363,67.6348737],[52.9951095,67.6348829],[52.9950867,67.6348839],[52.9950585,67.6348845],[52.995029,67.6348793],[52.9950022,67.6348717],[52.9949875,67.634861],[52.9949834,67.6348513],[52.9949204,67.6348503],[52.9948757,67.6348849],[52.9951065,67.6349251],[52.9952416,67.6348137]]]}},{"type":"Feature","id":"osm-context-769263219","properties":{"osmId":769263219,"kind":"area","landuse":"grass","natural":null,"water":null,"waterway":null,"leisure":null,"amenity":null,"railway":null,"name":null,"source":"OpenStreetMap"},"geometry":{"type":"Polygon","coordinates":[[[52.9948097,67.6348748],[52.9945678,67.6348338],[52.9947202,67.6346962],[52.9944124,67.6346511],[52.994454,67.6346128],[52.9941857,67.6345684],[52.9941308,67.634623],[52.9941737,67.6346296],[52.9941583,67.6346417],[52.9941361,67.634661],[52.9938548,67.6346141],[52.9938769,67.6345949],[52.993633,67.6345542],[52.9934884,67.6346798],[52.9933811,67.6346633],[52.9935434,67.6345118],[52.9936064,67.6344668],[52.9936506,67.6344577],[52.9937298,67.6344582],[52.9938647,67.634488],[52.9944433,67.6345774],[52.9945046,67.6345199],[52.9945331,67.6344949],[52.9945787,67.6345031],[52.9944714,67.634599],[52.9946431,67.6346261],[52.9947007,67.634573],[52.9945613,67.6345521],[52.9946136,67.6345061],[52.9948228,67.6345393],[52.9948402,67.634548],[52.9948496,67.6345653],[52.9948268,67.6346021],[52.9950896,67.6346429],[52.9950544,67.6346778],[52.9950492,67.634677],[52.9949861,67.6346737],[52.99497,67.634663],[52.9949513,67.6346558],[52.9949124,67.6346456],[52.9948681,67.6346426],[52.9948399,67.6346446],[52.9948078,67.6346558],[52.9947957,67.6346706],[52.9948078,67.6346814],[52.9948252,67.6346885],[52.9948196,67.6346977],[52.9947823,67.6347109],[52.9947568,67.6347273],[52.9947434,67.6347451],[52.9947367,67.6347604],[52.9947099,67.6347599],[52.9946884,67.6347691],[52.994671,67.6347829],[52.994671,67.6347967],[52.994679,67.6348099],[52.9947007,67.6348182],[52.9947273,67.6348247],[52.9947622,67.6348293],[52.9947876,67.6348299],[52.9948104,67.6348253],[52.9948292,67.6348253],[52.9948574,67.634839],[52.9948097,67.6348748]]]}},{"type":"Feature","id":"osm-context-769263221","properties":{"osmId":769263221,"kind":"area","landuse":"grass","natural":null,"water":null,"waterway":null,"leisure":null,"amenity":null,"railway":null,"name":null,"source":"OpenStreetMap"},"geometry":{"type":"Polygon","coordinates":[[[52.995405,67.6345912],[52.9955373,67.6344789],[52.995643,67.6344969],[52.9955106,67.6346093],[52.995405,67.6345912]]]}},{"type":"Feature","id":"osm-context-769263222","properties":{"osmId":769263222,"kind":"area","landuse":null,"natural":null,"water":null,"waterway":null,"leisure":null,"amenity":"parking","railway":null,"name":null,"source":"OpenStreetMap"},"geometry":{"type":"Polygon","coordinates":[[[52.9948268,67.6346021],[52.9950896,67.6346429],[52.9951287,67.6346521],[52.9953902,67.6346943],[52.9954625,67.6346364],[52.9948228,67.6345393],[52.9948402,67.634548],[52.9948496,67.6345653],[52.9948268,67.6346021]]]}},{"type":"Feature","id":"osm-context-769263223","properties":{"osmId":769263223,"kind":"area","landuse":null,"natural":null,"water":null,"waterway":null,"leisure":null,"amenity":"parking","railway":null,"name":null,"source":"OpenStreetMap"},"geometry":{"type":"Polygon","coordinates":[[[52.9945678,67.6348338],[52.9948097,67.6348748],[52.9948757,67.6348849],[52.9951065,67.6349251],[52.9950355,67.6349839],[52.9944948,67.6348948],[52.9945678,67.6348338]]]}},{"type":"Feature","id":"osm-context-769263227","properties":{"osmId":769263227,"kind":"area","landuse":"grass","natural":null,"water":null,"waterway":null,"leisure":null,"amenity":null,"railway":null,"name":null,"source":"OpenStreetMap"},"geometry":{"type":"Polygon","coordinates":[[[52.995786,67.6347702],[52.9962138,67.6348427],[52.9961347,67.6349101],[52.9954682,67.6347963],[52.9954346,67.6348039],[52.9951932,67.6350039],[52.9954489,67.6350477],[52.9954996,67.6350051],[52.9953396,67.6349785],[52.9954841,67.634853],[52.9957279,67.6348936],[52.9957058,67.6349128],[52.9959871,67.6349597],[52.9960093,67.6349404],[52.9962553,67.6349814],[52.9961107,67.635107],[52.9959377,67.6350782],[52.9958839,67.6351193],[52.9961146,67.635156],[52.9961319,67.6351541],[52.9961533,67.635149],[52.9961838,67.635132],[52.9964013,67.6349394],[52.996511,67.6348485],[52.996511,67.6348369],[52.9964816,67.6348203],[52.9964368,67.6348056],[52.996386,67.6347983],[52.9963362,67.6347979],[52.9962295,67.6348076],[52.9960323,67.6347762],[52.9959906,67.6347426],[52.995951,67.6347345],[52.9959154,67.634731],[52.9958799,67.6347329],[52.995829,67.6347356],[52.995786,67.6347702]]]}},{"type":"Feature","id":"osm-context-769263238","properties":{"osmId":769263238,"kind":"area","landuse":"grass","natural":null,"water":null,"waterway":null,"leisure":null,"amenity":null,"railway":null,"name":null,"source":"OpenStreetMap"},"geometry":{"type":"Polygon","coordinates":[[[52.9947285,67.6350032],[52.9947972,67.6350025],[52.9948866,67.6350056],[52.9951082,67.6350396],[52.9951285,67.6350636],[52.9950737,67.6351085],[52.9949923,67.6351518],[52.9949436,67.6351657],[52.9948907,67.635168],[52.9949232,67.6351448],[52.9947118,67.6350999],[52.9946651,67.6350999],[52.9946163,67.6351162],[52.9945533,67.6351216],[52.9943602,67.6350953],[52.9936507,67.63497],[52.9934902,67.6349429],[52.9934292,67.6349267],[52.993419,67.6349043],[52.9934414,67.634878],[52.9934902,67.6348586],[52.9935837,67.6348385],[52.9936568,67.6348354],[52.9937987,67.6348518],[52.9937268,67.6349157],[52.9946567,67.6350671],[52.9947285,67.6350032]]]}},{"type":"Feature","id":"osm-context-769263242","properties":{"osmId":769263242,"kind":"area","landuse":"grass","natural":null,"water":null,"waterway":null,"leisure":null,"amenity":null,"railway":null,"name":null,"source":"OpenStreetMap"},"geometry":{"type":"Polygon","coordinates":[[[52.9949365,67.6353607],[52.9949175,67.6353091],[52.9949409,67.6352557],[52.9950063,67.6352131],[52.995095,67.6351829],[52.9952398,67.6351251],[52.9953402,67.6351198],[52.99552,67.6351207],[52.9956788,67.6351314],[52.9960617,67.6351856],[52.9960827,67.6352016],[52.996057,67.6352255],[52.9957418,67.6354965],[52.9957077,67.6354892],[52.9958523,67.6353636],[52.9956063,67.6353226],[52.9955841,67.6353419],[52.9953029,67.635295],[52.995325,67.6352758],[52.995081,67.6352351],[52.9949365,67.6353607]]]}},{"type":"Feature","id":"osm-context-769263251","properties":{"osmId":769263251,"kind":"area","landuse":"grass","natural":null,"water":null,"waterway":null,"leisure":null,"amenity":null,"railway":null,"name":null,"source":"OpenStreetMap"},"geometry":{"type":"Polygon","coordinates":[[[52.9941311,67.6360231],[52.993317,67.6358825],[52.9933306,67.6358712],[52.9941447,67.6360117],[52.9941311,67.6360231]]]}},{"type":"Feature","id":"osm-context-769263252","properties":{"osmId":769263252,"kind":"area","landuse":null,"natural":null,"water":null,"waterway":null,"leisure":null,"amenity":"parking","railway":null,"name":null,"source":"OpenStreetMap"},"geometry":{"type":"Polygon","coordinates":[[[52.993317,67.6358825],[52.9941311,67.6360231],[52.9943347,67.6360603],[52.9942167,67.6361634],[52.9941401,67.6361533],[52.9940772,67.636145],[52.9940156,67.6361521],[52.9939029,67.6361838],[52.9929775,67.6360419],[52.9930741,67.6359582],[52.9931841,67.6358592],[52.993317,67.6358825]]]}},{"type":"Feature","id":"osm-context-769263304","properties":{"osmId":769263304,"kind":"area","landuse":null,"natural":null,"water":null,"waterway":null,"leisure":"playground","amenity":null,"railway":null,"name":null,"source":"OpenStreetMap"},"geometry":{"type":"Polygon","coordinates":[[[53.047184,67.6433854],[53.0466479,67.6434757],[53.0464313,67.6435104],[53.0457358,67.6434077],[53.04566,67.6434232],[53.0454275,67.6436986],[53.0457219,67.6440342],[53.0473744,67.6436944],[53.0474983,67.6436191],[53.0474331,67.6435706],[53.047184,67.6433854]]]}},{"type":"Feature","id":"osm-context-769263307","properties":{"osmId":769263307,"kind":"area","landuse":null,"natural":null,"water":null,"waterway":null,"leisure":"playground","amenity":null,"railway":null,"name":null,"source":"OpenStreetMap"},"geometry":{"type":"Polygon","coordinates":[[[53.0529518,67.6408809],[53.0531066,67.6408522],[53.0532069,67.6409306],[53.0530521,67.6409592],[53.0529518,67.6408809]]]}},{"type":"Feature","id":"osm-context-769271875","properties":{"osmId":769271875,"kind":"area","landuse":null,"natural":null,"water":null,"waterway":null,"leisure":null,"amenity":"school","railway":null,"name":"Средняя школа №5","source":"OpenStreetMap"},"geometry":{"type":"Polygon","coordinates":[[[53.0516732,67.644809],[53.0517295,67.6448488],[53.0518234,67.6448498],[53.0532504,67.6445927],[53.0534998,67.6443214],[53.0533673,67.6441878],[53.0534918,67.6441656],[53.0535977,67.6441491],[53.0537224,67.6441296],[53.0537734,67.6441504],[53.0539514,67.6441144],[53.0539008,67.6440781],[53.0541464,67.6440285],[53.0541889,67.6440589],[53.0543369,67.644029],[53.0544949,67.643901],[53.0544171,67.6438317],[53.0543356,67.6431906],[53.054205,67.6432004],[53.0541374,67.6432055],[53.0540076,67.6430854],[53.0539817,67.6430614],[53.0507256,67.6436295],[53.0506124,67.6437897],[53.0506548,67.6438449],[53.0509769,67.644102],[53.0509096,67.6441828],[53.0516732,67.644809]]]}},{"type":"Feature","id":"osm-context-769271925","properties":{"osmId":769271925,"kind":"area","landuse":null,"natural":null,"water":null,"waterway":null,"leisure":null,"amenity":"parking","railway":null,"name":null,"source":"OpenStreetMap"},"geometry":{"type":"Polygon","coordinates":[[[53.0439621,67.6433005],[53.0436675,67.6430571],[53.04352,67.6430835],[53.0438142,67.6433251],[53.0439621,67.6433005]]]}},{"type":"Feature","id":"osm-context-769271966","properties":{"osmId":769271966,"kind":"area","landuse":"grass","natural":null,"water":null,"waterway":null,"leisure":null,"amenity":null,"railway":null,"name":null,"source":"OpenStreetMap"},"geometry":{"type":"Polygon","coordinates":[[[53.0471492,67.6426893],[53.0471126,67.6425949],[53.0470801,67.6424867],[53.0471208,67.6423722],[53.0471736,67.6422872],[53.0471289,67.6422269],[53.0469703,67.6421666],[53.046763,67.6421279],[53.0465841,67.6421171],[53.0464256,67.6421465],[53.0462833,67.6422021],[53.0461288,67.642264],[53.0459824,67.6423228],[53.0459778,67.6423648],[53.0459702,67.6424341],[53.0460272,67.6425207],[53.0460353,67.6425841],[53.0459784,67.6426552],[53.0459702,67.6427125],[53.046019,67.6427619],[53.0460394,67.6427975],[53.0461247,67.6428362],[53.0462345,67.6428563],[53.0463321,67.6428563],[53.0465109,67.6428253],[53.0468443,67.6427619],[53.0471492,67.6426893]]]}},{"type":"Feature","id":"osm-context-769388565","properties":{"osmId":769388565,"kind":"area","landuse":null,"natural":null,"water":null,"waterway":null,"leisure":null,"amenity":"parking","railway":null,"name":null,"source":"OpenStreetMap"},"geometry":{"type":"Polygon","coordinates":[[[52.9882285,67.6372215],[52.9882868,67.6372112],[52.9883307,67.6372035],[52.9887073,67.637137],[52.9886439,67.6370849],[52.9881651,67.6371695],[52.9882047,67.637202],[52.9882285,67.6372215]]]}},{"type":"Feature","id":"osm-context-769388569","properties":{"osmId":769388569,"kind":"area","landuse":null,"natural":null,"water":null,"waterway":null,"leisure":"playground","amenity":null,"railway":null,"name":null,"source":"OpenStreetMap"},"geometry":{"type":"Polygon","coordinates":[[[52.9907529,67.6368525],[52.991409,67.6367317],[52.9910237,67.6370879],[52.9907529,67.6368525]]]}},{"type":"Feature","id":"osm-context-769388575","properties":{"osmId":769388575,"kind":"area","landuse":null,"natural":null,"water":null,"waterway":null,"leisure":"playground","amenity":null,"railway":null,"name":null,"source":"OpenStreetMap"},"geometry":{"type":"Polygon","coordinates":[[[52.9907375,67.6364343],[52.9909037,67.6364073],[52.9909411,67.6364406],[52.9910965,67.6364153],[52.9911395,67.6364536],[52.9908178,67.6365059],[52.9907375,67.6364343]]]}},{"type":"Feature","id":"osm-context-769388577","properties":{"osmId":769388577,"kind":"area","landuse":null,"natural":null,"water":null,"waterway":null,"leisure":"playground","amenity":null,"railway":null,"name":null,"source":"OpenStreetMap"},"geometry":{"type":"Polygon","coordinates":[[[52.9899702,67.6384944],[52.9900292,67.6384964],[52.990225,67.6384526],[52.9903913,67.6383577],[52.9903251,67.6383084],[52.9901155,67.638152],[52.9896358,67.6382452],[52.9899702,67.6384944]]]}},{"type":"Feature","id":"osm-context-769388605","properties":{"osmId":769388605,"kind":"area","landuse":"construction","natural":null,"water":null,"waterway":null,"leisure":null,"amenity":null,"railway":null,"name":null,"source":"OpenStreetMap"},"geometry":{"type":"Polygon","coordinates":[[[52.9955355,67.64374],[52.996625,67.643915],[52.99687,67.6436932],[52.9970388,67.6435442],[52.9970568,67.643527],[52.9959882,67.6433439],[52.9955355,67.64374]]]}},{"type":"Feature","id":"osm-context-769388613","properties":{"osmId":769388613,"kind":"area","landuse":null,"natural":null,"water":null,"waterway":null,"leisure":null,"amenity":"parking","railway":null,"name":null,"source":"OpenStreetMap"},"geometry":{"type":"Polygon","coordinates":[[[52.9959242,67.642293],[52.996106,67.6422778],[52.9963833,67.6420375],[52.9963155,67.6419437],[52.9959242,67.642293]]]}},{"type":"Feature","id":"osm-context-769388617","properties":{"osmId":769388617,"kind":"area","landuse":null,"natural":null,"water":null,"waterway":null,"leisure":"playground","amenity":null,"railway":null,"name":null,"source":"OpenStreetMap"},"geometry":{"type":"Polygon","coordinates":[[[52.9947914,67.6419181],[52.9950167,67.6419548],[52.9951133,67.6419517],[52.9951401,67.6419395],[52.9951857,67.6419324],[52.9952206,67.6419191],[52.9952367,67.6418997],[52.995242,67.6418793],[52.995234,67.641862],[52.9952152,67.6418446],[52.9953279,67.6417436],[52.9950945,67.6417507],[52.9949309,67.6417905],[52.9947914,67.6419181]]]}},{"type":"Feature","id":"osm-context-769388618","properties":{"osmId":769388618,"kind":"area","landuse":null,"natural":null,"water":null,"waterway":null,"leisure":"playground","amenity":null,"railway":null,"name":null,"source":"OpenStreetMap"},"geometry":{"type":"Polygon","coordinates":[[[52.994191,67.6422157],[52.9942711,67.6423058],[52.9945366,67.6423466],[52.9946305,67.6422568],[52.9946922,67.6422527],[52.9947485,67.6422374],[52.9947887,67.6422119],[52.9948102,67.6421854],[52.9947914,67.6421527],[52.9947566,67.6421262],[52.9947002,67.6421068],[52.9946305,67.6421048],[52.9945554,67.6421068],[52.9944803,67.642116],[52.9944508,67.6421313],[52.9944347,67.6421507],[52.9943623,67.642165],[52.9943837,67.6421823],[52.994191,67.6422157]]]}},{"type":"Feature","id":"osm-context-769388619","properties":{"osmId":769388619,"kind":"area","landuse":null,"natural":null,"water":null,"waterway":null,"leisure":"pitch","amenity":null,"railway":null,"name":null,"source":"OpenStreetMap"},"geometry":{"type":"Polygon","coordinates":[[[52.994191,67.6422157],[52.9943837,67.6421823],[52.9943239,67.6421322],[52.9941311,67.6421655],[52.994191,67.6422157]]]}},{"type":"Feature","id":"osm-context-769388632","properties":{"osmId":769388632,"kind":"area","landuse":null,"natural":null,"water":null,"waterway":null,"leisure":"playground","amenity":null,"railway":null,"name":null,"source":"OpenStreetMap"},"geometry":{"type":"Polygon","coordinates":[[[52.9994368,67.6319264],[52.9998387,67.6319676],[52.999944,67.6318188],[52.999542,67.6317776],[52.9994368,67.6319264]]]}},{"type":"Feature","id":"osm-context-769579344","properties":{"osmId":769579344,"kind":"area","landuse":null,"natural":null,"water":null,"waterway":null,"leisure":"playground","amenity":null,"railway":null,"name":null,"source":"OpenStreetMap"},"geometry":{"type":"Polygon","coordinates":[[[52.9937408,67.6384067],[52.9938213,67.6384189],[52.9945306,67.6385315],[52.9946487,67.638429],[52.9953013,67.6385296],[52.9951795,67.6386337],[52.9957806,67.6387317],[52.995892,67.6386399],[52.9960719,67.6384804],[52.9950371,67.6383164],[52.9949959,67.6382888],[52.9940502,67.6381356],[52.9937408,67.6384067]]]}},{"type":"Feature","id":"osm-context-769579345","properties":{"osmId":769579345,"kind":"area","landuse":null,"natural":null,"water":null,"waterway":null,"leisure":null,"amenity":"parking","railway":null,"name":null,"source":"OpenStreetMap"},"geometry":{"type":"Polygon","coordinates":[[[52.9962831,67.639851],[52.9968758,67.6399459],[52.9967766,67.6399735],[52.9962911,67.6398979],[52.9962831,67.639851]]]}},{"type":"Feature","id":"osm-context-769579346","properties":{"osmId":769579346,"kind":"area","landuse":null,"natural":null,"water":null,"waterway":null,"leisure":null,"amenity":"parking","railway":null,"name":null,"source":"OpenStreetMap"},"geometry":{"type":"Polygon","coordinates":[[[52.9974583,67.6414859],[52.997579,67.641385],[52.9979679,67.6414522],[52.9978472,67.6415532],[52.9974583,67.6414859]]]}},{"type":"Feature","id":"osm-context-769579347","properties":{"osmId":769579347,"kind":"area","landuse":null,"natural":null,"water":null,"waterway":null,"leisure":"playground","amenity":null,"railway":null,"name":null,"source":"OpenStreetMap"},"geometry":{"type":"Polygon","coordinates":[[[52.996808,67.6416745],[52.9965061,67.6418573],[52.9969282,67.64193],[52.9969361,67.6419233],[52.9969806,67.6418855],[52.9969097,67.6417952],[52.9969644,67.6417427],[52.9969744,67.6417331],[52.9969066,67.6417226],[52.9969282,67.6416956],[52.996808,67.6416745]]]}},{"type":"Feature","id":"osm-context-769579350","properties":{"osmId":769579350,"kind":"area","landuse":null,"natural":null,"water":null,"waterway":null,"leisure":"playground","amenity":null,"railway":null,"name":null,"source":"OpenStreetMap"},"geometry":{"type":"Polygon","coordinates":[[[53.0030061,67.6430019],[53.0038915,67.6431367],[53.0040295,67.6430119],[53.0042945,67.6430517],[53.0044856,67.6428736],[53.0033666,67.6426819],[53.0030061,67.6430019]]]}},{"type":"Feature","id":"osm-context-769579362","properties":{"osmId":769579362,"kind":"area","landuse":null,"natural":null,"water":null,"waterway":null,"leisure":"pitch","amenity":null,"railway":null,"name":null,"source":"OpenStreetMap"},"geometry":{"type":"Polygon","coordinates":[[[53.003631,67.6437467],[53.0038503,67.6437796],[53.003793,67.6438348],[53.0035737,67.6438018],[53.003631,67.6437467]]]}},{"type":"Feature","id":"osm-context-769579363","properties":{"osmId":769579363,"kind":"area","landuse":null,"natural":null,"water":null,"waterway":null,"leisure":"playground","amenity":null,"railway":null,"name":null,"source":"OpenStreetMap"},"geometry":{"type":"Polygon","coordinates":[[[53.0039544,67.6442989],[53.0043383,67.6439475],[53.0041103,67.6439124],[53.0038361,67.6437518],[53.0038176,67.6437178],[53.0036239,67.6436865],[53.003478,67.6438287],[53.0033215,67.6438107],[53.0030311,67.6437646],[53.0030093,67.6437956],[53.0026784,67.644115],[53.0039544,67.6442989]]]}},{"type":"Feature","id":"osm-context-769579364","properties":{"osmId":769579364,"kind":"area","landuse":"grass","natural":null,"water":null,"waterway":null,"leisure":null,"amenity":null,"railway":null,"name":null,"source":"OpenStreetMap"},"geometry":{"type":"Polygon","coordinates":[[[53.0043383,67.6439475],[53.0046439,67.6439908],[53.0046297,67.6440009],[53.0045041,67.6440117],[53.0040512,67.6444122],[53.0026053,67.6441856],[53.0026229,67.6441686],[53.0026784,67.644115],[53.0029544,67.6441526],[53.0029504,67.6441826],[53.0029539,67.6442075],[53.0029701,67.6442214],[53.0034592,67.6442958],[53.0035485,67.6442903],[53.0036511,67.6442769],[53.0037036,67.6442622],[53.0039544,67.6442989],[53.0043383,67.6439475]]]}},{"type":"Feature","id":"osm-context-769579365","properties":{"osmId":769579365,"kind":"area","landuse":"grass","natural":null,"water":null,"waterway":null,"leisure":null,"amenity":null,"railway":null,"name":null,"source":"OpenStreetMap"},"geometry":{"type":"Polygon","coordinates":[[[53.0023567,67.6442045],[53.0039921,67.6444667],[53.0039775,67.6444809],[53.0039527,67.6444836],[53.0024503,67.644248],[53.002399,67.6442346],[53.0023707,67.6442218],[53.0023567,67.6442045]]]}},{"type":"Feature","id":"osm-context-769579370","properties":{"osmId":769579370,"kind":"area","landuse":"grass","natural":null,"water":null,"waterway":null,"leisure":null,"amenity":null,"railway":null,"name":null,"source":"OpenStreetMap"},"geometry":{"type":"Polygon","coordinates":[[[53.0035362,67.6447911],[53.0035409,67.6447871],[53.0036562,67.644689],[53.0035114,67.6446667],[53.0036053,67.6445877],[53.0037537,67.6446163],[53.0038116,67.6446314],[53.0036159,67.6448038],[53.0035362,67.6447911]]]}},{"type":"Feature","id":"osm-context-769579372","properties":{"osmId":769579372,"kind":"area","landuse":"grass","natural":null,"water":null,"waterway":null,"leisure":null,"amenity":null,"railway":null,"name":null,"source":"OpenStreetMap"},"geometry":{"type":"Polygon","coordinates":[[[53.0036699,67.6448064],[53.0038682,67.6446414],[53.0039453,67.6446531],[53.0037666,67.6448025],[53.003728,67.6448084],[53.0036699,67.6448064]]]}},{"type":"Feature","id":"osm-context-769579375","properties":{"osmId":769579375,"kind":"area","landuse":null,"natural":null,"water":null,"waterway":null,"leisure":null,"amenity":"parking","railway":null,"name":null,"source":"OpenStreetMap"},"geometry":{"type":"Polygon","coordinates":[[[53.0052051,67.6436902],[53.0052731,67.6436896],[53.0053406,67.6436891],[53.0057335,67.6433693],[53.0056128,67.6433489],[53.0052051,67.6436902]]]}},{"type":"Feature","id":"osm-context-769579376","properties":{"osmId":769579376,"kind":"area","landuse":"grass","natural":null,"water":null,"waterway":null,"leisure":null,"amenity":null,"railway":null,"name":null,"source":"OpenStreetMap"},"geometry":{"type":"Polygon","coordinates":[[[53.0049813,67.6430129],[53.0050833,67.6429293],[53.0055478,67.6430053],[53.0055875,67.6430404],[53.0056009,67.6430634],[53.0056023,67.6430768],[53.0051854,67.6434421],[53.005084,67.6434251],[53.0051524,67.6433628],[53.0050738,67.6433511],[53.0053796,67.6430828],[53.0049813,67.6430129]]]}},{"type":"Feature","id":"osm-context-769579384","properties":{"osmId":769579384,"kind":"area","landuse":"industrial","natural":null,"water":null,"waterway":null,"leisure":null,"amenity":null,"railway":null,"name":null,"source":"OpenStreetMap"},"geometry":{"type":"Polygon","coordinates":[[[53.0045251,67.6426559],[53.0047629,67.6426954],[53.0049499,67.6425322],[53.0049133,67.6425114],[53.0047324,67.6424766],[53.0046755,67.6424951],[53.0045251,67.6426559]]]}},{"type":"Feature","id":"osm-context-769579389","properties":{"osmId":769579389,"kind":"area","landuse":null,"natural":null,"water":null,"waterway":null,"leisure":"pitch","amenity":null,"railway":null,"name":null,"source":"OpenStreetMap"},"geometry":{"type":"Polygon","coordinates":[[[53.0085154,67.6427109],[53.0086901,67.6427397],[53.0088735,67.6425788],[53.0086988,67.6425499],[53.0085154,67.6427109]]]}},{"type":"Feature","id":"osm-context-769579390","properties":{"osmId":769579390,"kind":"area","landuse":null,"natural":null,"water":null,"waterway":null,"leisure":"playground","amenity":null,"railway":null,"name":null,"source":"OpenStreetMap"},"geometry":{"type":"Polygon","coordinates":[[[53.0085154,67.6427109],[53.0086901,67.6427397],[53.0085455,67.6428704],[53.0084591,67.6428926],[53.0083598,67.6428761],[53.0085154,67.6427109]]]}},{"type":"Feature","id":"osm-context-769579412","properties":{"osmId":769579412,"kind":"area","landuse":null,"natural":null,"water":null,"waterway":null,"leisure":"playground","amenity":null,"railway":null,"name":null,"source":"OpenStreetMap"},"geometry":{"type":"Polygon","coordinates":[[[53.0114428,67.6394001],[53.0118852,67.6394028],[53.0118829,67.6394574],[53.0114405,67.6394547],[53.0114428,67.6394001]]]}},{"type":"Feature","id":"osm-context-769579415","properties":{"osmId":769579415,"kind":"area","landuse":null,"natural":null,"water":null,"waterway":null,"leisure":null,"amenity":"parking","railway":null,"name":null,"source":"OpenStreetMap"},"geometry":{"type":"Polygon","coordinates":[[[53.011737,67.6396204],[53.012053,67.6396698],[53.0123985,67.6397258],[53.0123308,67.6397824],[53.0122813,67.6398259],[53.0119428,67.6397718],[53.0116268,67.6397224],[53.0116804,67.6396728],[53.011737,67.6396204]]]}},{"type":"Feature","id":"osm-context-769579416","properties":{"osmId":769579416,"kind":"area","landuse":"recreation_ground","natural":null,"water":null,"waterway":null,"leisure":null,"amenity":null,"railway":null,"name":null,"source":"OpenStreetMap"},"geometry":{"type":"Polygon","coordinates":[[[53.0117055,67.6399842],[53.011693,67.6400151],[53.0117054,67.6400339],[53.0124534,67.6401661],[53.0125269,67.6401668],[53.0129568,67.6398033],[53.0129647,67.639782],[53.0129418,67.6397621],[53.012462,67.6396806],[53.0124205,67.639715],[53.0120668,67.6396588],[53.012053,67.6396698],[53.0123985,67.6397258],[53.0123308,67.6397824],[53.0122813,67.6398259],[53.0119428,67.6397718],[53.0117055,67.6399842]]]}},{"type":"Feature","id":"osm-context-769579419","properties":{"osmId":769579419,"kind":"area","landuse":"recreation_ground","natural":null,"water":null,"waterway":null,"leisure":null,"amenity":null,"railway":null,"name":null,"source":"OpenStreetMap"},"geometry":{"type":"Polygon","coordinates":[[[53.0124196,67.6402215],[53.0120014,67.6401475],[53.0119329,67.6401335],[53.011464,67.6400506],[53.0113808,67.6400656],[53.0113975,67.640083],[53.0113628,67.6401134],[53.0113071,67.6401273],[53.0112506,67.6401773],[53.0117535,67.6402577],[53.011816,67.6402689],[53.0121783,67.6403607],[53.0122607,67.6403631],[53.0122939,67.6403581],[53.0123388,67.6403206],[53.0123766,67.6402918],[53.0124299,67.640245],[53.0124196,67.6402215]]]}},{"type":"Feature","id":"osm-context-769579428","properties":{"osmId":769579428,"kind":"area","landuse":null,"natural":null,"water":null,"waterway":null,"leisure":null,"amenity":"parking","railway":null,"name":null,"source":"OpenStreetMap"},"geometry":{"type":"Polygon","coordinates":[[[53.0104959,67.6401667],[53.0105306,67.640172],[53.0106522,67.6401908],[53.0106928,67.6401971],[53.0108799,67.6402259],[53.0110657,67.6401976],[53.0105543,67.6401155],[53.0105284,67.6401382],[53.0104959,67.6401667]]]}},{"type":"Feature","id":"osm-context-769579429","properties":{"osmId":769579429,"kind":"area","landuse":"grass","natural":null,"water":null,"waterway":null,"leisure":null,"amenity":null,"railway":null,"name":null,"source":"OpenStreetMap"},"geometry":{"type":"Polygon","coordinates":[[[53.0102554,67.6401616],[53.010471,67.640195],[53.0104959,67.6401667],[53.0105284,67.6401382],[53.0105203,67.6401188],[53.0104834,67.6401006],[53.0104371,67.6400924],[53.0103909,67.6400918],[53.0103493,67.6400953],[53.0103247,67.6401012],[53.0102554,67.6401616]]]}},{"type":"Feature","id":"osm-context-769579430","properties":{"osmId":769579430,"kind":"area","landuse":"grass","natural":null,"water":null,"waterway":null,"leisure":null,"amenity":null,"railway":null,"name":null,"source":"OpenStreetMap"},"geometry":{"type":"Polygon","coordinates":[[[53.0104964,67.6401995],[53.0106211,67.6402189],[53.0106522,67.6401908],[53.0105306,67.640172],[53.0104964,67.6401995]]]}},{"type":"Feature","id":"osm-context-769579431","properties":{"osmId":769579431,"kind":"area","landuse":"grass","natural":null,"water":null,"waterway":null,"leisure":null,"amenity":null,"railway":null,"name":null,"source":"OpenStreetMap"},"geometry":{"type":"Polygon","coordinates":[[[53.0106573,67.640225],[53.0107767,67.6402433],[53.0108799,67.6402259],[53.0106928,67.6401971],[53.0106573,67.640225]]]}},{"type":"Feature","id":"osm-context-769579432","properties":{"osmId":769579432,"kind":"area","landuse":"grass","natural":null,"water":null,"waterway":null,"leisure":null,"amenity":null,"railway":null,"name":null,"source":"OpenStreetMap"},"geometry":{"type":"Polygon","coordinates":[[[53.0108263,67.6402525],[53.0110529,67.6402877],[53.0111415,67.6402138],[53.0111012,67.6402071],[53.0108263,67.6402525]]]}},{"type":"Feature","id":"osm-context-769579433","properties":{"osmId":769579433,"kind":"area","landuse":"grass","natural":null,"water":null,"waterway":null,"leisure":null,"amenity":null,"railway":null,"name":null,"source":"OpenStreetMap"},"geometry":{"type":"Polygon","coordinates":[[[53.0110945,67.6402939],[53.0111911,67.6403081],[53.011238,67.6402638],[53.011238,67.640249],[53.0112259,67.6402377],[53.0112085,67.640227],[53.011183,67.6402189],[53.0110945,67.6402939]]]}},{"type":"Feature","id":"osm-context-769579434","properties":{"osmId":769579434,"kind":"area","landuse":"grass","natural":null,"water":null,"waterway":null,"leisure":null,"amenity":null,"railway":null,"name":null,"source":"OpenStreetMap"},"geometry":{"type":"Polygon","coordinates":[[[53.0106064,67.6402857],[53.0109939,67.6403469],[53.0110422,67.640303],[53.01077,67.6402602],[53.0106064,67.6402857]]]}},{"type":"Feature","id":"osm-context-769579435","properties":{"osmId":769579435,"kind":"area","landuse":"grass","natural":null,"water":null,"waterway":null,"leisure":null,"amenity":null,"railway":null,"name":null,"source":"OpenStreetMap"},"geometry":{"type":"Polygon","coordinates":[[[53.0112064,67.6403957],[53.011232,67.6404002],[53.0113703,67.6404198],[53.011434,67.6404227],[53.0115255,67.6404127],[53.0115926,67.6403903],[53.0116434,67.6403562],[53.0117131,67.6402874],[53.0115066,67.6402549],[53.011431,67.6402534],[53.0113782,67.6402577],[53.0113412,67.6402652],[53.0112856,67.6403145],[53.0112064,67.6403957]]]}},{"type":"Feature","id":"osm-context-769579477","properties":{"osmId":769579477,"kind":"area","landuse":null,"natural":null,"water":null,"waterway":null,"leisure":null,"amenity":"parking","railway":null,"name":null,"source":"OpenStreetMap"},"geometry":{"type":"Polygon","coordinates":[[[53.0006088,67.6421428],[53.000604,67.6421766],[53.0013452,67.6422958],[53.0014223,67.6422796],[53.0006088,67.6421428]]]}},{"type":"Feature","id":"osm-context-769579483","properties":{"osmId":769579483,"kind":"area","landuse":null,"natural":null,"water":null,"waterway":null,"leisure":"playground","amenity":null,"railway":null,"name":null,"source":"OpenStreetMap"},"geometry":{"type":"Polygon","coordinates":[[[53.0117196,67.6431426],[53.0120326,67.6431975],[53.0119107,67.6432988],[53.0114675,67.6433529],[53.0117196,67.6431426]]]}},{"type":"Feature","id":"osm-context-769579491","properties":{"osmId":769579491,"kind":"area","landuse":null,"natural":null,"water":null,"waterway":null,"leisure":null,"amenity":"parking","railway":null,"name":null,"source":"OpenStreetMap"},"geometry":{"type":"Polygon","coordinates":[[[53.0058432,67.6449454],[53.0051292,67.6448247],[53.0051843,67.6447776],[53.0058984,67.6448981],[53.0058432,67.6449454]]]}},{"type":"Feature","id":"osm-context-769724516","properties":{"osmId":769724516,"kind":"area","landuse":null,"natural":"water","water":"lake","waterway":null,"leisure":null,"amenity":null,"railway":null,"name":null,"source":"OpenStreetMap"},"geometry":{"type":"Polygon","coordinates":[[[53.019058,67.6352378],[53.0191135,67.6352918],[53.0192183,67.6353199],[53.0192429,67.6353856],[53.0192984,67.6354208],[53.0193785,67.6354653],[53.019471,67.6355216],[53.0195943,67.6355591],[53.0197299,67.6355732],[53.0198347,67.6355544],[53.0199148,67.6355193],[53.0199579,67.6354888],[53.0200134,67.6354677],[53.0201059,67.6354653],[53.0202723,67.6354255],[53.0204572,67.6353832],[53.0204757,67.6353481],[53.0204696,67.6352847],[53.0203956,67.6351862],[53.0201244,67.6349986],[53.0199086,67.6349329],[53.0196621,67.6348837],[53.0194772,67.634879],[53.0194155,67.6349118],[53.0193354,67.6349095],[53.0191813,67.6349188],[53.0190395,67.6349822],[53.0189594,67.6350549],[53.0189717,67.6351323],[53.0189803,67.6351438],[53.019021,67.6351979],[53.019058,67.6352378]]]}},{"type":"Feature","id":"osm-context-769724527","properties":{"osmId":769724527,"kind":"area","landuse":"industrial","natural":null,"water":null,"waterway":null,"leisure":null,"amenity":null,"railway":null,"name":null,"source":"OpenStreetMap"},"geometry":{"type":"Polygon","coordinates":[[[53.0143373,67.6359621],[53.0147498,67.6359616],[53.0147516,67.6360828],[53.0147504,67.6362328],[53.0143417,67.6362326],[53.0143412,67.6362034],[53.0143373,67.6359621]]]}},{"type":"Feature","id":"osm-context-769724535","properties":{"osmId":769724535,"kind":"area","landuse":"grass","natural":null,"water":null,"waterway":null,"leisure":null,"amenity":null,"railway":null,"name":null,"source":"OpenStreetMap"},"geometry":{"type":"Polygon","coordinates":[[[53.0159099,67.6357477],[53.0166774,67.6357441],[53.0167298,67.6357324],[53.0167483,67.6357172],[53.0167483,67.6356808],[53.0167236,67.6356632],[53.016662,67.6356421],[53.0166188,67.6356409],[53.0161226,67.6356456],[53.0159623,67.6356621],[53.015836,67.6356761],[53.0158052,67.635689],[53.0158052,67.6357078],[53.0158175,67.6357219],[53.0158452,67.6357383],[53.0159099,67.6357477]]]}},{"type":"Feature","id":"osm-context-769724537","properties":{"osmId":769724537,"kind":"area","landuse":"grass","natural":null,"water":null,"waterway":null,"leisure":null,"amenity":null,"railway":null,"name":null,"source":"OpenStreetMap"},"geometry":{"type":"Polygon","coordinates":[[[53.0169691,67.6361266],[53.0172051,67.6361254],[53.0172144,67.6362654],[53.0173219,67.6363009],[53.0173476,67.6365257],[53.017434,67.6365337],[53.0175181,67.6365569],[53.0175952,67.6365933],[53.0175952,67.6366155],[53.0175788,67.6366306],[53.0175625,67.6366422],[53.0175251,67.6366599],[53.017476,67.6366688],[53.0174106,67.6366733],[53.0171584,67.6366742],[53.0170813,67.6366582],[53.0169832,67.6366271],[53.0169691,67.6361266]]]}},{"type":"Feature","id":"osm-context-769728456","properties":{"osmId":769728456,"kind":"area","landuse":null,"natural":null,"water":null,"waterway":null,"leisure":null,"amenity":"parking","railway":null,"name":null,"source":"OpenStreetMap"},"geometry":{"type":"Polygon","coordinates":[[[53.0105611,67.6459794],[53.0112304,67.6460945],[53.0113729,67.6459747],[53.0107036,67.6458595],[53.0105611,67.6459794]]]}},{"type":"Feature","id":"osm-context-770233121","properties":{"osmId":770233121,"kind":"area","landuse":null,"natural":null,"water":null,"waterway":null,"leisure":null,"amenity":"parking","railway":null,"name":null,"source":"OpenStreetMap"},"geometry":{"type":"Polygon","coordinates":[[[53.0818268,67.6335944],[53.0830283,67.6332952],[53.0832399,67.6334182],[53.0820386,67.6337175],[53.0818268,67.6335944]]]}},{"type":"Feature","id":"osm-context-770233122","properties":{"osmId":770233122,"kind":"area","landuse":null,"natural":null,"water":null,"waterway":null,"leisure":null,"amenity":"parking","railway":null,"name":null,"source":"OpenStreetMap"},"geometry":{"type":"Polygon","coordinates":[[[53.0845825,67.6326617],[53.0849358,67.6325647],[53.0855396,67.6328832],[53.0852973,67.6329497],[53.0851098,67.6328508],[53.0849988,67.6328812],[53.0845825,67.6326617]]]}},{"type":"Feature","id":"osm-context-770233159","properties":{"osmId":770233159,"kind":"area","landuse":null,"natural":null,"water":null,"waterway":null,"leisure":null,"amenity":"parking","railway":null,"name":null,"source":"OpenStreetMap"},"geometry":{"type":"Polygon","coordinates":[[[53.0819029,67.6339481],[53.0820554,67.6339078],[53.0822158,67.6338655],[53.0824306,67.6339784],[53.0822649,67.6340281],[53.0820477,67.6340219],[53.0819029,67.6339481]]]}},{"type":"Feature","id":"osm-context-770237093","properties":{"osmId":770237093,"kind":"area","landuse":"grass","natural":null,"water":null,"waterway":null,"leisure":null,"amenity":null,"railway":null,"name":null,"source":"OpenStreetMap"},"geometry":{"type":"Polygon","coordinates":[[[53.0860743,67.6329326],[53.0867768,67.6333107],[53.0868291,67.633308],[53.0868761,67.6333297],[53.0869015,67.6333314],[53.0869339,67.6333297],[53.0872695,67.6332362],[53.0872896,67.633225],[53.0872614,67.6332102],[53.0873003,67.633204],[53.0871823,67.6331387],[53.0871542,67.6331397],[53.0865466,67.6328146],[53.0865627,67.6327978],[53.0865158,67.6327748],[53.0864917,67.6327692],[53.0863857,67.6327861],[53.0861054,67.6328657],[53.0861054,67.6328769],[53.0860987,67.6328989],[53.0861269,67.6329188],[53.0860743,67.6329326]]]}},{"type":"Feature","id":"osm-context-770237117","properties":{"osmId":770237117,"kind":"area","landuse":null,"natural":null,"water":null,"waterway":null,"leisure":null,"amenity":"parking","railway":null,"name":null,"source":"OpenStreetMap"},"geometry":{"type":"Polygon","coordinates":[[[53.050426,67.6386629],[53.0515339,67.6384525],[53.0517817,67.6386412],[53.0506736,67.6388517],[53.050426,67.6386629]]]}},{"type":"Feature","id":"osm-context-770587643","properties":{"osmId":770587643,"kind":"area","landuse":"construction","natural":null,"water":null,"waterway":null,"leisure":null,"amenity":null,"railway":null,"name":"Незавершённое строительство Молодёжного центра","source":"OpenStreetMap"},"geometry":{"type":"Polygon","coordinates":[[[52.9987853,67.6462898],[53.0001634,67.6465121],[52.9999799,67.6467057],[52.9998179,67.6468766],[52.9997113,67.646989],[52.9982141,67.6468827],[52.9987853,67.6462898]]]}},{"type":"Feature","id":"osm-context-770587647","properties":{"osmId":770587647,"kind":"area","landuse":null,"natural":null,"water":null,"waterway":null,"leisure":"playground","amenity":null,"railway":null,"name":null,"source":"OpenStreetMap"},"geometry":{"type":"Polygon","coordinates":[[[53.0049783,67.6454335],[53.0053889,67.6454987],[53.0055626,67.6453406],[53.0051519,67.6452754],[53.0049783,67.6454335]]]}},{"type":"Feature","id":"osm-context-770587648","properties":{"osmId":770587648,"kind":"area","landuse":"recreation_ground","natural":null,"water":null,"waterway":null,"leisure":null,"amenity":null,"railway":null,"name":null,"source":"OpenStreetMap"},"geometry":{"type":"Polygon","coordinates":[[[53.0051519,67.6452754],[53.0048311,67.6452267],[53.0045657,67.6454542],[53.0053019,67.6455767],[53.0053889,67.6454987],[53.0049783,67.6454335],[53.0051519,67.6452754]]]}},{"type":"Feature","id":"osm-context-770591822","properties":{"osmId":770591822,"kind":"area","landuse":null,"natural":"wood","water":null,"waterway":null,"leisure":null,"amenity":null,"railway":null,"name":null,"source":"OpenStreetMap"},"geometry":{"type":"Polygon","coordinates":[[[53.0051973,67.6443181],[53.0051778,67.644302],[53.0051813,67.6442825],[53.0052132,67.6442636],[53.0052716,67.6442455],[53.00533,67.644238],[53.0054043,67.6442374],[53.0054379,67.6442421],[53.0054397,67.644263],[53.0053548,67.6443249],[53.0053282,67.6443323],[53.0052822,67.6443377],[53.005238,67.644337],[53.0052061,67.6443296],[53.0051973,67.6443181]]]}},{"type":"Feature","id":"osm-context-770592415","properties":{"osmId":770592415,"kind":"area","landuse":null,"natural":null,"water":null,"waterway":null,"leisure":"playground","amenity":null,"railway":null,"name":null,"source":"OpenStreetMap"},"geometry":{"type":"Polygon","coordinates":[[[53.0355367,67.6359936],[53.0357686,67.6359284],[53.0359662,67.6360303],[53.0357344,67.6360954],[53.0355367,67.6359936]]]}},{"type":"Feature","id":"osm-context-770624345","properties":{"osmId":770624345,"kind":"area","landuse":null,"natural":null,"water":null,"waterway":null,"leisure":"pitch","amenity":null,"railway":null,"name":null,"source":"OpenStreetMap"},"geometry":{"type":"Polygon","coordinates":[[[53.0129939,67.6297516],[53.0133174,67.6297844],[53.0134422,67.6296138],[53.0131125,67.6295768],[53.0129939,67.6297516]]]}},{"type":"Feature","id":"osm-context-770678177","properties":{"osmId":770678177,"kind":"area","landuse":"industrial","natural":null,"water":null,"waterway":null,"leisure":null,"amenity":null,"railway":null,"name":null,"source":"OpenStreetMap"},"geometry":{"type":"Polygon","coordinates":[[[52.9970767,67.638496],[52.9972216,67.6383658],[52.9973665,67.6383891],[52.9972215,67.6385193],[52.9970767,67.638496]]]}},{"type":"Feature","id":"osm-context-770682148","properties":{"osmId":770682148,"kind":"area","landuse":"grass","natural":null,"water":null,"waterway":null,"leisure":null,"amenity":null,"railway":null,"name":null,"source":"OpenStreetMap"},"geometry":{"type":"Polygon","coordinates":[[[53.0013025,67.6369315],[53.0022092,67.6370775],[53.0021689,67.6370928],[53.0021073,67.637105],[53.0020053,67.6370979],[53.0013321,67.6369877],[53.0012959,67.6369647],[53.0013025,67.6369315]]]}},{"type":"Feature","id":"osm-context-770682156","properties":{"osmId":770682156,"kind":"area","landuse":"grass","natural":null,"water":null,"waterway":null,"leisure":null,"amenity":null,"railway":null,"name":null,"source":"OpenStreetMap"},"geometry":{"type":"Polygon","coordinates":[[[53.0002469,67.6369879],[53.0004563,67.6370235],[53.0003607,67.637114],[53.0002489,67.6370846],[53.0002345,67.6370741],[53.0002184,67.6370622],[53.0002042,67.6370428],[53.0002144,67.6370165],[53.0002469,67.6369879]]]}},{"type":"Feature","id":"osm-context-770682158","properties":{"osmId":770682158,"kind":"area","landuse":"grass","natural":null,"water":null,"waterway":null,"leisure":null,"amenity":null,"railway":null,"name":null,"source":"OpenStreetMap"},"geometry":{"type":"Polygon","coordinates":[[[53.0005022,67.6369467],[53.0005639,67.6370028],[53.0023744,67.6372967],[53.0023825,67.6372814],[53.002353,67.6372528],[53.00231,67.6372344],[53.0005022,67.6369467]]]}},{"type":"Feature","id":"osm-context-770682159","properties":{"osmId":770682159,"kind":"area","landuse":"grass","natural":null,"water":null,"waterway":null,"leisure":null,"amenity":null,"railway":null,"name":null,"source":"OpenStreetMap"},"geometry":{"type":"Polygon","coordinates":[[[53.0023181,67.6370977],[53.0032435,67.6372436],[53.0031979,67.6372589],[53.0031335,67.6372691],[53.0030879,67.6372691],[53.0024012,67.6371559],[53.0023556,67.6371385],[53.0023288,67.6371201],[53.0023181,67.6370977]]]}},{"type":"Feature","id":"osm-context-770682160","properties":{"osmId":770682160,"kind":"area","landuse":"grass","natural":null,"water":null,"waterway":null,"leisure":null,"amenity":null,"railway":null,"name":null,"source":"OpenStreetMap"},"geometry":{"type":"Polygon","coordinates":[[[53.0033856,67.6372685],[53.0041715,67.6373987],[53.0041018,67.6374151],[53.0039945,67.6374181],[53.0034849,67.6373355],[53.0034205,67.637311],[53.0033856,67.6372685]]]}},{"type":"Feature","id":"osm-context-770682173","properties":{"osmId":770682173,"kind":"area","landuse":"grass","natural":null,"water":null,"waterway":null,"leisure":null,"amenity":null,"railway":null,"name":null,"source":"OpenStreetMap"},"geometry":{"type":"Polygon","coordinates":[[[53.0034717,67.6374767],[53.0035178,67.6374397],[53.0050113,67.6376834],[53.0051157,67.6377137],[53.005167,67.6377372],[53.0051511,67.6377534],[53.0034717,67.6374767]]]}},{"type":"Feature","id":"osm-context-770688763","properties":{"osmId":770688763,"kind":"area","landuse":"grass","natural":null,"water":null,"waterway":null,"leisure":null,"amenity":null,"railway":null,"name":null,"source":"OpenStreetMap"},"geometry":{"type":"Polygon","coordinates":[[[53.0086618,67.6382108],[53.0085786,67.6381792],[53.0083398,67.638229],[53.0083105,67.6382718],[53.0086618,67.6382108]]]}},{"type":"Feature","id":"osm-context-770688764","properties":{"osmId":770688764,"kind":"area","landuse":"grass","natural":null,"water":null,"waterway":null,"leisure":null,"amenity":null,"railway":null,"name":null,"source":"OpenStreetMap"},"geometry":{"type":"Polygon","coordinates":[[[53.0080615,67.6383073],[53.0079285,67.6384296],[53.0077094,67.6386311],[53.0077757,67.6386803],[53.0081636,67.6383233],[53.0080615,67.6383073]]]}},{"type":"Feature","id":"osm-context-770688765","properties":{"osmId":770688765,"kind":"area","landuse":"grass","natural":null,"water":null,"waterway":null,"leisure":null,"amenity":null,"railway":null,"name":null,"source":"OpenStreetMap"},"geometry":{"type":"Polygon","coordinates":[[[53.0075561,67.6385057],[53.0076852,67.6383906],[53.0077826,67.6384068],[53.0076215,67.6385508],[53.0075599,67.6385083],[53.0075561,67.6385057]]]}},{"type":"Feature","id":"osm-context-770688766","properties":{"osmId":770688766,"kind":"area","landuse":"grass","natural":null,"water":null,"waterway":null,"leisure":null,"amenity":null,"railway":null,"name":null,"source":"OpenStreetMap"},"geometry":{"type":"Polygon","coordinates":[[[53.0075331,67.6385313],[53.0071244,67.6388897],[53.0072287,67.6389076],[53.0075879,67.6385771],[53.0075331,67.6385313]]]}},{"type":"Feature","id":"osm-context-770688767","properties":{"osmId":770688767,"kind":"area","landuse":"grass","natural":null,"water":null,"waterway":null,"leisure":null,"amenity":null,"railway":null,"name":null,"source":"OpenStreetMap"},"geometry":{"type":"Polygon","coordinates":[[[53.0074906,67.6388208],[53.0076852,67.6386505],[53.0077436,67.6386942],[53.0075861,67.6388369],[53.0074906,67.6388208]]]}},{"type":"Feature","id":"osm-context-770688768","properties":{"osmId":770688768,"kind":"area","landuse":"grass","natural":null,"water":null,"waterway":null,"leisure":null,"amenity":null,"railway":null,"name":null,"source":"OpenStreetMap"},"geometry":{"type":"Polygon","coordinates":[[[53.0074553,67.6388495],[53.0075507,67.6388647],[53.0072658,67.6391237],[53.0072039,67.639078],[53.0074553,67.6388495]]]}},{"type":"Feature","id":"osm-context-770688769","properties":{"osmId":770688769,"kind":"area","landuse":"grass","natural":null,"water":null,"waterway":null,"leisure":null,"amenity":null,"railway":null,"name":null,"source":"OpenStreetMap"},"geometry":{"type":"Polygon","coordinates":[[[53.0068957,67.6390848],[53.0070995,67.6389086],[53.007201,67.6389252],[53.0070384,67.6390672],[53.0068957,67.6390848]]]}},{"type":"Feature","id":"osm-context-770688770","properties":{"osmId":770688770,"kind":"area","landuse":"grass","natural":null,"water":null,"waterway":null,"leisure":null,"amenity":null,"railway":null,"name":null,"source":"OpenStreetMap"},"geometry":{"type":"Polygon","coordinates":[[[53.0070093,67.6392443],[53.0071084,67.6392597],[53.0072269,67.639154],[53.0071632,67.6391116],[53.0070093,67.6392443]]]}},{"type":"Feature","id":"osm-context-770688771","properties":{"osmId":770688771,"kind":"area","landuse":"grass","natural":null,"water":null,"waterway":null,"leisure":null,"amenity":null,"railway":null,"name":null,"source":"OpenStreetMap"},"geometry":{"type":"Polygon","coordinates":[[[53.0067668,67.6392113],[53.0068574,67.6392254],[53.0070071,67.6390933],[53.0068783,67.6391103],[53.0067668,67.6392113]]]}},{"type":"Feature","id":"osm-context-770688773","properties":{"osmId":770688773,"kind":"area","landuse":"grass","natural":null,"water":null,"waterway":null,"leisure":null,"amenity":null,"railway":null,"name":null,"source":"OpenStreetMap"},"geometry":{"type":"Polygon","coordinates":[[[53.0053235,67.6381346],[53.0055827,67.6379214],[53.0056154,67.6379134],[53.0057158,67.6379045],[53.0059913,67.6379471],[53.0058536,67.6380662],[53.0061387,67.6381139],[53.0069253,67.6382456],[53.0068705,67.6382865],[53.0058298,67.6380981],[53.0057659,67.6381508],[53.005487,67.6381097],[53.0054543,67.6381097],[53.0053896,67.6381438],[53.0053235,67.6381346]]]}},{"type":"Feature","id":"osm-context-770978067","properties":{"osmId":770978067,"kind":"area","landuse":"grass","natural":null,"water":null,"waterway":null,"leisure":null,"amenity":null,"railway":null,"name":null,"source":"OpenStreetMap"},"geometry":{"type":"Polygon","coordinates":[[[53.0372427,67.6516068],[53.0372374,67.6515927],[53.037264,67.6515752],[53.0373047,67.6515577],[53.0373347,67.6515523],[53.0373648,67.6515517],[53.0373772,67.6515577],[53.0373542,67.6515893],[53.0373277,67.6516048],[53.0373047,67.65161],[53.0372764,67.651614],[53.0372587,67.651614],[53.0372427,67.6516068]]]}},{"type":"Feature","id":"osm-context-771245626","properties":{"osmId":771245626,"kind":"area","landuse":null,"natural":"water","water":"lake","waterway":null,"leisure":null,"amenity":null,"railway":null,"name":null,"source":"OpenStreetMap"},"geometry":{"type":"Polygon","coordinates":[[[53.1133924,67.6550898],[53.1137099,67.6554591],[53.1138781,67.6554307],[53.1140555,67.6553277],[53.114289,67.6552887],[53.1145505,67.6553348],[53.1149241,67.6552212],[53.1150829,67.6550401],[53.1150269,67.6548413],[53.1149522,67.6547773],[53.1145132,67.654962],[53.1142236,67.6549584],[53.1135979,67.6548661],[53.1133924,67.6550898]]]}},{"type":"Feature","id":"osm-context-771245627","properties":{"osmId":771245627,"kind":"area","landuse":null,"natural":"water","water":"lake","waterway":null,"leisure":null,"amenity":null,"railway":null,"name":null,"source":"OpenStreetMap"},"geometry":{"type":"Polygon","coordinates":[[[53.1138136,67.6539854],[53.1139691,67.6540771],[53.1142213,67.6540975],[53.1144949,67.6540975],[53.1147094,67.6540058],[53.1147738,67.6538263],[53.1145217,67.6537039],[53.1139852,67.6538528],[53.1138511,67.6538915],[53.1138136,67.6539854]]]}},{"type":"Feature","id":"osm-context-771245628","properties":{"osmId":771245628,"kind":"area","landuse":null,"natural":"water","water":"lake","waterway":null,"leisure":null,"amenity":null,"railway":null,"name":null,"source":"OpenStreetMap"},"geometry":{"type":"Polygon","coordinates":[[[53.1155272,67.6531568],[53.1160395,67.6531738],[53.1159826,67.6531274],[53.1159419,67.6530161],[53.1160801,67.6530331],[53.1162956,67.6530841],[53.1164704,67.6530362],[53.1164542,67.653129],[53.1165111,67.6531892],[53.1162631,67.6532232],[53.1161167,67.6532959],[53.1163078,67.6533376],[53.1167266,67.6531382],[53.1165965,67.6530084],[53.1164298,67.6528925],[53.1161493,67.652979],[53.1159744,67.6529929],[53.1158322,67.6529697],[53.1156289,67.653013],[53.1154541,67.6530285],[53.1154134,67.6530764],[53.1153984,67.6531128],[53.1153287,67.6531516],[53.1153716,67.6531863],[53.115436,67.6531751],[53.1154119,67.6531343],[53.1154601,67.6531139],[53.1155701,67.6531159],[53.1155272,67.6531568]]]}},{"type":"Feature","id":"osm-context-771245629","properties":{"osmId":771245629,"kind":"area","landuse":null,"natural":"water","water":"lake","waterway":null,"leisure":null,"amenity":null,"railway":null,"name":null,"source":"OpenStreetMap"},"geometry":{"type":"Polygon","coordinates":[[[53.1104715,67.6558172],[53.110245,67.6558172],[53.1100963,67.6558872],[53.1102308,67.6559867],[53.1102662,67.6561213],[53.110544,67.6562342],[53.110862,67.6562121],[53.1108835,67.6561149],[53.1107475,67.6559652],[53.1107263,67.655863],[53.1104715,67.6558172]]]}},{"type":"Feature","id":"osm-context-771245630","properties":{"osmId":771245630,"kind":"area","landuse":null,"natural":"water","water":"lake","waterway":null,"leisure":null,"amenity":null,"railway":null,"name":null,"source":"OpenStreetMap"},"geometry":{"type":"Polygon","coordinates":[[[53.1107122,67.6574264],[53.1103582,67.6573322],[53.1099689,67.6573752],[53.1097212,67.6575044],[53.1097283,67.6576928],[53.1102025,67.6577439],[53.1104644,67.6576981],[53.1107546,67.657752],[53.1110307,67.6576954],[53.1112855,67.6576201],[53.1113634,67.6574667],[53.1110448,67.6574129],[53.1107122,67.6574264]]]}},{"type":"Feature","id":"osm-context-771245631","properties":{"osmId":771245631,"kind":"area","landuse":null,"natural":"water","water":"lake","waterway":null,"leisure":null,"amenity":null,"railway":null,"name":null,"source":"OpenStreetMap"},"geometry":{"type":"Polygon","coordinates":[[[53.1104275,67.6567633],[53.110308,67.6567477],[53.1101659,67.6567715],[53.1101404,67.6567986],[53.1101742,67.6568241],[53.1103194,67.6568315],[53.1104105,67.656819],[53.1104275,67.6567633]]]}},{"type":"Feature","id":"osm-context-771245633","properties":{"osmId":771245633,"kind":"area","landuse":null,"natural":"water","water":"lake","waterway":null,"leisure":null,"amenity":null,"railway":null,"name":null,"source":"OpenStreetMap"},"geometry":{"type":"Polygon","coordinates":[[[53.1107933,67.6591692],[53.1110275,67.6591903],[53.1112493,67.6591575],[53.1117176,67.6591013],[53.1121843,67.6589488],[53.1124828,67.658834],[53.1124339,67.6586541],[53.1123092,67.6586465],[53.1119367,67.6587479],[53.1116033,67.6587763],[53.1114756,67.6588499],[53.111168,67.658875],[53.111009,67.6589959],[53.1108796,67.6589865],[53.1107933,67.6591692]]]}},{"type":"Feature","id":"osm-context-771331125","properties":{"osmId":771331125,"kind":"area","landuse":null,"natural":"water","water":"lake","waterway":null,"leisure":null,"amenity":null,"railway":null,"name":null,"source":"OpenStreetMap"},"geometry":{"type":"Polygon","coordinates":[[[53.0459879,67.6158578],[53.046184,67.6159218],[53.0461186,67.6160463],[53.0465016,67.6160463],[53.0468658,67.615904],[53.0468285,67.6157404],[53.0469779,67.6155839],[53.047062,67.6154843],[53.0468098,67.6153918],[53.0464455,67.6153918],[53.0462587,67.6156906],[53.0459879,67.6158578]]]}},{"type":"Feature","id":"osm-context-771637885","properties":{"osmId":771637885,"kind":"area","landuse":null,"natural":null,"water":null,"waterway":null,"leisure":"park","amenity":null,"railway":null,"name":"Смотровая площадка","source":"OpenStreetMap"},"geometry":{"type":"Polygon","coordinates":[[[52.9935814,67.6467289],[52.9936026,67.6467121],[52.9937613,67.6465823],[52.9938008,67.646551],[52.9933414,67.6464712],[52.9933011,67.6464642],[52.9932479,67.6464549],[52.9927713,67.6463722],[52.9926051,67.6465135],[52.9927801,67.6465538],[52.9930547,67.6466171],[52.9933042,67.6466701],[52.9935152,67.6467149],[52.9935814,67.6467289]]]}},{"type":"Feature","id":"osm-context-771637886","properties":{"osmId":771637886,"kind":"area","landuse":null,"natural":null,"water":null,"waterway":null,"leisure":null,"amenity":"parking","railway":null,"name":null,"source":"OpenStreetMap"},"geometry":{"type":"Polygon","coordinates":[[[52.9938293,67.6469178],[52.9935686,67.646876],[52.9936213,67.6468284],[52.9938821,67.6468702],[52.9938293,67.6469178]]]}},{"type":"Feature","id":"osm-context-772133245","properties":{"osmId":772133245,"kind":"area","landuse":null,"natural":null,"water":null,"waterway":null,"leisure":null,"amenity":"parking","railway":null,"name":null,"source":"OpenStreetMap"},"geometry":{"type":"Polygon","coordinates":[[[53.0021986,67.6388406],[53.0022783,67.6387718],[53.0023943,67.6386716],[53.0027537,67.6386568],[53.0028781,67.6386804],[53.0029376,67.6386369],[53.0032403,67.6386861],[53.003336,67.6387016],[53.0038305,67.638782],[53.0037931,67.6388108],[53.0037481,67.6388455],[53.0034841,67.639049],[53.0021986,67.6388406]]]}},{"type":"Feature","id":"osm-context-773694331","properties":{"osmId":773694331,"kind":"area","landuse":null,"natural":"wood","water":null,"waterway":null,"leisure":null,"amenity":null,"railway":null,"name":null,"source":"OpenStreetMap"},"geometry":{"type":"Polygon","coordinates":[[[53.1693949,67.7047687],[53.1730462,67.704454],[53.1733853,67.7046084],[53.1736552,67.7044305],[53.1753952,67.7042208],[53.1766961,67.7042639],[53.1771515,67.7038999],[53.1765498,67.7031534],[53.1774442,67.7025919],[53.1798835,67.7015862],[53.1801924,67.7017343],[53.1812007,67.7015122],[53.1826155,67.7016602],[53.1838761,67.7013239],[53.185047,67.7004477],[53.1857865,67.7001053],[53.1865996,67.7002102],[53.1869249,67.7000374],[53.1859089,67.6995406],[53.1867545,67.6993185],[53.1872261,67.6988371],[53.1874212,67.6982139],[53.1881353,67.6977189],[53.1878603,67.6973314],[53.1892421,67.6971994],[53.1898266,67.6974659],[53.1902656,67.6973116],[53.1908687,67.6968685],[53.1912753,67.6960477],[53.1910546,67.6953341],[53.1907874,67.6946343],[53.1899751,67.6944125],[53.1898483,67.6938066],[53.1887872,67.6931777],[53.1856975,67.6928629],[53.1835997,67.6925728],[53.1833557,67.6923814],[53.184429,67.6922209],[53.185795,67.692153],[53.1865919,67.6921098],[53.1883481,67.6925851],[53.187535,67.6916962],[53.1862504,67.6912086],[53.1856975,67.6905481],[53.1856487,67.6897394],[53.1850307,67.6887393],[53.1816808,67.6896097],[53.1771437,67.6887578],[53.1744605,67.6884368],[53.1703462,67.6882824],[53.1660531,67.6876033],[53.1632235,67.6872205],[53.1621673,67.687128],[53.1617167,67.6874783],[53.16206,67.688073],[53.1625321,67.6887654],[53.1644847,67.6889935],[53.1661155,67.6889772],[53.166609,67.6892216],[53.1653859,67.6893682],[53.1642487,67.6894334],[53.16309,67.6891727],[53.1623604,67.6894578],[53.1608369,67.6893682],[53.1601503,67.6890831],[53.159292,67.6890668],[53.1590345,67.6889283],[53.1586053,67.6889446],[53.1584336,67.6885617],[53.157747,67.6883418],[53.1570389,67.6878204],[53.1567385,67.6872909],[53.1570818,67.6870791],[53.1566741,67.6868184],[53.1564009,67.6865333],[53.1564381,67.6864111],[53.1558802,67.6856289],[53.1533696,67.6848794],[53.1518891,67.6842683],[53.1505587,67.6839342],[53.1452261,67.6835631],[53.1565657,67.6935884],[53.1575417,67.6940496],[53.1583571,67.6945576],[53.1588829,67.6949129],[53.1593066,67.6952428],[53.1595963,67.6955064],[53.1601998,67.6959737],[53.1607524,67.6964032],[53.1611735,67.6966669],[53.1619057,67.6970893],[53.1620398,67.6971952],[53.1622115,67.6973163],[53.16241,67.6974099],[53.1627184,67.6975423],[53.1630295,67.6977082],[53.1637269,67.6981805],[53.1647569,67.6987871],[53.1657225,67.6994792],[53.1663769,67.7000614],[53.1669027,67.700552],[53.1674766,67.7009448],[53.1676805,67.7012705],[53.1679434,67.7017346],[53.1682652,67.7023676],[53.1683537,67.7026291],[53.1684959,67.7027981],[53.1686729,67.7029538],[53.168866,67.7031461],[53.1690887,67.7035206],[53.1691799,67.7038523],[53.1692737,67.7039958],[53.1693408,67.7040762],[53.1693515,67.7041546],[53.1693301,67.7043092],[53.1693435,67.7043957],[53.1693622,67.7044843],[53.1693949,67.7047687]]]}},{"type":"Feature","id":"osm-context-774538742","properties":{"osmId":774538742,"kind":"area","landuse":"quarry","natural":null,"water":null,"waterway":null,"leisure":null,"amenity":null,"railway":null,"name":null,"source":"OpenStreetMap"},"geometry":{"type":"Polygon","coordinates":[[[53.1123166,67.6125347],[53.1133272,67.6126333],[53.1142145,67.6126004],[53.1144734,67.6123422],[53.1143008,67.6120137],[53.1141036,67.6118681],[53.1133395,67.6117883],[53.1128712,67.6118681],[53.1121194,67.6121779],[53.1123166,67.6125347]]]}},{"type":"Feature","id":"osm-context-774538743","properties":{"osmId":774538743,"kind":"area","landuse":"quarry","natural":null,"water":null,"waterway":null,"leisure":null,"amenity":null,"railway":null,"name":null,"source":"OpenStreetMap"},"geometry":{"type":"Polygon","coordinates":[[[53.1103078,67.6137363],[53.1117127,67.6141024],[53.1144241,67.6139757],[53.1170121,67.6136096],[53.1173942,67.6132153],[53.1173695,67.6129431],[53.1160139,67.6128539],[53.1157181,67.6127928],[53.1144857,67.6129196],[53.1142638,67.6130557],[53.1126124,67.6129196],[53.1108747,67.6132763],[53.1103078,67.6137363]]]}},{"type":"Feature","id":"osm-context-774632646","properties":{"osmId":774632646,"kind":"area","landuse":null,"natural":"water","water":"lake","waterway":null,"leisure":null,"amenity":null,"railway":null,"name":null,"source":"OpenStreetMap"},"geometry":{"type":"Polygon","coordinates":[[[53.1495392,67.611968],[53.1493127,67.6119006],[53.1491853,67.6117847],[53.1491711,67.6116661],[53.1491641,67.6115798],[53.1493623,67.6115421],[53.1496879,67.6115717],[53.1496808,67.6116418],[53.1495392,67.611685],[53.1498648,67.6118225],[53.1497516,67.6119492],[53.1495392,67.611968]]]}},{"type":"Feature","id":"osm-context-774632647","properties":{"osmId":774632647,"kind":"area","landuse":null,"natural":"water","water":"lake","waterway":null,"leisure":null,"amenity":null,"railway":null,"name":null,"source":"OpenStreetMap"},"geometry":{"type":"Polygon","coordinates":[[[53.1490154,67.6112293],[53.1491924,67.6112024],[53.149341,67.6111161],[53.1494189,67.6110055],[53.1493481,67.6109516],[53.1491428,67.6108869],[53.1491499,67.611046],[53.1489942,67.6111377],[53.1490154,67.6112293]]]}},{"type":"Feature","id":"osm-context-774632648","properties":{"osmId":774632648,"kind":"area","landuse":null,"natural":"water","water":"lake","waterway":null,"leisure":null,"amenity":null,"railway":null,"name":null,"source":"OpenStreetMap"},"geometry":{"type":"Polygon","coordinates":[[[53.148796,67.6103019],[53.1489376,67.6103315],[53.1490791,67.6105715],[53.1492419,67.6107225],[53.1495675,67.6107521],[53.1497091,67.6107629],[53.1493623,67.6105823],[53.1493198,67.6105256],[53.1494614,67.6104933],[53.1492136,67.6103612],[53.149065,67.6102102],[53.148796,67.6103019]]]}},{"type":"Feature","id":"osm-context-776401875","properties":{"osmId":776401875,"kind":"area","landuse":"construction","natural":null,"water":null,"waterway":null,"leisure":null,"amenity":null,"railway":null,"name":null,"source":"OpenStreetMap"},"geometry":{"type":"Polygon","coordinates":[[[53.0449291,67.6260075],[53.0452467,67.6262492],[53.0460126,67.6261213],[53.0460032,67.6260164],[53.0458024,67.6258599],[53.0449291,67.6260075]]]}},{"type":"Feature","id":"osm-context-776401917","properties":{"osmId":776401917,"kind":"area","landuse":"construction","natural":null,"water":null,"waterway":null,"leisure":null,"amenity":null,"railway":null,"name":null,"source":"OpenStreetMap"},"geometry":{"type":"Polygon","coordinates":[[[53.0252326,67.6284711],[53.0256618,67.6288427],[53.027078,67.6293449],[53.0285264,67.6284302],[53.0284566,67.6283016],[53.029492,67.6278177],[53.0293216,67.6275275],[53.0295766,67.6274096],[53.0285049,67.627005],[53.0252326,67.6284711]]]}},{"type":"Feature","id":"osm-context-778809801","properties":{"osmId":778809801,"kind":"area","landuse":"industrial","natural":null,"water":null,"waterway":null,"leisure":null,"amenity":null,"railway":null,"name":"Котельная № 17","source":"OpenStreetMap"},"geometry":{"type":"Polygon","coordinates":[[[53.0163512,67.63192],[53.0165214,67.6318615],[53.0169001,67.6320209],[53.01673,67.6320794],[53.0163512,67.63192]]]}},{"type":"Feature","id":"osm-context-780910690","properties":{"osmId":780910690,"kind":"area","landuse":"grass","natural":null,"water":null,"waterway":null,"leisure":null,"amenity":null,"railway":null,"name":null,"source":"OpenStreetMap"},"geometry":{"type":"Polygon","coordinates":[[[53.0632767,67.6606075],[53.063259,67.6606304],[53.0632697,67.6606613],[53.0632838,67.6606842],[53.0633157,67.6606963],[53.0639492,67.6608147],[53.0640235,67.660808],[53.0641084,67.6607932],[53.0641792,67.6607676],[53.0642111,67.6607353],[53.0642217,67.6607017],[53.0642005,67.6606761],[53.0641438,67.6606425],[53.0635492,67.6605322],[53.0634855,67.6605322],[53.0633935,67.6605403],[53.0633475,67.6605537],[53.0633121,67.6605739],[53.0632767,67.6606075]]]}},{"type":"Feature","id":"osm-context-780910712","properties":{"osmId":780910712,"kind":"area","landuse":"garages","natural":null,"water":null,"waterway":null,"leisure":null,"amenity":null,"railway":null,"name":"АТП","source":"OpenStreetMap"},"geometry":{"type":"Polygon","coordinates":[[[53.0756621,67.6642278],[53.0761961,67.6643533],[53.0762581,67.6643684],[53.0761135,67.6644579],[53.0759959,67.6645264],[53.0765043,67.6646525],[53.0766443,67.6646955],[53.0783235,67.6651148],[53.0785644,67.6651736],[53.079324,67.6647235],[53.0794327,67.6647494],[53.0796792,67.6645831],[53.0802707,67.6647259],[53.0805667,67.6645247],[53.0808348,67.6643296],[53.0810256,67.6641897],[53.0799688,67.6637986],[53.0793279,67.6635187],[53.078989,67.6633548],[53.0785453,67.6633056],[53.077963,67.663637],[53.0772463,67.6634631],[53.0771188,67.6634321],[53.0767882,67.6635258],[53.0758366,67.664114],[53.0756621,67.6642278]]]}},{"type":"Feature","id":"osm-context-797371140","properties":{"osmId":797371140,"kind":"area","landuse":null,"natural":null,"water":null,"waterway":null,"leisure":"pitch","amenity":null,"railway":null,"name":null,"source":"OpenStreetMap"},"geometry":{"type":"Polygon","coordinates":[[[53.0658472,67.6596669],[53.0668578,67.6596883],[53.0668849,67.6595027],[53.0658743,67.6594814],[53.0658472,67.6596669]]]}},{"type":"Feature","id":"osm-context-797371146","properties":{"osmId":797371146,"kind":"area","landuse":null,"natural":null,"water":null,"waterway":null,"leisure":"playground","amenity":null,"railway":null,"name":null,"source":"OpenStreetMap"},"geometry":{"type":"Polygon","coordinates":[[[53.0695776,67.6583463],[53.0697422,67.6583447],[53.069976,67.6582497],[53.069976,67.6581732],[53.0695491,67.658174],[53.0695776,67.6583463]]]}},{"type":"Feature","id":"osm-context-797371156","properties":{"osmId":797371156,"kind":"area","landuse":"grass","natural":null,"water":null,"waterway":null,"leisure":null,"amenity":null,"railway":null,"name":null,"source":"OpenStreetMap"},"geometry":{"type":"Polygon","coordinates":[[[53.0695491,67.658174],[53.069976,67.6581732],[53.0701921,67.6581753],[53.0703075,67.6581641],[53.0703584,67.6581457],[53.0703584,67.6581233],[53.0703343,67.6581029],[53.0702485,67.6580907],[53.0700849,67.6580784],[53.0699025,67.6580795],[53.0698515,67.6580744],[53.0698113,67.6580723],[53.0696906,67.6580825],[53.069645,67.6580907],[53.0696208,67.658109],[53.0696047,67.6581386],[53.0695672,67.6581447],[53.0695404,67.6581518],[53.069535,67.6581631],[53.0695491,67.658174]]]}},{"type":"Feature","id":"osm-context-797371166","properties":{"osmId":797371166,"kind":"area","landuse":null,"natural":null,"water":null,"waterway":null,"leisure":"playground","amenity":null,"railway":null,"name":null,"source":"OpenStreetMap"},"geometry":{"type":"Polygon","coordinates":[[[53.0710703,67.660381],[53.071444,67.6603212],[53.0713265,67.660215],[53.0709527,67.6602748],[53.0710703,67.660381]]]}},{"type":"Feature","id":"osm-context-797371176","properties":{"osmId":797371176,"kind":"area","landuse":"grass","natural":null,"water":null,"waterway":null,"leisure":null,"amenity":null,"railway":null,"name":null,"source":"OpenStreetMap"},"geometry":{"type":"Polygon","coordinates":[[[53.0680106,67.6606932],[53.0682815,67.6607544],[53.0685014,67.6607789],[53.0690889,67.6608023],[53.0691935,67.660788],[53.0693007,67.6607462],[53.0693598,67.6606953],[53.0693705,67.6606392],[53.0693222,67.6605923],[53.0692417,67.6605566],[53.0691452,67.6605454],[53.0690111,67.6605464],[53.0688716,67.6605689],[53.0687643,67.6606015],[53.0686543,67.6606198],[53.0685202,67.6606423],[53.0684049,67.6606463],[53.0682896,67.6606361],[53.068252,67.6606137],[53.0682091,67.6605872],[53.0681313,67.6605831],[53.0680669,67.6605984],[53.068075,67.6606239],[53.0680455,67.6606321],[53.0680133,67.6606351],[53.0679838,67.6606494],[53.0679757,67.6606708],[53.0680106,67.6606932]]]}},{"type":"Feature","id":"osm-context-797371185","properties":{"osmId":797371185,"kind":"area","landuse":null,"natural":null,"water":null,"waterway":null,"leisure":"playground","amenity":null,"railway":null,"name":null,"source":"OpenStreetMap"},"geometry":{"type":"Polygon","coordinates":[[[53.0723794,67.6592446],[53.072854,67.6592494],[53.0728723,67.658989],[53.0723976,67.6589842],[53.0723794,67.6592446]]]}},{"type":"Feature","id":"osm-context-797371196","properties":{"osmId":797371196,"kind":"area","landuse":null,"natural":null,"water":null,"waterway":null,"leisure":"playground","amenity":null,"railway":null,"name":null,"source":"OpenStreetMap"},"geometry":{"type":"Polygon","coordinates":[[[53.0741139,67.6593012],[53.074315,67.659292],[53.074374,67.6592737],[53.0744465,67.6592349],[53.0745135,67.6592135],[53.074881,67.6592135],[53.0748808,67.6592206],[53.0748756,67.6593868],[53.0741139,67.6593807],[53.0741139,67.6593012]]]}},{"type":"Feature","id":"osm-context-797371197","properties":{"osmId":797371197,"kind":"area","landuse":"grass","natural":null,"water":null,"waterway":null,"leisure":null,"amenity":null,"railway":null,"name":null,"source":"OpenStreetMap"},"geometry":{"type":"Polygon","coordinates":[[[53.0748756,67.6593868],[53.0754791,67.659394],[53.0755381,67.6593787],[53.075573,67.6593399],[53.0755837,67.6592696],[53.0755381,67.6592339],[53.0754603,67.6592145],[53.0753477,67.6592094],[53.0752833,67.6592135],[53.0752189,67.659238],[53.0751814,67.6592512],[53.0750607,67.6592563],[53.0750151,67.6592502],[53.0749883,67.6592278],[53.0749641,67.6592206],[53.0748808,67.6592206],[53.0748756,67.6593868]]]}},{"type":"Feature","id":"osm-context-797371201","properties":{"osmId":797371201,"kind":"area","landuse":"grass","natural":null,"water":null,"waterway":null,"leisure":null,"amenity":null,"railway":null,"name":null,"source":"OpenStreetMap"},"geometry":{"type":"Polygon","coordinates":[[[53.0755347,67.6562804],[53.0755523,67.656314],[53.0755877,67.6563288],[53.0756302,67.6563288],[53.0756833,67.6563073],[53.0757824,67.6562131],[53.0757895,67.6561405],[53.0757612,67.6560934],[53.0757187,67.6560799],[53.0756585,67.6560799],[53.0756054,67.6560853],[53.0755594,67.6561015],[53.0755523,67.6561634],[53.0755347,67.6562804]]]}},{"type":"Feature","id":"osm-context-797371214","properties":{"osmId":797371214,"kind":"area","landuse":"grass","natural":null,"water":null,"waterway":null,"leisure":null,"amenity":null,"railway":null,"name":null,"source":"OpenStreetMap"},"geometry":{"type":"Polygon","coordinates":[[[53.0677936,67.6579441],[53.0677192,67.6579172],[53.0676912,67.657832],[53.0677146,67.6577805],[53.0677776,67.6577352],[53.0679084,67.6576775],[53.0679644,67.65765],[53.0680018,67.6576083],[53.0679901,67.6574734],[53.0680088,67.657421],[53.0681022,67.6573704],[53.0681573,67.6573421],[53.0681679,67.6574095],[53.0687073,67.6573972],[53.0686967,67.6573298],[53.0686602,67.6572878],[53.0686322,67.6572683],[53.0685808,67.6572461],[53.0685645,67.6572186],[53.0686042,67.657208],[53.0686649,67.6572186],[53.0687746,67.6572568],[53.068861,67.6572949],[53.0689591,67.6573171],[53.0691296,67.6573766],[53.069237,67.6574254],[53.0692557,67.6574689],[53.069293,67.6575115],[53.0693817,67.6575346],[53.0694821,67.6575453],[53.0698161,67.6576509],[53.0699958,67.6576731],[53.0701663,67.6577015],[53.0703765,67.6577246],[53.0704932,67.657737],[53.0708178,67.6578],[53.0709065,67.6578311],[53.0709672,67.6578799],[53.0709765,67.6579385],[53.0709579,67.6579775],[53.0709205,67.6580042],[53.0708528,67.658021],[53.070687,67.658021],[53.0706872,67.6579768],[53.0708296,67.6579784],[53.0708366,67.6578866],[53.0695377,67.6578723],[53.0695307,67.657964],[53.0691001,67.6579614],[53.0691084,67.6578713],[53.0678019,67.657854],[53.0677936,67.6579441]]]}},{"type":"Feature","id":"osm-context-797371215","properties":{"osmId":797371215,"kind":"area","landuse":"grass","natural":null,"water":null,"waterway":null,"leisure":null,"amenity":null,"railway":null,"name":null,"source":"OpenStreetMap"},"geometry":{"type":"Polygon","coordinates":[[[53.0696585,67.6585054],[53.0696666,67.6585502],[53.0697202,67.6585777],[53.0698436,67.658589],[53.069975,67.6585828],[53.0700823,67.6585543],[53.0701118,67.6585308],[53.0701172,67.6584952],[53.0700823,67.6584646],[53.0700179,67.6584442],[53.0699589,67.6584452],[53.0699026,67.6584615],[53.0698543,67.6584758],[53.0697658,67.6584758],[53.0697175,67.6584605],[53.06968,67.6584615],[53.0696451,67.658487],[53.0696585,67.6585054]]]}},{"type":"Feature","id":"osm-context-797371216","properties":{"osmId":797371216,"kind":"area","landuse":"grass","natural":null,"water":null,"waterway":null,"leisure":null,"amenity":null,"railway":null,"name":null,"source":"OpenStreetMap"},"geometry":{"type":"Polygon","coordinates":[[[53.0703988,67.6585563],[53.0704068,67.6585788],[53.0704471,67.6585879],[53.0705302,67.658589],[53.0705812,67.6585777],[53.0706536,67.6585747],[53.0707502,67.6585971],[53.0708038,67.6586277],[53.0708682,67.6586277],[53.0709272,67.6586185],[53.070946,67.6585054],[53.0709486,67.6583728],[53.070887,67.6583545],[53.0708119,67.6583545],[53.0707636,67.6583432],[53.070659,67.6583412],[53.0705705,67.6583524],[53.0705168,67.6583698],[53.0705034,67.6584207],[53.0704578,67.6584676],[53.0704793,67.6585064],[53.0704739,67.6585278],[53.0704256,67.658541],[53.0703988,67.6585563]]]}},{"type":"Feature","id":"osm-context-797373664","properties":{"osmId":797373664,"kind":"area","landuse":"grass","natural":null,"water":null,"waterway":null,"leisure":null,"amenity":null,"railway":null,"name":null,"source":"OpenStreetMap"},"geometry":{"type":"Polygon","coordinates":[[[53.0741898,67.6598038],[53.0741573,67.6598301],[53.0741144,67.6598617],[53.0740956,67.6598923],[53.0740527,67.6599116],[53.0740259,67.6599014],[53.0740312,67.6597985],[53.0740071,67.6597067],[53.0740017,67.6596394],[53.0740205,67.6595477],[53.0740312,67.6594753],[53.0740742,67.6594477],[53.0742068,67.6594457],[53.0741969,67.6595443],[53.0754807,67.659563],[53.0754906,67.6594644],[53.0756057,67.6594977],[53.0756996,67.6595507],[53.0757613,67.6596037],[53.0757908,67.6596486],[53.075764,67.6596965],[53.0756969,67.6597363],[53.0756003,67.6598025],[53.075485,67.6598342],[53.0754045,67.6598647],[53.0752865,67.659876],[53.0751819,67.659877],[53.0750263,67.6598658],[53.0748145,67.6598464],[53.0747654,67.6598204],[53.0747781,67.6597573],[53.0742025,67.6597406],[53.0741898,67.6598038]]]}},{"type":"Feature","id":"osm-context-797373666","properties":{"osmId":797373666,"kind":"area","landuse":null,"natural":null,"water":null,"waterway":null,"leisure":"playground","amenity":null,"railway":null,"name":null,"source":"OpenStreetMap"},"geometry":{"type":"Polygon","coordinates":[[[53.0751226,67.6612375],[53.0758535,67.6612221],[53.0758274,67.6610425],[53.0750965,67.6610578],[53.0751226,67.6612375]]]}},{"type":"Feature","id":"osm-context-797647911","properties":{"osmId":797647911,"kind":"area","landuse":"grass","natural":null,"water":null,"waterway":null,"leisure":null,"amenity":null,"railway":null,"name":null,"source":"OpenStreetMap"},"geometry":{"type":"Polygon","coordinates":[[[52.9946833,67.6377994],[52.9953858,67.6379091],[52.9955071,67.6377966],[52.9951311,67.6377379],[52.9948431,67.6376929],[52.9947874,67.6377446],[52.9947489,67.6377386],[52.9946833,67.6377994]]]}},{"type":"Feature","id":"osm-context-797647912","properties":{"osmId":797647912,"kind":"area","landuse":"grass","natural":null,"water":null,"waterway":null,"leisure":null,"amenity":null,"railway":null,"name":null,"source":"OpenStreetMap"},"geometry":{"type":"Polygon","coordinates":[[[52.9955651,67.6378058],[52.9961592,67.6378945],[52.9962779,67.6379965],[52.9963503,67.6380632],[52.99619,67.6380357],[52.9961685,67.6380181],[52.9954568,67.6379091],[52.9955651,67.6378058]]]}},{"type":"Feature","id":"osm-context-797647913","properties":{"osmId":797647913,"kind":"area","landuse":"grass","natural":null,"water":null,"waterway":null,"leisure":null,"amenity":null,"railway":null,"name":null,"source":"OpenStreetMap"},"geometry":{"type":"Polygon","coordinates":[[[52.9969261,67.6380288],[52.9974028,67.6381043],[52.9972857,67.6382081],[52.9965647,67.6380944],[52.9969261,67.6380288]]]}},{"type":"Feature","id":"osm-context-797647916","properties":{"osmId":797647916,"kind":"area","landuse":"grass","natural":null,"water":null,"waterway":null,"leisure":null,"amenity":null,"railway":null,"name":null,"source":"OpenStreetMap"},"geometry":{"type":"Polygon","coordinates":[[[53.00407,67.6394035],[53.0043184,67.639199],[53.0043768,67.6392299],[53.0041554,67.6394177],[53.00407,67.6394035]]]}},{"type":"Feature","id":"osm-context-797647917","properties":{"osmId":797647917,"kind":"area","landuse":"grass","natural":null,"water":null,"waterway":null,"leisure":null,"amenity":null,"railway":null,"name":null,"source":"OpenStreetMap"},"geometry":{"type":"Polygon","coordinates":[[[53.0040773,67.639484],[53.0038734,67.639657],[53.0037909,67.6396628],[53.0037631,67.6396622],[53.0037524,67.6396569],[53.0039788,67.6394676],[53.0040773,67.639484]]]}},{"type":"Feature","id":"osm-context-797647946","properties":{"osmId":797647946,"kind":"area","landuse":"grass","natural":null,"water":null,"waterway":null,"leisure":null,"amenity":null,"railway":null,"name":null,"source":"OpenStreetMap"},"geometry":{"type":"Polygon","coordinates":[[[53.0766952,67.6604666],[53.076498,67.6604994],[53.076461,67.6605123],[53.0764549,67.6605451],[53.0769386,67.6609702],[53.0772344,67.6609186],[53.0772652,67.6608987],[53.0766952,67.6604666]]]}},{"type":"Feature","id":"osm-context-797647963","properties":{"osmId":797647963,"kind":"area","landuse":null,"natural":null,"water":null,"waterway":null,"leisure":"playground","amenity":null,"railway":null,"name":null,"source":"OpenStreetMap"},"geometry":{"type":"Polygon","coordinates":[[[53.0908479,67.666569],[53.0907114,67.6666829],[53.0904734,67.6666417],[53.09061,67.6665278],[53.0908479,67.666569]]]}},{"type":"Feature","id":"osm-context-797647971","properties":{"osmId":797647971,"kind":"area","landuse":null,"natural":null,"water":null,"waterway":null,"leisure":"playground","amenity":null,"railway":null,"name":null,"source":"OpenStreetMap"},"geometry":{"type":"Polygon","coordinates":[[[53.0813382,67.6646452],[53.0814982,67.6645559],[53.0816956,67.664607],[53.0815355,67.6646963],[53.0813382,67.6646452]]]}},{"type":"Feature","id":"osm-context-797647972","properties":{"osmId":797647972,"kind":"area","landuse":null,"natural":null,"water":null,"waterway":null,"leisure":"playground","amenity":null,"railway":null,"name":null,"source":"OpenStreetMap"},"geometry":{"type":"Polygon","coordinates":[[[53.0811786,67.6647293],[53.0813779,67.6647787],[53.0814665,67.664727],[53.0812672,67.6646777],[53.0811786,67.6647293]]]}},{"type":"Feature","id":"osm-context-797660014","properties":{"osmId":797660014,"kind":"area","landuse":null,"natural":null,"water":null,"waterway":null,"leisure":"playground","amenity":null,"railway":null,"name":null,"source":"OpenStreetMap"},"geometry":{"type":"Polygon","coordinates":[[[53.1119853,67.6698918],[53.1121511,67.6697494],[53.1123892,67.6697894],[53.1122235,67.6699318],[53.1119853,67.6698918]]]}},{"type":"Feature","id":"osm-context-797660015","properties":{"osmId":797660015,"kind":"area","landuse":null,"natural":null,"water":null,"waterway":null,"leisure":"playground","amenity":null,"railway":null,"name":null,"source":"OpenStreetMap"},"geometry":{"type":"Polygon","coordinates":[[[53.113975,67.6703508],[53.1142453,67.670385],[53.1141583,67.6704842],[53.1138879,67.67045],[53.113975,67.6703508]]]}},{"type":"Feature","id":"osm-context-797772487","properties":{"osmId":797772487,"kind":"area","landuse":null,"natural":null,"water":null,"waterway":null,"leisure":null,"amenity":"kindergarten","railway":null,"name":"ДС № 12 Теремок","source":"OpenStreetMap"},"geometry":{"type":"Polygon","coordinates":[[[53.0694384,67.659574],[53.0693354,67.6595741],[53.069336,67.6597852],[53.0693785,67.6598027],[53.0705995,67.6597758],[53.0705498,67.6594371],[53.0705181,67.6592215],[53.0692971,67.6592282],[53.0692972,67.6592483],[53.0692979,67.6594328],[53.0694325,67.659432],[53.0697767,67.65943],[53.0697824,67.659572],[53.0694384,67.659574]]]}},{"type":"Feature","id":"osm-context-797772491","properties":{"osmId":797772491,"kind":"area","landuse":"grass","natural":null,"water":null,"waterway":null,"leisure":null,"amenity":null,"railway":null,"name":null,"source":"OpenStreetMap"},"geometry":{"type":"Polygon","coordinates":[[[53.0692972,67.6592483],[53.0691113,67.6592177],[53.069063,67.659179],[53.0690657,67.6591454],[53.0690844,67.6591076],[53.0691461,67.6590811],[53.0692454,67.6590679],[53.0694546,67.6590393],[53.0696209,67.6590261],[53.069822,67.6590118],[53.0701171,67.6590067],[53.070388,67.6590169],[53.0705409,67.6590516],[53.0706616,67.6590883],[53.0708386,67.6591178],[53.0709669,67.6591562],[53.0706835,67.6592093],[53.0712386,67.659637],[53.0715221,67.6595838],[53.0715789,67.6595848],[53.0716111,67.6596041],[53.0716138,67.6596347],[53.0715521,67.6596714],[53.0714314,67.6596949],[53.0713026,67.6597071],[53.0712061,67.6597122],[53.0711363,67.659702],[53.0710854,67.6596837],[53.070962,67.6595715],[53.0708627,67.6595032],[53.0707662,67.6594645],[53.0706911,67.6594471],[53.0705498,67.6594371],[53.0705181,67.6592215],[53.0692971,67.6592282],[53.0692972,67.6592483]]]}},{"type":"Feature","id":"osm-context-797772513","properties":{"osmId":797772513,"kind":"area","landuse":"grass","natural":null,"water":null,"waterway":null,"leisure":null,"amenity":null,"railway":null,"name":null,"source":"OpenStreetMap"},"geometry":{"type":"Polygon","coordinates":[[[53.0754914,67.660908],[53.0754005,67.6609103],[53.0753509,67.6608821],[53.0753403,67.6608498],[53.0753226,67.6608216],[53.0752731,67.6607772],[53.0752412,67.6607516],[53.0751563,67.660722],[53.0751315,67.6607086],[53.0750784,67.6606776],[53.0750292,67.6606357],[53.0750292,67.6605335],[53.0742032,67.6605335],[53.0742032,67.6606357],[53.0740945,67.6606426],[53.0740414,67.6606117],[53.0740202,67.6605727],[53.0740202,67.6605256],[53.0740131,67.6604879],[53.0740414,67.6604624],[53.074091,67.6604503],[53.0749546,67.6604516],[53.0750324,67.6604462],[53.0751032,67.6604314],[53.075174,67.6604328],[53.0752094,67.660453],[53.0752837,67.6604543],[53.0753191,67.6604355],[53.0752837,67.6603978],[53.0752554,67.660379],[53.0752448,67.6603615],[53.0752731,67.6602781],[53.0752837,67.6602216],[53.0752979,67.660188],[53.0753545,67.6601732],[53.0754465,67.6601705],[53.0755668,67.6601772],[53.0756518,67.6601853],[53.0757792,67.6602297],[53.0759101,67.6602835],[53.0760163,67.6603534],[53.0760765,67.6604126],[53.0760871,67.6605027],[53.0761579,67.6605539],[53.0762782,67.6606305],[53.0764021,67.6606965],[53.0764516,67.660757],[53.0765083,67.660796],[53.0765507,67.6608364],[53.0765295,67.6608767],[53.0764835,67.6608969],[53.0764092,67.6609103],[53.0763033,67.6609045],[53.0763001,67.6608005],[53.0754883,67.660804],[53.0754914,67.660908]]]}},{"type":"Feature","id":"osm-context-797772514","properties":{"osmId":797772514,"kind":"area","landuse":"allotments","natural":null,"water":null,"waterway":null,"leisure":null,"amenity":null,"railway":null,"name":null,"source":"OpenStreetMap"},"geometry":{"type":"Polygon","coordinates":[[[53.0735208,67.6625451],[53.0737916,67.6624954],[53.0744022,67.6622203],[53.0746782,67.6620898],[53.0749009,67.6620373],[53.074799,67.6619377],[53.0745908,67.6618624],[53.0744223,67.6619081],[53.0742937,67.6619456],[53.0741782,67.6618916],[53.0740179,67.6619395],[53.073807,67.6620352],[53.0739138,67.6620634],[53.0736775,67.662148],[53.0734384,67.6623206],[53.0732873,67.6624599],[53.073376,67.6625061],[53.0735208,67.6625451]]]}},{"type":"Feature","id":"osm-context-797772516","properties":{"osmId":797772516,"kind":"area","landuse":"grass","natural":null,"water":null,"waterway":null,"leisure":null,"amenity":null,"railway":null,"name":null,"source":"OpenStreetMap"},"geometry":{"type":"Polygon","coordinates":[[[53.0772463,67.6634631],[53.0773472,67.6634593],[53.0774498,67.6634714],[53.0775348,67.6634875],[53.0776693,67.6634889],[53.0777471,67.6634768],[53.0778108,67.6634351],[53.0780232,67.663306],[53.0781723,67.6632136],[53.0785453,67.6633056],[53.077963,67.663637],[53.0772463,67.6634631]]]}},{"type":"Feature","id":"osm-context-797772527","properties":{"osmId":797772527,"kind":"area","landuse":"cemetery","natural":null,"water":null,"waterway":null,"leisure":null,"amenity":null,"railway":null,"name":null,"source":"OpenStreetMap"},"geometry":{"type":"Polygon","coordinates":[[[53.0854168,67.6654328],[53.0860107,67.6656338],[53.0862048,67.6655507],[53.0864513,67.6653949],[53.085965,67.6652195],[53.0854168,67.6654328]]]}},{"type":"Feature","id":"osm-context-797780257","properties":{"osmId":797780257,"kind":"area","landuse":"grass","natural":null,"water":null,"waterway":null,"leisure":null,"amenity":null,"railway":null,"name":null,"source":"OpenStreetMap"},"geometry":{"type":"Polygon","coordinates":[[[53.0832899,67.6650878],[53.0833952,67.665114],[53.0834348,67.6650909],[53.0835867,67.6651287],[53.0836329,67.6651338],[53.0838531,67.6650008],[53.0843883,67.6652524],[53.0844505,67.6652742],[53.0844649,67.6652635],[53.0844392,67.6652386],[53.0843808,67.6652129],[53.0843061,67.6651916],[53.0842454,67.6651712],[53.0841959,67.6651475],[53.0840773,67.6650883],[53.0839541,67.6650228],[53.0838431,67.6649648],[53.0837353,67.664925],[53.0836444,67.6648963],[53.0835689,67.6648811],[53.083515,67.6648799],[53.0834842,67.6648951],[53.0834749,67.6649203],[53.0834826,67.664937],[53.0835119,67.6649525],[53.0835812,67.664987],[53.0835997,67.6650081],[53.0835889,67.665028],[53.0835289,67.6650444],[53.0834457,67.6650579],[53.0833717,67.6650655],[53.0833116,67.6650725],[53.0832899,67.6650878]]]}},{"type":"Feature","id":"osm-context-797782113","properties":{"osmId":797782113,"kind":"area","landuse":null,"natural":"water","water":null,"waterway":null,"leisure":null,"amenity":null,"railway":null,"name":null,"source":"OpenStreetMap"},"geometry":{"type":"Polygon","coordinates":[[[53.0918378,67.6665234],[53.0917947,67.666555],[53.0917824,67.6666077],[53.0917885,67.6666265],[53.0918686,67.6666487],[53.0919796,67.6666546],[53.0920843,67.6666511],[53.0921798,67.6666112],[53.0922168,67.6665527],[53.0922846,67.6665024],[53.092337,67.666452],[53.0923801,67.6664017],[53.092377,67.6663677],[53.09234,67.6663455],[53.0922908,67.6663455],[53.0922415,67.6663747],[53.0921952,67.6664099],[53.0919672,67.6663771],[53.0919118,67.6664368],[53.0918378,67.6665234]]]}},{"type":"Feature","id":"osm-context-797783511","properties":{"osmId":797783511,"kind":"area","landuse":"grass","natural":null,"water":null,"waterway":null,"leisure":null,"amenity":null,"railway":null,"name":null,"source":"OpenStreetMap"},"geometry":{"type":"Polygon","coordinates":[[[53.018294,67.6307517],[53.018044,67.6306566],[53.0179857,67.6306811],[53.0180695,67.6307126],[53.0171264,67.6310759],[53.0172081,67.6311107],[53.0172221,67.6311329],[53.0172151,67.6311551],[53.0172033,67.6311887],[53.018294,67.6307517]]]}},{"type":"Feature","id":"osm-context-797783512","properties":{"osmId":797783512,"kind":"area","landuse":"grass","natural":null,"water":null,"waterway":null,"leisure":null,"amenity":null,"railway":null,"name":null,"source":"OpenStreetMap"},"geometry":{"type":"Polygon","coordinates":[[[53.0214494,67.630738],[53.0217685,67.630861],[53.0218133,67.6308695],[53.021856,67.6308703],[53.0219149,67.6308618],[53.0219535,67.6308463],[53.0219481,67.6308442],[53.0215632,67.6306947],[53.0214494,67.630738]]]}},{"type":"Feature","id":"osm-context-797783513","properties":{"osmId":797783513,"kind":"area","landuse":null,"natural":null,"water":null,"waterway":null,"leisure":"playground","amenity":null,"railway":null,"name":null,"source":"OpenStreetMap"},"geometry":{"type":"Polygon","coordinates":[[[53.0223105,67.6313253],[53.022728,67.631168],[53.0226297,67.6311302],[53.0225806,67.6311487],[53.022545,67.6311621],[53.0222121,67.6312874],[53.0223105,67.6313253]]]}},{"type":"Feature","id":"osm-context-797784069","properties":{"osmId":797784069,"kind":"area","landuse":"construction","natural":null,"water":null,"waterway":null,"leisure":null,"amenity":null,"railway":null,"name":null,"source":"OpenStreetMap"},"geometry":{"type":"Polygon","coordinates":[[[53.0091693,67.6375524],[53.0104662,67.6377999],[53.0108077,67.6377782],[53.0108118,67.6376344],[53.0110553,67.6376356],[53.0111126,67.6376359],[53.0109932,67.6373552],[53.0109744,67.6373111],[53.010889,67.6372554],[53.0106451,67.6372353],[53.0102383,67.6371606],[53.0100637,67.6371286],[53.0097332,67.6370645],[53.0096003,67.6371765],[53.0091693,67.6375524]]]}},{"type":"Feature","id":"osm-context-797826755","properties":{"osmId":797826755,"kind":"area","landuse":"grass","natural":null,"water":null,"waterway":null,"leisure":null,"amenity":null,"railway":null,"name":null,"source":"OpenStreetMap"},"geometry":{"type":"Polygon","coordinates":[[[52.9883369,67.6364842],[52.9882766,67.636434],[52.9860718,67.6368178],[52.9861323,67.6368682],[52.9883369,67.6364842]]]}},{"type":"Feature","id":"osm-context-797826756","properties":{"osmId":797826756,"kind":"area","landuse":"grass","natural":null,"water":null,"waterway":null,"leisure":null,"amenity":null,"railway":null,"name":null,"source":"OpenStreetMap"},"geometry":{"type":"Polygon","coordinates":[[[52.9860773,67.6368823],[52.9860187,67.6368314],[52.9859937,67.6368401],[52.9859759,67.6368546],[52.9859679,67.6368709],[52.985969,67.6368892],[52.9859737,67.6368994],[52.9860773,67.6368823]]]}},{"type":"Feature","id":"osm-context-797826757","properties":{"osmId":797826757,"kind":"area","landuse":"grass","natural":null,"water":null,"waterway":null,"leisure":null,"amenity":null,"railway":null,"name":null,"source":"OpenStreetMap"},"geometry":{"type":"Polygon","coordinates":[[[52.9860027,67.6369257],[52.9861047,67.6369073],[52.9866746,67.6373721],[52.9866492,67.6373706],[52.9866129,67.6373665],[52.9865754,67.6373619],[52.9865445,67.6373563],[52.986515,67.6373481],[52.9860027,67.6369257]]]}},{"type":"Feature","id":"osm-context-797826758","properties":{"osmId":797826758,"kind":"area","landuse":"grass","natural":null,"water":null,"waterway":null,"leisure":null,"amenity":null,"railway":null,"name":null,"source":"OpenStreetMap"},"geometry":{"type":"Polygon","coordinates":[[[52.9872771,67.637205],[52.9866709,67.6373065],[52.986736,67.6373608],[52.987261,67.6372713],[52.9872959,67.637259],[52.9873079,67.6372509],[52.9873093,67.6372397],[52.9873052,67.6372305],[52.9872771,67.637205]]]}},{"type":"Feature","id":"osm-context-797826759","properties":{"osmId":797826759,"kind":"area","landuse":null,"natural":null,"water":null,"waterway":null,"leisure":"playground","amenity":null,"railway":null,"name":null,"source":"OpenStreetMap"},"geometry":{"type":"Polygon","coordinates":[[[52.9873555,67.6371664],[52.9877132,67.6371107],[52.9876299,67.6370326],[52.9877214,67.6370157],[52.9878498,67.6369957],[52.9879383,67.637078],[52.9881096,67.6370473],[52.9878962,67.6368617],[52.98714,67.6369847],[52.9873555,67.6371664]]]}},{"type":"Feature","id":"osm-context-797826762","properties":{"osmId":797826762,"kind":"area","landuse":null,"natural":null,"water":null,"waterway":null,"leisure":null,"amenity":"kindergarten","railway":null,"name":null,"source":"OpenStreetMap"},"geometry":{"type":"Polygon","coordinates":[[[52.9800593,67.6365582],[52.980535,67.6366564],[52.9808672,67.6367818],[52.980932,67.6368063],[52.9813569,67.6367678],[52.9817285,67.6366803],[52.9818314,67.6364755],[52.9816835,67.6364651],[52.9818054,67.6362147],[52.9817027,67.6361305],[52.9815857,67.6360345],[52.9811287,67.6361044],[52.9809821,67.6361266],[52.9807446,67.636069],[52.9797642,67.6360447],[52.9793962,67.6361026],[52.9792298,67.6361403],[52.979198,67.6362252],[52.9795944,67.6363787],[52.9798944,67.6365386],[52.9800593,67.6365582]]]}},{"type":"Feature","id":"osm-context-797836284","properties":{"osmId":797836284,"kind":"area","landuse":null,"natural":null,"water":null,"waterway":null,"leisure":null,"amenity":"kindergarten","railway":null,"name":"Сказка","source":"OpenStreetMap"},"geometry":{"type":"Polygon","coordinates":[[[52.9817027,67.6361305],[52.9834615,67.6358554],[52.9827534,67.6352246],[52.9810743,67.6354869],[52.9812916,67.6356859],[52.9812541,67.6357421],[52.9815857,67.6360345],[52.9817027,67.6361305]]]}},{"type":"Feature","id":"osm-context-797836286","properties":{"osmId":797836286,"kind":"area","landuse":null,"natural":null,"water":null,"waterway":null,"leisure":null,"amenity":"school","railway":null,"name":null,"source":"OpenStreetMap"},"geometry":{"type":"Polygon","coordinates":[[[52.9999017,67.6369093],[52.9991802,67.6367911],[52.9990673,67.6368809],[52.9988133,67.6368386],[52.9985368,67.6367925],[52.9986268,67.6367105],[52.9978168,67.636587],[52.9973983,67.6369574],[52.9975727,67.636987],[52.9974623,67.637074],[52.9973405,67.6371656],[52.9982896,67.6373485],[52.9982626,67.6373688],[52.9990654,67.6375235],[52.9990881,67.6375065],[52.9991483,67.6374612],[52.9991984,67.6374236],[52.9991767,67.6374195],[52.9992101,67.6373842],[52.9992373,67.6373555],[52.9993628,67.6372228],[52.999416,67.6372308],[52.9995407,67.6372492],[52.9999017,67.6369093]]]}},{"type":"Feature","id":"osm-context-797865304","properties":{"osmId":797865304,"kind":"area","landuse":null,"natural":null,"water":null,"waterway":null,"leisure":null,"amenity":"hospital","railway":null,"name":"Ненецкая окружная больница","source":"OpenStreetMap"},"geometry":{"type":"Polygon","coordinates":[[[53.0150233,67.6376533],[53.0147187,67.6372954],[53.0155114,67.6368265],[53.0164681,67.6368208],[53.0165713,67.6367847],[53.0167752,67.6367827],[53.017015,67.6367823],[53.0182243,67.6367762],[53.0182298,67.6369786],[53.0192235,67.6369808],[53.0192217,67.6369144],[53.0191905,67.6357747],[53.0189245,67.6355878],[53.0171407,67.6355811],[53.0165355,67.6348364],[53.0164117,67.6347785],[53.0161745,67.6348512],[53.0152563,67.6344254],[53.0152366,67.6344162],[53.0148898,67.6344552],[53.0142881,67.6341846],[53.013195,67.6345671],[53.0128516,67.6347324],[53.0127684,67.63481],[53.0127443,67.634857],[53.0132567,67.6349867],[53.0139499,67.6350754],[53.0141502,67.635101],[53.014178,67.6351106],[53.0144668,67.6352102],[53.0142372,67.6358585],[53.0142513,67.6359349],[53.0141509,67.6359615],[53.0141598,67.6361241],[53.0140591,67.6361237],[53.0134019,67.6361211],[53.0133993,67.6362884],[53.0134017,67.6363371],[53.0132533,67.6363353],[53.0132493,67.6366185],[53.0129443,67.6366262],[53.0123953,67.637126],[53.0121661,67.6376816],[53.0122736,67.6377287],[53.0123857,67.6377473],[53.0126566,67.6377518],[53.0135652,67.6377553],[53.0140384,67.637749],[53.0142053,67.6377328],[53.0150233,67.6376533]]]}},{"type":"Feature","id":"osm-context-797865306","properties":{"osmId":797865306,"kind":"area","landuse":"grass","natural":null,"water":null,"waterway":null,"leisure":null,"amenity":null,"railway":null,"name":null,"source":"OpenStreetMap"},"geometry":{"type":"Polygon","coordinates":[[[53.0167336,67.635593],[53.0166808,67.635378],[53.0165791,67.635197],[53.0162986,67.6349464],[53.0151034,67.6353502],[53.0156481,67.6356085],[53.0167336,67.635593]]]}},{"type":"Feature","id":"osm-context-797885114","properties":{"osmId":797885114,"kind":"area","landuse":"industrial","natural":null,"water":null,"waterway":null,"leisure":null,"amenity":null,"railway":null,"name":null,"source":"OpenStreetMap"},"geometry":{"type":"Polygon","coordinates":[[[53.0251815,67.623312],[53.0251199,67.6234129],[53.0261459,67.6235255],[53.0262506,67.6235607],[53.0268946,67.6236299],[53.0270918,67.6233237],[53.026303,67.623224],[53.0262445,67.6232686],[53.0256221,67.6232088],[53.0256837,67.6231325],[53.0252739,67.6230798],[53.0250952,67.6233003],[53.0251815,67.623312]]]}},{"type":"Feature","id":"osm-context-797885120","properties":{"osmId":797885120,"kind":"area","landuse":"quarry","natural":null,"water":null,"waterway":null,"leisure":null,"amenity":null,"railway":null,"name":null,"source":"OpenStreetMap"},"geometry":{"type":"Polygon","coordinates":[[[53.0464546,67.6086948],[53.0513768,67.6093637],[53.0523295,67.6084315],[53.0506203,67.6081576],[53.0500225,67.608243],[53.0485001,67.6080473],[53.0479084,67.6076956],[53.046991,67.607841],[53.0470057,67.6081007],[53.0464546,67.6086948]]]}},{"type":"Feature","id":"osm-context-797899595","properties":{"osmId":797899595,"kind":"area","landuse":null,"natural":null,"water":null,"waterway":null,"leisure":"playground","amenity":null,"railway":null,"name":null,"source":"OpenStreetMap"},"geometry":{"type":"Polygon","coordinates":[[[53.1155351,67.6643201],[53.1155491,67.664266],[53.1154744,67.6641657],[53.1142999,67.6643539],[53.1143583,67.6644106],[53.1148953,67.6644337],[53.1155351,67.6643201]]]}},{"type":"Feature","id":"osm-context-797899605","properties":{"osmId":797899605,"kind":"area","landuse":null,"natural":null,"water":null,"waterway":null,"leisure":"playground","amenity":null,"railway":null,"name":null,"source":"OpenStreetMap"},"geometry":{"type":"Polygon","coordinates":[[[53.1130744,67.6651083],[53.1134394,67.6650477],[53.113591,67.6651794],[53.113226,67.6652401],[53.1130744,67.6651083]]]}},{"type":"Feature","id":"osm-context-797899617","properties":{"osmId":797899617,"kind":"area","landuse":null,"natural":null,"water":null,"waterway":null,"leisure":"playground","amenity":null,"railway":null,"name":null,"source":"OpenStreetMap"},"geometry":{"type":"Polygon","coordinates":[[[53.1260848,67.6720062],[53.1257783,67.6721446],[53.1259498,67.6721994],[53.1262563,67.6720611],[53.1260848,67.6720062]]]}},{"type":"Feature","id":"osm-context-798196836","properties":{"osmId":798196836,"kind":"area","landuse":null,"natural":null,"water":null,"waterway":null,"leisure":"playground","amenity":null,"railway":null,"name":null,"source":"OpenStreetMap"},"geometry":{"type":"Polygon","coordinates":[[[53.1278764,67.6809285],[53.1279814,67.6808537],[53.1281678,67.6808915],[53.1280628,67.6809662],[53.1278764,67.6809285]]]}},{"type":"Feature","id":"osm-context-798196862","properties":{"osmId":798196862,"kind":"area","landuse":null,"natural":null,"water":null,"waterway":null,"leisure":"playground","amenity":null,"railway":null,"name":null,"source":"OpenStreetMap"},"geometry":{"type":"Polygon","coordinates":[[[53.1258154,67.6799878],[53.1261319,67.6800571],[53.12673,67.6799797],[53.1269526,67.6799572],[53.1269151,67.6799226],[53.1261211,67.6797556],[53.1258154,67.6799878]]]}},{"type":"Feature","id":"osm-context-798196863","properties":{"osmId":798196863,"kind":"area","landuse":"recreation_ground","natural":null,"water":null,"waterway":null,"leisure":null,"amenity":null,"railway":null,"name":null,"source":"OpenStreetMap"},"geometry":{"type":"Polygon","coordinates":[[[53.1261211,67.6797556],[53.1261495,67.679732],[53.1262684,67.6796332],[53.126295,67.679611],[53.1263838,67.6795372],[53.1264095,67.6795158],[53.1265181,67.6794255],[53.1265744,67.6794194],[53.1267083,67.6794459],[53.1267584,67.6794558],[53.1268787,67.6794796],[53.126818,67.679522],[53.1272236,67.6796059],[53.1272668,67.6795758],[53.1274184,67.6796092],[53.1274707,67.6796208],[53.127532,67.6796343],[53.127245,67.6798197],[53.1271726,67.679942],[53.1270224,67.6799532],[53.1269526,67.6799572],[53.1269151,67.6799226],[53.1261211,67.6797556]]]}},{"type":"Feature","id":"osm-context-798196864","properties":{"osmId":798196864,"kind":"area","landuse":null,"natural":null,"water":null,"waterway":null,"leisure":null,"amenity":"parking","railway":null,"name":null,"source":"OpenStreetMap"},"geometry":{"type":"Polygon","coordinates":[[[53.126818,67.679522],[53.1272236,67.6796059],[53.1272668,67.6795758],[53.1272844,67.6795635],[53.1268787,67.6794796],[53.126818,67.679522]]]}},{"type":"Feature","id":"osm-context-798208497","properties":{"osmId":798208497,"kind":"area","landuse":null,"natural":null,"water":null,"waterway":null,"leisure":null,"amenity":"parking","railway":null,"name":null,"source":"OpenStreetMap"},"geometry":{"type":"Polygon","coordinates":[[[53.1258177,67.6799738],[53.1261381,67.6797234],[53.1263692,67.6795321],[53.1265356,67.6793963],[53.1264354,67.6793747],[53.1262721,67.6795133],[53.1260411,67.679707],[53.1258654,67.6798685],[53.1257638,67.6799633],[53.1258177,67.6799738]]]}},{"type":"Feature","id":"osm-context-798208499","properties":{"osmId":798208499,"kind":"area","landuse":"grass","natural":null,"water":null,"waterway":null,"leisure":null,"amenity":null,"railway":null,"name":null,"source":"OpenStreetMap"},"geometry":{"type":"Polygon","coordinates":[[[53.1273069,67.6808992],[53.1274716,67.680934],[53.127559,67.6809401],[53.1276728,67.6809293],[53.1277765,67.6809039],[53.1278253,67.6808776],[53.1278538,67.6808545],[53.1278456,67.6808344],[53.1278273,67.6808182],[53.1277582,67.6808081],[53.1276322,67.6808105],[53.1275285,67.6808197],[53.1274492,67.6808352],[53.1273822,67.6808498],[53.1273313,67.6808645],[53.1273049,67.680873],[53.1272887,67.6808869],[53.1273069,67.6808992]]]}},{"type":"Feature","id":"osm-context-798208502","properties":{"osmId":798208502,"kind":"area","landuse":null,"natural":null,"water":null,"waterway":null,"leisure":"playground","amenity":null,"railway":null,"name":null,"source":"OpenStreetMap"},"geometry":{"type":"Polygon","coordinates":[[[53.1275098,67.6811225],[53.1273479,67.6812376],[53.1271951,67.6812066],[53.1273568,67.6810915],[53.1275098,67.6811225]]]}},{"type":"Feature","id":"osm-context-798208513","properties":{"osmId":798208513,"kind":"area","landuse":"grass","natural":null,"water":null,"waterway":null,"leisure":null,"amenity":null,"railway":null,"name":null,"source":"OpenStreetMap"},"geometry":{"type":"Polygon","coordinates":[[[53.1227114,67.6809833],[53.1227854,67.6809704],[53.1228439,67.6809704],[53.1229302,67.6810055],[53.1230411,67.6810359],[53.1231458,67.6810523],[53.1232198,67.6810827],[53.123343,67.6811085],[53.1234509,67.6811412],[53.1235402,67.681167],[53.1236203,67.6811927],[53.1236573,67.6812009],[53.123682,67.681188],[53.1236604,67.6811424],[53.1236542,67.6811132],[53.1237066,67.681105],[53.1237559,67.6811085],[53.1238021,67.6811401],[53.1238175,67.6811693],[53.1238021,67.6812126],[53.1237867,67.6812348],[53.123836,67.6812594],[53.1239038,67.6812781],[53.1240886,67.6813097],[53.1241903,67.6813285],[53.1243136,67.6813717],[53.1243968,67.6813916],[53.1243998,67.6813753],[53.1244214,67.6813565],[53.124483,67.6813472],[53.1245138,67.6813285],[53.1245046,67.6813051],[53.1245292,67.6812957],[53.1245755,67.681298],[53.1246371,67.6813086],[53.1246833,67.6813355],[53.1247203,67.6813706],[53.1247203,67.6814022],[53.1246895,67.6814384],[53.1246217,67.6814501],[53.1245477,67.6814536],[53.1244892,67.6814513],[53.1243998,67.681415],[53.1243536,67.681401],[53.124255,67.6813916],[53.1241349,67.6813682],[53.1240363,67.6813413],[53.1239284,67.6813168],[53.1238125,67.6813061],[53.123759,67.6812618],[53.1236881,67.6812547],[53.1236018,67.681243],[53.1235371,67.6812231],[53.1234694,67.6811892],[53.123417,67.6811787],[53.1233227,67.6811821],[53.123226,67.6811717],[53.1231397,67.6811588],[53.1230411,67.6811237],[53.1228932,67.6810898],[53.12277,67.6810664],[53.1226714,67.681043],[53.1226313,67.6810184],[53.1226487,67.68099],[53.1227114,67.6809833]]]}},{"type":"Feature","id":"osm-context-798208514","properties":{"osmId":798208514,"kind":"area","landuse":"grass","natural":null,"water":null,"waterway":null,"leisure":null,"amenity":null,"railway":null,"name":null,"source":"OpenStreetMap"},"geometry":{"type":"Polygon","coordinates":[[[53.1250321,67.6814274],[53.1250845,67.6814168],[53.1251646,67.6814168],[53.1252201,67.6814227],[53.1252663,67.681418],[53.1253064,67.681411],[53.1253587,67.681418],[53.1254173,67.6814414],[53.1255005,67.6814941],[53.1255498,67.6815409],[53.1255251,67.6815573],[53.1254234,67.6815491],[53.1253464,67.6815151],[53.1252355,67.681487],[53.1251523,67.6814718],[53.1251215,67.6814648],[53.1250321,67.6814274]]]}},{"type":"Feature","id":"osm-context-798208515","properties":{"osmId":798208515,"kind":"area","landuse":"grass","natural":null,"water":null,"waterway":null,"leisure":null,"amenity":null,"railway":null,"name":null,"source":"OpenStreetMap"},"geometry":{"type":"Polygon","coordinates":[[[53.1247302,67.6814566],[53.124798,67.6814812],[53.1248658,67.6814976],[53.1249551,67.6815397],[53.125063,67.6815678],[53.1251985,67.681597],[53.1252848,67.6816275],[53.125368,67.6816544],[53.1254481,67.6816626],[53.1255405,67.6816684],[53.1255467,67.681638],[53.1254912,67.6816134],[53.1254881,67.6815924],[53.1254789,67.6815795],[53.125331,67.6815467],[53.125254,67.6815186],[53.1251615,67.6814964],[53.1250753,67.6814952],[53.1250106,67.681487],[53.1249798,67.6814707],[53.1249397,67.6814519],[53.1248873,67.6814367],[53.1247918,67.6814285],[53.1247148,67.6814367],[53.1247302,67.6814566]]]}},{"type":"Feature","id":"osm-context-798208516","properties":{"osmId":798208516,"kind":"area","landuse":"grass","natural":null,"water":null,"waterway":null,"leisure":null,"amenity":null,"railway":null,"name":null,"source":"OpenStreetMap"},"geometry":{"type":"Polygon","coordinates":[[[53.125681,67.6816842],[53.125832,67.6817111],[53.1259398,67.6817252],[53.1260076,67.6817603],[53.1260261,67.6817755],[53.125986,67.6817872],[53.1258412,67.681765],[53.1257364,67.6817416],[53.1256902,67.6817053],[53.125681,67.6816842]]]}},{"type":"Feature","id":"osm-context-798208517","properties":{"osmId":798208517,"kind":"area","landuse":"grass","natural":null,"water":null,"waterway":null,"leisure":null,"amenity":null,"railway":null,"name":null,"source":"OpenStreetMap"},"geometry":{"type":"Polygon","coordinates":[[[53.1261462,67.6818422],[53.1262017,67.6818773],[53.1262602,67.6819241],[53.126291,67.681951],[53.1263835,67.6819756],[53.126479,67.6819709],[53.1264821,67.6819393],[53.1265036,67.6819147],[53.126593,67.6819042],[53.126633,67.6819007],[53.1266515,67.6818749],[53.1266608,67.6818457],[53.1266515,67.6818118],[53.1265899,67.6817965],[53.1265129,67.6818036],[53.1264019,67.6818164],[53.1263865,67.6818398],[53.1263896,67.6818632],[53.1263465,67.6818761],[53.1263095,67.6818703],[53.1262818,67.6818492],[53.1262479,67.6818328],[53.1262078,67.6818246],[53.1261709,67.6818363],[53.1261462,67.6818422]]]}},{"type":"Feature","id":"osm-context-798208518","properties":{"osmId":798208518,"kind":"area","landuse":"grass","natural":null,"water":null,"waterway":null,"leisure":null,"amenity":null,"railway":null,"name":null,"source":"OpenStreetMap"},"geometry":{"type":"Polygon","coordinates":[[[53.126747,67.681889],[53.1267624,67.6819077],[53.1268148,67.6819217],[53.126861,67.6819194],[53.1268857,67.6819054],[53.1269226,67.6819171],[53.1269565,67.6819241],[53.1269935,67.6819171],[53.1270428,67.6818972],[53.1270613,67.6818679],[53.127049,67.6818492],[53.1270089,67.6818352],[53.1269411,67.6818387],[53.1268641,67.6818539],[53.1268056,67.6818609],[53.1267593,67.6818691],[53.126747,67.681889]]]}},{"type":"Feature","id":"osm-context-798208571","properties":{"osmId":798208571,"kind":"area","landuse":null,"natural":null,"water":null,"waterway":null,"leisure":"playground","amenity":null,"railway":null,"name":null,"source":"OpenStreetMap"},"geometry":{"type":"Polygon","coordinates":[[[53.1310511,67.6785299],[53.1308532,67.6782338],[53.1315372,67.6782008],[53.1315431,67.6782228],[53.1310511,67.6785299]]]}},{"type":"Feature","id":"osm-context-798208572","properties":{"osmId":798208572,"kind":"area","landuse":"recreation_ground","natural":null,"water":null,"waterway":null,"leisure":null,"amenity":null,"railway":null,"name":null,"source":"OpenStreetMap"},"geometry":{"type":"Polygon","coordinates":[[[53.1310511,67.6785299],[53.1309724,67.6785723],[53.1298836,67.6783178],[53.1301502,67.6781432],[53.1301782,67.6781253],[53.1303884,67.6779906],[53.130404,67.6779817],[53.1304523,67.6779536],[53.1309791,67.6780731],[53.1315372,67.6782008],[53.1310511,67.6785299]]]}},{"type":"Feature","id":"osm-context-798208573","properties":{"osmId":798208573,"kind":"area","landuse":null,"natural":null,"water":null,"waterway":null,"leisure":"pitch","amenity":null,"railway":null,"name":null,"source":"OpenStreetMap"},"geometry":{"type":"Polygon","coordinates":[[[53.1301502,67.6781432],[53.1297416,67.6780572],[53.1299751,67.6779099],[53.1303884,67.6779906],[53.1301502,67.6781432]]]}},{"type":"Feature","id":"osm-context-798215856","properties":{"osmId":798215856,"kind":"area","landuse":null,"natural":null,"water":null,"waterway":null,"leisure":null,"amenity":"parking","railway":null,"name":null,"source":"OpenStreetMap"},"geometry":{"type":"Polygon","coordinates":[[[53.1315164,67.6781009],[53.1317872,67.6781601],[53.1320274,67.6780014],[53.1317565,67.6779423],[53.1315164,67.6781009]]]}},{"type":"Feature","id":"osm-context-798215863","properties":{"osmId":798215863,"kind":"area","landuse":"grass","natural":null,"water":null,"waterway":null,"leisure":null,"amenity":null,"railway":null,"name":null,"source":"OpenStreetMap"},"geometry":{"type":"Polygon","coordinates":[[[53.1325923,67.677699],[53.1328202,67.6777489],[53.1328658,67.6777408],[53.1330053,67.6776695],[53.1329436,67.6776165],[53.1328739,67.6775849],[53.1328336,67.6775686],[53.1327693,67.6775676],[53.1327237,67.6775727],[53.1326834,67.6775941],[53.1325923,67.677699]]]}},{"type":"Feature","id":"osm-context-798215864","properties":{"osmId":798215864,"kind":"area","landuse":"grass","natural":null,"water":null,"waterway":null,"leisure":null,"amenity":null,"railway":null,"name":null,"source":"OpenStreetMap"},"geometry":{"type":"Polygon","coordinates":[[[53.1329376,67.6777536],[53.1329396,67.6777814],[53.1331734,67.6778339],[53.1331815,67.6778069],[53.1331673,67.6777721],[53.1331408,67.6777436],[53.1331022,67.6777173],[53.1330677,67.6776996],[53.1330229,67.6777003],[53.1329376,67.6777536]]]}},{"type":"Feature","id":"osm-context-798215867","properties":{"osmId":798215867,"kind":"area","landuse":"grass","natural":null,"water":null,"waterway":null,"leisure":null,"amenity":null,"railway":null,"name":null,"source":"OpenStreetMap"},"geometry":{"type":"Polygon","coordinates":[[[53.1342952,67.6776718],[53.134035,67.677845],[53.1334556,67.6777105],[53.1334851,67.6776983],[53.1333913,67.6776718],[53.1333618,67.6776789],[53.1332464,67.6776412],[53.1330238,67.677465],[53.1330882,67.6774426],[53.1331928,67.6774293],[53.1332572,67.6774212],[53.1342952,67.6776718]]]}},{"type":"Feature","id":"osm-context-798215876","properties":{"osmId":798215876,"kind":"area","landuse":null,"natural":null,"water":null,"waterway":null,"leisure":null,"amenity":"parking","railway":null,"name":null,"source":"OpenStreetMap"},"geometry":{"type":"Polygon","coordinates":[[[53.1344471,67.677038],[53.1346964,67.6769123],[53.1333101,67.6765155],[53.1330606,67.6766413],[53.1344471,67.677038]]]}},{"type":"Feature","id":"osm-context-798215879","properties":{"osmId":798215879,"kind":"area","landuse":null,"natural":null,"water":null,"waterway":null,"leisure":"playground","amenity":null,"railway":null,"name":null,"source":"OpenStreetMap"},"geometry":{"type":"Polygon","coordinates":[[[53.1316746,67.6766971],[53.1320769,67.6768051],[53.1324203,67.6766268],[53.1321815,67.6765626],[53.1316746,67.6766971]]]}},{"type":"Feature","id":"osm-context-798215880","properties":{"osmId":798215880,"kind":"area","landuse":"grass","natural":null,"water":null,"waterway":null,"leisure":null,"amenity":null,"railway":null,"name":null,"source":"OpenStreetMap"},"geometry":{"type":"Polygon","coordinates":[[[53.1316746,67.6766971],[53.1320769,67.6768051],[53.1319804,67.6768611],[53.1315056,67.6767369],[53.1316746,67.6766971]]]}},{"type":"Feature","id":"osm-context-798215891","properties":{"osmId":798215891,"kind":"area","landuse":"grass","natural":null,"water":null,"waterway":null,"leisure":null,"amenity":null,"railway":null,"name":null,"source":"OpenStreetMap"},"geometry":{"type":"Polygon","coordinates":[[[53.1341436,67.6770859],[53.134271,67.6771216],[53.1343453,67.677055],[53.1342498,67.6770275],[53.1341436,67.6770859]]]}},{"type":"Feature","id":"osm-context-798215892","properties":{"osmId":798215892,"kind":"area","landuse":"grass","natural":null,"water":null,"waterway":null,"leisure":null,"amenity":null,"railway":null,"name":null,"source":"OpenStreetMap"},"geometry":{"type":"Polygon","coordinates":[[[53.1341047,67.6770765],[53.1342091,67.6770194],[53.1338959,67.6769293],[53.1337861,67.6769865],[53.1341047,67.6770765]]]}},{"type":"Feature","id":"osm-context-798215893","properties":{"osmId":798215893,"kind":"area","landuse":"grass","natural":null,"water":null,"waterway":null,"leisure":null,"amenity":null,"railway":null,"name":null,"source":"OpenStreetMap"},"geometry":{"type":"Polygon","coordinates":[[[53.1337507,67.6769764],[53.1338587,67.6769186],[53.133664,67.6768668],[53.1335313,67.6769152],[53.1337507,67.6769764]]]}},{"type":"Feature","id":"osm-context-798215894","properties":{"osmId":798215894,"kind":"area","landuse":"grass","natural":null,"water":null,"waterway":null,"leisure":null,"amenity":null,"railway":null,"name":null,"source":"OpenStreetMap"},"geometry":{"type":"Polygon","coordinates":[[[53.1333402,67.6768614],[53.1331402,67.6768077],[53.1332482,67.6767492],[53.1334163,67.6767956],[53.1333402,67.6768614]]]}},{"type":"Feature","id":"osm-context-798215895","properties":{"osmId":798215895,"kind":"area","landuse":"grass","natural":null,"water":null,"waterway":null,"leisure":null,"amenity":null,"railway":null,"name":null,"source":"OpenStreetMap"},"geometry":{"type":"Polygon","coordinates":[[[53.1328478,67.6767272],[53.1331123,67.6767971],[53.1332157,67.6767407],[53.1329512,67.6766708],[53.1328478,67.6767272]]]}},{"type":"Feature","id":"osm-context-798215896","properties":{"osmId":798215896,"kind":"area","landuse":"grass","natural":null,"water":null,"waterway":null,"leisure":null,"amenity":null,"railway":null,"name":null,"source":"OpenStreetMap"},"geometry":{"type":"Polygon","coordinates":[[[53.1329075,67.6766535],[53.1328066,67.6767127],[53.1322527,67.6765594],[53.1322881,67.6765507],[53.1323713,67.6765332],[53.1325889,67.6765682],[53.1329075,67.6766535]]]}},{"type":"Feature","id":"osm-context-798215909","properties":{"osmId":798215909,"kind":"area","landuse":"industrial","natural":null,"water":null,"waterway":null,"leisure":null,"amenity":null,"railway":null,"name":null,"source":"OpenStreetMap"},"geometry":{"type":"Polygon","coordinates":[[[53.1354279,67.6763609],[53.1350114,67.6762523],[53.1341685,67.6766771],[53.134967,67.6768917],[53.1354955,67.6768418],[53.1359987,67.6766046],[53.1356018,67.6764924],[53.1357126,67.6764359],[53.1355951,67.6764094],[53.1354279,67.6763609]]]}},{"type":"Feature","id":"osm-context-798215910","properties":{"osmId":798215910,"kind":"area","landuse":null,"natural":null,"water":null,"waterway":null,"leisure":"playground","amenity":null,"railway":null,"name":null,"source":"OpenStreetMap"},"geometry":{"type":"Polygon","coordinates":[[[53.1291679,67.6749612],[53.1296177,67.6747974],[53.1299166,67.6749156],[53.1293065,67.6750022],[53.1291679,67.6749612]]]}},{"type":"Feature","id":"osm-context-798221288","properties":{"osmId":798221288,"kind":"area","landuse":null,"natural":null,"water":null,"waterway":null,"leisure":null,"amenity":"kindergarten","railway":null,"name":null,"source":"OpenStreetMap"},"geometry":{"type":"Polygon","coordinates":[[[53.1307933,67.6746112],[53.1318259,67.6741048],[53.1317642,67.6739917],[53.1301549,67.6734925],[53.129479,67.6738593],[53.1298063,67.6739438],[53.1295622,67.6740773],[53.1301726,67.6743952],[53.1303598,67.6744831],[53.1304987,67.6745401],[53.130699,67.6745928],[53.1307933,67.6746112]]]}},{"type":"Feature","id":"osm-context-798221295","properties":{"osmId":798221295,"kind":"area","landuse":null,"natural":null,"water":null,"waterway":null,"leisure":"playground","amenity":null,"railway":null,"name":null,"source":"OpenStreetMap"},"geometry":{"type":"Polygon","coordinates":[[[53.127997,67.6730283],[53.1283679,67.6728624],[53.1279467,67.6727265],[53.1275758,67.6728924],[53.127997,67.6730283]]]}},{"type":"Feature","id":"osm-context-798228324","properties":{"osmId":798228324,"kind":"area","landuse":null,"natural":null,"water":null,"waterway":null,"leisure":null,"amenity":"parking","railway":null,"name":null,"source":"OpenStreetMap"},"geometry":{"type":"Polygon","coordinates":[[[53.1280439,67.6774615],[53.1277525,67.6776573],[53.1276735,67.6777104],[53.1275902,67.6777664],[53.1273566,67.6777163],[53.1278105,67.6774114],[53.1280439,67.6774615]]]}},{"type":"Feature","id":"osm-context-798242127","properties":{"osmId":798242127,"kind":"area","landuse":null,"natural":null,"water":null,"waterway":null,"leisure":"park","amenity":null,"railway":null,"name":null,"source":"OpenStreetMap"},"geometry":{"type":"Polygon","coordinates":[[[53.1287865,67.6763795],[53.1290485,67.6764702],[53.1291186,67.6764968],[53.1292797,67.6765952],[53.129296,67.6766777],[53.1292727,67.6767939],[53.1292143,67.676848],[53.1287614,67.677137],[53.1278927,67.6776914],[53.1277525,67.6776573],[53.1280439,67.6774615],[53.1278105,67.6774114],[53.1273566,67.6777163],[53.1275902,67.6777664],[53.1276735,67.6777104],[53.1278203,67.6777535],[53.1276989,67.677828],[53.1276662,67.6778572],[53.127323,67.6780506],[53.1271969,67.6780994],[53.1271035,67.6781127],[53.1269704,67.6781197],[53.1268373,67.6781109],[53.1266995,67.6780931],[53.1263493,67.6780107],[53.1263189,67.6779397],[53.126367,67.6778812],[53.1264252,67.6778448],[53.1264677,67.6778546],[53.1269724,67.6775386],[53.1269214,67.6775269],[53.1281254,67.676783],[53.1287865,67.6763795]]]}},{"type":"Feature","id":"osm-context-798242154","properties":{"osmId":798242154,"kind":"area","landuse":null,"natural":null,"water":null,"waterway":null,"leisure":null,"amenity":"parking","railway":null,"name":null,"source":"OpenStreetMap"},"geometry":{"type":"Polygon","coordinates":[[[53.1205398,67.676138],[53.1205209,67.6761511],[53.1201143,67.6764338],[53.1194864,67.6763035],[53.1199117,67.6760077],[53.1205398,67.676138]]]}},{"type":"Feature","id":"osm-context-798254603","properties":{"osmId":798254603,"kind":"area","landuse":null,"natural":null,"water":null,"waterway":null,"leisure":"playground","amenity":null,"railway":null,"name":null,"source":"OpenStreetMap"},"geometry":{"type":"Polygon","coordinates":[[[53.1156607,67.6751836],[53.1158891,67.6752316],[53.1160067,67.6751508],[53.1157783,67.6751028],[53.1156607,67.6751836]]]}},{"type":"Feature","id":"osm-context-798254606","properties":{"osmId":798254606,"kind":"area","landuse":null,"natural":null,"water":null,"waterway":null,"leisure":"playground","amenity":null,"railway":null,"name":null,"source":"OpenStreetMap"},"geometry":{"type":"Polygon","coordinates":[[[53.113776,67.6756965],[53.1141742,67.6757899],[53.1143161,67.6757025],[53.113918,67.6756091],[53.113776,67.6756965]]]}},{"type":"Feature","id":"osm-context-798254622","properties":{"osmId":798254622,"kind":"area","landuse":"grass","natural":null,"water":null,"waterway":null,"leisure":null,"amenity":null,"railway":null,"name":null,"source":"OpenStreetMap"},"geometry":{"type":"Polygon","coordinates":[[[53.1140684,67.6752512],[53.1141891,67.6751676],[53.1141958,67.6751544],[53.1141918,67.6751416],[53.1141676,67.6751274],[53.1140885,67.6751095],[53.1140362,67.675108],[53.1139691,67.6751136],[53.1139249,67.6751309],[53.1138994,67.6751564],[53.1138994,67.6751855],[53.1139544,67.6752186],[53.1140188,67.6752369],[53.1140684,67.6752512]]]}},{"type":"Feature","id":"osm-context-798254633","properties":{"osmId":798254633,"kind":"area","landuse":"grass","natural":null,"water":null,"waterway":null,"leisure":null,"amenity":null,"railway":null,"name":null,"source":"OpenStreetMap"},"geometry":{"type":"Polygon","coordinates":[[[53.1139915,67.6753234],[53.1139427,67.6753147],[53.1138594,67.6752984],[53.1137374,67.6753046],[53.1135504,67.6754336],[53.1135666,67.6754683],[53.113591,67.6754791],[53.1136723,67.6754977],[53.1139206,67.6755481],[53.1140008,67.6754937],[53.1139746,67.6754755],[53.1138852,67.6754568],[53.1138852,67.6754428],[53.1139761,67.6753866],[53.1139946,67.6753632],[53.1139992,67.6753503],[53.1139915,67.6753234]]]}},{"type":"Feature","id":"osm-context-798254634","properties":{"osmId":798254634,"kind":"area","landuse":"grass","natural":null,"water":null,"waterway":null,"leisure":null,"amenity":null,"railway":null,"name":null,"source":"OpenStreetMap"},"geometry":{"type":"Polygon","coordinates":[[[53.1136295,67.6755539],[53.1135633,67.6755381],[53.1134874,67.6755316],[53.1133878,67.675537],[53.1130117,67.6757903],[53.1130138,67.6758243],[53.1130605,67.6758459],[53.1131154,67.6758598],[53.1131658,67.6758717],[53.113232,67.6758664],[53.1132952,67.6758588],[53.113363,67.6758529],[53.113403,67.6758506],[53.1134508,67.6758331],[53.1134754,67.6758132],[53.1134693,67.6757979],[53.1134308,67.6757786],[53.1134154,67.6757681],[53.1134939,67.6757143],[53.113514,67.6756903],[53.1134955,67.6756716],[53.1134662,67.6756587],[53.1134266,67.6756462],[53.1134999,67.6755958],[53.1135571,67.6756084],[53.1136295,67.6755539]]]}},{"type":"Feature","id":"osm-context-798254635","properties":{"osmId":798254635,"kind":"area","landuse":"grass","natural":null,"water":null,"waterway":null,"leisure":null,"amenity":null,"railway":null,"name":null,"source":"OpenStreetMap"},"geometry":{"type":"Polygon","coordinates":[[[53.113008,67.675938],[53.1129061,67.675922],[53.1128158,67.6759246],[53.1124725,67.6761512],[53.1124672,67.676178],[53.1125044,67.6762022],[53.1125811,67.6762268],[53.1127514,67.6762661],[53.1127915,67.6762702],[53.1128269,67.6762702],[53.1128515,67.6762614],[53.1128577,67.6762532],[53.1128546,67.6762409],[53.112813,67.676228],[53.1127699,67.6762204],[53.112736,67.6762152],[53.112699,67.6762035],[53.1126959,67.6761882],[53.1127345,67.6761619],[53.1127915,67.6761426],[53.11283,67.6761262],[53.1128485,67.6761011],[53.1128762,67.6760806],[53.1129347,67.6760741],[53.1129717,67.6760718],[53.1130071,67.6760712],[53.1130379,67.6760683],[53.1130857,67.6760712],[53.113135,67.6760817],[53.1131519,67.6760841],[53.1132505,67.6760104],[53.1132444,67.6760022],[53.113175,67.675991],[53.1130842,67.675991],[53.1130318,67.6759887],[53.1130056,67.67597],[53.1130148,67.6759513],[53.113008,67.675938]]]}},{"type":"Feature","id":"osm-context-798254636","properties":{"osmId":798254636,"kind":"area","landuse":"grass","natural":null,"water":null,"waterway":null,"leisure":null,"amenity":null,"railway":null,"name":null,"source":"OpenStreetMap"},"geometry":{"type":"Polygon","coordinates":[[[53.1124648,67.6762986],[53.1123976,67.6762905],[53.1122631,67.6762932],[53.1122436,67.6762999],[53.1117676,67.6766071],[53.1117623,67.676632],[53.1119092,67.6766629],[53.1121286,67.6767086],[53.1121607,67.6766874],[53.1120944,67.6766751],[53.1120728,67.676664],[53.1120713,67.6766301],[53.1121314,67.6765686],[53.1123501,67.6764106],[53.1124349,67.6763398],[53.1124703,67.6763082],[53.1124648,67.6762986]]]}},{"type":"Feature","id":"osm-context-798262989","properties":{"osmId":798262989,"kind":"area","landuse":null,"natural":null,"water":null,"waterway":null,"leisure":"playground","amenity":null,"railway":null,"name":null,"source":"OpenStreetMap"},"geometry":{"type":"Polygon","coordinates":[[[53.1155395,67.6770062],[53.1159011,67.6770861],[53.1156829,67.6772286],[53.1153213,67.6771487],[53.1155395,67.6770062]]]}},{"type":"Feature","id":"osm-context-798263001","properties":{"osmId":798263001,"kind":"area","landuse":null,"natural":null,"water":null,"waterway":null,"leisure":null,"amenity":"parking","railway":null,"name":null,"source":"OpenStreetMap"},"geometry":{"type":"Polygon","coordinates":[[[53.1172772,67.6772068],[53.117686,67.6772925],[53.1180315,67.6770547],[53.1176226,67.676969],[53.1172772,67.6772068]]]}},{"type":"Feature","id":"osm-context-798263003","properties":{"osmId":798263003,"kind":"area","landuse":null,"natural":null,"water":null,"waterway":null,"leisure":null,"amenity":"parking","railway":null,"name":null,"source":"OpenStreetMap"},"geometry":{"type":"Polygon","coordinates":[[[53.118513,67.6766018],[53.1187471,67.6764536],[53.1181967,67.6763282],[53.1179626,67.6764763],[53.118513,67.6766018]]]}},{"type":"Feature","id":"osm-context-798263021","properties":{"osmId":798263021,"kind":"area","landuse":null,"natural":null,"water":null,"waterway":null,"leisure":"playground","amenity":null,"railway":null,"name":null,"source":"OpenStreetMap"},"geometry":{"type":"Polygon","coordinates":[[[53.118283,67.6779498],[53.1188578,67.6779397],[53.1187375,67.6778204],[53.1182697,67.6778618],[53.118283,67.6779498]]]}},{"type":"Feature","id":"osm-context-798263022","properties":{"osmId":798263022,"kind":"area","landuse":null,"natural":null,"water":null,"waterway":null,"leisure":"playground","amenity":null,"railway":null,"name":null,"source":"OpenStreetMap"},"geometry":{"type":"Polygon","coordinates":[[[53.1189558,67.6778906],[53.1190071,67.6779659],[53.1191318,67.6780624],[53.1193123,67.6781351],[53.1195016,67.6782773],[53.1197044,67.6783171],[53.120063,67.6779795],[53.1198269,67.6779304],[53.1193702,67.6778322],[53.1192945,67.6779041],[53.1189558,67.6778906]]]}},{"type":"Feature","id":"osm-context-798263027","properties":{"osmId":798263027,"kind":"area","landuse":"grass","natural":null,"water":null,"waterway":null,"leisure":null,"amenity":null,"railway":null,"name":null,"source":"OpenStreetMap"},"geometry":{"type":"Polygon","coordinates":[[[53.1194864,67.6763035],[53.1201143,67.6764338],[53.1205209,67.6761511],[53.1208129,67.6762046],[53.1203585,67.6765117],[53.1194428,67.6763281],[53.1194864,67.6763035]]]}},{"type":"Feature","id":"osm-context-798263033","properties":{"osmId":798263033,"kind":"area","landuse":"grass","natural":null,"water":null,"waterway":null,"leisure":null,"amenity":null,"railway":null,"name":null,"source":"OpenStreetMap"},"geometry":{"type":"Polygon","coordinates":[[[53.1194088,67.6763509],[53.1193858,67.6763738],[53.1194265,67.6764087],[53.1210563,67.6767878],[53.1211324,67.6767401],[53.1210296,67.6767241],[53.1210051,67.6767216],[53.1208514,67.6766877],[53.1208647,67.6766776],[53.1202588,67.6765464],[53.1202543,67.6765092],[53.1194634,67.6763552],[53.1194088,67.6763509]]]}},{"type":"Feature","id":"osm-context-798263040","properties":{"osmId":798263040,"kind":"area","landuse":"grass","natural":null,"water":null,"waterway":null,"leisure":null,"amenity":null,"railway":null,"name":null,"source":"OpenStreetMap"},"geometry":{"type":"Polygon","coordinates":[[[53.1215468,67.6767364],[53.1214546,67.6767995],[53.1214585,67.6768608],[53.1215224,67.6768851],[53.1214956,67.676905],[53.1229708,67.6772558],[53.1235252,67.6773872],[53.123562,67.6773644],[53.1235368,67.6773467],[53.1236988,67.6772385],[53.1227251,67.6770108],[53.1226323,67.6770653],[53.1223993,67.6770095],[53.1224921,67.6769543],[53.1215468,67.6767364]]]}},{"type":"Feature","id":"osm-context-798263041","properties":{"osmId":798263041,"kind":"area","landuse":"grass","natural":null,"water":null,"waterway":null,"leisure":null,"amenity":null,"railway":null,"name":null,"source":"OpenStreetMap"},"geometry":{"type":"Polygon","coordinates":[[[53.1219384,67.676488],[53.1238806,67.6769464],[53.1238806,67.6769614],[53.1237218,67.6770647],[53.1238879,67.6771038],[53.1238047,67.6771587],[53.1231277,67.6770052],[53.1231661,67.6769819],[53.122978,67.6769372],[53.1230407,67.6768633],[53.1228987,67.6768283],[53.1227656,67.6768818],[53.1226133,67.6768483],[53.1225647,67.6768662],[53.122367,67.6768218],[53.1224004,67.6768006],[53.1222111,67.676757],[53.1221732,67.6767778],[53.1216693,67.67666],[53.1219384,67.676488]]]}},{"type":"Feature","id":"osm-context-798273958","properties":{"osmId":798273958,"kind":"area","landuse":"grass","natural":null,"water":null,"waterway":null,"leisure":null,"amenity":null,"railway":null,"name":null,"source":"OpenStreetMap"},"geometry":{"type":"Polygon","coordinates":[[[52.9918018,67.6358749],[52.9923757,67.6357861],[52.9925742,67.6357637],[52.9927915,67.6357616],[52.9929551,67.6357739],[52.9949131,67.6360923],[52.9949346,67.6360688],[52.9948139,67.6360484],[52.9946395,67.6359923],[52.9934889,67.6357963],[52.9930114,67.6357331],[52.9928049,67.6357167],[52.9926306,67.6357127],[52.9924482,67.6357218],[52.9922229,67.6357422],[52.9919117,67.6357994],[52.9918527,67.6358147],[52.9918098,67.6358351],[52.9917991,67.6358525],[52.9918018,67.6358749]]]}},{"type":"Feature","id":"osm-context-798273960","properties":{"osmId":798273960,"kind":"area","landuse":"grass","natural":null,"water":null,"waterway":null,"leisure":null,"amenity":null,"railway":null,"name":null,"source":"OpenStreetMap"},"geometry":{"type":"Polygon","coordinates":[[[52.9923182,67.6355875],[52.9889817,67.6361613],[52.9890244,67.6361891],[52.9890488,67.6361992],[52.9890752,67.6361992],[52.9909392,67.6358821],[52.992171,67.6356647],[52.9922605,67.6356415],[52.992291,67.6356315],[52.9923113,67.635616],[52.9923182,67.6355875]]]}},{"type":"Feature","id":"osm-context-798273962","properties":{"osmId":798273962,"kind":"area","landuse":"grass","natural":null,"water":null,"waterway":null,"leisure":null,"amenity":null,"railway":null,"name":null,"source":"OpenStreetMap"},"geometry":{"type":"Polygon","coordinates":[[[52.9901264,67.6339476],[52.990068,67.6338975],[52.9898233,67.6339389],[52.9898817,67.6339889],[52.9901264,67.6339476]]]}},{"type":"Feature","id":"osm-context-798273968","properties":{"osmId":798273968,"kind":"area","landuse":"recreation_ground","natural":null,"water":null,"waterway":null,"leisure":null,"amenity":null,"railway":null,"name":null,"source":"OpenStreetMap"},"geometry":{"type":"Polygon","coordinates":[[[52.9833442,67.6344274],[52.9846371,67.6342194],[52.9846086,67.6342],[52.9845212,67.6341877],[52.9844155,67.6342054],[52.9842666,67.6340663],[52.9841374,67.6340682],[52.9840418,67.6340574],[52.9839524,67.6340373],[52.983926,67.6340264],[52.9838996,67.6340048],[52.9838569,67.6339568],[52.9830027,67.6340988],[52.9830063,67.63411],[52.9830003,67.6341211],[52.9829853,67.6341309],[52.9830234,67.6341719],[52.9832202,67.634369],[52.9832525,67.6343674],[52.9832844,67.63437],[52.9833121,67.6343766],[52.9833324,67.6343863],[52.9833425,67.6343971],[52.9833431,67.6344087],[52.9833342,67.6344197],[52.9833442,67.6344274]]]}},{"type":"Feature","id":"osm-context-798273983","properties":{"osmId":798273983,"kind":"area","landuse":null,"natural":null,"water":null,"waterway":null,"leisure":null,"amenity":"parking","railway":null,"name":null,"source":"OpenStreetMap"},"geometry":{"type":"Polygon","coordinates":[[[53.0063977,67.6459915],[53.0066769,67.6460378],[53.0063395,67.646313],[53.0060656,67.6462641],[53.0063977,67.6459915]]]}},{"type":"Feature","id":"osm-context-798310778","properties":{"osmId":798310778,"kind":"area","landuse":null,"natural":"wood","water":null,"waterway":null,"leisure":null,"amenity":null,"railway":null,"name":null,"source":"OpenStreetMap"},"geometry":{"type":"Polygon","coordinates":[[[53.084566,67.6213305],[53.0846229,67.621315],[53.0849563,67.6213057],[53.0853547,67.6213119],[53.0856718,67.6212748],[53.086054,67.6212686],[53.0863548,67.6212562],[53.0866231,67.621315],[53.0867657,67.6214054],[53.0868731,67.6217646],[53.0869245,67.6222855],[53.0867611,67.622362],[53.0864061,67.6225611],[53.085701,67.6228776],[53.0849678,67.6231229],[53.0840571,67.6233149],[53.0833613,67.6234429],[53.0824553,67.6236385],[53.0815867,67.6238003],[53.0809749,67.6239212],[53.0806947,67.6240083],[53.0804519,67.6241416],[53.0800223,67.6242714],[53.0794338,67.6243656],[53.0788734,67.6244829],[53.07786,67.6246785],[53.0774678,67.6247638],[53.0771782,67.6248545],[53.0768793,67.6248811],[53.0766038,67.6249078],[53.0764497,67.6249576],[53.0764264,67.6250358],[53.0764871,67.6251229],[53.0766739,67.6252047],[53.0765851,67.6252491],[53.0759734,67.6256882],[53.0754665,67.6259578],[53.0752388,67.6260105],[53.0751087,67.6261343],[53.0751412,67.6263107],[53.0748973,67.6265985],[53.0746615,67.6267595],[53.0745314,67.6268214],[53.0743851,67.6269947],[53.0742956,67.6273258],[53.0743282,67.6275734],[53.0743769,67.6277653],[53.0744908,67.6279634],[53.0746697,67.6281831],[53.0747997,67.628443],[53.0748241,67.628669],[53.0747835,67.6288361],[53.0745883,67.628963],[53.0743038,67.629031],[53.0740517,67.6290806],[53.0737834,67.6291579],[53.0736777,67.6292415],[53.0736858,67.6293219],[53.0738078,67.6293714],[53.073881,67.62939],[53.0741168,67.6294488],[53.0741899,67.6294952],[53.0739867,67.6295447],[53.0736614,67.62965],[53.073385,67.6296902],[53.0733524,67.6297428],[53.0734825,67.6298511],[53.0737346,67.6299408],[53.0738159,67.6300677],[53.0738566,67.6301822],[53.0737509,67.6303122],[53.0735801,67.6304081],[53.0733869,67.6304228],[53.07313,67.6304086],[53.0730927,67.6304388],[53.0731534,67.6304868],[53.0728825,67.6305081],[53.0724109,67.6305294],[53.071673,67.6305383],[53.0711359,67.630565],[53.0707717,67.630549],[53.0704635,67.6305756],[53.069777,67.6305934],[53.0696462,67.6305987],[53.0692166,67.6306201],[53.0688009,67.6306538],[53.0680631,67.6303882],[53.0676054,67.6302104],[53.0672412,67.630054],[53.066494,67.6299296],[53.0663725,67.6298728],[53.0665126,67.6297697],[53.0668209,67.6296452],[53.0668676,67.6295208],[53.0666994,67.6294071],[53.0666714,67.629176],[53.0666808,67.628785],[53.0667181,67.6282731],[53.0670077,67.627978],[53.0670357,67.6277185],[53.0670357,67.6275976],[53.0668769,67.6275159],[53.0666808,67.6274945],[53.0664753,67.6275301],[53.0663725,67.6276581],[53.0662138,67.6278145],[53.0660363,67.6278216],[53.0659056,67.6277292],[53.0658402,67.6275443],[53.0657094,67.627363],[53.0652051,67.627171],[53.0648968,67.6269471],[53.0645886,67.6267871],[53.0640562,67.6266662],[53.0634585,67.6265773],[53.062786,67.6265311],[53.0618053,67.6266164],[53.0601536,67.6263033],[53.0604082,67.6261702],[53.0607405,67.6260355],[53.0614137,67.6258072],[53.061513,67.6257398],[53.0621473,67.6256084],[53.0624106,67.625564],[53.0625961,67.6255821],[53.0628378,67.6255493],[53.0629673,67.6254589],[53.0630018,67.6253948],[53.0630795,67.625362],[53.0634377,67.6253094],[53.0636491,67.625293],[53.0638217,67.6252224],[53.0638735,67.6251172],[53.0637743,67.6249628],[53.0646762,67.6248692],[53.0648186,67.624787],[53.0665315,67.6247385],[53.070205,67.6243457],[53.0717983,67.6241753],[53.0747489,67.6238284],[53.0806879,67.6231302],[53.0847042,67.621897],[53.0848343,67.6218289],[53.0848181,67.6216989],[53.084753,67.6215379],[53.0846717,67.621445],[53.084566,67.6213305]]]}},{"type":"Feature","id":"osm-context-798310779","properties":{"osmId":798310779,"kind":"area","landuse":null,"natural":"wood","water":null,"waterway":null,"leisure":null,"amenity":null,"railway":null,"name":null,"source":"OpenStreetMap"},"geometry":{"type":"Polygon","coordinates":[[[53.0847042,67.621897],[53.0844034,67.6219496],[53.0839887,67.621962],[53.0836635,67.6219961],[53.0833908,67.6221511],[53.0830537,67.6224078],[53.0847042,67.621897]]]}},{"type":"Feature","id":"osm-context-798310780","properties":{"osmId":798310780,"kind":"area","landuse":null,"natural":"wood","water":null,"waterway":null,"leisure":null,"amenity":null,"railway":null,"name":null,"source":"OpenStreetMap"},"geometry":{"type":"Polygon","coordinates":[[[53.0830537,67.6224078],[53.0828667,67.6224294],[53.0814681,67.6224078],[53.0800452,67.6223768],[53.0796224,67.6223675],[53.0793216,67.6224542],[53.0785979,67.6225935],[53.0774677,67.6227483],[53.0768579,67.6227421],[53.0755407,67.6227638],[53.0751623,67.6227785],[53.0747355,67.6228097],[53.0741117,67.6228722],[53.0735853,67.6229548],[53.0731955,67.6230463],[53.0730379,67.6231221],[53.0728637,67.6231474],[53.0725403,67.6231474],[53.0721754,67.6231758],[53.071769,67.6232137],[53.0716031,67.6232231],[53.0710557,67.62322],[53.0704171,67.6232294],[53.0697536,67.6232326],[53.0686671,67.62322],[53.0673318,67.6232168],[53.0669503,67.6232579],[53.0666185,67.6232642],[53.0660877,67.6233115],[53.0655652,67.6234315],[53.0641304,67.6237094],[53.0633342,67.6238893],[53.0618215,67.6241591],[53.0619353,67.624382],[53.0628695,67.6245735],[53.0629598,67.6245746],[53.063167,67.6245914],[53.0634266,67.6246125],[53.0636448,67.6246482],[53.0634155,67.6248417],[53.0636503,67.6248059],[53.0637773,67.624808],[53.0639016,67.6248837],[53.0640314,67.6248354],[53.0641143,67.6248164],[53.0643049,67.6248185],[53.0646225,67.624787],[53.0647192,67.6246944],[53.065051,67.624565],[53.0656398,67.6244798],[53.0662038,67.6243314],[53.0664443,67.6241988],[53.0666268,67.6240725],[53.0669171,67.6239935],[53.0672488,67.6239714],[53.0676635,67.6240062],[53.0679787,67.6240946],[53.0679538,67.6242051],[53.0683851,67.6241703],[53.0689325,67.6241356],[53.0693472,67.6241325],[53.0698614,67.6242461],[53.070205,67.6243457],[53.0717983,67.6241753],[53.0747489,67.6238284],[53.0806879,67.6231302],[53.0830537,67.6224078]]]}},{"type":"Feature","id":"osm-context-798310790","properties":{"osmId":798310790,"kind":"area","landuse":null,"natural":"wood","water":null,"waterway":null,"leisure":null,"amenity":null,"railway":null,"name":null,"source":"OpenStreetMap"},"geometry":{"type":"Polygon","coordinates":[[[53.0633851,67.6148507],[53.0611349,67.6151428],[53.0586584,67.6153821],[53.0568608,67.6155449],[53.0565465,67.6154635],[53.0557796,67.6155162],[53.0557671,67.6155976],[53.0554905,67.6156837],[53.0547237,67.6157555],[53.0543591,67.6157555],[53.05407,67.6155928],[53.0537683,67.6154156],[53.053982,67.6149896],[53.0543843,67.6145252],[53.054686,67.6138549],[53.0549586,67.6132116],[53.0549964,67.6131223],[53.0551238,67.6132193],[53.0553503,67.6132571],[53.0554919,67.6131816],[53.0556052,67.6130845],[53.0558883,67.6130683],[53.0562422,67.613133],[53.0565537,67.6132355],[53.0569784,67.6133541],[53.0573323,67.6134026],[53.0576154,67.6133649],[53.0579127,67.6132463],[53.058295,67.613284],[53.0587904,67.6133972],[53.0594983,67.6135428],[53.0600929,67.6136614],[53.0603618,67.6137369],[53.0605034,67.6137315],[53.0606744,67.6136932],[53.0607441,67.6136776],[53.0607299,67.6135752],[53.0611546,67.6135105],[53.061735,67.6133595],[53.0621314,67.6132786],[53.0623155,67.6132463],[53.0623721,67.6131762],[53.0621173,67.6130845],[53.0618766,67.6129821],[53.0620465,67.612885],[53.0622499,67.6128565],[53.0625845,67.6128095],[53.0631224,67.612761],[53.063448,67.6127341],[53.0637312,67.6127017],[53.0639164,67.61262],[53.065703,67.6129781],[53.0685415,67.6130075],[53.0722438,67.612857],[53.0731076,67.6126491],[53.0738456,67.6123513],[53.0757493,67.6124979],[53.076995,67.6121791],[53.0770635,67.6111503],[53.0765566,67.609648],[53.0755141,67.6087711],[53.075403,67.6080755],[53.0765344,67.6079079],[53.0771378,67.6075871],[53.0774898,67.6074817],[53.0780336,67.6073699],[53.0791525,67.6073316],[53.0795422,67.6073843],[53.0797244,67.6074609],[53.0802852,67.607893],[53.0809011,67.608573],[53.0811651,67.6091045],[53.0817002,67.6096798],[53.0817308,67.6097127],[53.0821205,67.6101628],[53.0834154,67.6105459],[53.0845008,67.6111439],[53.086005,67.6119727],[53.0839056,67.6122073],[53.082108,67.6124372],[53.0783367,67.6128729],[53.077595,67.6129399],[53.076891,67.6130931],[53.0748922,67.6133325],[53.0735345,67.6135192],[53.0720386,67.613749],[53.0714603,67.6137825],[53.0705049,67.6138831],[53.0685061,67.6141703],[53.0644205,67.614697],[53.0633851,67.6148507]]]}},{"type":"Feature","id":"osm-context-798316476","properties":{"osmId":798316476,"kind":"area","landuse":null,"natural":"wood","water":null,"waterway":null,"leisure":null,"amenity":null,"railway":null,"name":null,"source":"OpenStreetMap"},"geometry":{"type":"Polygon","coordinates":[[[53.0538799,67.6101997],[53.0539847,67.610617],[53.0540419,67.6108202],[53.0540133,67.6113827],[53.0540895,67.6117855],[53.0542991,67.612406],[53.0545277,67.6129648],[53.0544896,67.6133385],[53.0541848,67.6138356],[53.053737,67.6146338],[53.0533845,67.615403],[53.0530606,67.6157368],[53.05267,67.6159073],[53.0521936,67.615969],[53.0512885,67.6160524],[53.0503168,67.6161794],[53.0494879,67.6162374],[53.048802,67.6162955],[53.0484018,67.61631],[53.0478302,67.6163681],[53.0466584,67.6164588],[53.0449245,67.6166184],[53.0454898,67.6155405],[53.0451149,67.6154712],[53.0437488,67.6155683],[53.0434403,67.6154614],[53.044708,67.6145493],[53.0452205,67.6139241],[53.0449775,67.6135831],[53.0437119,67.6134288],[53.0425742,67.6134516],[53.0412789,67.6138727],[53.0390964,67.6123189],[53.0395215,67.6121036],[53.0398792,67.6118589],[53.0399605,67.6116669],[53.0401963,67.6115244],[53.0409363,67.61132],[53.042099,67.6110506],[53.0429121,67.6107781],[53.0435056,67.6106542],[53.0439122,67.6105829],[53.0444813,67.6105644],[53.0452457,67.6105086],[53.0459856,67.6103228],[53.046693,67.6101896],[53.047132,67.6101153],[53.0474735,67.6100967],[53.0477256,67.6101184],[53.0480427,67.6102144],[53.0484411,67.6103104],[53.0488558,67.6103662],[53.0495469,67.6104343],[53.0501242,67.6103816],[53.0506853,67.6102825],[53.0510024,67.6102578],[53.0522057,67.6101586],[53.052783,67.6100998],[53.0531977,67.6100998],[53.0537018,67.6101463],[53.0538799,67.6101997]]]}},{"type":"Feature","id":"osm-context-798316477","properties":{"osmId":798316477,"kind":"area","landuse":null,"natural":"wood","water":null,"waterway":null,"leisure":null,"amenity":null,"railway":null,"name":null,"source":"OpenStreetMap"},"geometry":{"type":"Polygon","coordinates":[[[53.0549964,67.6131223],[53.0549586,67.6132116],[53.0547174,67.6124123],[53.0545629,67.6119323],[53.0544491,67.6115637],[53.054506,67.6110713],[53.0544816,67.6108019],[53.0543353,67.6104488],[53.0542698,67.6100837],[53.0545039,67.6100811],[53.0550071,67.609887],[53.0551646,67.6097534],[53.0559414,67.6095553],[53.0570777,67.6090549],[53.0586977,67.6087474],[53.0601661,67.6086363],[53.0597736,67.6080055],[53.0594578,67.606794],[53.0588723,67.606509],[53.0584902,67.6064037],[53.0578718,67.6061531],[53.0568157,67.6060521],[53.0551437,67.6057751],[53.0548231,67.6054341],[53.0542865,67.605019],[53.0542214,67.6047247],[53.0559212,67.6026657],[53.0565229,67.6029102],[53.0573253,67.6030325],[53.0580875,67.6031548],[53.05893,67.603216],[53.0597724,67.6033077],[53.0605748,67.6034147],[53.0613771,67.6035369],[53.0622597,67.6035828],[53.0631021,67.6037356],[53.0639446,67.6037662],[53.0647469,67.6038732],[53.0655092,67.6040261],[53.0663516,67.6040566],[53.0670737,67.6041331],[53.0679162,67.6041789],[53.068879,67.6041789],[53.0697616,67.6041789],[53.0706041,67.6041789],[53.0714465,67.6041331],[53.0724093,67.6040413],[53.0733721,67.6039191],[53.0742146,67.6038274],[53.0750571,67.6037356],[53.0758995,67.6036287],[53.0767821,67.6035369],[53.0775844,67.6033994],[53.0785472,67.6032924],[53.0794298,67.6034147],[53.0802322,67.6035064],[53.0810746,67.6035828],[53.0817967,67.6037356],[53.0825991,67.6038579],[53.0834415,67.6038885],[53.0843642,67.6038732],[53.0852468,67.6038732],[53.0860893,67.6038885],[53.0869152,67.6039245],[53.0871323,67.6040566],[53.0877841,67.6042441],[53.0882556,67.6042248],[53.0890579,67.6040872],[53.08978,67.6038579],[53.0905022,67.6036898],[53.091144,67.6034758],[53.0931341,67.604433],[53.0921696,67.6047572],[53.0913186,67.6051463],[53.0902406,67.6053624],[53.0890492,67.6054489],[53.0878011,67.6055354],[53.0866096,67.6056434],[53.0813901,67.6061838],[53.0804824,67.6070267],[53.0791525,67.6073316],[53.0780336,67.6073699],[53.0774898,67.6074817],[53.0771378,67.6075871],[53.0765344,67.6079079],[53.075403,67.6080755],[53.0755141,67.6087711],[53.069899,67.6082305],[53.0695287,67.6087476],[53.0682946,67.6087946],[53.0662584,67.6097113],[53.0640987,67.6106514],[53.0631114,67.611427],[53.0624944,67.6118266],[53.0621881,67.611413],[53.0616643,67.6112944],[53.0609989,67.6112405],[53.0600645,67.6113214],[53.0593709,67.6113321],[53.0585215,67.6113375],[53.0576721,67.6113645],[53.0571624,67.6113753],[53.0567802,67.6113807],[53.0560865,67.6113807],[53.055407,67.6113968],[53.0548832,67.6114346],[53.0546708,67.6114777],[53.0546283,67.6115963],[53.0547416,67.6116934],[53.0549823,67.6117635],[53.0553134,67.6117729],[53.0554807,67.6117577],[53.0559025,67.6117365],[53.0563555,67.6118174],[53.0565678,67.6119253],[53.0566528,67.6120008],[53.0566103,67.612087],[53.0565112,67.6121463],[53.0561856,67.6121949],[53.0557467,67.6122164],[53.0552937,67.6122164],[53.0550672,67.612265],[53.055053,67.6123351],[53.0549041,67.6124485],[53.0549964,67.6131223]]]}},{"type":"Feature","id":"osm-context-798316478","properties":{"osmId":798316478,"kind":"area","landuse":null,"natural":"wood","water":null,"waterway":null,"leisure":null,"amenity":null,"railway":null,"name":null,"source":"OpenStreetMap"},"geometry":{"type":"Polygon","coordinates":[[[53.086005,67.6119727],[53.0880552,67.6117046],[53.0872337,67.6114786],[53.0862125,67.6112409],[53.085475,67.6109168],[53.0847942,67.6105494],[53.0838297,67.6102469],[53.0831489,67.6097931],[53.0825248,67.6094041],[53.0821844,67.6089718],[53.0822978,67.6085396],[53.0820142,67.6080857],[53.0811064,67.6078048],[53.0803689,67.607459],[53.0804824,67.6070267],[53.0791525,67.6073316],[53.0795422,67.6073843],[53.0797244,67.6074609],[53.0802852,67.607893],[53.0809011,67.608573],[53.0811651,67.6091045],[53.0817002,67.6096798],[53.0821205,67.6101628],[53.0834154,67.6105459],[53.0845008,67.6111439],[53.0858042,67.6119863],[53.086005,67.6119727]]]}},{"type":"Feature","id":"osm-context-798316480","properties":{"osmId":798316480,"kind":"area","landuse":null,"natural":"wood","water":null,"waterway":null,"leisure":null,"amenity":null,"railway":null,"name":null,"source":"OpenStreetMap"},"geometry":{"type":"Polygon","coordinates":[[[53.0449245,67.6166184],[53.0454898,67.6155405],[53.0452981,67.6156785],[53.0450607,67.6157704],[53.0445685,67.6158111],[53.0440564,67.6158285],[53.0436606,67.6157389],[53.0422371,67.6158527],[53.0420371,67.6160384],[53.0415316,67.6165798],[53.0406154,67.6169647],[53.0394781,67.6171211],[53.0397376,67.6172339],[53.0404154,67.6171071],[53.0411179,67.6170274],[53.0428309,67.6168443],[53.0441496,67.6166848],[53.0449245,67.6166184]]]}},{"type":"Feature","id":"osm-context-798316481","properties":{"osmId":798316481,"kind":"area","landuse":null,"natural":"wood","water":null,"waterway":null,"leisure":null,"amenity":null,"railway":null,"name":null,"source":"OpenStreetMap"},"geometry":{"type":"Polygon","coordinates":[[[53.0394781,67.6171211],[53.0397376,67.6172339],[53.0391332,67.6173689],[53.0386279,67.6175097],[53.038135,67.6176786],[53.0376174,67.6178851],[53.0373093,67.6179508],[53.037149,67.6179555],[53.0369888,67.617871],[53.0369519,67.6177772],[53.0368656,67.6175331],[53.0366068,67.6173783],[53.0361138,67.6172281],[53.0353867,67.6171108],[53.0346349,67.6170216],[53.0330944,67.6167682],[53.032281,67.6166133],[53.031369,67.6164678],[53.0310855,67.6162707],[53.0308514,67.6159891],[53.0307281,67.6156371],[53.03095,67.6153978],[53.0312088,67.6151772],[53.0315908,67.6149801],[53.0333175,67.6155331],[53.0328436,67.6155932],[53.0324645,67.6160023],[53.0328752,67.6163752],[53.0342653,67.6165437],[53.0355606,67.6165557],[53.0362556,67.6161948],[53.037235,67.615882],[53.0389094,67.6165196],[53.0384671,67.616676],[53.038246,67.6168926],[53.0385142,67.6170458],[53.0385619,67.617073],[53.0394781,67.6171211]]]}},{"type":"Feature","id":"osm-context-798316482","properties":{"osmId":798316482,"kind":"area","landuse":null,"natural":"wood","water":null,"waterway":null,"leisure":null,"amenity":null,"railway":null,"name":null,"source":"OpenStreetMap"},"geometry":{"type":"Polygon","coordinates":[[[53.0389094,67.6165196],[53.04011,67.6163391],[53.0405523,67.6160504],[53.0406154,67.6153045],[53.0410577,67.6149917],[53.0410577,67.6142818],[53.0412789,67.6138727],[53.0390964,67.6123189],[53.0385166,67.6125508],[53.0375398,67.6127881],[53.0369169,67.6129983],[53.0361666,67.6133811],[53.0349633,67.6140389],[53.0342413,67.6142222],[53.0333211,67.6144487],[53.032769,67.6145727],[53.0321886,67.6147344],[53.0319337,67.614853],[53.0315908,67.6149801],[53.0333175,67.6155331],[53.0341389,67.6156895],[53.0356869,67.6156774],[53.0360977,67.6154849],[53.037393,67.6154729],[53.037235,67.615882],[53.0389094,67.6165196]]]}},{"type":"Feature","id":"osm-context-798316484","properties":{"osmId":798316484,"kind":"area","landuse":null,"natural":"wood","water":null,"waterway":null,"leisure":null,"amenity":null,"railway":null,"name":null,"source":"OpenStreetMap"},"geometry":{"type":"Polygon","coordinates":[[[53.0296475,67.6165193],[53.0320615,67.6171362],[53.0359239,67.6180841],[53.0363852,67.6182352],[53.0365354,67.6182148],[53.0365569,67.6180555],[53.0362887,67.6179247],[53.036396,67.6177776],[53.0363209,67.6175979],[53.0360741,67.6174345],[53.0356986,67.6173201],[53.0346472,67.6171771],[53.0337245,67.6170055],[53.0327267,67.6168094],[53.0321366,67.6167522],[53.0319542,67.6167359],[53.0317289,67.616695],[53.0314178,67.6166133],[53.0311496,67.6165479],[53.030817,67.6163968],[53.0306346,67.6162538],[53.03042,67.6161843],[53.0301518,67.6162088],[53.0298192,67.6163069],[53.0296475,67.6165193]]]}},{"type":"Feature","id":"osm-context-798316485","properties":{"osmId":798316485,"kind":"area","landuse":null,"natural":"wood","water":null,"waterway":null,"leisure":null,"amenity":null,"railway":null,"name":null,"source":"OpenStreetMap"},"geometry":{"type":"Polygon","coordinates":[[[53.0268018,67.6159752],[53.0289716,67.6165847],[53.0322654,67.6173405],[53.0355484,67.6181086],[53.0359561,67.6182597],[53.0360848,67.6183537],[53.0360205,67.6184231],[53.0355055,67.6185457],[53.0349368,67.6187867],[53.0345828,67.6189542],[53.0341858,67.6190032],[53.0331559,67.6194567],[53.0312783,67.6201797],[53.0297977,67.6207189],[53.0288751,67.6210335],[53.0285672,67.6210958],[53.0291915,67.6206239],[53.0296025,67.6197988],[53.0308727,67.6194432],[53.0338615,67.6183976],[53.032722,67.6181985],[53.0319935,67.6178357],[53.0318814,67.6174872],[53.0305925,67.6174516],[53.0279773,67.6178571],[53.0269686,67.6182625],[53.0258104,67.6179211],[53.0247643,67.6179282],[53.0231018,67.6178428],[53.0220184,67.6180207],[53.0198515,67.61918],[53.0180769,67.6196352],[53.0166759,67.6195783],[53.0157793,67.6200264],[53.0140981,67.6196779],[53.0122674,67.6195072],[53.011707,67.619557],[53.0159269,67.6156481],[53.0182833,67.6164844],[53.019541,67.6160903],[53.0202062,67.6160781],[53.0212898,67.6163559],[53.0221266,67.6163396],[53.0230493,67.6166255],[53.0246786,67.6170255],[53.0268018,67.6159752]]]}},{"type":"Feature","id":"osm-context-798316486","properties":{"osmId":798316486,"kind":"area","landuse":null,"natural":"wood","water":null,"waterway":null,"leisure":null,"amenity":null,"railway":null,"name":null,"source":"OpenStreetMap"},"geometry":{"type":"Polygon","coordinates":[[[53.0251566,67.6224018],[53.0228268,67.622241],[53.0219063,67.6221956],[53.0210844,67.6223876],[53.0201098,67.622689],[53.0197581,67.6226507],[53.0193472,67.6221885],[53.0182824,67.6216266],[53.0173484,67.6214489],[53.016265,67.6214133],[53.0149387,67.6212782],[53.0134069,67.6207163],[53.011595,67.6197562],[53.0077519,67.6212582],[53.0086023,67.6217087],[53.0085776,67.6220653],[53.0081956,67.6223327],[53.0088479,67.6226453],[53.0111201,67.6221443],[53.0131345,67.6234502],[53.0102167,67.6242047],[53.0105864,67.6242516],[53.0122995,67.6242657],[53.0132115,67.6243971],[53.014296,67.6244675],[53.0145795,67.6245941],[53.0145055,67.6248193],[53.0142584,67.6252667],[53.0148225,67.624803],[53.0160571,67.6250196],[53.0155213,67.6256052],[53.0153066,67.626147],[53.0155531,67.6263487],[53.0160214,67.6263674],[53.0176236,67.6263065],[53.019768,67.6262783],[53.0214071,67.6262595],[53.021974,67.6262595],[53.0224793,67.6262783],[53.0227751,67.6260625],[53.0229969,67.6253213],[53.023136,67.6246669],[53.0231792,67.6245637],[53.0234899,67.6237637],[53.0236624,67.6234071],[53.023761,67.6232054],[53.0240814,67.6229427],[53.0245498,67.6226518],[53.0248455,67.622511],[53.0251566,67.6224018]]]}},{"type":"Feature","id":"osm-context-798350182","properties":{"osmId":798350182,"kind":"area","landuse":"industrial","natural":null,"water":null,"waterway":null,"leisure":null,"amenity":null,"railway":null,"name":"Нефтебаза Лукойла","source":"OpenStreetMap"},"geometry":{"type":"Polygon","coordinates":[[[53.104598,67.6734926],[53.102418,67.6747776],[53.1012288,67.6744361],[53.0998308,67.6752266],[53.0993894,67.6748768],[53.0991422,67.6747625],[53.1010421,67.6727287],[53.1012452,67.6727702],[53.1013294,67.6728011],[53.1014126,67.6728316],[53.1015245,67.6728572],[53.1021504,67.6730001],[53.1029623,67.6728739],[53.103597,67.6728926],[53.1035916,67.6729048],[53.1035378,67.6730267],[53.1035069,67.6730967],[53.1035217,67.673129],[53.104257,67.6733617],[53.104598,67.6734926]]]}},{"type":"Feature","id":"osm-context-798360896","properties":{"osmId":798360896,"kind":"area","landuse":null,"natural":null,"water":null,"waterway":null,"leisure":"pitch","amenity":null,"railway":null,"name":null,"source":"OpenStreetMap"},"geometry":{"type":"Polygon","coordinates":[[[53.1260486,67.6717407],[53.1262755,67.6716485],[53.1259486,67.6715324],[53.1257217,67.6716246],[53.1260486,67.6717407]]]}},{"type":"Feature","id":"osm-context-798360897","properties":{"osmId":798360897,"kind":"area","landuse":null,"natural":null,"water":null,"waterway":null,"leisure":"playground","amenity":null,"railway":null,"name":null,"source":"OpenStreetMap"},"geometry":{"type":"Polygon","coordinates":[[[53.1262755,67.6716485],[53.1267379,67.6714889],[53.1262266,67.6713061],[53.1257899,67.6714738],[53.1259486,67.6715324],[53.1262755,67.6716485]]]}},{"type":"Feature","id":"osm-context-798360907","properties":{"osmId":798360907,"kind":"area","landuse":"grass","natural":null,"water":null,"waterway":null,"leisure":null,"amenity":null,"railway":null,"name":null,"source":"OpenStreetMap"},"geometry":{"type":"Polygon","coordinates":[[[53.1238988,67.6772339],[53.1239937,67.677164],[53.1245352,67.6772837],[53.1244059,67.6773705],[53.1246302,67.6774257],[53.1245918,67.6774526],[53.1238988,67.6772339]]]}},{"type":"Feature","id":"osm-context-798360908","properties":{"osmId":798360908,"kind":"area","landuse":"grass","natural":null,"water":null,"waterway":null,"leisure":null,"amenity":null,"railway":null,"name":null,"source":"OpenStreetMap"},"geometry":{"type":"Polygon","coordinates":[[[53.1244483,67.6775408],[53.1245574,67.6774856],[53.1245251,67.6774556],[53.1238644,67.6772515],[53.1237574,67.6773275],[53.1238867,67.6773605],[53.1238685,67.6773812],[53.1239174,67.677397],[53.1239627,67.6773692],[53.1242559,67.6774381],[53.1242311,67.6774534],[53.1243312,67.6775147],[53.1244483,67.6775408]]]}},{"type":"Feature","id":"osm-context-798360911","properties":{"osmId":798360911,"kind":"area","landuse":null,"natural":null,"water":null,"waterway":null,"leisure":null,"amenity":"kindergarten","railway":null,"name":null,"source":"OpenStreetMap"},"geometry":{"type":"Polygon","coordinates":[[[53.1278052,67.6785257],[53.1269923,67.6790251],[53.1269043,67.6791132],[53.1284416,67.679478],[53.1294828,67.6789022],[53.1278052,67.6785257]]]}},{"type":"Feature","id":"osm-context-798360913","properties":{"osmId":798360913,"kind":"area","landuse":null,"natural":null,"water":null,"waterway":null,"leisure":null,"amenity":"kindergarten","railway":null,"name":null,"source":"OpenStreetMap"},"geometry":{"type":"Polygon","coordinates":[[[53.1201613,67.6782879],[53.1204032,67.6781239],[53.1205655,67.6781553],[53.1207554,67.6780378],[53.1209452,67.6780006],[53.1228684,67.67841],[53.1223049,67.6787601],[53.1201613,67.6782879]]]}},{"type":"Feature","id":"osm-context-798365213","properties":{"osmId":798365213,"kind":"area","landuse":"grass","natural":null,"water":null,"waterway":null,"leisure":null,"amenity":null,"railway":null,"name":null,"source":"OpenStreetMap"},"geometry":{"type":"Polygon","coordinates":[[[53.1199291,67.6774975],[53.1199445,67.6775008],[53.1202995,67.6775782],[53.1202543,67.6776069],[53.120088,67.6775679],[53.1197376,67.6777937],[53.1197958,67.6778027],[53.1201204,67.6778788],[53.1201941,67.6778959],[53.120525,67.6776788],[53.1203618,67.6776364],[53.1204173,67.6776039],[53.1204877,67.6776192],[53.1205464,67.6776862],[53.1205135,67.6777837],[53.1201437,67.6779631],[53.1194705,67.6778068],[53.1199291,67.6774975]]]}},{"type":"Feature","id":"osm-context-798365218","properties":{"osmId":798365218,"kind":"area","landuse":null,"natural":null,"water":null,"waterway":null,"leisure":null,"amenity":"school","railway":null,"name":null,"source":"OpenStreetMap"},"geometry":{"type":"Polygon","coordinates":[[[53.1172228,67.6778472],[53.1179068,67.6779959],[53.1179685,67.6779582],[53.1191942,67.6782068],[53.1196703,67.6783608],[53.1194703,67.678496],[53.1181981,67.6793463],[53.1178778,67.6792772],[53.1178265,67.6793126],[53.1163168,67.6789019],[53.1162586,67.6787229],[53.1166997,67.6784101],[53.1166042,67.6783899],[53.1167672,67.6782787],[53.116622,67.6782486],[53.1172228,67.6778472]]]}},{"type":"Feature","id":"osm-context-798456686","properties":{"osmId":798456686,"kind":"area","landuse":"grass","natural":null,"water":null,"waterway":null,"leisure":null,"amenity":null,"railway":null,"name":null,"source":"OpenStreetMap"},"geometry":{"type":"Polygon","coordinates":[[[53.0094945,67.6392731],[53.0096609,67.6392825],[53.0098118,67.6392778],[53.0099936,67.6392579],[53.0101138,67.6392204],[53.0101508,67.6391746],[53.0101631,67.6391289],[53.01016,67.6390926],[53.010123,67.6390656],[53.0100614,67.639034],[53.0100121,67.6390234],[53.0099597,67.6390328],[53.0098796,67.6390797],[53.0098211,67.6391301],[53.0097841,67.6391676],[53.0097132,67.6391981],[53.0096116,67.6392192],[53.0095222,67.6392438],[53.0094822,67.6392625],[53.0094945,67.6392731]]]}},{"type":"Feature","id":"osm-context-798456687","properties":{"osmId":798456687,"kind":"area","landuse":null,"natural":null,"water":null,"waterway":null,"leisure":"park","amenity":null,"railway":null,"name":null,"source":"OpenStreetMap"},"geometry":{"type":"Polygon","coordinates":[[[53.0102347,67.6400831],[53.010323,67.6400059],[53.0104034,67.6399346],[53.010494,67.6398515],[53.0083967,67.6395067],[53.0083061,67.6394918],[53.007262,67.6393202],[53.007219,67.6393547],[53.0072045,67.6393663],[53.0075226,67.6394414],[53.0076019,67.6394601],[53.0075218,67.6395328],[53.0070535,67.6394882],[53.0070196,67.6395187],[53.0074078,67.6395902],[53.0097434,67.6399986],[53.0097708,67.6400035],[53.0097889,67.6400068],[53.0102347,67.6400831]]]}},{"type":"Feature","id":"osm-context-798626437","properties":{"osmId":798626437,"kind":"area","landuse":"construction","natural":null,"water":null,"waterway":null,"leisure":null,"amenity":null,"railway":null,"name":null,"source":"OpenStreetMap"},"geometry":{"type":"Polygon","coordinates":[[[53.0327509,67.635712],[53.0328687,67.6357533],[53.0330721,67.6357428],[53.0332169,67.6357791],[53.0333001,67.6357932],[53.0334017,67.6358284],[53.0335435,67.6358483],[53.0336544,67.6358084],[53.0337222,67.6357369],[53.0339101,67.6356174],[53.0339347,67.6355763],[53.0339101,67.635547],[53.033753,67.6354825],[53.0335681,67.6354169],[53.0333463,67.6353759],[53.0332336,67.6353489],[53.0331782,67.6353513],[53.0330132,67.6353286],[53.0327509,67.635712]]]}},{"type":"Feature","id":"osm-context-798626438","properties":{"osmId":798626438,"kind":"area","landuse":null,"natural":null,"water":null,"waterway":null,"leisure":null,"amenity":"parking","railway":null,"name":null,"source":"OpenStreetMap"},"geometry":{"type":"Polygon","coordinates":[[[53.0340502,67.6354663],[53.0341199,67.6354551],[53.0343184,67.6353367],[53.0343145,67.6352925],[53.0342578,67.6352764],[53.0340193,67.6354216],[53.0339115,67.6354228],[53.0338571,67.6354316],[53.0340502,67.6354663]]]}},{"type":"Feature","id":"osm-context-798626521","properties":{"osmId":798626521,"kind":"area","landuse":"brownfield","natural":null,"water":null,"waterway":null,"leisure":null,"amenity":null,"railway":null,"name":null,"source":"OpenStreetMap"},"geometry":{"type":"Polygon","coordinates":[[[53.0374665,67.6343503],[53.0373599,67.6343043],[53.0374153,67.6342857],[53.0373679,67.6342653],[53.0377252,67.6341654],[53.0379154,67.6343185],[53.0378797,67.6343552],[53.0378066,67.6343665],[53.0377143,67.6343941],[53.0377784,67.6344251],[53.0376702,67.6344196],[53.0375562,67.6344079],[53.0374822,67.6343845],[53.0374665,67.6343503]]]}},{"type":"Feature","id":"osm-context-798626525","properties":{"osmId":798626525,"kind":"area","landuse":"brownfield","natural":null,"water":null,"waterway":null,"leisure":null,"amenity":null,"railway":null,"name":null,"source":"OpenStreetMap"},"geometry":{"type":"Polygon","coordinates":[[[53.036982,67.6345541],[53.0370601,67.6345779],[53.0371433,67.6345814],[53.0372388,67.6346189],[53.0374268,67.634667],[53.0374858,67.6346935],[53.0375889,67.6346364],[53.0376794,67.6345744],[53.0375716,67.634531],[53.0376085,67.6345087],[53.037373,67.6344473],[53.0373057,67.6344773],[53.0372797,67.6344689],[53.0371827,67.6345122],[53.0370575,67.6345085],[53.036982,67.6345541]]]}},{"type":"Feature","id":"osm-context-798628967","properties":{"osmId":798628967,"kind":"area","landuse":"industrial","natural":null,"water":null,"waterway":null,"leisure":null,"amenity":null,"railway":null,"name":null,"source":"OpenStreetMap"},"geometry":{"type":"Polygon","coordinates":[[[53.0380672,67.6333985],[53.0384933,67.6333022],[53.0385528,67.6333404],[53.0381268,67.6334367],[53.0380672,67.6333985]]]}},{"type":"Feature","id":"osm-context-798628977","properties":{"osmId":798628977,"kind":"area","landuse":null,"natural":"wood","water":null,"waterway":null,"leisure":null,"amenity":null,"railway":null,"name":null,"source":"OpenStreetMap"},"geometry":{"type":"Polygon","coordinates":[[[53.0612696,67.6371469],[53.06139,67.6371549],[53.0614572,67.6371401],[53.0617651,67.6369166],[53.0622677,67.6366634],[53.0627349,67.6363645],[53.0628481,67.6361854],[53.0627455,67.6359336],[53.0626251,67.6357626],[53.0624836,67.6356858],[53.0617934,67.6354515],[53.0613227,67.6353155],[53.0608697,67.6352279],[53.0604946,67.6351983],[53.0602751,67.6352023],[53.0600238,67.6352576],[53.0599424,67.6353006],[53.0599637,67.6354313],[53.0599955,67.6357639],[53.0601725,67.6360103],[53.0601194,67.6360884],[53.0601336,67.6361423],[53.0602574,67.6363227],[53.0604379,67.6365773],[53.0606184,67.6367335],[53.060983,67.6369476],[53.0612696,67.6371469]]]}},{"type":"Feature","id":"osm-context-799285742","properties":{"osmId":799285742,"kind":"area","landuse":"industrial","natural":null,"water":null,"waterway":null,"leisure":null,"amenity":null,"railway":null,"name":null,"source":"OpenStreetMap"},"geometry":{"type":"Polygon","coordinates":[[[53.0693367,67.6629634],[53.069434,67.6629058],[53.069408,67.6628994],[53.0694537,67.6628724],[53.0693601,67.6628495],[53.0694661,67.6627868],[53.0695979,67.6628189],[53.0699676,67.6626],[53.0701904,67.6626544],[53.0698151,67.6628766],[53.0699427,67.6629077],[53.0696993,67.6630519],[53.0694982,67.6630028],[53.0693367,67.6629634]]]}},{"type":"Feature","id":"osm-context-799285751","properties":{"osmId":799285751,"kind":"area","landuse":"industrial","natural":null,"water":null,"waterway":null,"leisure":null,"amenity":null,"railway":null,"name":"АО Нарьян-Марский мясокомбинат","source":"OpenStreetMap"},"geometry":{"type":"Polygon","coordinates":[[[53.0663105,67.6636587],[53.0663025,67.6637249],[53.0665082,67.66379],[53.0668504,67.6638981],[53.0683115,67.66436],[53.0681881,67.6644324],[53.0691966,67.6646535],[53.0721765,67.6633417],[53.0714422,67.6630705],[53.07132,67.6630296],[53.0712575,67.6630109],[53.0712226,67.6630004],[53.0711515,67.6629763],[53.071265,67.6629279],[53.0707967,67.6627692],[53.0707228,67.6628007],[53.0706216,67.6627665],[53.0706576,67.6627508],[53.0704707,67.6626889],[53.0704542,67.662696],[53.0693897,67.6622917],[53.0663105,67.6636587]]]}},{"type":"Feature","id":"osm-context-799285764","properties":{"osmId":799285764,"kind":"area","landuse":"industrial","natural":null,"water":null,"waterway":null,"leisure":null,"amenity":null,"railway":null,"name":"БЛОС Бондарка","source":"OpenStreetMap"},"geometry":{"type":"Polygon","coordinates":[[[53.0705499,67.6650413],[53.0715033,67.6646114],[53.0707515,67.664339],[53.070627,67.6643899],[53.07049,67.6643399],[53.0703779,67.6643674],[53.0695583,67.6647214],[53.0705499,67.6650413]]]}},{"type":"Feature","id":"osm-context-799463852","properties":{"osmId":799463852,"kind":"area","landuse":null,"natural":null,"water":null,"waterway":null,"leisure":"playground","amenity":null,"railway":null,"name":null,"source":"OpenStreetMap"},"geometry":{"type":"Polygon","coordinates":[[[52.9963421,67.6408257],[52.9966244,67.6408704],[52.9967528,67.6407529],[52.9967914,67.6407552],[52.9970162,67.6405498],[52.9966988,67.6404996],[52.9963421,67.6408257]]]}},{"type":"Feature","id":"osm-context-799463872","properties":{"osmId":799463872,"kind":"area","landuse":"grass","natural":null,"water":null,"waterway":null,"leisure":null,"amenity":null,"railway":null,"name":null,"source":"OpenStreetMap"},"geometry":{"type":"Polygon","coordinates":[[[53.0029806,67.638605],[53.0032763,67.6386539],[53.0033836,67.6385599],[53.0030879,67.638511],[53.0029806,67.638605]]]}},{"type":"Feature","id":"osm-context-799463873","properties":{"osmId":799463873,"kind":"area","landuse":"grass","natural":null,"water":null,"waterway":null,"leisure":null,"amenity":null,"railway":null,"name":null,"source":"OpenStreetMap"},"geometry":{"type":"Polygon","coordinates":[[[53.003378,67.6386697],[53.0039566,67.638764],[53.0040733,67.6386604],[53.0034947,67.6385661],[53.003378,67.6386697]]]}},{"type":"Feature","id":"osm-context-799463878","properties":{"osmId":799463878,"kind":"area","landuse":null,"natural":null,"water":null,"waterway":null,"leisure":"playground","amenity":null,"railway":null,"name":null,"source":"OpenStreetMap"},"geometry":{"type":"Polygon","coordinates":[[[53.0038464,67.6380749],[53.0039323,67.6379907],[53.0035699,67.6379372],[53.003484,67.6380214],[53.0038464,67.6380749]]]}},{"type":"Feature","id":"osm-context-799463879","properties":{"osmId":799463879,"kind":"area","landuse":null,"natural":null,"water":null,"waterway":null,"leisure":null,"amenity":"kindergarten","railway":null,"name":null,"source":"OpenStreetMap"},"geometry":{"type":"Polygon","coordinates":[[[53.0145791,67.6388746],[53.0154428,67.6390225],[53.0155769,67.638999],[53.0162287,67.6385623],[53.0159712,67.6385082],[53.0160597,67.6384164],[53.0158071,67.6383705],[53.0158618,67.6383203],[53.0157443,67.6383017],[53.015899,67.6381598],[53.0160166,67.6381783],[53.0160831,67.6381174],[53.0156867,67.6380548],[53.0155849,67.6380368],[53.0145791,67.6388746]]]}},{"type":"Feature","id":"osm-context-799463887","properties":{"osmId":799463887,"kind":"area","landuse":null,"natural":null,"water":null,"waterway":null,"leisure":null,"amenity":"kindergarten","railway":null,"name":"ДС Ромашка","source":"OpenStreetMap"},"geometry":{"type":"Polygon","coordinates":[[[53.012141,67.6303603],[53.0127794,67.6304042],[53.0128384,67.6303236],[53.0129668,67.6303331],[53.0131415,67.630346],[53.0130878,67.6304287],[53.0139032,67.6304856],[53.0139921,67.6304918],[53.014032,67.6304328],[53.0142385,67.6304481],[53.0141956,67.6305104],[53.014614,67.6305451],[53.0149025,67.6304309],[53.0161053,67.629955],[53.0158854,67.6298652],[53.0127754,67.629503],[53.0125997,67.6297396],[53.0126748,67.6297488],[53.0126581,67.629771],[53.0126211,67.6298203],[53.0125567,67.6298142],[53.012141,67.6303603]]]}},{"type":"Feature","id":"osm-context-799562903","properties":{"osmId":799562903,"kind":"area","landuse":"industrial","natural":null,"water":null,"waterway":null,"leisure":null,"amenity":null,"railway":null,"name":"МУП КБ и БО","source":"OpenStreetMap"},"geometry":{"type":"Polygon","coordinates":[[[52.9842955,67.6382805],[52.9847889,67.6382035],[52.9851711,67.6381425],[52.9864095,67.6379458],[52.9874205,67.6387927],[52.9872565,67.6388811],[52.9872752,67.6389575],[52.9872335,67.638984],[52.9870261,67.6390103],[52.9871766,67.6391712],[52.9856737,67.6393902],[52.9855212,67.6392447],[52.9854805,67.6392509],[52.9854,67.639185],[52.9842955,67.6382805]]]}},{"type":"Feature","id":"osm-context-799562905","properties":{"osmId":799562905,"kind":"area","landuse":"grass","natural":null,"water":null,"waterway":null,"leisure":null,"amenity":null,"railway":null,"name":null,"source":"OpenStreetMap"},"geometry":{"type":"Polygon","coordinates":[[[52.9859962,67.6396142],[52.986373,67.6395469],[52.9863891,67.639527],[52.9863757,67.6395076],[52.986314,67.6394596],[52.9856501,67.6395612],[52.9856917,67.6395928],[52.9859009,67.6396178],[52.9859962,67.6396142]]]}},{"type":"Feature","id":"osm-context-799562930","properties":{"osmId":799562930,"kind":"area","landuse":"industrial","natural":null,"water":null,"waterway":null,"leisure":null,"amenity":null,"railway":null,"name":null,"source":"OpenStreetMap"},"geometry":{"type":"Polygon","coordinates":[[[52.9905423,67.6385011],[52.9908819,67.6385558],[52.9908221,67.6386098],[52.9904828,67.6385547],[52.9905423,67.6385011]]]}},{"type":"Feature","id":"osm-context-799562931","properties":{"osmId":799562931,"kind":"area","landuse":"grass","natural":null,"water":null,"waterway":null,"leisure":null,"amenity":null,"railway":null,"name":null,"source":"OpenStreetMap"},"geometry":{"type":"Polygon","coordinates":[[[52.9904828,67.6385547],[52.9904084,67.6385432],[52.9903498,67.6386065],[52.9908212,67.6386838],[52.9910122,67.6386698],[52.991117,67.6386334],[52.9920536,67.6377402],[52.9918235,67.6377083],[52.9908221,67.6386098],[52.9904828,67.6385547]]]}},{"type":"Feature","id":"osm-context-799562932","properties":{"osmId":799562932,"kind":"area","landuse":null,"natural":null,"water":null,"waterway":null,"leisure":null,"amenity":"school","railway":null,"name":null,"source":"OpenStreetMap"},"geometry":{"type":"Polygon","coordinates":[[[53.0000181,67.6385665],[52.9977916,67.6381924],[52.9973017,67.6386232],[52.9967515,67.6391059],[52.9966978,67.6390972],[52.99661,67.6391799],[52.9966578,67.6391874],[52.9965622,67.6392735],[52.9988584,67.6396423],[53.0000181,67.6385665]]]}},{"type":"Feature","id":"osm-context-800270548","properties":{"osmId":800270548,"kind":"area","landuse":null,"natural":null,"water":null,"waterway":null,"leisure":null,"amenity":"parking","railway":null,"name":null,"source":"OpenStreetMap"},"geometry":{"type":"Polygon","coordinates":[[[53.0478957,67.6411113],[53.0482399,67.6410412],[53.0483829,67.6411429],[53.0480387,67.641213],[53.0478957,67.6411113]]]}},{"type":"Feature","id":"osm-context-800270555","properties":{"osmId":800270555,"kind":"area","landuse":null,"natural":null,"water":null,"waterway":null,"leisure":null,"amenity":"kindergarten","railway":null,"name":null,"source":"OpenStreetMap"},"geometry":{"type":"Polygon","coordinates":[[[53.0498312,67.6404753],[53.0510623,67.6402314],[53.0515049,67.6400283],[53.0512186,67.6397556],[53.0512072,67.6397447],[53.0514137,67.6397049],[53.0513493,67.6396683],[53.0508759,67.6393161],[53.0506707,67.6393528],[53.0506526,67.6393374],[53.0506063,67.6392977],[53.0505146,67.6393144],[53.0487696,67.6396308],[53.04871,67.6396416],[53.0490473,67.6398924],[53.0498312,67.6404753]]]}},{"type":"Feature","id":"osm-context-800270579","properties":{"osmId":800270579,"kind":"area","landuse":"grass","natural":null,"water":null,"waterway":null,"leisure":null,"amenity":null,"railway":null,"name":null,"source":"OpenStreetMap"},"geometry":{"type":"Polygon","coordinates":[[[53.0462973,67.6417684],[53.0466919,67.6417089],[53.0471682,67.6416085],[53.0471402,67.6415925],[53.047257,67.6415703],[53.0472126,67.641533],[53.0470912,67.6415606],[53.0468351,67.6413726],[53.0464554,67.6414549],[53.0466569,67.6415979],[53.0462062,67.6417],[53.0462973,67.6417684]]]}},{"type":"Feature","id":"osm-context-800270581","properties":{"osmId":800270581,"kind":"area","landuse":"grass","natural":null,"water":null,"waterway":null,"leisure":null,"amenity":null,"railway":null,"name":null,"source":"OpenStreetMap"},"geometry":{"type":"Polygon","coordinates":[[[53.0462459,67.6417844],[53.0461432,67.6417089],[53.0455945,67.6418324],[53.0456622,67.6418794],[53.0462459,67.6417844]]]}},{"type":"Feature","id":"osm-context-800270582","properties":{"osmId":800270582,"kind":"area","landuse":null,"natural":null,"water":null,"waterway":null,"leisure":"park","amenity":null,"railway":null,"name":null,"source":"OpenStreetMap"},"geometry":{"type":"Polygon","coordinates":[[[53.0425249,67.6422211],[53.0431551,67.6420943],[53.0432669,67.6421755],[53.043149,67.6421964],[53.0433624,67.6423456],[53.0434579,67.6423564],[53.0434803,67.6423765],[53.0432404,67.6424137],[53.0430494,67.6424291],[53.0429254,67.642433],[53.042838,67.6424245],[53.0427628,67.6423943],[53.0425249,67.6422211]]]}},{"type":"Feature","id":"osm-context-800399559","properties":{"osmId":800399559,"kind":"area","landuse":"industrial","natural":null,"water":null,"waterway":null,"leisure":null,"amenity":null,"railway":null,"name":null,"source":"OpenStreetMap"},"geometry":{"type":"Polygon","coordinates":[[[53.0583954,67.6405629],[53.0587653,67.640914],[53.059969,67.6407168],[53.0596282,67.6404158],[53.0595836,67.6403772],[53.0583954,67.6405629]]]}},{"type":"Feature","id":"osm-context-800399562","properties":{"osmId":800399562,"kind":"area","landuse":"construction","natural":null,"water":null,"waterway":null,"leisure":null,"amenity":null,"railway":null,"name":null,"source":"OpenStreetMap"},"geometry":{"type":"Polygon","coordinates":[[[53.0595457,67.6403526],[53.0600874,67.6402638],[53.0598492,67.6400239],[53.0592818,67.6401145],[53.0595457,67.6403526]]]}},{"type":"Feature","id":"osm-context-800399565","properties":{"osmId":800399565,"kind":"area","landuse":null,"natural":null,"water":null,"waterway":null,"leisure":"pitch","amenity":null,"railway":null,"name":null,"source":"OpenStreetMap"},"geometry":{"type":"Polygon","coordinates":[[[53.0574174,67.6398908],[53.0579695,67.6398019],[53.0580856,67.6399062],[53.0575336,67.6399952],[53.0574174,67.6398908]]]}},{"type":"Feature","id":"osm-context-800399580","properties":{"osmId":800399580,"kind":"area","landuse":"industrial","natural":null,"water":null,"waterway":null,"leisure":null,"amenity":null,"railway":null,"name":"ООО Версо М","source":"OpenStreetMap"},"geometry":{"type":"Polygon","coordinates":[[[53.0775574,67.6310606],[53.0783754,67.6312998],[53.0793533,67.6315857],[53.0805167,67.6310925],[53.0808996,67.6307388],[53.0820951,67.630506],[53.0825154,67.6303354],[53.0847757,67.6295143],[53.0848409,67.6291691],[53.0846123,67.6291422],[53.0837829,67.6286223],[53.0825299,67.6283963],[53.0815814,67.6289095],[53.0804453,67.629517],[53.0793163,67.6301191],[53.0775574,67.6310606]]]}},{"type":"Feature","id":"osm-context-800399595","properties":{"osmId":800399595,"kind":"area","landuse":"industrial","natural":null,"water":null,"waterway":null,"leisure":null,"amenity":null,"railway":null,"name":null,"source":"OpenStreetMap"},"geometry":{"type":"Polygon","coordinates":[[[53.0772616,67.6309474],[53.077794,67.6306363],[53.0768973,67.6303307],[53.0763229,67.6305972],[53.0772616,67.6309474]]]}},{"type":"Feature","id":"osm-context-800399596","properties":{"osmId":800399596,"kind":"area","landuse":"industrial","natural":null,"water":null,"waterway":null,"leisure":null,"amenity":null,"railway":null,"name":null,"source":"OpenStreetMap"},"geometry":{"type":"Polygon","coordinates":[[[53.0762119,67.6314458],[53.0770332,67.63109],[53.0761428,67.6307913],[53.0754517,67.6311302],[53.0762119,67.6314458]]]}},{"type":"Feature","id":"osm-context-800399599","properties":{"osmId":800399599,"kind":"area","landuse":"industrial","natural":null,"water":null,"waterway":null,"leisure":null,"amenity":null,"railway":null,"name":null,"source":"OpenStreetMap"},"geometry":{"type":"Polygon","coordinates":[[[53.079505,67.6326448],[53.0791594,67.6324375],[53.0789764,67.6322797],[53.078826,67.6321714],[53.0781593,67.6323493],[53.0779682,67.6324267],[53.0782121,67.6326355],[53.0783097,67.6326588],[53.0783422,67.632699],[53.0784154,67.6327299],[53.0784113,67.6327516],[53.0785533,67.632855],[53.0786268,67.6328738],[53.079505,67.6326448]]]}},{"type":"Feature","id":"osm-context-800399603","properties":{"osmId":800399603,"kind":"area","landuse":"industrial","natural":null,"water":null,"waterway":null,"leisure":null,"amenity":null,"railway":null,"name":null,"source":"OpenStreetMap"},"geometry":{"type":"Polygon","coordinates":[[[53.079056,67.6275891],[53.0796152,67.6273345],[53.0787976,67.6271351],[53.0782455,67.6273897],[53.079056,67.6275891]]]}},{"type":"Feature","id":"osm-context-800469910","properties":{"osmId":800469910,"kind":"area","landuse":"grass","natural":null,"water":null,"waterway":null,"leisure":null,"amenity":null,"railway":null,"name":null,"source":"OpenStreetMap"},"geometry":{"type":"Polygon","coordinates":[[[53.0107006,67.633017],[53.0107534,67.633017],[53.0107921,67.6330108],[53.0108429,67.6329907],[53.0109282,67.6329644],[53.0110177,67.632945],[53.011097,67.6329381],[53.0112169,67.632935],[53.0113145,67.632935],[53.0113815,67.6329257],[53.0114202,67.6329149],[53.0114669,67.6328337],[53.0113226,67.6328236],[53.0113002,67.6328615],[53.0108876,67.6328344],[53.0108998,67.6327957],[53.0108063,67.6327903],[53.0107006,67.633017]]]}},{"type":"Feature","id":"osm-context-800469911","properties":{"osmId":800469911,"kind":"area","landuse":"grass","natural":null,"water":null,"waterway":null,"leisure":null,"amenity":null,"railway":null,"name":null,"source":"OpenStreetMap"},"geometry":{"type":"Polygon","coordinates":[[[53.0114752,67.6328211],[53.0113336,67.6328097],[53.0113495,67.6327841],[53.0109673,67.6327585],[53.0109868,67.6327181],[53.0114221,67.632747],[53.0114504,67.6327571],[53.0114805,67.6327706],[53.0114876,67.6327841],[53.0114752,67.6328211]]]}},{"type":"Feature","id":"osm-context-800469912","properties":{"osmId":800469912,"kind":"area","landuse":"grass","natural":null,"water":null,"waterway":null,"leisure":null,"amenity":null,"railway":null,"name":null,"source":"OpenStreetMap"},"geometry":{"type":"Polygon","coordinates":[[[53.0109036,67.632774],[53.0109282,67.6327173],[53.0108418,67.6327118],[53.0108171,67.6327685],[53.0109036,67.632774]]]}},{"type":"Feature","id":"osm-context-800469913","properties":{"osmId":800469913,"kind":"area","landuse":"grass","natural":null,"water":null,"waterway":null,"leisure":null,"amenity":null,"railway":null,"name":null,"source":"OpenStreetMap"},"geometry":{"type":"Polygon","coordinates":[[[53.0107493,67.6327507],[53.0107571,67.6327321],[53.0106608,67.6327263],[53.0106711,67.6327016],[53.0107981,67.6327093],[53.01078,67.6327526],[53.0107493,67.6327507]]]}},{"type":"Feature","id":"osm-context-800469914","properties":{"osmId":800469914,"kind":"area","landuse":"grass","natural":null,"water":null,"waterway":null,"leisure":null,"amenity":null,"railway":null,"name":null,"source":"OpenStreetMap"},"geometry":{"type":"Polygon","coordinates":[[[53.0107536,67.6327882],[53.0106623,67.6330134],[53.0104824,67.6330028],[53.0104924,67.6329779],[53.010639,67.6329866],[53.0107203,67.6327862],[53.0107536,67.6327882]]]}},{"type":"Feature","id":"osm-context-800469915","properties":{"osmId":800469915,"kind":"area","landuse":"grass","natural":null,"water":null,"waterway":null,"leisure":null,"amenity":null,"railway":null,"name":null,"source":"OpenStreetMap"},"geometry":{"type":"Polygon","coordinates":[[[53.0104358,67.6330008],[53.0103904,67.6329982],[53.0103462,67.6329868],[53.010332,67.632978],[53.0103267,67.6329592],[53.0103398,67.6329263],[53.0104186,67.6329308],[53.0104043,67.6329667],[53.0104484,67.6329692],[53.0104358,67.6330008]]]}},{"type":"Feature","id":"osm-context-800469916","properties":{"osmId":800469916,"kind":"area","landuse":"grass","natural":null,"water":null,"waterway":null,"leisure":null,"amenity":null,"railway":null,"name":null,"source":"OpenStreetMap"},"geometry":{"type":"Polygon","coordinates":[[[53.0104343,67.6329095],[53.010495,67.6327739],[53.0104054,67.6327681],[53.0103446,67.6329037],[53.0104343,67.6329095]]]}},{"type":"Feature","id":"osm-context-800469917","properties":{"osmId":800469917,"kind":"area","landuse":"grass","natural":null,"water":null,"waterway":null,"leisure":null,"amenity":null,"railway":null,"name":null,"source":"OpenStreetMap"},"geometry":{"type":"Polygon","coordinates":[[[53.010424,67.6327437],[53.0105001,67.6327484],[53.010509,67.6327268],[53.0105196,67.6327161],[53.0106045,67.6327215],[53.0106116,67.6326965],[53.0105267,67.6326911],[53.0104789,67.6326965],[53.01044,67.632706],[53.010424,67.6327437]]]}},{"type":"Feature","id":"osm-context-800469922","properties":{"osmId":800469922,"kind":"area","landuse":"grass","natural":null,"water":null,"waterway":null,"leisure":null,"amenity":null,"railway":null,"name":null,"source":"OpenStreetMap"},"geometry":{"type":"Polygon","coordinates":[[[53.0127836,67.6388285],[53.0129628,67.6388216],[53.0130367,67.6387958],[53.0130557,67.6387772],[53.013612,67.6382114],[53.0129265,67.6382214],[53.0125869,67.6382511],[53.0127836,67.6388285]]]}},{"type":"Feature","id":"osm-context-800469923","properties":{"osmId":800469923,"kind":"area","landuse":null,"natural":null,"water":null,"waterway":null,"leisure":"playground","amenity":null,"railway":null,"name":null,"source":"OpenStreetMap"},"geometry":{"type":"Polygon","coordinates":[[[53.0130121,67.6384371],[53.0132586,67.6384735],[53.0134496,67.638259],[53.0129628,67.638273],[53.0130121,67.6384371]]]}},{"type":"Feature","id":"osm-context-800469924","properties":{"osmId":800469924,"kind":"area","landuse":"grass","natural":null,"water":null,"waterway":null,"leisure":null,"amenity":null,"railway":null,"name":null,"source":"OpenStreetMap"},"geometry":{"type":"Polygon","coordinates":[[[53.0117166,67.6396149],[53.011737,67.6396204],[53.012053,67.6396698],[53.0120668,67.6396588],[53.0121561,67.6395816],[53.0120063,67.6394598],[53.0119339,67.6394006],[53.0118852,67.6394028],[53.0118829,67.6394574],[53.0114405,67.6394547],[53.0114428,67.6394001],[53.0114215,67.639374],[53.0110943,67.6393893],[53.010987,67.6394077],[53.0109441,67.6394434],[53.0110299,67.6394557],[53.0109951,67.6394842],[53.0110299,67.6394883],[53.0110916,67.639471],[53.0111802,67.6394618],[53.0112338,67.63947],[53.0117622,67.6395577],[53.0117166,67.6396149]]]}},{"type":"Feature","id":"osm-context-800469925","properties":{"osmId":800469925,"kind":"area","landuse":"grass","natural":null,"water":null,"waterway":null,"leisure":null,"amenity":null,"railway":null,"name":null,"source":"OpenStreetMap"},"geometry":{"type":"Polygon","coordinates":[[[53.0114428,67.6394001],[53.0118852,67.6394028],[53.0119339,67.6394006],[53.0118668,67.6393557],[53.0114215,67.639374],[53.0114428,67.6394001]]]}},{"type":"Feature","id":"osm-context-800469939","properties":{"osmId":800469939,"kind":"area","landuse":null,"natural":null,"water":null,"waterway":null,"leisure":null,"amenity":"kindergarten","railway":null,"name":"Детский сад «Семицветик»","source":"OpenStreetMap"},"geometry":{"type":"Polygon","coordinates":[[[53.00549,67.6430552],[53.0044856,67.6428736],[53.0042945,67.6430517],[53.0040295,67.6430119],[53.0035889,67.6434103],[53.0036844,67.6434924],[53.0036351,67.6435404],[53.0036968,67.6436154],[53.003478,67.6438287],[53.0033215,67.6438107],[53.0030311,67.6437646],[53.0030093,67.6437956],[53.0026229,67.6441686],[53.0040326,67.6443831],[53.0045564,67.6439058],[53.0051633,67.6433528],[53.00549,67.6430552]]]}},{"type":"Feature","id":"osm-context-800602713","properties":{"osmId":800602713,"kind":"area","landuse":null,"natural":null,"water":null,"waterway":null,"leisure":null,"amenity":"school","railway":null,"name":null,"source":"OpenStreetMap"},"geometry":{"type":"Polygon","coordinates":[[[52.9945669,67.6409191],[52.9949778,67.640556],[52.9954552,67.6401342],[52.9904482,67.6393246],[52.9895837,67.6396684],[52.9901358,67.6403052],[52.9920414,67.6405692],[52.9945669,67.6409191]]]}},{"type":"Feature","id":"osm-context-801463019","properties":{"osmId":801463019,"kind":"area","landuse":null,"natural":null,"water":null,"waterway":null,"leisure":null,"amenity":"kindergarten","railway":null,"name":null,"source":"OpenStreetMap"},"geometry":{"type":"Polygon","coordinates":[[[53.0497813,67.6420862],[53.0515915,67.6417056],[53.0513049,67.6414841],[53.0504607,67.6409203],[53.0502081,67.6409086],[53.0498507,67.6409954],[53.0486799,67.6414747],[53.0486922,67.6415134],[53.0491451,67.6418345],[53.0494317,67.6420502],[53.049672,67.642008],[53.0497813,67.6420862]]]}},{"type":"Feature","id":"osm-context-804597693","properties":{"osmId":804597693,"kind":"area","landuse":null,"natural":null,"water":null,"waterway":null,"leisure":"playground","amenity":null,"railway":null,"name":null,"source":"OpenStreetMap"},"geometry":{"type":"Polygon","coordinates":[[[53.0378173,67.6531117],[53.0380104,67.6530483],[53.0382239,67.6531318],[53.0380673,67.6531867],[53.0378173,67.6531117]]]}},{"type":"Feature","id":"osm-context-814047442","properties":{"osmId":814047442,"kind":"area","landuse":null,"natural":null,"water":null,"waterway":null,"leisure":null,"amenity":"parking","railway":null,"name":null,"source":"OpenStreetMap"},"geometry":{"type":"Polygon","coordinates":[[[52.9920714,67.6354067],[52.9921786,67.6353874],[52.9918991,67.6351626],[52.9917919,67.6351819],[52.9920714,67.6354067]]]}},{"type":"Feature","id":"osm-context-814047446","properties":{"osmId":814047446,"kind":"area","landuse":"grass","natural":null,"water":null,"waterway":null,"leisure":null,"amenity":null,"railway":null,"name":null,"source":"OpenStreetMap"},"geometry":{"type":"Polygon","coordinates":[[[52.9897452,67.6336347],[52.9892143,67.633533],[52.9895947,67.6334758],[52.9897452,67.6336347]]]}},{"type":"Feature","id":"osm-context-818654569","properties":{"osmId":818654569,"kind":"area","landuse":null,"natural":null,"water":null,"waterway":null,"leisure":null,"amenity":"parking","railway":null,"name":null,"source":"OpenStreetMap"},"geometry":{"type":"Polygon","coordinates":[[[53.0059979,67.6358622],[53.0062514,67.6359015],[53.0063881,67.6357741],[53.0061347,67.6357347],[53.0059979,67.6358622]]]}},{"type":"Feature","id":"osm-context-819425100","properties":{"osmId":819425100,"kind":"area","landuse":"grass","natural":null,"water":null,"waterway":null,"leisure":null,"amenity":null,"railway":null,"name":null,"source":"OpenStreetMap"},"geometry":{"type":"Polygon","coordinates":[[[53.0006459,67.6368308],[53.0011419,67.6369089],[53.0010972,67.6369306],[53.0010321,67.636936],[53.0006038,67.636865],[53.0006459,67.6368308]]]}},{"type":"Feature","id":"osm-context-819425102","properties":{"osmId":819425102,"kind":"area","landuse":"grass","natural":null,"water":null,"waterway":null,"leisure":null,"amenity":null,"railway":null,"name":null,"source":"OpenStreetMap"},"geometry":{"type":"Polygon","coordinates":[[[53.0025117,67.6373204],[53.0031753,67.6374254],[53.0031894,67.6374113],[53.0031859,67.6373945],[53.003147,67.6373749],[53.0025807,67.6372847],[53.0025382,67.6372881],[53.0025028,67.6373049],[53.0025117,67.6373204]]]}},{"type":"Feature","id":"osm-context-819425103","properties":{"osmId":819425103,"kind":"area","landuse":"grass","natural":null,"water":null,"waterway":null,"leisure":null,"amenity":null,"railway":null,"name":null,"source":"OpenStreetMap"},"geometry":{"type":"Polygon","coordinates":[[[53.0095333,67.6367814],[53.0096724,67.6366746],[53.0096583,67.6366437],[53.0090354,67.6365467],[53.008954,67.6366154],[53.0089495,67.6366271],[53.0092161,67.6366713],[53.009156,67.6367177],[53.0095333,67.6367814]]]}},{"type":"Feature","id":"osm-context-819425108","properties":{"osmId":819425108,"kind":"area","landuse":"grass","natural":null,"water":null,"waterway":null,"leisure":null,"amenity":null,"railway":null,"name":null,"source":"OpenStreetMap"},"geometry":{"type":"Polygon","coordinates":[[[52.9999939,67.6368538],[52.9981052,67.6365525],[52.9978896,67.636549],[52.9999662,67.6368796],[52.9999939,67.6368538]]]}},{"type":"Feature","id":"osm-context-819425109","properties":{"osmId":819425109,"kind":"area","landuse":null,"natural":null,"water":null,"waterway":null,"leisure":null,"amenity":"parking","railway":null,"name":null,"source":"OpenStreetMap"},"geometry":{"type":"Polygon","coordinates":[[[53.0003607,67.637114],[52.9998399,67.6375768],[52.9996997,67.6375534],[53.000217,67.6370868],[53.0002345,67.6370741],[53.0002489,67.6370846],[53.0003607,67.637114]]]}},{"type":"Feature","id":"osm-context-819425111","properties":{"osmId":819425111,"kind":"area","landuse":null,"natural":null,"water":null,"waterway":null,"leisure":null,"amenity":"kindergarten","railway":null,"name":null,"source":"OpenStreetMap"},"geometry":{"type":"Polygon","coordinates":[[[53.0003768,67.6379952],[53.0004894,67.6378832],[53.0009964,67.6374564],[53.0021605,67.6376432],[53.0022544,67.6375993],[53.0028847,67.6377044],[53.0023295,67.6382218],[53.0020425,67.6381738],[53.0019325,67.6382667],[53.0003768,67.6379952]]]}},{"type":"Feature","id":"osm-context-819439587","properties":{"osmId":819439587,"kind":"area","landuse":null,"natural":null,"water":null,"waterway":null,"leisure":"playground","amenity":null,"railway":null,"name":null,"source":"OpenStreetMap"},"geometry":{"type":"Polygon","coordinates":[[[53.0730332,67.6536602],[53.0736373,67.6535356],[53.073927,67.6537385],[53.0733229,67.6538632],[53.0730332,67.6536602]]]}},{"type":"Feature","id":"osm-context-819553527","properties":{"osmId":819553527,"kind":"area","landuse":null,"natural":null,"water":null,"waterway":null,"leisure":null,"amenity":"parking","railway":null,"name":null,"source":"OpenStreetMap"},"geometry":{"type":"Polygon","coordinates":[[[53.0166947,67.6370734],[53.0166948,67.6371397],[53.0166928,67.6371883],[53.0166916,67.6372958],[53.016367,67.6373395],[53.0163348,67.6373432],[53.016301,67.637347],[53.0160685,67.6373774],[53.0160443,67.637378],[53.0160282,67.6373795],[53.0159347,67.6373927],[53.0160116,67.6370695],[53.0166947,67.6370734]]]}},{"type":"Feature","id":"osm-context-819791971","properties":{"osmId":819791971,"kind":"area","landuse":null,"natural":null,"water":null,"waterway":null,"leisure":"playground","amenity":null,"railway":null,"name":null,"source":"OpenStreetMap"},"geometry":{"type":"Polygon","coordinates":[[[53.1040372,67.6637525],[53.1045474,67.6638422],[53.1043735,67.6639851],[53.1038633,67.6638954],[53.1040372,67.6637525]]]}},{"type":"Feature","id":"osm-context-819812330","properties":{"osmId":819812330,"kind":"area","landuse":null,"natural":null,"water":null,"waterway":null,"leisure":null,"amenity":"parking","railway":null,"name":null,"source":"OpenStreetMap"},"geometry":{"type":"Polygon","coordinates":[[[53.1122202,67.6628898],[53.1113748,67.6627001],[53.1115673,67.6625762],[53.1124128,67.6627659],[53.1122202,67.6628898]]]}},{"type":"Feature","id":"osm-context-819812344","properties":{"osmId":819812344,"kind":"area","landuse":"recreation_ground","natural":null,"water":null,"waterway":null,"leisure":null,"amenity":null,"railway":null,"name":null,"source":"OpenStreetMap"},"geometry":{"type":"Polygon","coordinates":[[[53.1175771,67.6639742],[53.117926,67.6639133],[53.1179884,67.6639649],[53.1176395,67.6640258],[53.1175771,67.6639742]]]}},{"type":"Feature","id":"osm-context-819812363","properties":{"osmId":819812363,"kind":"area","landuse":"industrial","natural":null,"water":null,"waterway":null,"leisure":null,"amenity":null,"railway":null,"name":"Асфальтобетонный завод","source":"OpenStreetMap"},"geometry":{"type":"Polygon","coordinates":[[[53.1273435,67.6591007],[53.1274957,67.6590442],[53.1302563,67.6579922],[53.1284053,67.6573585],[53.1271878,67.6578374],[53.1277753,67.6580365],[53.1274391,67.6582209],[53.1259491,67.6587832],[53.1242892,67.6582303],[53.1233858,67.6585821],[53.1262482,67.6595762],[53.1273435,67.6591007]]]}},{"type":"Feature","id":"osm-context-819812387","properties":{"osmId":819812387,"kind":"area","landuse":"retail","natural":null,"water":null,"waterway":null,"leisure":null,"amenity":null,"railway":null,"name":null,"source":"OpenStreetMap"},"geometry":{"type":"Polygon","coordinates":[[[52.9835689,67.6367274],[52.9840497,67.6366517],[52.9841874,67.6366301],[52.9843801,67.6366006],[52.9844692,67.636676],[52.9841281,67.63673],[52.9843084,67.6368792],[52.9844255,67.6368978],[52.9843838,67.6369009],[52.9842952,67.6369184],[52.9842111,67.6368894],[52.9840993,67.636903],[52.9838117,67.6369458],[52.9835689,67.6367274]]]}},{"type":"Feature","id":"osm-context-820172127","properties":{"osmId":820172127,"kind":"area","landuse":null,"natural":null,"water":null,"waterway":null,"leisure":null,"amenity":"parking","railway":null,"name":null,"source":"OpenStreetMap"},"geometry":{"type":"Polygon","coordinates":[[[53.0180695,67.6307126],[53.0179857,67.6306811],[53.0170424,67.6310443],[53.0171264,67.6310759],[53.0180695,67.6307126]]]}},{"type":"Feature","id":"osm-context-820172128","properties":{"osmId":820172128,"kind":"area","landuse":null,"natural":null,"water":null,"waterway":null,"leisure":null,"amenity":"parking","railway":null,"name":null,"source":"OpenStreetMap"},"geometry":{"type":"Polygon","coordinates":[[[53.0168635,67.6311826],[53.0170065,67.631126],[53.0169173,67.6310934],[53.0167744,67.63115],[53.0168635,67.6311826]]]}},{"type":"Feature","id":"osm-context-820192749","properties":{"osmId":820192749,"kind":"area","landuse":null,"natural":null,"water":null,"waterway":null,"leisure":"playground","amenity":null,"railway":null,"name":null,"source":"OpenStreetMap"},"geometry":{"type":"Polygon","coordinates":[[[53.047596,67.6446031],[53.0479543,67.6445607],[53.047864,67.6444503],[53.0475057,67.6444927],[53.047596,67.6446031]]]}},{"type":"Feature","id":"osm-context-820192750","properties":{"osmId":820192750,"kind":"area","landuse":null,"natural":null,"water":null,"waterway":null,"leisure":null,"amenity":"parking","railway":null,"name":null,"source":"OpenStreetMap"},"geometry":{"type":"Polygon","coordinates":[[[53.0481603,67.6445565],[53.0484991,67.6445185],[53.0485391,67.6445671],[53.0481679,67.6446046],[53.0481603,67.6445565]]]}},{"type":"Feature","id":"osm-context-820192751","properties":{"osmId":820192751,"kind":"area","landuse":null,"natural":null,"water":null,"waterway":null,"leisure":null,"amenity":"parking","railway":null,"name":null,"source":"OpenStreetMap"},"geometry":{"type":"Polygon","coordinates":[[[53.0486073,67.6445434],[53.0484684,67.644345],[53.0485515,67.6443366],[53.0486903,67.644535],[53.0486073,67.6445434]]]}},{"type":"Feature","id":"osm-context-820192752","properties":{"osmId":820192752,"kind":"area","landuse":null,"natural":null,"water":null,"waterway":null,"leisure":null,"amenity":"parking","railway":null,"name":null,"source":"OpenStreetMap"},"geometry":{"type":"Polygon","coordinates":[[[53.0475635,67.6446569],[53.0474359,67.6445028],[53.0473373,67.6445146],[53.047465,67.6446687],[53.0475635,67.6446569]]]}},{"type":"Feature","id":"osm-context-820192754","properties":{"osmId":820192754,"kind":"area","landuse":null,"natural":null,"water":null,"waterway":null,"leisure":null,"amenity":"parking","railway":null,"name":null,"source":"OpenStreetMap"},"geometry":{"type":"Polygon","coordinates":[[[53.0479215,67.6444092],[53.0478793,67.6443677],[53.0483224,67.6443024],[53.0483647,67.644344],[53.0479215,67.6444092]]]}},{"type":"Feature","id":"osm-context-820192764","properties":{"osmId":820192764,"kind":"area","landuse":null,"natural":null,"water":null,"waterway":null,"leisure":null,"amenity":"parking","railway":null,"name":null,"source":"OpenStreetMap"},"geometry":{"type":"Polygon","coordinates":[[[53.0555832,67.6395985],[53.0553921,67.6393918],[53.0555505,67.6393706],[53.0557416,67.6395773],[53.0555832,67.6395985]]]}},{"type":"Feature","id":"osm-context-820192765","properties":{"osmId":820192765,"kind":"area","landuse":null,"natural":null,"water":null,"waterway":null,"leisure":null,"amenity":"parking","railway":null,"name":null,"source":"OpenStreetMap"},"geometry":{"type":"Polygon","coordinates":[[[53.0565708,67.6392861],[53.0559663,67.6393732],[53.0559158,67.6393225],[53.0565203,67.6392353],[53.0565708,67.6392861]]]}},{"type":"Feature","id":"osm-context-820193860","properties":{"osmId":820193860,"kind":"area","landuse":null,"natural":null,"water":null,"waterway":null,"leisure":null,"amenity":"parking","railway":null,"name":null,"source":"OpenStreetMap"},"geometry":{"type":"Polygon","coordinates":[[[53.0183619,67.6312564],[53.0192296,67.631578],[53.019309,67.631547],[53.0184412,67.6312254],[53.0183619,67.6312564]]]}},{"type":"Feature","id":"osm-context-820842778","properties":{"osmId":820842778,"kind":"area","landuse":"grass","natural":null,"water":null,"waterway":null,"leisure":null,"amenity":null,"railway":null,"name":null,"source":"OpenStreetMap"},"geometry":{"type":"Polygon","coordinates":[[[52.991033,67.6371328],[52.9907322,67.6368783],[52.9906732,67.6368845],[52.9904374,67.6369966],[52.9904516,67.6370098],[52.9907566,67.6369588],[52.9909497,67.6371258],[52.991033,67.6371328]]]}},{"type":"Feature","id":"osm-context-820842785","properties":{"osmId":820842785,"kind":"area","landuse":"grass","natural":null,"water":null,"waterway":null,"leisure":null,"amenity":null,"railway":null,"name":null,"source":"OpenStreetMap"},"geometry":{"type":"Polygon","coordinates":[[[52.9982705,67.6401771],[52.9972224,67.6400061],[52.9971672,67.6400095],[52.9971108,67.6400303],[52.9982324,67.6402117],[52.9982705,67.6401771]]]}},{"type":"Feature","id":"osm-context-820842786","properties":{"osmId":820842786,"kind":"area","landuse":"grass","natural":null,"water":null,"waterway":null,"leisure":null,"amenity":null,"railway":null,"name":null,"source":"OpenStreetMap"},"geometry":{"type":"Polygon","coordinates":[[[52.9982801,67.6402202],[52.9984989,67.6402577],[52.9985066,67.6402395],[52.9984912,67.640226],[52.9984753,67.6402133],[52.9983169,67.6401858],[52.9982801,67.6402202]]]}},{"type":"Feature","id":"osm-context-820842787","properties":{"osmId":820842787,"kind":"area","landuse":"grass","natural":null,"water":null,"waterway":null,"leisure":null,"amenity":null,"railway":null,"name":null,"source":"OpenStreetMap"},"geometry":{"type":"Polygon","coordinates":[[[52.9982605,67.640237],[52.9980439,67.6404293],[52.9981847,67.6404536],[52.9982152,67.6404543],[52.9982619,67.6404481],[52.9982904,67.6404342],[52.9984782,67.6402752],[52.9982605,67.640237]]]}},{"type":"Feature","id":"osm-context-820842788","properties":{"osmId":820842788,"kind":"area","landuse":"grass","natural":null,"water":null,"waterway":null,"leisure":null,"amenity":null,"railway":null,"name":null,"source":"OpenStreetMap"},"geometry":{"type":"Polygon","coordinates":[[[52.9981898,67.6405256],[52.9977792,67.6408651],[52.9977406,67.6408589],[52.9981187,67.6405542],[52.9980801,67.6405457],[52.9980577,67.6405357],[52.9980597,67.6405233],[52.9980699,67.6405125],[52.9980923,67.6405047],[52.9981126,67.6404993],[52.9981471,67.6404993],[52.9981797,67.6405017],[52.9981939,67.6405109],[52.9981898,67.6405256]]]}},{"type":"Feature","id":"osm-context-820842789","properties":{"osmId":820842789,"kind":"area","landuse":"grass","natural":null,"water":null,"waterway":null,"leisure":null,"amenity":null,"railway":null,"name":null,"source":"OpenStreetMap"},"geometry":{"type":"Polygon","coordinates":[[[52.9980954,67.6407985],[52.9974101,67.6413658],[52.9973739,67.6413597],[52.9980217,67.6408108],[52.9980954,67.6407985]]]}},{"type":"Feature","id":"osm-context-820842795","properties":{"osmId":820842795,"kind":"area","landuse":null,"natural":null,"water":null,"waterway":null,"leisure":null,"amenity":"parking","railway":null,"name":null,"source":"OpenStreetMap"},"geometry":{"type":"Polygon","coordinates":[[[52.999733,67.6405486],[53.0000697,67.640609],[53.0000183,67.6406498],[53.0001938,67.6406849],[53.0003225,67.6405846],[53.0003312,67.6405779],[53.0003826,67.6405628],[52.9998269,67.6404562],[52.9998199,67.6404748],[52.999733,67.6405486]]]}},{"type":"Feature","id":"osm-context-820842796","properties":{"osmId":820842796,"kind":"area","landuse":null,"natural":null,"water":null,"waterway":null,"leisure":null,"amenity":"parking","railway":null,"name":null,"source":"OpenStreetMap"},"geometry":{"type":"Polygon","coordinates":[[[52.9985164,67.6407478],[52.9988808,67.640813],[52.9988221,67.6408605],[52.9984577,67.6407953],[52.9985164,67.6407478]]]}},{"type":"Feature","id":"osm-context-820842798","properties":{"osmId":820842798,"kind":"area","landuse":"grass","natural":null,"water":null,"waterway":null,"leisure":null,"amenity":null,"railway":null,"name":null,"source":"OpenStreetMap"},"geometry":{"type":"Polygon","coordinates":[[[52.99819,67.6407279],[52.9986939,67.6403098],[52.9986474,67.6403017],[52.9981688,67.6406949],[52.99819,67.6407279]]]}},{"type":"Feature","id":"osm-context-820842804","properties":{"osmId":820842804,"kind":"area","landuse":"grass","natural":null,"water":null,"waterway":null,"leisure":null,"amenity":null,"railway":null,"name":null,"source":"OpenStreetMap"},"geometry":{"type":"Polygon","coordinates":[[[53.0000783,67.6402649],[52.9984689,67.6400067],[52.9983776,67.6400857],[52.9983917,67.6401126],[52.9984271,67.6401315],[52.9985475,67.640151],[52.9985917,67.640149],[52.9986377,67.6401416],[52.9986678,67.640122],[52.9986855,67.6401079],[52.9999366,67.6403126],[52.999972,67.6403126],[53.0000074,67.6403004],[53.0000783,67.6402649]]]}},{"type":"Feature","id":"osm-context-820842805","properties":{"osmId":820842805,"kind":"area","landuse":"grass","natural":null,"water":null,"waterway":null,"leisure":null,"amenity":null,"railway":null,"name":null,"source":"OpenStreetMap"},"geometry":{"type":"Polygon","coordinates":[[[52.9967766,67.6399735],[52.9969672,67.6400041],[52.9969796,67.6399907],[52.9969726,67.6399711],[52.9969495,67.6399577],[52.9968758,67.6399459],[52.9967766,67.6399735]]]}},{"type":"Feature","id":"osm-context-820842806","properties":{"osmId":820842806,"kind":"area","landuse":"grass","natural":null,"water":null,"waterway":null,"leisure":null,"amenity":null,"railway":null,"name":null,"source":"OpenStreetMap"},"geometry":{"type":"Polygon","coordinates":[[[52.9962911,67.6398979],[52.9962831,67.639851],[52.9961727,67.6398331],[52.9961355,67.6398331],[52.9961072,67.6398392],[52.9960913,67.6398479],[52.9960701,67.6398627],[52.9962911,67.6398979]]]}},{"type":"Feature","id":"osm-context-820842807","properties":{"osmId":820842807,"kind":"area","landuse":"grass","natural":null,"water":null,"waterway":null,"leisure":null,"amenity":null,"railway":null,"name":null,"source":"OpenStreetMap"},"geometry":{"type":"Polygon","coordinates":[[[52.9958666,67.6400662],[52.9960728,67.639884],[52.9960428,67.6398791],[52.9958365,67.6400612],[52.9958666,67.6400662]]]}},{"type":"Feature","id":"osm-context-820842808","properties":{"osmId":820842808,"kind":"area","landuse":"grass","natural":null,"water":null,"waterway":null,"leisure":null,"amenity":null,"railway":null,"name":null,"source":"OpenStreetMap"},"geometry":{"type":"Polygon","coordinates":[[[52.9958298,67.6401023],[52.9956182,67.640292],[52.9955906,67.6402875],[52.9958022,67.6400978],[52.9958298,67.6401023]]]}},{"type":"Feature","id":"osm-context-820842809","properties":{"osmId":820842809,"kind":"area","landuse":"grass","natural":null,"water":null,"waterway":null,"leisure":null,"amenity":null,"railway":null,"name":null,"source":"OpenStreetMap"},"geometry":{"type":"Polygon","coordinates":[[[52.9956009,67.6403062],[52.9954524,67.6404378],[52.9954253,67.6404334],[52.9955737,67.6403017],[52.9956009,67.6403062]]]}},{"type":"Feature","id":"osm-context-820842810","properties":{"osmId":820842810,"kind":"area","landuse":"grass","natural":null,"water":null,"waterway":null,"leisure":null,"amenity":null,"railway":null,"name":null,"source":"OpenStreetMap"},"geometry":{"type":"Polygon","coordinates":[[[52.9954364,67.6404518],[52.9953514,67.6405277],[52.9953243,67.6405233],[52.9954094,67.6404474],[52.9954364,67.6404518]]]}},{"type":"Feature","id":"osm-context-820842811","properties":{"osmId":820842811,"kind":"area","landuse":"grass","natural":null,"water":null,"waterway":null,"leisure":null,"amenity":null,"railway":null,"name":null,"source":"OpenStreetMap"},"geometry":{"type":"Polygon","coordinates":[[[52.9953201,67.6405492],[52.995192,67.6406702],[52.9951785,67.64066],[52.9952992,67.640546],[52.9953201,67.6405492]]]}},{"type":"Feature","id":"osm-context-820842816","properties":{"osmId":820842816,"kind":"area","landuse":"grass","natural":null,"water":null,"waterway":null,"leisure":null,"amenity":null,"railway":null,"name":null,"source":"OpenStreetMap"},"geometry":{"type":"Polygon","coordinates":[[[52.9947707,67.6410626],[52.9950215,67.6411042],[52.9950657,67.6411071],[52.9950995,67.641102],[52.9951219,67.6410912],[52.9952257,67.641003],[52.9952341,67.6409857],[52.9952276,67.6409744],[52.9949349,67.6409273],[52.9947707,67.6410626]]]}},{"type":"Feature","id":"osm-context-820842818","properties":{"osmId":820842818,"kind":"area","landuse":"grass","natural":null,"water":null,"waterway":null,"leisure":null,"amenity":null,"railway":null,"name":null,"source":"OpenStreetMap"},"geometry":{"type":"Polygon","coordinates":[[[52.9949558,67.6409117],[52.9951678,67.6407361],[52.9951973,67.6407406],[52.9949938,67.6409178],[52.9949558,67.6409117]]]}},{"type":"Feature","id":"osm-context-820842819","properties":{"osmId":820842819,"kind":"area","landuse":"grass","natural":null,"water":null,"waterway":null,"leisure":null,"amenity":null,"railway":null,"name":null,"source":"OpenStreetMap"},"geometry":{"type":"Polygon","coordinates":[[[52.9947463,67.6410491],[52.9949849,67.6408551],[52.994942,67.640852],[52.9947315,67.6410285],[52.994733,67.6410418],[52.9947463,67.6410491]]]}},{"type":"Feature","id":"osm-context-820842822","properties":{"osmId":820842822,"kind":"area","landuse":null,"natural":null,"water":null,"waterway":null,"leisure":null,"amenity":"parking","railway":null,"name":null,"source":"OpenStreetMap"},"geometry":{"type":"Polygon","coordinates":[[[52.9959229,67.6411514],[52.9965525,67.6412523],[52.9965266,67.6413184],[52.9958253,67.641204],[52.9959229,67.6411514]]]}},{"type":"Feature","id":"osm-context-820842826","properties":{"osmId":820842826,"kind":"area","landuse":"grass","natural":null,"water":null,"waterway":null,"leisure":null,"amenity":null,"railway":null,"name":null,"source":"OpenStreetMap"},"geometry":{"type":"Polygon","coordinates":[[[52.9972311,67.64133],[52.9974045,67.6411684],[52.9974151,67.6411489],[52.9974027,67.6411327],[52.9973514,67.6411152],[52.9972859,67.6411004],[52.9971819,67.6411905],[52.9972311,67.64133]]]}},{"type":"Feature","id":"osm-context-820842827","properties":{"osmId":820842827,"kind":"area","landuse":"grass","natural":null,"water":null,"waterway":null,"leisure":null,"amenity":null,"railway":null,"name":null,"source":"OpenStreetMap"},"geometry":{"type":"Polygon","coordinates":[[[52.9971865,67.641323],[52.9971533,67.6412152],[52.9970549,67.6413014],[52.9971865,67.641323]]]}},{"type":"Feature","id":"osm-context-820842828","properties":{"osmId":820842828,"kind":"area","landuse":"grass","natural":null,"water":null,"waterway":null,"leisure":null,"amenity":null,"railway":null,"name":null,"source":"OpenStreetMap"},"geometry":{"type":"Polygon","coordinates":[[[52.9969588,67.6413867],[52.9971656,67.6413425],[52.9970327,67.6413218],[52.9969588,67.6413867]]]}},{"type":"Feature","id":"osm-context-820842829","properties":{"osmId":820842829,"kind":"area","landuse":"grass","natural":null,"water":null,"waterway":null,"leisure":null,"amenity":null,"railway":null,"name":null,"source":"OpenStreetMap"},"geometry":{"type":"Polygon","coordinates":[[[52.9969385,67.6414131],[52.996996,67.6414204],[52.9970345,67.6414204],[52.9970882,67.6414138],[52.9971361,67.6413995],[52.9971653,67.6413844],[52.9972037,67.6413518],[52.9970131,67.6413958],[52.9969385,67.6414131]]]}},{"type":"Feature","id":"osm-context-820842830","properties":{"osmId":820842830,"kind":"area","landuse":"grass","natural":null,"water":null,"waterway":null,"leisure":null,"amenity":null,"railway":null,"name":null,"source":"OpenStreetMap"},"geometry":{"type":"Polygon","coordinates":[[[52.9967649,67.6413862],[52.9966663,67.6412581],[52.9965629,67.641241],[52.9965525,67.6412523],[52.9965266,67.6413184],[52.996529,67.6413334],[52.9965407,67.6413471],[52.996557,67.641352],[52.9967649,67.6413862]]]}},{"type":"Feature","id":"osm-context-820842831","properties":{"osmId":820842831,"kind":"area","landuse":"grass","natural":null,"water":null,"waterway":null,"leisure":null,"amenity":null,"railway":null,"name":null,"source":"OpenStreetMap"},"geometry":{"type":"Polygon","coordinates":[[[52.996619,67.6414381],[52.9960359,67.6413413],[52.9959923,67.6413793],[52.9965755,67.641476],[52.996619,67.6414381]]]}},{"type":"Feature","id":"osm-context-820842833","properties":{"osmId":820842833,"kind":"area","landuse":"grass","natural":null,"water":null,"waterway":null,"leisure":null,"amenity":null,"railway":null,"name":null,"source":"OpenStreetMap"},"geometry":{"type":"Polygon","coordinates":[[[52.9960001,67.6413352],[52.9959558,67.6413738],[52.9958624,67.6413591],[52.9958916,67.6413356],[52.9958983,67.6413334],[52.9959172,67.6413272],[52.9959394,67.6413258],[52.9960001,67.6413352]]]}},{"type":"Feature","id":"osm-context-820842835","properties":{"osmId":820842835,"kind":"area","landuse":"grass","natural":null,"water":null,"waterway":null,"leisure":null,"amenity":null,"railway":null,"name":null,"source":"OpenStreetMap"},"geometry":{"type":"Polygon","coordinates":[[[52.9966042,67.6415023],[52.9967661,67.6415279],[52.9968361,67.641539],[52.9963352,67.6418081],[52.9962557,67.6418582],[52.9960559,67.642025],[52.9959655,67.6420396],[52.9965333,67.6415623],[52.9966042,67.6415023]]]}},{"type":"Feature","id":"osm-context-820842839","properties":{"osmId":820842839,"kind":"area","landuse":"grass","natural":null,"water":null,"waterway":null,"leisure":null,"amenity":null,"railway":null,"name":null,"source":"OpenStreetMap"},"geometry":{"type":"Polygon","coordinates":[[[52.9954422,67.6411733],[52.9957099,67.6412159],[52.9957796,67.6412179],[52.9958253,67.641204],[52.9959229,67.6411514],[52.9959408,67.6411408],[52.9955516,67.6410782],[52.9954422,67.6411733]]]}},{"type":"Feature","id":"osm-context-820842840","properties":{"osmId":820842840,"kind":"area","landuse":"grass","natural":null,"water":null,"waterway":null,"leisure":null,"amenity":null,"railway":null,"name":null,"source":"OpenStreetMap"},"geometry":{"type":"Polygon","coordinates":[[[52.9953961,67.6411654],[52.9955062,67.6410702],[52.9953916,67.6410507],[52.9953008,67.6411302],[52.9953062,67.6411445],[52.9953263,67.6411526],[52.9953961,67.6411654]]]}},{"type":"Feature","id":"osm-context-820842841","properties":{"osmId":820842841,"kind":"area","landuse":"grass","natural":null,"water":null,"waterway":null,"leisure":null,"amenity":null,"railway":null,"name":null,"source":"OpenStreetMap"},"geometry":{"type":"Polygon","coordinates":[[[52.9955261,67.6410527],[52.9955838,67.6410037],[52.995565,67.6409904],[52.9955664,67.6409736],[52.9955785,67.6409593],[52.9956817,67.6408685],[52.9959151,67.6409067],[52.9959593,67.6408639],[52.9957327,67.6408251],[52.9956844,67.6408261],[52.9956415,67.6408379],[52.9954229,67.6410343],[52.9955261,67.6410527]]]}},{"type":"Feature","id":"osm-context-820842842","properties":{"osmId":820842842,"kind":"area","landuse":null,"natural":null,"water":null,"waterway":null,"leisure":null,"amenity":"parking","railway":null,"name":null,"source":"OpenStreetMap"},"geometry":{"type":"Polygon","coordinates":[[[52.9949938,67.6409178],[52.9951973,67.6407406],[52.9954636,67.6407848],[52.9952603,67.6409621],[52.9949938,67.6409178]]]}},{"type":"Feature","id":"osm-context-820842843","properties":{"osmId":820842843,"kind":"area","landuse":"grass","natural":null,"water":null,"waterway":null,"leisure":null,"amenity":null,"railway":null,"name":null,"source":"OpenStreetMap"},"geometry":{"type":"Polygon","coordinates":[[[52.9953068,67.6412705],[52.9953337,67.6412465],[52.9953256,67.6412338],[52.9952988,67.641221],[52.9952546,67.6412134],[52.9952092,67.6412546],[52.9953068,67.6412705]]]}},{"type":"Feature","id":"osm-context-820842844","properties":{"osmId":820842844,"kind":"area","landuse":"grass","natural":null,"water":null,"waterway":null,"leisure":null,"amenity":null,"railway":null,"name":null,"source":"OpenStreetMap"},"geometry":{"type":"Polygon","coordinates":[[[52.9951727,67.6412491],[52.9952189,67.6412077],[52.9947878,67.6411358],[52.9947371,67.6411312],[52.9946935,67.6411295],[52.9946725,67.641144],[52.9946444,67.6411646],[52.9951727,67.6412491]]]}},{"type":"Feature","id":"osm-context-820842845","properties":{"osmId":820842845,"kind":"area","landuse":null,"natural":null,"water":null,"waterway":null,"leisure":null,"amenity":"parking","railway":null,"name":null,"source":"OpenStreetMap"},"geometry":{"type":"Polygon","coordinates":[[[52.9953068,67.6412705],[52.9958624,67.6413591],[52.9958983,67.6413334],[52.9959172,67.6413272],[52.9953256,67.6412338],[52.9953337,67.6412465],[52.9953068,67.6412705]]]}},{"type":"Feature","id":"osm-context-820842846","properties":{"osmId":820842846,"kind":"area","landuse":"grass","natural":null,"water":null,"waterway":null,"leisure":null,"amenity":null,"railway":null,"name":null,"source":"OpenStreetMap"},"geometry":{"type":"Polygon","coordinates":[[[52.9966263,67.6414833],[52.9967879,67.6415089],[52.9968141,67.641485],[52.9966525,67.6414594],[52.9966263,67.6414833]]]}},{"type":"Feature","id":"osm-context-820842847","properties":{"osmId":820842847,"kind":"area","landuse":"grass","natural":null,"water":null,"waterway":null,"leisure":null,"amenity":null,"railway":null,"name":null,"source":"OpenStreetMap"},"geometry":{"type":"Polygon","coordinates":[[[52.9973943,67.6413811],[52.9972985,67.6414632],[52.9972933,67.6414419],[52.9973014,67.6414222],[52.9973554,67.6413747],[52.9973943,67.6413811]]]}},{"type":"Feature","id":"osm-context-820842850","properties":{"osmId":820842850,"kind":"area","landuse":"grass","natural":null,"water":null,"waterway":null,"leisure":null,"amenity":null,"railway":null,"name":null,"source":"OpenStreetMap"},"geometry":{"type":"Polygon","coordinates":[[[52.995004,67.6405984],[52.9950363,67.6406042],[52.9950456,67.6406124],[52.995004,67.6406576],[52.9946081,67.6410115],[52.9945773,67.6410227],[52.9945403,67.6410291],[52.9945249,67.6410297],[52.9945546,67.6410029],[52.995004,67.6405984]]]}},{"type":"Feature","id":"osm-context-820842855","properties":{"osmId":820842855,"kind":"area","landuse":"industrial","natural":null,"water":null,"waterway":null,"leisure":null,"amenity":null,"railway":null,"name":null,"source":"OpenStreetMap"},"geometry":{"type":"Polygon","coordinates":[[[52.9922772,67.6393931],[52.9924186,67.6392656],[52.992228,67.639235],[52.9920865,67.6393625],[52.9922772,67.6393931]]]}},{"type":"Feature","id":"osm-context-820842856","properties":{"osmId":820842856,"kind":"area","landuse":"recreation_ground","natural":null,"water":null,"waterway":null,"leisure":null,"amenity":null,"railway":null,"name":null,"source":"OpenStreetMap"},"geometry":{"type":"Polygon","coordinates":[[[52.9895119,67.6391667],[52.9901949,67.6392688],[52.9902132,67.6392858],[52.9900302,67.6393585],[52.9899449,67.6393592],[52.9898778,67.63935],[52.989831,67.6393213],[52.9897436,67.639251],[52.9895587,67.6392162],[52.9895119,67.6391945],[52.9894997,67.6391798],[52.9895119,67.6391667]]]}},{"type":"Feature","id":"osm-context-820842865","properties":{"osmId":820842865,"kind":"area","landuse":"grass","natural":null,"water":null,"waterway":null,"leisure":null,"amenity":null,"railway":null,"name":null,"source":"OpenStreetMap"},"geometry":{"type":"Polygon","coordinates":[[[52.9828669,67.6400171],[52.9831341,67.6399653],[52.9830509,67.6399027],[52.983012,67.6398919],[52.9829642,67.6398919],[52.982835,67.6399188],[52.9827996,67.6399397],[52.9827926,67.6399626],[52.9828669,67.6400171]]]}},{"type":"Feature","id":"osm-context-820842876","properties":{"osmId":820842876,"kind":"area","landuse":"grass","natural":null,"water":null,"waterway":null,"leisure":null,"amenity":null,"railway":null,"name":null,"source":"OpenStreetMap"},"geometry":{"type":"Polygon","coordinates":[[[52.9861316,67.636717],[52.9872891,67.636517],[52.9872709,67.6365017],[52.9861134,67.6367017],[52.9861316,67.636717]]]}},{"type":"Feature","id":"osm-context-820844321","properties":{"osmId":820844321,"kind":"area","landuse":"grass","natural":null,"water":null,"waterway":null,"leisure":null,"amenity":null,"railway":null,"name":null,"source":"OpenStreetMap"},"geometry":{"type":"Polygon","coordinates":[[[53.0042983,67.6374199],[53.0053459,67.6375788],[53.0053017,67.6376172],[53.0042886,67.6374644],[53.0042665,67.6374435],[53.0042983,67.6374199]]]}},{"type":"Feature","id":"osm-context-820844322","properties":{"osmId":820844322,"kind":"area","landuse":null,"natural":null,"water":null,"waterway":null,"leisure":null,"amenity":"parking","railway":null,"name":null,"source":"OpenStreetMap"},"geometry":{"type":"Polygon","coordinates":[[[53.0056964,67.6373954],[53.0061848,67.6369887],[53.0062751,67.6369914],[53.0057512,67.6374358],[53.0056964,67.6373954]]]}},{"type":"Feature","id":"osm-context-820931878","properties":{"osmId":820931878,"kind":"area","landuse":"grass","natural":null,"water":null,"waterway":null,"leisure":null,"amenity":null,"railway":null,"name":null,"source":"OpenStreetMap"},"geometry":{"type":"Polygon","coordinates":[[[52.9927233,67.6362375],[52.9925855,67.6363628],[52.9925528,67.6363806],[52.9924618,67.6363779],[52.9924011,67.6363592],[52.9923754,67.6363379],[52.9924057,67.6362979],[52.9925155,67.6362055],[52.9927233,67.6362375]]]}},{"type":"Feature","id":"osm-context-820931881","properties":{"osmId":820931881,"kind":"area","landuse":"grass","natural":null,"water":null,"waterway":null,"leisure":null,"amenity":null,"railway":null,"name":null,"source":"OpenStreetMap"},"geometry":{"type":"Polygon","coordinates":[[[52.9938095,67.636597],[52.9938596,67.6365558],[52.9937133,67.6365416],[52.9933983,67.6364931],[52.9933311,67.6364924],[52.9933081,67.6365059],[52.9932638,67.6365106],[52.9932603,67.6365173],[52.9933045,67.6365248],[52.9937646,67.6365968],[52.9938095,67.636597]]]}},{"type":"Feature","id":"osm-context-820931883","properties":{"osmId":820931883,"kind":"area","landuse":"grass","natural":null,"water":null,"waterway":null,"leisure":null,"amenity":null,"railway":null,"name":null,"source":"OpenStreetMap"},"geometry":{"type":"Polygon","coordinates":[[[52.9930056,67.6361795],[52.9930908,67.6360979],[52.9939488,67.6362263],[52.9939161,67.6362562],[52.9935588,67.6361999],[52.9934979,67.6362559],[52.9930056,67.6361795]]]}},{"type":"Feature","id":"osm-context-820931884","properties":{"osmId":820931884,"kind":"area","landuse":"grass","natural":null,"water":null,"waterway":null,"leisure":null,"amenity":null,"railway":null,"name":null,"source":"OpenStreetMap"},"geometry":{"type":"Polygon","coordinates":[[[52.9941491,67.6362263],[52.9942167,67.6361634],[52.9946812,67.6362391],[52.9947158,67.6362631],[52.9947198,67.6362863],[52.9945491,67.6364348],[52.9944596,67.6364224],[52.9945943,67.6362937],[52.9941491,67.6362263]]]}},{"type":"Feature","id":"osm-context-820931885","properties":{"osmId":820931885,"kind":"area","landuse":"grass","natural":null,"water":null,"waterway":null,"leisure":null,"amenity":null,"railway":null,"name":null,"source":"OpenStreetMap"},"geometry":{"type":"Polygon","coordinates":[[[52.9950292,67.6361554],[52.9948168,67.6363446],[52.9948363,67.6363662],[52.9948805,67.6363843],[52.9949637,67.6363971],[52.9950063,67.636353],[52.995181,67.6361965],[52.9952972,67.6362153],[52.9953159,67.6361992],[52.9950292,67.6361554]]]}},{"type":"Feature","id":"osm-context-820931886","properties":{"osmId":820931886,"kind":"area","landuse":"grass","natural":null,"water":null,"waterway":null,"leisure":null,"amenity":null,"railway":null,"name":null,"source":"OpenStreetMap"},"geometry":{"type":"Polygon","coordinates":[[[52.9950752,67.6361197],[52.995491,67.6361864],[52.9954946,67.6361716],[52.995484,67.6361568],[52.9954592,67.6361446],[52.9951141,67.6360888],[52.9950752,67.6361197]]]}},{"type":"Feature","id":"osm-context-820931887","properties":{"osmId":820931887,"kind":"area","landuse":"grass","natural":null,"water":null,"waterway":null,"leisure":null,"amenity":null,"railway":null,"name":null,"source":"OpenStreetMap"},"geometry":{"type":"Polygon","coordinates":[[[52.9958808,67.6362456],[52.9972752,67.6364644],[52.9973354,67.6364604],[52.9972452,67.6364274],[52.997093,67.636385],[52.9969585,67.6363594],[52.9965055,67.6362914],[52.9963108,67.6362799],[52.9959109,67.6362193],[52.9958808,67.6362456]]]}},{"type":"Feature","id":"osm-context-820931892","properties":{"osmId":820931892,"kind":"area","landuse":"grass","natural":null,"water":null,"waterway":null,"leisure":null,"amenity":null,"railway":null,"name":null,"source":"OpenStreetMap"},"geometry":{"type":"Polygon","coordinates":[[[53.0015452,67.6386996],[53.0023943,67.6386716],[53.0022783,67.6387718],[53.0019679,67.638728],[53.0019282,67.6387626],[53.0015452,67.6386996]]]}},{"type":"Feature","id":"osm-context-820931896","properties":{"osmId":820931896,"kind":"area","landuse":"grass","natural":null,"water":null,"waterway":null,"leisure":null,"amenity":null,"railway":null,"name":null,"source":"OpenStreetMap"},"geometry":{"type":"Polygon","coordinates":[[[53.0052271,67.6379162],[53.0046093,67.638395],[53.0045261,67.6383956],[53.0051547,67.6379033],[53.0052271,67.6379162]]]}},{"type":"Feature","id":"osm-context-820931897","properties":{"osmId":820931897,"kind":"area","landuse":"grass","natural":null,"water":null,"waterway":null,"leisure":null,"amenity":null,"railway":null,"name":null,"source":"OpenStreetMap"},"geometry":{"type":"Polygon","coordinates":[[[53.0051624,67.6381747],[53.0043505,67.6388047],[53.004292,67.6387942],[53.0050854,67.6381782],[53.0051624,67.6381747]]]}},{"type":"Feature","id":"osm-context-820931898","properties":{"osmId":820931898,"kind":"area","landuse":"grass","natural":null,"water":null,"waterway":null,"leisure":null,"amenity":null,"railway":null,"name":null,"source":"OpenStreetMap"},"geometry":{"type":"Polygon","coordinates":[[[53.0044738,67.6384349],[53.0040393,67.6387637],[53.0040917,67.6387731],[53.0044876,67.6384654],[53.0044738,67.6384349]]]}},{"type":"Feature","id":"osm-context-820931899","properties":{"osmId":820931899,"kind":"area","landuse":"grass","natural":null,"water":null,"waterway":null,"leisure":null,"amenity":null,"railway":null,"name":null,"source":"OpenStreetMap"},"geometry":{"type":"Polygon","coordinates":[[[53.0052428,67.6381131],[53.0054461,67.637956],[53.0053907,67.6379454],[53.005212,67.6380902],[53.0052428,67.6381131]]]}},{"type":"Feature","id":"osm-context-820931900","properties":{"osmId":820931900,"kind":"area","landuse":"grass","natural":null,"water":null,"waterway":null,"leisure":null,"amenity":null,"railway":null,"name":null,"source":"OpenStreetMap"},"geometry":{"type":"Polygon","coordinates":[[[53.0086649,67.6381671],[53.0088374,67.6381278],[53.0088652,67.6381478],[53.0089391,67.6381366],[53.0089499,67.6381607],[53.0087619,67.638197],[53.0086649,67.6381671]]]}},{"type":"Feature","id":"osm-context-820931906","properties":{"osmId":820931906,"kind":"area","landuse":"grass","natural":null,"water":null,"waterway":null,"leisure":null,"amenity":null,"railway":null,"name":null,"source":"OpenStreetMap"},"geometry":{"type":"Polygon","coordinates":[[[53.0119453,67.6389127],[53.0106213,67.6389696],[53.0105443,67.6389829],[53.0105396,67.6389989],[53.0118075,67.6389429],[53.0118963,67.6389332],[53.0119453,67.6389127]]]}},{"type":"Feature","id":"osm-context-821288425","properties":{"osmId":821288425,"kind":"area","landuse":null,"natural":null,"water":null,"waterway":null,"leisure":null,"amenity":"parking","railway":null,"name":null,"source":"OpenStreetMap"},"geometry":{"type":"Polygon","coordinates":[[[53.0108254,67.639669],[53.0110226,67.639498],[53.0109187,67.6394806],[53.0107215,67.6396516],[53.0108254,67.639669]]]}},{"type":"Feature","id":"osm-context-821288439","properties":{"osmId":821288439,"kind":"area","landuse":null,"natural":null,"water":null,"waterway":null,"leisure":null,"amenity":"parking","railway":null,"name":null,"source":"OpenStreetMap"},"geometry":{"type":"Polygon","coordinates":[[[53.0600595,67.6387484],[53.0605873,67.6386621],[53.0606378,67.6387068],[53.0601101,67.6387931],[53.0600595,67.6387484]]]}},{"type":"Feature","id":"osm-context-822518623","properties":{"osmId":822518623,"kind":"area","landuse":"grass","natural":null,"water":null,"waterway":null,"leisure":null,"amenity":null,"railway":null,"name":null,"source":"OpenStreetMap"},"geometry":{"type":"Polygon","coordinates":[[[52.9964504,67.6432002],[52.9971005,67.643308],[52.997055,67.6433471],[52.997032,67.6433559],[52.9969966,67.6433579],[52.9964498,67.6432697],[52.9964038,67.6432549],[52.996402,67.6432361],[52.9964504,67.6432002]]]}},{"type":"Feature","id":"osm-context-822518624","properties":{"osmId":822518624,"kind":"area","landuse":"grass","natural":null,"water":null,"waterway":null,"leisure":null,"amenity":null,"railway":null,"name":null,"source":"OpenStreetMap"},"geometry":{"type":"Polygon","coordinates":[[[52.9972468,67.6433303],[52.9982728,67.6434985],[52.9982343,67.6435324],[52.9981947,67.6435443],[52.9981363,67.6435423],[52.9972108,67.6433963],[52.9971895,67.6433821],[52.9971948,67.643372],[52.9972468,67.6433303]]]}},{"type":"Feature","id":"osm-context-822518625","properties":{"osmId":822518625,"kind":"area","landuse":null,"natural":null,"water":null,"waterway":null,"leisure":null,"amenity":"parking","railway":null,"name":null,"source":"OpenStreetMap"},"geometry":{"type":"Polygon","coordinates":[[[52.9970388,67.6435442],[52.9977644,67.6436594],[52.997626,67.6438031],[52.9971419,67.6437327],[52.99687,67.6436932],[52.9970388,67.6435442]]]}},{"type":"Feature","id":"osm-context-822518627","properties":{"osmId":822518627,"kind":"area","landuse":"grass","natural":null,"water":null,"waterway":null,"leisure":null,"amenity":null,"railway":null,"name":null,"source":"OpenStreetMap"},"geometry":{"type":"Polygon","coordinates":[[[52.9983538,67.6437323],[52.9980736,67.6439819],[52.9980736,67.6439961],[52.9981203,67.6440103],[52.9981506,67.6440157],[52.9984659,67.6437519],[52.9983538,67.6437323]]]}},{"type":"Feature","id":"osm-context-822518628","properties":{"osmId":822518628,"kind":"area","landuse":"grass","natural":null,"water":null,"waterway":null,"leisure":null,"amenity":null,"railway":null,"name":null,"source":"OpenStreetMap"},"geometry":{"type":"Polygon","coordinates":[[[52.9981273,67.6440494],[52.9977887,67.6443496],[52.9977584,67.6443425],[52.9977303,67.6443292],[52.997714,67.644307],[52.9979802,67.6440494],[52.9980199,67.6440379],[52.9980712,67.6440388],[52.9981273,67.6440494]]]}},{"type":"Feature","id":"osm-context-822518641","properties":{"osmId":822518641,"kind":"area","landuse":"grass","natural":null,"water":null,"waterway":null,"leisure":null,"amenity":null,"railway":null,"name":null,"source":"OpenStreetMap"},"geometry":{"type":"Polygon","coordinates":[[[52.9972981,67.6447517],[52.9972097,67.6447538],[52.9969,67.645027],[52.9969796,67.6450398],[52.9972981,67.6447517]]]}},{"type":"Feature","id":"osm-context-822518645","properties":{"osmId":822518645,"kind":"area","landuse":"construction","natural":null,"water":null,"waterway":null,"leisure":null,"amenity":null,"railway":null,"name":null,"source":"OpenStreetMap"},"geometry":{"type":"Polygon","coordinates":[[[52.9976528,67.6456472],[52.998079,67.6457142],[52.9983136,67.645751],[52.9980419,67.6460013],[52.9979957,67.6459941],[52.997381,67.6458975],[52.9976528,67.6456472]]]}},{"type":"Feature","id":"osm-context-822518649","properties":{"osmId":822518649,"kind":"area","landuse":"grass","natural":null,"water":null,"waterway":null,"leisure":null,"amenity":null,"railway":null,"name":null,"source":"OpenStreetMap"},"geometry":{"type":"Polygon","coordinates":[[[52.9999558,67.645715],[53.000431,67.6457856],[53.0003391,67.6457269],[52.9999955,67.6456773],[52.9999558,67.645715]]]}},{"type":"Feature","id":"osm-context-822518654","properties":{"osmId":822518654,"kind":"area","landuse":null,"natural":null,"water":null,"waterway":null,"leisure":null,"amenity":"parking","railway":null,"name":null,"source":"OpenStreetMap"},"geometry":{"type":"Polygon","coordinates":[[[53.000431,67.6457856],[53.0018402,67.6459979],[53.0019192,67.6459832],[53.0003391,67.6457269],[53.000431,67.6457856]]]}},{"type":"Feature","id":"osm-context-822518655","properties":{"osmId":822518655,"kind":"area","landuse":"grass","natural":null,"water":null,"waterway":null,"leisure":null,"amenity":null,"railway":null,"name":null,"source":"OpenStreetMap"},"geometry":{"type":"Polygon","coordinates":[[[53.0018402,67.6459979],[53.0021601,67.6460476],[53.0021851,67.646025],[53.0019192,67.6459832],[53.0018402,67.6459979]]]}},{"type":"Feature","id":"osm-context-834867655","properties":{"osmId":834867655,"kind":"area","landuse":"grass","natural":null,"water":null,"waterway":null,"leisure":null,"amenity":null,"railway":null,"name":null,"source":"OpenStreetMap"},"geometry":{"type":"Polygon","coordinates":[[[52.9893246,67.6416212],[52.9896519,67.6416939],[52.9899314,67.6417631],[52.9915658,67.6422162],[52.9916157,67.64223],[52.9923315,67.6424224],[52.992366,67.6424032],[52.9912297,67.6420963],[52.9903208,67.6418452],[52.9898171,67.6417046],[52.9895891,67.6416496],[52.989461,67.6416218],[52.9894073,67.6416162],[52.9893641,67.641615],[52.9893246,67.6416212]]]}},{"type":"Feature","id":"osm-context-838954566","properties":{"osmId":838954566,"kind":"area","landuse":"grass","natural":null,"water":null,"waterway":null,"leisure":null,"amenity":null,"railway":null,"name":null,"source":"OpenStreetMap"},"geometry":{"type":"Polygon","coordinates":[[[53.0086502,67.6453442],[53.0093443,67.6454537],[53.0093443,67.6454439],[53.0093144,67.645431],[53.0092677,67.6454197],[53.0086671,67.6453279],[53.0086502,67.6453442]]]}},{"type":"Feature","id":"osm-context-843873518","properties":{"osmId":843873518,"kind":"area","landuse":null,"natural":null,"water":null,"waterway":null,"leisure":null,"amenity":"parking","railway":null,"name":null,"source":"OpenStreetMap"},"geometry":{"type":"Polygon","coordinates":[[[53.0117524,67.6305144],[53.0115808,67.6305591],[53.0110252,67.6309339],[53.0116483,67.6310258],[53.0119077,67.6307682],[53.0120939,67.630737],[53.0122449,67.6307116],[53.0127846,67.63072],[53.0128521,67.6306233],[53.0128863,67.6305849],[53.0117524,67.6305144]]]}},{"type":"Feature","id":"osm-context-843873520","properties":{"osmId":843873520,"kind":"area","landuse":null,"natural":null,"water":null,"waterway":null,"leisure":null,"amenity":"school","railway":null,"name":null,"source":"OpenStreetMap"},"geometry":{"type":"Polygon","coordinates":[[[53.0165282,67.6314511],[53.0158475,67.6316929],[53.0157585,67.6319899],[53.0150122,67.6322531],[53.0154088,67.6324344],[53.0151654,67.632509],[53.0145112,67.632693],[53.0141879,67.6327034],[53.0140824,67.6326602],[53.0129526,67.6321967],[53.0129941,67.6321087],[53.0128225,67.6320826],[53.0126777,67.6321275],[53.0124416,67.6320847],[53.0123826,67.6320377],[53.0107197,67.6317744],[53.010763,67.6317187],[53.0109978,67.6314862],[53.0112875,67.6311718],[53.0114793,67.631203],[53.0119077,67.6307682],[53.0120939,67.630737],[53.0122449,67.6307116],[53.0127846,67.63072],[53.0128521,67.6306233],[53.014159,67.6307728],[53.0146425,67.6308825],[53.0165282,67.6314511]]]}},{"type":"Feature","id":"osm-context-848357127","properties":{"osmId":848357127,"kind":"area","landuse":"grass","natural":null,"water":null,"waterway":null,"leisure":null,"amenity":null,"railway":null,"name":null,"source":"OpenStreetMap"},"geometry":{"type":"Polygon","coordinates":[[[53.0017551,67.6441271],[53.0017728,67.644111],[53.0021957,67.6441787],[53.002177,67.6441856],[53.0021179,67.6441847],[53.0017551,67.6441271]]]}},{"type":"Feature","id":"osm-context-848357141","properties":{"osmId":848357141,"kind":"area","landuse":"industrial","natural":null,"water":null,"waterway":null,"leisure":null,"amenity":null,"railway":null,"name":null,"source":"OpenStreetMap"},"geometry":{"type":"Polygon","coordinates":[[[53.0150053,67.6401691],[53.0151038,67.6400818],[53.0152425,67.6401045],[53.015144,67.6401917],[53.0150053,67.6401691]]]}},{"type":"Feature","id":"osm-context-861011631","properties":{"osmId":861011631,"kind":"area","landuse":null,"natural":null,"water":null,"waterway":null,"leisure":null,"amenity":"parking","railway":null,"name":null,"source":"OpenStreetMap"},"geometry":{"type":"Polygon","coordinates":[[[53.0865192,67.6327589],[53.08707,67.63261],[53.0871769,67.6325812],[53.0880097,67.6330274],[53.0876664,67.6331202],[53.0873521,67.6332051],[53.0865192,67.6327589]]]}},{"type":"Feature","id":"osm-context-861011632","properties":{"osmId":861011632,"kind":"area","landuse":null,"natural":null,"water":null,"waterway":null,"leisure":null,"amenity":"parking","railway":null,"name":null,"source":"OpenStreetMap"},"geometry":{"type":"Polygon","coordinates":[[[53.0851462,67.6324266],[53.0851409,67.6323653],[53.0855298,67.6322367],[53.0867475,67.63235],[53.0870479,67.6324807],[53.0870131,67.6325419],[53.0864686,67.6326766],[53.0853957,67.6325705],[53.0851462,67.6324266]]]}},{"type":"Feature","id":"osm-context-862426611","properties":{"osmId":862426611,"kind":"area","landuse":null,"natural":null,"water":null,"waterway":null,"leisure":null,"amenity":"kindergarten","railway":null,"name":null,"source":"OpenStreetMap"},"geometry":{"type":"Polygon","coordinates":[[[53.0088783,67.6367805],[53.0087009,67.6369322],[53.0092391,67.6370231],[53.0083429,67.6377769],[53.0073833,67.6376227],[53.0075323,67.6374821],[53.007335,67.6374499],[53.0081557,67.6367731],[53.0078383,67.6367199],[53.0079961,67.636587],[53.0073816,67.6364833],[53.0075545,67.6363393],[53.0088634,67.6365409],[53.008965,67.6365565],[53.0089001,67.6366199],[53.0088783,67.6367805]]]}},{"type":"Feature","id":"osm-context-863512366","properties":{"osmId":863512366,"kind":"area","landuse":"industrial","natural":null,"water":null,"waterway":null,"leisure":null,"amenity":null,"railway":null,"name":null,"source":"OpenStreetMap"},"geometry":{"type":"Polygon","coordinates":[[[53.0697173,67.6568062],[53.0703622,67.6570723],[53.0709167,67.6568764],[53.0702718,67.6566208],[53.0697173,67.6568062]]]}},{"type":"Feature","id":"osm-context-863512372","properties":{"osmId":863512372,"kind":"area","landuse":null,"natural":null,"water":null,"waterway":null,"leisure":"pitch","amenity":null,"railway":null,"name":null,"source":"OpenStreetMap"},"geometry":{"type":"Polygon","coordinates":[[[53.0587889,67.6558153],[53.0592567,67.6557371],[53.0596399,67.6560686],[53.0596552,67.6560819],[53.0591876,67.65616],[53.0587889,67.6558153]]]}},{"type":"Feature","id":"osm-context-863512373","properties":{"osmId":863512373,"kind":"area","landuse":null,"natural":null,"water":null,"waterway":null,"leisure":"pitch","amenity":null,"railway":null,"name":null,"source":"OpenStreetMap"},"geometry":{"type":"Polygon","coordinates":[[[53.0592646,67.6561891],[53.0595988,67.6561331],[53.0598434,67.6563437],[53.0595091,67.6563998],[53.0592646,67.6561891]]]}},{"type":"Feature","id":"osm-context-863512385","properties":{"osmId":863512385,"kind":"area","landuse":null,"natural":null,"water":null,"waterway":null,"leisure":null,"amenity":"kindergarten","railway":null,"name":null,"source":"OpenStreetMap"},"geometry":{"type":"Polygon","coordinates":[[[53.0561618,67.6570647],[53.0549938,67.65638],[53.0550803,67.6562993],[53.0559415,67.6561543],[53.0560005,67.6561109],[53.0575185,67.6558568],[53.0578331,67.6558986],[53.0587229,67.6566122],[53.0561618,67.6570647]]]}},{"type":"Feature","id":"osm-context-863513059","properties":{"osmId":863513059,"kind":"area","landuse":null,"natural":null,"water":null,"waterway":null,"leisure":null,"amenity":"kindergarten","railway":null,"name":null,"source":"OpenStreetMap"},"geometry":{"type":"Polygon","coordinates":[[[53.0567385,67.6575864],[53.0571424,67.6578766],[53.0583269,67.6576866],[53.0583017,67.6576596],[53.0582802,67.6576365],[53.0583521,67.6576035],[53.0583288,67.6576111],[53.0581893,67.6574888],[53.0581629,67.6574657],[53.0580533,67.6573693],[53.0567385,67.6575864]]]}},{"type":"Feature","id":"osm-context-863722989","properties":{"osmId":863722989,"kind":"area","landuse":null,"natural":null,"water":null,"waterway":null,"leisure":null,"amenity":"parking","railway":null,"name":null,"source":"OpenStreetMap"},"geometry":{"type":"Polygon","coordinates":[[[52.988968,67.6361283],[52.9921719,67.6355669],[52.9921138,67.6355189],[52.9889096,67.6360801],[52.988968,67.6361283]]]}},{"type":"Feature","id":"osm-context-863725793","properties":{"osmId":863725793,"kind":"area","landuse":"grass","natural":null,"water":null,"waterway":null,"leisure":null,"amenity":null,"railway":null,"name":null,"source":"OpenStreetMap"},"geometry":{"type":"Polygon","coordinates":[[[53.008904,67.6377449],[53.0093425,67.6377361],[53.009358,67.6376591],[53.0089611,67.6376916],[53.008904,67.6377449]]]}},{"type":"Feature","id":"osm-context-863725796","properties":{"osmId":863725796,"kind":"area","landuse":null,"natural":null,"water":null,"waterway":null,"leisure":null,"amenity":"parking","railway":null,"name":null,"source":"OpenStreetMap"},"geometry":{"type":"Polygon","coordinates":[[[53.0062156,67.6425233],[53.0061844,67.6425505],[53.0060132,67.6427001],[53.005994,67.642717],[53.0058216,67.6428676],[53.0054685,67.6428105],[53.0053535,67.6427919],[53.0048972,67.6427182],[53.0051887,67.642444],[53.0052704,67.6423671],[53.0062156,67.6425233]]]}},{"type":"Feature","id":"osm-context-864040270","properties":{"osmId":864040270,"kind":"area","landuse":null,"natural":null,"water":null,"waterway":null,"leisure":null,"amenity":"parking","railway":null,"name":null,"source":"OpenStreetMap"},"geometry":{"type":"Polygon","coordinates":[[[53.0184339,67.6308398],[53.0186423,67.6309154],[53.0187433,67.630875],[53.0185349,67.6307995],[53.0184339,67.6308398]]]}},{"type":"Feature","id":"osm-context-864040280","properties":{"osmId":864040280,"kind":"area","landuse":"industrial","natural":null,"water":null,"waterway":null,"leisure":null,"amenity":null,"railway":null,"name":null,"source":"OpenStreetMap"},"geometry":{"type":"Polygon","coordinates":[[[53.0157829,67.6320598],[53.0160794,67.6321726],[53.0164165,67.6321707],[53.0165175,67.6321373],[53.0167031,67.6321308],[53.0170284,67.6320209],[53.017071,67.6319588],[53.0166026,67.6317737],[53.0157829,67.6320598]]]}},{"type":"Feature","id":"osm-context-864040288","properties":{"osmId":864040288,"kind":"area","landuse":"industrial","natural":null,"water":null,"waterway":null,"leisure":null,"amenity":null,"railway":null,"name":null,"source":"OpenStreetMap"},"geometry":{"type":"Polygon","coordinates":[[[53.0165428,67.6329703],[53.0165993,67.632997],[53.0169296,67.6331508],[53.0170489,67.6331079],[53.0174043,67.6330015],[53.01702,67.6328234],[53.0169408,67.6328482],[53.0165428,67.6329703]]]}},{"type":"Feature","id":"osm-context-864107391","properties":{"osmId":864107391,"kind":"area","landuse":"grass","natural":null,"water":null,"waterway":null,"leisure":null,"amenity":null,"railway":null,"name":null,"source":"OpenStreetMap"},"geometry":{"type":"Polygon","coordinates":[[[52.9897898,67.6335596],[52.9897243,67.6334736],[52.9897334,67.6334608],[52.9897559,67.6334547],[52.9897876,67.6334504],[52.9898621,67.6334496],[52.9903906,67.6334702],[52.9907859,67.6335089],[52.990045,67.6335974],[52.9900112,67.6335957],[52.9899976,67.6335888],[52.9899705,67.633557],[52.9898576,67.6335673],[52.9898124,67.6335665],[52.9897898,67.6335596]]]}},{"type":"Feature","id":"osm-context-864532886","properties":{"osmId":864532886,"kind":"area","landuse":"grass","natural":null,"water":null,"waterway":null,"leisure":null,"amenity":null,"railway":null,"name":null,"source":"OpenStreetMap"},"geometry":{"type":"Polygon","coordinates":[[[53.0173513,67.6369776],[53.0173536,67.6369097],[53.0173423,67.6368951],[53.0173197,67.6368856],[53.017261,67.6368787],[53.0171074,67.6368787],[53.0170442,67.6368839],[53.0170035,67.6368933],[53.0169832,67.6369062],[53.0169764,67.6369329],[53.0169719,67.6369672],[53.0169967,67.6370008],[53.01706,67.6370197],[53.0171503,67.6370257],[53.0172632,67.6370222],[53.0173197,67.6370154],[53.0173423,67.6370025],[53.0173513,67.6369776]]]}},{"type":"Feature","id":"osm-context-864532889","properties":{"osmId":864532889,"kind":"area","landuse":null,"natural":null,"water":null,"waterway":null,"leisure":null,"amenity":"parking","railway":null,"name":null,"source":"OpenStreetMap"},"geometry":{"type":"Polygon","coordinates":[[[53.0182243,67.6367762],[53.0182298,67.6369786],[53.0182256,67.6371019],[53.0169607,67.6372888],[53.0169719,67.6369672],[53.0169967,67.6370008],[53.01706,67.6370197],[53.0171503,67.6370257],[53.0172632,67.6370222],[53.0173197,67.6370154],[53.0173423,67.6370025],[53.0173513,67.6369776],[53.0173536,67.6369097],[53.0173423,67.6368951],[53.0173197,67.6368856],[53.0173223,67.6368298],[53.0173548,67.6368146],[53.0173618,67.6367811],[53.0182243,67.6367762]]]}},{"type":"Feature","id":"osm-context-864532900","properties":{"osmId":864532900,"kind":"area","landuse":null,"natural":null,"water":null,"waterway":null,"leisure":null,"amenity":"parking","railway":null,"name":null,"source":"OpenStreetMap"},"geometry":{"type":"Polygon","coordinates":[[[53.0180698,67.6375841],[53.0185277,67.6381457],[53.0183247,67.6381696],[53.0178665,67.6376081],[53.0180698,67.6375841]]]}},{"type":"Feature","id":"osm-context-864532906","properties":{"osmId":864532906,"kind":"area","landuse":null,"natural":null,"water":null,"waterway":null,"leisure":null,"amenity":"parking","railway":null,"name":null,"source":"OpenStreetMap"},"geometry":{"type":"Polygon","coordinates":[[[53.013612,67.6382114],[53.0130557,67.6387772],[53.0132037,67.6387982],[53.0137598,67.6382324],[53.013612,67.6382114]]]}},{"type":"Feature","id":"osm-context-864532936","properties":{"osmId":864532936,"kind":"area","landuse":null,"natural":null,"water":null,"waterway":null,"leisure":null,"amenity":"parking","railway":null,"name":null,"source":"OpenStreetMap"},"geometry":{"type":"Polygon","coordinates":[[[53.022418,67.6288193],[53.0226434,67.6288112],[53.0226778,67.62881],[53.0226473,67.6286871],[53.0223874,67.6286965],[53.022418,67.6288193]]]}},{"type":"Feature","id":"osm-context-864532939","properties":{"osmId":864532939,"kind":"area","landuse":null,"natural":null,"water":null,"waterway":null,"leisure":null,"amenity":"parking","railway":null,"name":null,"source":"OpenStreetMap"},"geometry":{"type":"Polygon","coordinates":[[[53.0228585,67.6305805],[53.0229783,67.630406],[53.0231069,67.6304188],[53.022987,67.6305933],[53.0228585,67.6305805]]]}},{"type":"Feature","id":"osm-context-864532940","properties":{"osmId":864532940,"kind":"area","landuse":null,"natural":null,"water":null,"waterway":null,"leisure":null,"amenity":"parking","railway":null,"name":null,"source":"OpenStreetMap"},"geometry":{"type":"Polygon","coordinates":[[[53.0230779,67.6301541],[53.0229993,67.6299726],[53.0231234,67.6299648],[53.023202,67.6301464],[53.0230779,67.6301541]]]}},{"type":"Feature","id":"osm-context-864532941","properties":{"osmId":864532941,"kind":"area","landuse":null,"natural":null,"water":null,"waterway":null,"leisure":null,"amenity":"parking","railway":null,"name":null,"source":"OpenStreetMap"},"geometry":{"type":"Polygon","coordinates":[[[53.0229624,67.6298759],[53.022874,67.6296924],[53.0230013,67.6296835],[53.0230897,67.629867],[53.0229624,67.6298759]]]}},{"type":"Feature","id":"osm-context-864532942","properties":{"osmId":864532942,"kind":"area","landuse":null,"natural":null,"water":null,"waterway":null,"leisure":null,"amenity":"parking","railway":null,"name":null,"source":"OpenStreetMap"},"geometry":{"type":"Polygon","coordinates":[[[53.022661,67.6292022],[53.0227237,67.6293553],[53.0228423,67.6293482],[53.0227796,67.6291952],[53.022661,67.6292022]]]}},{"type":"Feature","id":"osm-context-864532943","properties":{"osmId":864532943,"kind":"area","landuse":null,"natural":null,"water":null,"waterway":null,"leisure":null,"amenity":"parking","railway":null,"name":null,"source":"OpenStreetMap"},"geometry":{"type":"Polygon","coordinates":[[[53.0226186,67.629095],[53.0226041,67.6290582],[53.0225295,67.6288683],[53.0226612,67.6288608],[53.0227503,67.6290875],[53.0226186,67.629095]]]}},{"type":"Feature","id":"osm-context-864592593","properties":{"osmId":864592593,"kind":"area","landuse":"industrial","natural":null,"water":null,"waterway":null,"leisure":null,"amenity":null,"railway":null,"name":null,"source":"OpenStreetMap"},"geometry":{"type":"Polygon","coordinates":[[[53.1203458,67.6654731],[53.120555,67.6654401],[53.1203904,67.6652895],[53.1201812,67.6653225],[53.1203458,67.6654731]]]}},{"type":"Feature","id":"osm-context-864592621","properties":{"osmId":864592621,"kind":"area","landuse":null,"natural":null,"water":null,"waterway":null,"leisure":"pitch","amenity":null,"railway":null,"name":null,"source":"OpenStreetMap"},"geometry":{"type":"Polygon","coordinates":[[[53.11855,67.6793565],[53.1193916,67.6795312],[53.1196236,67.6793699],[53.1187821,67.6791952],[53.11855,67.6793565]]]}},{"type":"Feature","id":"osm-context-864592622","properties":{"osmId":864592622,"kind":"area","landuse":null,"natural":null,"water":null,"waterway":null,"leisure":"pitch","amenity":null,"railway":null,"name":null,"source":"OpenStreetMap"},"geometry":{"type":"Polygon","coordinates":[[[53.1188659,67.679146],[53.1192891,67.6792397],[53.1197679,67.6789278],[53.1193446,67.678834],[53.1188659,67.679146]]]}},{"type":"Feature","id":"osm-context-864592623","properties":{"osmId":864592623,"kind":"area","landuse":null,"natural":null,"water":null,"waterway":null,"leisure":"pitch","amenity":null,"railway":null,"name":null,"source":"OpenStreetMap"},"geometry":{"type":"Polygon","coordinates":[[[53.1193349,67.6792448],[53.1203159,67.6794628],[53.1207856,67.6791582],[53.1198046,67.67894],[53.1193349,67.6792448]]]}},{"type":"Feature","id":"osm-context-864592624","properties":{"osmId":864592624,"kind":"area","landuse":null,"natural":null,"water":null,"waterway":null,"leisure":"pitch","amenity":null,"railway":null,"name":null,"source":"OpenStreetMap"},"geometry":{"type":"Polygon","coordinates":[[[53.11951,67.6795854],[53.1202947,67.6797575],[53.1205238,67.6796068],[53.1197391,67.6794347],[53.11951,67.6795854]]]}},{"type":"Feature","id":"osm-context-864632077","properties":{"osmId":864632077,"kind":"area","landuse":"recreation_ground","natural":null,"water":null,"waterway":null,"leisure":null,"amenity":null,"railway":null,"name":null,"source":"OpenStreetMap"},"geometry":{"type":"Polygon","coordinates":[[[52.9815674,67.6341946],[52.9806705,67.6343444],[52.9800235,67.6344604],[52.9805712,67.6340605],[52.981273,67.6339393],[52.9815674,67.6341946]]]}},{"type":"Feature","id":"osm-context-864895277","properties":{"osmId":864895277,"kind":"area","landuse":null,"natural":null,"water":null,"waterway":null,"leisure":null,"amenity":"school","railway":null,"name":null,"source":"OpenStreetMap"},"geometry":{"type":"Polygon","coordinates":[[[53.0396984,67.639581],[53.0394133,67.6396396],[53.0389815,67.6397194],[53.039912,67.6403773],[53.0408882,67.6410573],[53.0417077,67.6408882],[53.0421215,67.6407736],[53.0423707,67.6407046],[53.0417217,67.6402041],[53.0415726,67.6401071],[53.0416262,67.6398571],[53.0418998,67.6397551],[53.0414208,67.6395075],[53.041068,67.6395874],[53.0404138,67.6397357],[53.0401876,67.6395678],[53.0399217,67.6396196],[53.039834,67.6395545],[53.0396984,67.639581]]]}},{"type":"Feature","id":"osm-context-864895291","properties":{"osmId":864895291,"kind":"area","landuse":"industrial","natural":null,"water":null,"waterway":null,"leisure":null,"amenity":null,"railway":null,"name":null,"source":"OpenStreetMap"},"geometry":{"type":"Polygon","coordinates":[[[53.0484545,67.6377101],[53.0482878,67.6377534],[53.0476292,67.6374023],[53.0473039,67.6373327],[53.0471576,67.6372275],[53.0471576,67.6370202],[53.0483894,67.6367604],[53.0488692,67.6371069],[53.0488895,67.6371455],[53.0483528,67.6375956],[53.0483447,67.6376312],[53.0484545,67.6377101]]]}},{"type":"Feature","id":"osm-context-864895308","properties":{"osmId":864895308,"kind":"area","landuse":null,"natural":null,"water":null,"waterway":null,"leisure":null,"amenity":"parking","railway":null,"name":null,"source":"OpenStreetMap"},"geometry":{"type":"Polygon","coordinates":[[[53.0517408,67.6391409],[53.0513199,67.6392211],[53.051236,67.6391574],[53.0516569,67.6390772],[53.0517408,67.6391409]]]}},{"type":"Feature","id":"osm-context-865283785","properties":{"osmId":865283785,"kind":"area","landuse":"grass","natural":null,"water":null,"waterway":null,"leisure":null,"amenity":null,"railway":null,"name":null,"source":"OpenStreetMap"},"geometry":{"type":"Polygon","coordinates":[[[53.0403342,67.642031],[53.0404385,67.641914],[53.0402616,67.6417914],[53.0400479,67.6418312],[53.0403342,67.642031]]]}},{"type":"Feature","id":"osm-context-865398667","properties":{"osmId":865398667,"kind":"area","landuse":null,"natural":null,"water":null,"waterway":null,"leisure":null,"amenity":"parking","railway":null,"name":null,"source":"OpenStreetMap"},"geometry":{"type":"Polygon","coordinates":[[[53.0771796,67.6615359],[53.0775558,67.661528],[53.0774079,67.6613703],[53.0771744,67.6613732],[53.0771796,67.6615359]]]}},{"type":"Feature","id":"osm-context-865398712","properties":{"osmId":865398712,"kind":"area","landuse":null,"natural":null,"water":null,"waterway":null,"leisure":"pitch","amenity":null,"railway":null,"name":null,"source":"OpenStreetMap"},"geometry":{"type":"Polygon","coordinates":[[[53.0813762,67.6551753],[53.0815915,67.6553923],[53.0812002,67.6554484],[53.0811574,67.6554053],[53.080985,67.6552314],[53.0813762,67.6551753]]]}},{"type":"Feature","id":"osm-context-865398713","properties":{"osmId":865398713,"kind":"area","landuse":null,"natural":null,"water":null,"waterway":null,"leisure":"pitch","amenity":null,"railway":null,"name":null,"source":"OpenStreetMap"},"geometry":{"type":"Polygon","coordinates":[[[53.080985,67.6552314],[53.0805869,67.6552895],[53.080762,67.655463],[53.0811574,67.6554053],[53.080985,67.6552314]]]}},{"type":"Feature","id":"osm-context-865416255","properties":{"osmId":865416255,"kind":"area","landuse":"industrial","natural":null,"water":null,"waterway":null,"leisure":null,"amenity":null,"railway":null,"name":"Нарьян-Марская Электростанция","source":"OpenStreetMap"},"geometry":{"type":"Polygon","coordinates":[[[53.0343076,67.641807],[53.0362504,67.6431286],[53.0365398,67.6431796],[53.0387664,67.6427213],[53.0383361,67.6423985],[53.0384839,67.64237],[53.0389015,67.6423154],[53.038887,67.642213],[53.0403342,67.642031],[53.0400028,67.6417997],[53.0395931,67.6414876],[53.0386901,67.6408627],[53.0383307,67.6408767],[53.0368658,67.6411742],[53.0368624,67.6412343],[53.0360495,67.6414015],[53.0343169,67.64177],[53.0343076,67.641807]]]}},{"type":"Feature","id":"osm-context-865556803","properties":{"osmId":865556803,"kind":"area","landuse":"industrial","natural":null,"water":null,"waterway":null,"leisure":null,"amenity":null,"railway":null,"name":null,"source":"OpenStreetMap"},"geometry":{"type":"Polygon","coordinates":[[[53.0048735,67.6340923],[53.0050207,67.6341926],[53.0051473,67.6342434],[53.0054418,67.634289],[53.0057978,67.6342303],[53.0060135,67.634104],[53.0061744,67.6339451],[53.0052774,67.6338018],[53.0048735,67.6340923]]]}},{"type":"Feature","id":"osm-context-865558053","properties":{"osmId":865558053,"kind":"area","landuse":null,"natural":null,"water":null,"waterway":null,"leisure":null,"amenity":"parking","railway":null,"name":null,"source":"OpenStreetMap"},"geometry":{"type":"Polygon","coordinates":[[[52.9937988,67.6415678],[52.9941114,67.6412848],[52.9942326,67.6413042],[52.9939198,67.6415872],[52.9937988,67.6415678]]]}},{"type":"Feature","id":"osm-context-865558056","properties":{"osmId":865558056,"kind":"area","landuse":"grass","natural":null,"water":null,"waterway":null,"leisure":null,"amenity":null,"railway":null,"name":null,"source":"OpenStreetMap"},"geometry":{"type":"Polygon","coordinates":[[[52.9970784,67.6415573],[52.9971802,67.6415739],[52.997223,67.6415387],[52.9971922,67.6415381],[52.997152,67.6415404],[52.9971221,67.641544],[52.9971015,67.6415479],[52.9970784,67.6415573]]]}},{"type":"Feature","id":"osm-context-865558057","properties":{"osmId":865558057,"kind":"area","landuse":"grass","natural":null,"water":null,"waterway":null,"leisure":null,"amenity":null,"railway":null,"name":null,"source":"OpenStreetMap"},"geometry":{"type":"Polygon","coordinates":[[[52.9970398,67.6415714],[52.9968138,67.6416619],[52.996682,67.6417212],[52.9965383,67.6418039],[52.9964869,67.6418384],[52.9964972,67.641871],[52.99654,67.6418833],[52.9972794,67.6420136],[52.9973051,67.6419927],[52.9969361,67.6419233],[52.9969282,67.64193],[52.9965061,67.6418573],[52.996808,67.6416745],[52.9969282,67.6416956],[52.9969066,67.6417226],[52.9969744,67.6417331],[52.9970706,67.6416405],[52.9971378,67.6415876],[52.9970398,67.6415714]]]}},{"type":"Feature","id":"osm-context-865558061","properties":{"osmId":865558061,"kind":"area","landuse":null,"natural":null,"water":null,"waterway":null,"leisure":"playground","amenity":null,"railway":null,"name":null,"source":"OpenStreetMap"},"geometry":{"type":"Polygon","coordinates":[[[52.9976764,67.6425544],[52.9980785,67.6425862],[52.998214,67.6424719],[52.9978029,67.6424032],[52.9976764,67.6425544]]]}},{"type":"Feature","id":"osm-context-865566736","properties":{"osmId":865566736,"kind":"area","landuse":"grass","natural":null,"water":null,"waterway":null,"leisure":null,"amenity":null,"railway":null,"name":null,"source":"OpenStreetMap"},"geometry":{"type":"Polygon","coordinates":[[[53.0101615,67.6403596],[53.0100634,67.6403685],[53.009895,67.6405244],[53.0099993,67.6405431],[53.0100105,67.6405332],[53.0099681,67.6405261],[53.0101615,67.6403596]]]}},{"type":"Feature","id":"osm-context-865566737","properties":{"osmId":865566737,"kind":"area","landuse":"grass","natural":null,"water":null,"waterway":null,"leisure":null,"amenity":null,"railway":null,"name":null,"source":"OpenStreetMap"},"geometry":{"type":"Polygon","coordinates":[[[53.0098548,67.640534],[53.0100111,67.6405595],[53.0098976,67.6406572],[53.0103823,67.6407386],[53.0103436,67.6407721],[53.0098474,67.640691],[53.0098116,67.6406791],[53.0097788,67.6406615],[53.0097684,67.6406519],[53.0097505,67.6406332],[53.0098548,67.640534]]]}},{"type":"Feature","id":"osm-context-865566740","properties":{"osmId":865566740,"kind":"area","landuse":"grass","natural":null,"water":null,"waterway":null,"leisure":null,"amenity":null,"railway":null,"name":null,"source":"OpenStreetMap"},"geometry":{"type":"Polygon","coordinates":[[[53.0086578,67.6434981],[53.0074998,67.6433008],[53.0075244,67.6432908],[53.0075514,67.6432853],[53.0075782,67.6432845],[53.007605,67.6432871],[53.0086982,67.6434666],[53.0086578,67.6434981]]]}},{"type":"Feature","id":"osm-context-865566741","properties":{"osmId":865566741,"kind":"area","landuse":"grass","natural":null,"water":null,"waterway":null,"leisure":null,"amenity":null,"railway":null,"name":null,"source":"OpenStreetMap"},"geometry":{"type":"Polygon","coordinates":[[[53.008826,67.6433894],[53.0087934,67.6434166],[53.0087729,67.643415],[53.00871,67.6434097],[53.0068441,67.6431061],[53.0068303,67.6430956],[53.0068283,67.6430829],[53.0068421,67.6430665],[53.008806,67.6433859],[53.008826,67.6433894]]]}},{"type":"Feature","id":"osm-context-865566746","properties":{"osmId":865566746,"kind":"area","landuse":"industrial","natural":null,"water":null,"waterway":null,"leisure":null,"amenity":null,"railway":null,"name":null,"source":"OpenStreetMap"},"geometry":{"type":"Polygon","coordinates":[[[53.0090109,67.6446721],[53.0093864,67.644732],[53.0095004,67.6447275],[53.0096636,67.6446931],[53.0099173,67.6444994],[53.0093313,67.6444007],[53.0090109,67.6446721]]]}},{"type":"Feature","id":"osm-context-865576958","properties":{"osmId":865576958,"kind":"area","landuse":"grass","natural":null,"water":null,"waterway":null,"leisure":null,"amenity":null,"railway":null,"name":null,"source":"OpenStreetMap"},"geometry":{"type":"Polygon","coordinates":[[[53.0036275,67.6448417],[53.0033158,67.6451109],[53.0033558,67.6451097],[53.0034077,67.6450993],[53.0034375,67.6450885],[53.0034674,67.6450707],[53.0036762,67.6448822],[53.0036762,67.6448669],[53.0036593,67.6448531],[53.0036275,67.6448417]]]}},{"type":"Feature","id":"osm-context-865576959","properties":{"osmId":865576959,"kind":"area","landuse":"grass","natural":null,"water":null,"waterway":null,"leisure":null,"amenity":null,"railway":null,"name":null,"source":"OpenStreetMap"},"geometry":{"type":"Polygon","coordinates":[[[53.0032642,67.6451554],[53.0028147,67.6455476],[53.0026311,67.6457078],[53.0026683,67.6457086],[53.0027033,67.6457003],[53.0027409,67.645683],[53.0032728,67.6452251],[53.0032896,67.6452074],[53.0032935,67.6451881],[53.0032909,67.6451738],[53.0032642,67.6451554]]]}},{"type":"Feature","id":"osm-context-865576960","properties":{"osmId":865576960,"kind":"area","landuse":"grass","natural":null,"water":null,"waterway":null,"leisure":null,"amenity":null,"railway":null,"name":null,"source":"OpenStreetMap"},"geometry":{"type":"Polygon","coordinates":[[[53.0024487,67.6459245],[53.0023883,67.6459143],[53.00256,67.6457664],[53.0025788,67.6457767],[53.0025865,67.64579],[53.0025865,67.6458073],[53.002571,67.6458236],[53.0024594,67.6459203],[53.0024487,67.6459245]]]}},{"type":"Feature","id":"osm-context-865576961","properties":{"osmId":865576961,"kind":"area","landuse":"grass","natural":null,"water":null,"waterway":null,"leisure":null,"amenity":null,"railway":null,"name":null,"source":"OpenStreetMap"},"geometry":{"type":"Polygon","coordinates":[[[53.0026059,67.6459429],[53.0027129,67.6458516],[53.0028188,67.6458445],[53.0026877,67.6459563],[53.0026059,67.6459429]]]}},{"type":"Feature","id":"osm-context-865576962","properties":{"osmId":865576962,"kind":"area","landuse":"grass","natural":null,"water":null,"waterway":null,"leisure":null,"amenity":null,"railway":null,"name":null,"source":"OpenStreetMap"},"geometry":{"type":"Polygon","coordinates":[[[53.0025745,67.6461089],[53.0038027,67.6462936],[53.0038189,67.6462775],[53.0025956,67.6460905],[53.0025745,67.6461089]]]}},{"type":"Feature","id":"osm-context-865576975","properties":{"osmId":865576975,"kind":"area","landuse":"industrial","natural":null,"water":null,"waterway":null,"leisure":null,"amenity":null,"railway":null,"name":null,"source":"OpenStreetMap"},"geometry":{"type":"Polygon","coordinates":[[[53.0180106,67.632348],[53.0182491,67.6324558],[53.0185956,67.6326149],[53.019028,67.632469],[53.0194244,67.6323352],[53.018837,67.632078],[53.018571,67.6321684],[53.0180106,67.632348]]]}},{"type":"Feature","id":"osm-context-865992440","properties":{"osmId":865992440,"kind":"area","landuse":"grass","natural":null,"water":null,"waterway":null,"leisure":null,"amenity":null,"railway":null,"name":null,"source":"OpenStreetMap"},"geometry":{"type":"Polygon","coordinates":[[[52.9887832,67.6367266],[52.989052,67.6369354],[52.9890588,67.6369526],[52.9890385,67.6369646],[52.9889955,67.6369741],[52.9887064,67.6367386],[52.9887832,67.6367266]]]}},{"type":"Feature","id":"osm-context-865992443","properties":{"osmId":865992443,"kind":"area","landuse":"grass","natural":null,"water":null,"waterway":null,"leisure":null,"amenity":null,"railway":null,"name":null,"source":"OpenStreetMap"},"geometry":{"type":"Polygon","coordinates":[[[52.9958012,67.6372235],[52.99665,67.6373427],[52.9966309,67.637359],[52.9959451,67.6372662],[52.9959519,67.6372532],[52.9958012,67.6372235]]]}},{"type":"Feature","id":"osm-context-865992452","properties":{"osmId":865992452,"kind":"area","landuse":"grass","natural":null,"water":null,"waterway":null,"leisure":null,"amenity":null,"railway":null,"name":null,"source":"OpenStreetMap"},"geometry":{"type":"Polygon","coordinates":[[[52.9978454,67.6381321],[52.9987717,67.6382841],[52.9988158,67.6382466],[52.997957,67.6380946],[52.9978454,67.6381321]]]}},{"type":"Feature","id":"osm-context-865992489","properties":{"osmId":865992489,"kind":"area","landuse":"grass","natural":null,"water":null,"waterway":null,"leisure":null,"amenity":null,"railway":null,"name":null,"source":"OpenStreetMap"},"geometry":{"type":"Polygon","coordinates":[[[52.9990881,67.6375065],[52.9993561,67.6375501],[52.9992786,67.6376057],[52.998322,67.6374367],[52.9981491,67.6373914],[52.9980418,67.6373335],[52.9979465,67.6373018],[52.9973355,67.6371816],[52.9973405,67.6371656],[52.9982896,67.6373485],[52.9982626,67.6373688],[52.9990654,67.6375235],[52.9990881,67.6375065]]]}},{"type":"Feature","id":"osm-context-865992490","properties":{"osmId":865992490,"kind":"area","landuse":"grass","natural":null,"water":null,"waterway":null,"leisure":null,"amenity":null,"railway":null,"name":null,"source":"OpenStreetMap"},"geometry":{"type":"Polygon","coordinates":[[[52.9991483,67.6374612],[52.9994008,67.637507],[52.999482,67.6374381],[52.9994902,67.6374311],[52.9994426,67.6374106],[52.9993621,67.6373902],[52.9992757,67.6373664],[52.9992373,67.6373555],[52.9992101,67.6373842],[52.9991767,67.6374195],[52.9991984,67.6374236],[52.9991483,67.6374612]]]}},{"type":"Feature","id":"osm-context-865992493","properties":{"osmId":865992493,"kind":"area","landuse":"grass","natural":null,"water":null,"waterway":null,"leisure":null,"amenity":null,"railway":null,"name":null,"source":"OpenStreetMap"},"geometry":{"type":"Polygon","coordinates":[[[52.9999017,67.6369093],[53.0000535,67.6369367],[52.9996571,67.6373063],[52.9996333,67.637312],[52.9995707,67.6373177],[52.9994812,67.6373075],[52.9995407,67.6372492],[52.9999017,67.6369093]]]}},{"type":"Feature","id":"osm-context-865992502","properties":{"osmId":865992502,"kind":"area","landuse":"grass","natural":null,"water":null,"waterway":null,"leisure":null,"amenity":null,"railway":null,"name":null,"source":"OpenStreetMap"},"geometry":{"type":"Polygon","coordinates":[[[53.0032234,67.6369765],[53.0032364,67.6369945],[53.0034152,67.6370229],[53.0034361,67.6370319],[53.0034837,67.6370308],[53.0035314,67.6370206],[53.0035642,67.6370013],[53.0035672,67.6369843],[53.0035583,67.6369662],[53.0035388,67.6369436],[53.0034822,67.6369402],[53.0033343,67.6369613],[53.0032234,67.6369765]]]}},{"type":"Feature","id":"osm-context-865995654","properties":{"osmId":865995654,"kind":"area","landuse":"grass","natural":null,"water":null,"waterway":null,"leisure":null,"amenity":null,"railway":null,"name":null,"source":"OpenStreetMap"},"geometry":{"type":"Polygon","coordinates":[[[52.9887772,67.6362015],[52.9882153,67.6363011],[52.9882587,67.6363364],[52.9887593,67.6362525],[52.9887981,67.6362355],[52.9887981,67.636214],[52.9887772,67.6362015]]]}},{"type":"Feature","id":"osm-context-865995655","properties":{"osmId":865995655,"kind":"area","landuse":"grass","natural":null,"water":null,"waterway":null,"leisure":null,"amenity":null,"railway":null,"name":null,"source":"OpenStreetMap"},"geometry":{"type":"Polygon","coordinates":[[[52.9881864,67.6363485],[52.9881448,67.6363127],[52.9875613,67.6364158],[52.9876358,67.6364294],[52.9876954,67.6364305],[52.987749,67.6364237],[52.9881864,67.6363485]]]}},{"type":"Feature","id":"osm-context-865995665","properties":{"osmId":865995665,"kind":"area","landuse":"grass","natural":null,"water":null,"waterway":null,"leisure":null,"amenity":null,"railway":null,"name":null,"source":"OpenStreetMap"},"geometry":{"type":"Polygon","coordinates":[[[52.9998399,67.6375768],[52.9996997,67.6375534],[52.9996764,67.6375609],[52.9996508,67.6375778],[52.9996473,67.6375863],[52.9996593,67.6375987],[52.9996799,67.6376045],[52.9997894,67.6376228],[52.9998399,67.6375768]]]}},{"type":"Feature","id":"osm-context-865995694","properties":{"osmId":865995694,"kind":"area","landuse":"grass","natural":null,"water":null,"waterway":null,"leisure":null,"amenity":null,"railway":null,"name":null,"source":"OpenStreetMap"},"geometry":{"type":"Polygon","coordinates":[[[53.0061491,67.6429826],[53.0061772,67.6429587],[53.0067173,67.6430507],[53.0066937,67.6430604],[53.0066583,67.6430641],[53.0066072,67.6430656],[53.0061392,67.6429886],[53.0061491,67.6429826]]]}},{"type":"Feature","id":"osm-context-865995695","properties":{"osmId":865995695,"kind":"area","landuse":"grass","natural":null,"water":null,"waterway":null,"leisure":null,"amenity":null,"railway":null,"name":null,"source":"OpenStreetMap"},"geometry":{"type":"Polygon","coordinates":[[[53.0060632,67.6430651],[53.0073518,67.6432778],[53.0073583,67.6432616],[53.0073445,67.6432496],[53.007315,67.6432376],[53.006094,67.6430394],[53.0060632,67.6430651]]]}},{"type":"Feature","id":"osm-context-865995696","properties":{"osmId":865995696,"kind":"area","landuse":"grass","natural":null,"water":null,"waterway":null,"leisure":null,"amenity":null,"railway":null,"name":null,"source":"OpenStreetMap"},"geometry":{"type":"Polygon","coordinates":[[[53.0057698,67.6430474],[53.005698,67.643036],[53.0052366,67.64345],[53.0053095,67.6434613],[53.0057698,67.6430474]]]}},{"type":"Feature","id":"osm-context-865995697","properties":{"osmId":865995697,"kind":"area","landuse":"grass","natural":null,"water":null,"waterway":null,"leisure":null,"amenity":null,"railway":null,"name":null,"source":"OpenStreetMap"},"geometry":{"type":"Polygon","coordinates":[[[53.0052124,67.6434693],[53.0049754,67.6436738],[53.0050405,67.6436844],[53.0052873,67.6434809],[53.0052124,67.6434693]]]}},{"type":"Feature","id":"osm-context-866154309","properties":{"osmId":866154309,"kind":"area","landuse":"grass","natural":null,"water":null,"waterway":null,"leisure":null,"amenity":null,"railway":null,"name":null,"source":"OpenStreetMap"},"geometry":{"type":"Polygon","coordinates":[[[53.0009884,67.6386584],[53.0013153,67.6387122],[53.0013413,67.6387127],[53.0013659,67.6387102],[53.0013841,67.6387038],[53.0013958,67.6386944],[53.0014022,67.6386845],[53.001401,67.6386742],[53.0013906,67.6386604],[53.0010494,67.6386041],[53.0010325,67.6386036],[53.0010066,67.6386061],[53.0009807,67.6386125],[53.0009586,67.6386233],[53.0009534,67.6386357],[53.0009599,67.6386485],[53.0009884,67.6386584]]]}},{"type":"Feature","id":"osm-context-866154310","properties":{"osmId":866154310,"kind":"area","landuse":"grass","natural":null,"water":null,"waterway":null,"leisure":null,"amenity":null,"railway":null,"name":null,"source":"OpenStreetMap"},"geometry":{"type":"Polygon","coordinates":[[[52.9990076,67.6383359],[52.9993345,67.6383897],[52.9993604,67.6383901],[52.9993851,67.6383877],[52.9994032,67.6383813],[52.9994149,67.6383719],[52.9994214,67.638362],[52.9994201,67.6383517],[52.9994097,67.6383378],[52.9990685,67.6382816],[52.9990517,67.6382811],[52.9990257,67.6382835],[52.9989998,67.63829],[52.9989777,67.6383008],[52.9989726,67.6383132],[52.998979,67.638326],[52.9990076,67.6383359]]]}},{"type":"Feature","id":"osm-context-866154311","properties":{"osmId":866154311,"kind":"area","landuse":"grass","natural":null,"water":null,"waterway":null,"leisure":null,"amenity":null,"railway":null,"name":null,"source":"OpenStreetMap"},"geometry":{"type":"Polygon","coordinates":[[[52.9995239,67.6384215],[52.9997755,67.6384639],[52.9998002,67.6384654],[52.9998339,67.638461],[52.9998586,67.6384526],[52.9998689,67.6384422],[52.9998715,67.6384254],[52.9998676,67.6384146],[52.9998417,67.6384052],[52.9995874,67.6383647],[52.9995628,67.6383647],[52.9995265,67.6383702],[52.999507,67.638379],[52.9994953,67.6383929],[52.9994953,67.6384082],[52.9995239,67.6384215]]]}},{"type":"Feature","id":"osm-context-866154312","properties":{"osmId":866154312,"kind":"area","landuse":"grass","natural":null,"water":null,"waterway":null,"leisure":null,"amenity":null,"railway":null,"name":null,"source":"OpenStreetMap"},"geometry":{"type":"Polygon","coordinates":[[[53.0000233,67.6385044],[53.000275,67.6385468],[53.0002996,67.6385483],[53.0003333,67.6385439],[53.000358,67.6385355],[53.0003684,67.6385251],[53.000371,67.6385083],[53.0003671,67.6384975],[53.0003411,67.6384881],[53.0000869,67.6384476],[53.0000622,67.6384476],[53.0000259,67.6384531],[53.0000064,67.638462],[52.9999948,67.6384758],[52.9999948,67.6384911],[53.0000233,67.6385044]]]}},{"type":"Feature","id":"osm-context-866154313","properties":{"osmId":866154313,"kind":"area","landuse":"grass","natural":null,"water":null,"waterway":null,"leisure":null,"amenity":null,"railway":null,"name":null,"source":"OpenStreetMap"},"geometry":{"type":"Polygon","coordinates":[[[53.00055,67.6385873],[53.0008016,67.6386298],[53.0008263,67.6386312],[53.00086,67.6386268],[53.0008847,67.6386184],[53.000895,67.638608],[53.0008976,67.6385913],[53.0008937,67.6385804],[53.0008678,67.638571],[53.0006135,67.6385306],[53.0005889,67.6385306],[53.0005526,67.638536],[53.0005331,67.6385449],[53.0005214,67.6385587],[53.0005214,67.638574],[53.00055,67.6385873]]]}},{"type":"Feature","id":"osm-context-866154331","properties":{"osmId":866154331,"kind":"area","landuse":"grass","natural":null,"water":null,"waterway":null,"leisure":null,"amenity":null,"railway":null,"name":null,"source":"OpenStreetMap"},"geometry":{"type":"Polygon","coordinates":[[[53.0039245,67.638784],[53.0033508,67.6386891],[53.003336,67.6387016],[53.0038305,67.638782],[53.0038737,67.6387862],[53.0038996,67.638787],[53.0039245,67.638784]]]}},{"type":"Feature","id":"osm-context-866154333","properties":{"osmId":866154333,"kind":"area","landuse":"grass","natural":null,"water":null,"waterway":null,"leisure":null,"amenity":null,"railway":null,"name":null,"source":"OpenStreetMap"},"geometry":{"type":"Polygon","coordinates":[[[53.0029376,67.6386369],[53.0029499,67.6386263],[53.0032571,67.638674],[53.0032403,67.6386861],[53.0029376,67.6386369]]]}},{"type":"Feature","id":"osm-context-866154348","properties":{"osmId":866154348,"kind":"area","landuse":"grass","natural":null,"water":null,"waterway":null,"leisure":null,"amenity":null,"railway":null,"name":null,"source":"OpenStreetMap"},"geometry":{"type":"Polygon","coordinates":[[[53.0016917,67.6353342],[53.0016455,67.6353778],[53.0011217,67.6352912],[53.0011423,67.6352775],[53.0011697,67.6352697],[53.0011971,67.6352645],[53.001245,67.6352612],[53.0016917,67.6353342]]]}},{"type":"Feature","id":"osm-context-866268738","properties":{"osmId":866268738,"kind":"area","landuse":"grass","natural":null,"water":null,"waterway":null,"leisure":null,"amenity":null,"railway":null,"name":null,"source":"OpenStreetMap"},"geometry":{"type":"Polygon","coordinates":[[[53.0052731,67.6436896],[53.0052051,67.6436902],[53.0051853,67.6437075],[53.0052427,67.6437165],[53.0052731,67.6436896]]]}},{"type":"Feature","id":"osm-context-866518297","properties":{"osmId":866518297,"kind":"area","landuse":"grass","natural":null,"water":null,"waterway":null,"leisure":null,"amenity":null,"railway":null,"name":null,"source":"OpenStreetMap"},"geometry":{"type":"Polygon","coordinates":[[[53.0070982,67.6373889],[53.0070671,67.6373468],[53.0070468,67.6373159],[53.0070038,67.6372961],[53.0068977,67.6372781],[53.0068457,67.6372772],[53.0067938,67.6372832],[53.0067305,67.6373073],[53.0066673,67.6373391],[53.0065476,67.6374396],[53.0065521,67.6374534],[53.0065965,67.6374689],[53.0067501,67.6373323],[53.0070982,67.6373889]]]}},{"type":"Feature","id":"osm-context-866518299","properties":{"osmId":866518299,"kind":"area","landuse":"grass","natural":null,"water":null,"waterway":null,"leisure":null,"amenity":null,"railway":null,"name":null,"source":"OpenStreetMap"},"geometry":{"type":"Polygon","coordinates":[[[53.0112371,67.6367659],[53.0112578,67.6367462],[53.0112825,67.6367491],[53.0113045,67.6367491],[53.0113409,67.6367462],[53.0113694,67.6367398],[53.0114005,67.6367289],[53.0114265,67.6367146],[53.0114433,67.6367017],[53.0114498,67.6366884],[53.0114498,67.6366657],[53.0115095,67.6366647],[53.011516,67.6366968],[53.0115017,67.6367126],[53.0114848,67.6367294],[53.0114524,67.6367462],[53.0114161,67.6367595],[53.0113785,67.6367684],[53.0113383,67.6367723],[53.0112851,67.6367733],[53.0112371,67.6367659]]]}},{"type":"Feature","id":"osm-context-866520887","properties":{"osmId":866520887,"kind":"area","landuse":"grass","natural":null,"water":null,"waterway":null,"leisure":null,"amenity":null,"railway":null,"name":null,"source":"OpenStreetMap"},"geometry":{"type":"Polygon","coordinates":[[[53.0148123,67.6347757],[53.0154028,67.6345862],[53.0152573,67.63451],[53.0149988,67.6345992],[53.0150622,67.6346331],[53.0147455,67.6347425],[53.0148123,67.6347757]]]}},{"type":"Feature","id":"osm-context-866520888","properties":{"osmId":866520888,"kind":"area","landuse":"grass","natural":null,"water":null,"waterway":null,"leisure":null,"amenity":null,"railway":null,"name":null,"source":"OpenStreetMap"},"geometry":{"type":"Polygon","coordinates":[[[53.0147506,67.6347979],[53.0142594,67.6349555],[53.0142234,67.6349588],[53.0141892,67.6349549],[53.0141789,67.6349464],[53.0141755,67.6349347],[53.0141841,67.6349249],[53.014677,67.6347627],[53.0147506,67.6347979]]]}},{"type":"Feature","id":"osm-context-866852328","properties":{"osmId":866852328,"kind":"area","landuse":null,"natural":"wood","water":null,"waterway":null,"leisure":null,"amenity":null,"railway":null,"name":null,"source":"OpenStreetMap"},"geometry":{"type":"Polygon","coordinates":[[[53.0599441,67.6384474],[53.0596917,67.6385185],[53.0595172,67.6386136],[53.0594076,67.6386644],[53.0584901,67.6387946],[53.0583327,67.638792],[53.0582505,67.6387594],[53.0580109,67.6385784],[53.0578157,67.6384325],[53.0577062,67.6383544],[53.0575864,67.6382736],[53.0573536,67.6382111],[53.0572475,67.638172],[53.0571927,67.6381382],[53.0571824,67.6380965],[53.0572132,67.6380717],[53.0572714,67.6380522],[53.0574015,67.6380366],[53.0575213,67.6379988],[53.0575829,67.6379584],[53.0576754,67.6379246],[53.0577747,67.6379037],[53.0579557,67.6378548],[53.0581664,67.6379418],[53.0583892,67.637971],[53.0587502,67.6381288],[53.0588577,67.6381522],[53.0589883,67.6382282],[53.0590958,67.6382253],[53.0592648,67.6383451],[53.0593108,67.6384736],[53.0594088,67.6384693],[53.0594579,67.6384485],[53.0599441,67.6384474]]]}},{"type":"Feature","id":"osm-context-866902547","properties":{"osmId":866902547,"kind":"area","landuse":"grass","natural":null,"water":null,"waterway":null,"leisure":null,"amenity":null,"railway":null,"name":null,"source":"OpenStreetMap"},"geometry":{"type":"Polygon","coordinates":[[[52.9918122,67.6360021],[52.9920552,67.6362027],[52.9920535,67.6362099],[52.9920398,67.6362144],[52.9920056,67.6362151],[52.9918036,67.6360464],[52.9918122,67.6360021]]]}},{"type":"Feature","id":"osm-context-866902576","properties":{"osmId":866902576,"kind":"area","landuse":"grass","natural":null,"water":null,"waterway":null,"leisure":null,"amenity":null,"railway":null,"name":null,"source":"OpenStreetMap"},"geometry":{"type":"Polygon","coordinates":[[[52.9970903,67.6400438],[52.9968558,67.6402593],[52.9968598,67.6402688],[52.9968733,67.6402834],[52.9971342,67.6400514],[52.9970903,67.6400438]]]}},{"type":"Feature","id":"osm-context-866902582","properties":{"osmId":866902582,"kind":"area","landuse":null,"natural":null,"water":null,"waterway":null,"leisure":null,"amenity":"parking","railway":null,"name":null,"source":"OpenStreetMap"},"geometry":{"type":"Polygon","coordinates":[[[52.9986323,67.6404125],[52.9986784,67.640466],[52.9988394,67.6403361],[52.9987403,67.6403267],[52.9986323,67.6404125]]]}},{"type":"Feature","id":"osm-context-866902586","properties":{"osmId":866902586,"kind":"area","landuse":"grass","natural":null,"water":null,"waterway":null,"leisure":null,"amenity":null,"railway":null,"name":null,"source":"OpenStreetMap"},"geometry":{"type":"Polygon","coordinates":[[[52.9986676,67.6402845],[52.9987347,67.6402293],[52.9987792,67.640237],[52.9987127,67.6402924],[52.9986676,67.6402845]]]}},{"type":"Feature","id":"osm-context-866902599","properties":{"osmId":866902599,"kind":"area","landuse":null,"natural":null,"water":null,"waterway":null,"leisure":null,"amenity":"parking","railway":null,"name":null,"source":"OpenStreetMap"},"geometry":{"type":"Polygon","coordinates":[[[52.9981187,67.6405542],[52.9977406,67.6408589],[52.9976569,67.6408436],[52.9980309,67.6405292],[52.9980577,67.6405357],[52.9980801,67.6405457],[52.9981187,67.6405542]]]}},{"type":"Feature","id":"osm-context-866902601","properties":{"osmId":866902601,"kind":"area","landuse":"grass","natural":null,"water":null,"waterway":null,"leisure":null,"amenity":null,"railway":null,"name":null,"source":"OpenStreetMap"},"geometry":{"type":"Polygon","coordinates":[[[52.9975239,67.641079],[52.9977274,67.6409032],[52.997696,67.6408976],[52.9975112,67.6410543],[52.9974846,67.6410498],[52.9974699,67.6410498],[52.9974551,67.6410532],[52.9974423,67.6410614],[52.9974433,67.6410689],[52.9974551,67.6410771],[52.9974758,67.6410823],[52.9974994,67.6410835],[52.9975121,67.641082],[52.9975239,67.641079]]]}},{"type":"Feature","id":"osm-context-866902612","properties":{"osmId":866902612,"kind":"area","landuse":"grass","natural":null,"water":null,"waterway":null,"leisure":null,"amenity":null,"railway":null,"name":null,"source":"OpenStreetMap"},"geometry":{"type":"Polygon","coordinates":[[[52.99645,67.6414767],[52.9965551,67.6414933],[52.99651,67.6415354],[52.99645,67.6414767]]]}},{"type":"Feature","id":"osm-context-866902614","properties":{"osmId":866902614,"kind":"area","landuse":null,"natural":null,"water":null,"waterway":null,"leisure":null,"amenity":"parking","railway":null,"name":null,"source":"OpenStreetMap"},"geometry":{"type":"Polygon","coordinates":[[[52.9957555,67.6424462],[52.9958377,67.6425028],[52.9956374,67.6426741],[52.9954868,67.6426819],[52.9957555,67.6424462]]]}},{"type":"Feature","id":"osm-context-866902632","properties":{"osmId":866902632,"kind":"area","landuse":"grass","natural":null,"water":null,"waterway":null,"leisure":null,"amenity":null,"railway":null,"name":null,"source":"OpenStreetMap"},"geometry":{"type":"Polygon","coordinates":[[[53.0038267,67.6388552],[53.0035665,67.6390597],[53.0034841,67.639049],[53.0037481,67.6388455],[53.0038267,67.6388552]]]}},{"type":"Feature","id":"osm-context-866902633","properties":{"osmId":866902633,"kind":"area","landuse":"grass","natural":null,"water":null,"waterway":null,"leisure":null,"amenity":null,"railway":null,"name":null,"source":"OpenStreetMap"},"geometry":{"type":"Polygon","coordinates":[[[53.004092,67.639117],[53.0037958,67.6393618],[53.0037377,67.6393514],[53.0040543,67.6391],[53.004092,67.639117]]]}},{"type":"Feature","id":"osm-context-866902634","properties":{"osmId":866902634,"kind":"area","landuse":"grass","natural":null,"water":null,"waterway":null,"leisure":null,"amenity":null,"railway":null,"name":null,"source":"OpenStreetMap"},"geometry":{"type":"Polygon","coordinates":[[[53.0037164,67.6394268],[53.0034027,67.6396717],[53.0033423,67.6396605],[53.0036558,67.6394156],[53.0037164,67.6394268]]]}},{"type":"Feature","id":"osm-context-866902635","properties":{"osmId":866902635,"kind":"area","landuse":"grass","natural":null,"water":null,"waterway":null,"leisure":null,"amenity":null,"railway":null,"name":null,"source":"OpenStreetMap"},"geometry":{"type":"Polygon","coordinates":[[[53.0067919,67.6392825],[53.0068313,67.6392476],[53.0067386,67.6392325],[53.0066993,67.6392674],[53.0067919,67.6392825]]]}},{"type":"Feature","id":"osm-context-866902636","properties":{"osmId":866902636,"kind":"area","landuse":"grass","natural":null,"water":null,"waterway":null,"leisure":null,"amenity":null,"railway":null,"name":null,"source":"OpenStreetMap"},"geometry":{"type":"Polygon","coordinates":[[[53.0069719,67.6392741],[53.0070777,67.6392916],[53.007041,67.6393236],[53.0069352,67.6393061],[53.0069719,67.6392741]]]}},{"type":"Feature","id":"osm-context-866912518","properties":{"osmId":866912518,"kind":"area","landuse":"grass","natural":null,"water":null,"waterway":null,"leisure":null,"amenity":null,"railway":null,"name":null,"source":"OpenStreetMap"},"geometry":{"type":"Polygon","coordinates":[[[52.9955242,67.6359852],[52.995975,67.6360584],[52.9959459,67.6360816],[52.9955898,67.6360241],[52.9955503,67.6360124],[52.9955354,67.6360042],[52.9955242,67.6359852]]]}},{"type":"Feature","id":"osm-context-866912545","properties":{"osmId":866912545,"kind":"area","landuse":"grass","natural":null,"water":null,"waterway":null,"leisure":null,"amenity":null,"railway":null,"name":null,"source":"OpenStreetMap"},"geometry":{"type":"Polygon","coordinates":[[[53.0120343,67.6379757],[53.0120258,67.6379275],[53.0120326,67.637908],[53.0120566,67.6378976],[53.0120942,67.6378852],[53.0121747,67.6378774],[53.0138487,67.6378526],[53.0138505,67.6378741],[53.0123373,67.6379002],[53.0122363,67.6379093],[53.0121319,67.6379431],[53.0120343,67.6379757]]]}},{"type":"Feature","id":"osm-context-866912547","properties":{"osmId":866912547,"kind":"area","landuse":"grass","natural":null,"water":null,"waterway":null,"leisure":null,"amenity":null,"railway":null,"name":null,"source":"OpenStreetMap"},"geometry":{"type":"Polygon","coordinates":[[[53.0115017,67.6413829],[53.0120099,67.640964],[53.0118698,67.6410196],[53.0114645,67.6413523],[53.0114615,67.641367],[53.0114719,67.6413744],[53.0115017,67.6413829]]]}},{"type":"Feature","id":"osm-context-866981160","properties":{"osmId":866981160,"kind":"area","landuse":"industrial","natural":null,"water":null,"waterway":null,"leisure":null,"amenity":null,"railway":null,"name":"Очистные п. Искателей","source":"OpenStreetMap"},"geometry":{"type":"Polygon","coordinates":[[[53.1435806,67.6849639],[53.1452889,67.6843204],[53.1446874,67.6840882],[53.1424166,67.6832116],[53.1407255,67.6838564],[53.1435806,67.6849639]]]}},{"type":"Feature","id":"osm-context-867020250","properties":{"osmId":867020250,"kind":"area","landuse":"grass","natural":null,"water":null,"waterway":null,"leisure":null,"amenity":null,"railway":null,"name":null,"source":"OpenStreetMap"},"geometry":{"type":"Polygon","coordinates":[[[52.9909865,67.6360885],[52.9909831,67.6360598],[52.9917073,67.6359333],[52.9917133,67.6359418],[52.9916969,67.635956],[52.9916745,67.6359674],[52.9915643,67.6359878],[52.9917029,67.6361017],[52.9916079,67.6361169],[52.9914726,67.6360041],[52.9909865,67.6360885]]]}},{"type":"Feature","id":"osm-context-867020251","properties":{"osmId":867020251,"kind":"area","landuse":"grass","natural":null,"water":null,"waterway":null,"leisure":null,"amenity":null,"railway":null,"name":null,"source":"OpenStreetMap"},"geometry":{"type":"Polygon","coordinates":[[[52.9893451,67.6364507],[52.9892412,67.6363575],[52.9891904,67.6363665],[52.9892818,67.6364451],[52.9893451,67.6364507]]]}},{"type":"Feature","id":"osm-context-867020254","properties":{"osmId":867020254,"kind":"area","landuse":"grass","natural":null,"water":null,"waterway":null,"leisure":null,"amenity":null,"railway":null,"name":null,"source":"OpenStreetMap"},"geometry":{"type":"Polygon","coordinates":[[[52.988662,67.6367],[52.9887299,67.636688],[52.9885667,67.6365539],[52.9884989,67.6365658],[52.988662,67.6367]]]}},{"type":"Feature","id":"osm-context-867020256","properties":{"osmId":867020256,"kind":"area","landuse":"grass","natural":null,"water":null,"waterway":null,"leisure":null,"amenity":null,"railway":null,"name":null,"source":"OpenStreetMap"},"geometry":{"type":"Polygon","coordinates":[[[52.9883863,67.6364771],[52.9884556,67.6364658],[52.9884362,67.6364525],[52.9884139,67.6364442],[52.9883811,67.6364394],[52.9883394,67.6364349],[52.9883863,67.6364771]]]}},{"type":"Feature","id":"osm-context-867020257","properties":{"osmId":867020257,"kind":"area","landuse":null,"natural":"wood","water":null,"waterway":null,"leisure":null,"amenity":null,"railway":null,"name":null,"source":"OpenStreetMap"},"geometry":{"type":"Polygon","coordinates":[[[52.981628,67.6342295],[52.9821501,67.634671],[52.9815681,67.6347687],[52.9813832,67.6346059],[52.9815451,67.6345761],[52.9815976,67.6346193],[52.9819052,67.6345651],[52.9815354,67.6342611],[52.9812277,67.6343153],[52.9813285,67.6343982],[52.9811487,67.6344307],[52.98107,67.6343591],[52.9810785,67.6343402],[52.9811059,67.6343206],[52.9811453,67.6343096],[52.981628,67.6342295]]]}},{"type":"Feature","id":"osm-context-867020259","properties":{"osmId":867020259,"kind":"area","landuse":"grass","natural":null,"water":null,"waterway":null,"leisure":null,"amenity":null,"railway":null,"name":null,"source":"OpenStreetMap"},"geometry":{"type":"Polygon","coordinates":[[[52.981313,67.6347023],[52.981171,67.6345818],[52.9802929,67.6347394],[52.9803303,67.63477],[52.9809451,67.6346642],[52.9810448,67.6347481],[52.981313,67.6347023]]]}},{"type":"Feature","id":"osm-context-867020260","properties":{"osmId":867020260,"kind":"area","landuse":"grass","natural":null,"water":null,"waterway":null,"leisure":null,"amenity":null,"railway":null,"name":null,"source":"OpenStreetMap"},"geometry":{"type":"Polygon","coordinates":[[[52.9813404,67.6347205],[52.9814123,67.6347915],[52.9812189,67.6348319],[52.9811761,67.6348319],[52.9811333,67.6348241],[52.9810977,67.6347926],[52.9810678,67.6347674],[52.9813404,67.6347205]]]}},{"type":"Feature","id":"osm-context-867020263","properties":{"osmId":867020263,"kind":"area","landuse":null,"natural":"wood","water":null,"waterway":null,"leisure":null,"amenity":null,"railway":null,"name":null,"source":"OpenStreetMap"},"geometry":{"type":"Polygon","coordinates":[[[52.9815952,67.6347939],[52.9821811,67.6346936],[52.9826943,67.6351335],[52.9822008,67.6352151],[52.9821084,67.6352083],[52.982071,67.6351904],[52.9820049,67.6351412],[52.9821952,67.6351097],[52.9822709,67.6351738],[52.9825561,67.635125],[52.9821524,67.634783],[52.981867,67.6348318],[52.9819599,67.6349105],[52.9817702,67.6349435],[52.9815952,67.6347939]]]}},{"type":"Feature","id":"osm-context-867020277","properties":{"osmId":867020277,"kind":"area","landuse":"grass","natural":null,"water":null,"waterway":null,"leisure":null,"amenity":null,"railway":null,"name":null,"source":"OpenStreetMap"},"geometry":{"type":"Polygon","coordinates":[[[52.9862983,67.6368709],[52.9862328,67.6369573],[52.9861621,67.6368944],[52.9862983,67.6368709]]]}},{"type":"Feature","id":"osm-context-867175922","properties":{"osmId":867175922,"kind":"area","landuse":"grass","natural":null,"water":null,"waterway":null,"leisure":null,"amenity":null,"railway":null,"name":null,"source":"OpenStreetMap"},"geometry":{"type":"Polygon","coordinates":[[[53.0186583,67.6317451],[53.0191174,67.6315645],[53.0185431,67.6313489],[53.0182871,67.6312521],[53.0183124,67.6312418],[53.0183619,67.6312564],[53.0192296,67.631578],[53.0187569,67.6317673],[53.018873,67.6318092],[53.0187989,67.6318505],[53.018617,67.6317904],[53.0184582,67.6317422],[53.0182349,67.6316778],[53.0180114,67.6316198],[53.0177819,67.6315603],[53.0176509,67.6315264],[53.0174661,67.6314785],[53.0175822,67.6314476],[53.0176463,67.6314499],[53.017713,67.6314673],[53.0176569,67.6314871],[53.0186583,67.6317451]]]}},{"type":"Feature","id":"osm-context-867175924","properties":{"osmId":867175924,"kind":"area","landuse":"grass","natural":null,"water":null,"waterway":null,"leisure":null,"amenity":null,"railway":null,"name":null,"source":"OpenStreetMap"},"geometry":{"type":"Polygon","coordinates":[[[53.0181834,67.6305125],[53.0183209,67.6304601],[53.0183364,67.6304448],[53.0183338,67.630435],[53.0183222,67.6304231],[53.0182755,67.6303989],[53.0182482,67.6304083],[53.0181068,67.63035],[53.018138,67.6303387],[53.0180835,67.630316],[53.0180497,67.6303066],[53.0180186,67.6303031],[53.0179823,67.6303022],[53.0179667,67.6303046],[53.0177903,67.6303678],[53.0178681,67.630396],[53.0179421,67.6303683],[53.0181561,67.6304488],[53.0180874,67.6304769],[53.0181834,67.6305125]]]}},{"type":"Feature","id":"osm-context-867175925","properties":{"osmId":867175925,"kind":"area","landuse":"grass","natural":null,"water":null,"waterway":null,"leisure":null,"amenity":null,"railway":null,"name":null,"source":"OpenStreetMap"},"geometry":{"type":"Polygon","coordinates":[[[53.0179027,67.630407],[53.0180637,67.6304677],[53.0180891,67.630458],[53.0179281,67.6303972],[53.0179027,67.630407]]]}},{"type":"Feature","id":"osm-context-867175929","properties":{"osmId":867175929,"kind":"area","landuse":"grass","natural":null,"water":null,"waterway":null,"leisure":null,"amenity":null,"railway":null,"name":null,"source":"OpenStreetMap"},"geometry":{"type":"Polygon","coordinates":[[[53.0181376,67.630528],[53.0177785,67.6303839],[53.017467,67.6305036],[53.0175238,67.6305247],[53.0177193,67.6304466],[53.0179838,67.6305373],[53.0166548,67.631068],[53.0164402,67.631064],[53.0163182,67.6311132],[53.0164895,67.6311716],[53.0181376,67.630528]]]}},{"type":"Feature","id":"osm-context-867175930","properties":{"osmId":867175930,"kind":"area","landuse":"grass","natural":null,"water":null,"waterway":null,"leisure":null,"amenity":null,"railway":null,"name":null,"source":"OpenStreetMap"},"geometry":{"type":"Polygon","coordinates":[[[53.0164402,67.631064],[53.0158121,67.6308392],[53.0156372,67.6309034],[53.0163182,67.6311132],[53.0164402,67.631064]]]}},{"type":"Feature","id":"osm-context-867175932","properties":{"osmId":867175932,"kind":"area","landuse":null,"natural":null,"water":null,"waterway":null,"leisure":null,"amenity":"parking","railway":null,"name":null,"source":"OpenStreetMap"},"geometry":{"type":"Polygon","coordinates":[[[53.018243,67.6305829],[53.0183248,67.6306143],[53.0183617,67.6306004],[53.0184813,67.6305552],[53.0183995,67.6305238],[53.018243,67.6305829]]]}},{"type":"Feature","id":"osm-context-867175933","properties":{"osmId":867175933,"kind":"area","landuse":"grass","natural":null,"water":null,"waterway":null,"leisure":null,"amenity":null,"railway":null,"name":null,"source":"OpenStreetMap"},"geometry":{"type":"Polygon","coordinates":[[[53.018243,67.6305829],[53.0183248,67.6306143],[53.0183617,67.6306004],[53.0185579,67.6306811],[53.0187774,67.6307619],[53.0189356,67.6308214],[53.0189109,67.6308292],[53.0189532,67.630843],[53.0188867,67.6308579],[53.0188439,67.6308599],[53.0187948,67.6308531],[53.0182032,67.6306294],[53.0181968,67.6306141],[53.0181942,67.6306038],[53.0182045,67.6305973],[53.018243,67.6305829]]]}},{"type":"Feature","id":"osm-context-867175939","properties":{"osmId":867175939,"kind":"area","landuse":"grass","natural":null,"water":null,"waterway":null,"leisure":null,"amenity":null,"railway":null,"name":null,"source":"OpenStreetMap"},"geometry":{"type":"Polygon","coordinates":[[[53.0152199,67.6348864],[53.0150495,67.6348215],[53.0150404,67.6347923],[53.0155125,67.6346376],[53.015709,67.6347304],[53.0155058,67.6347946],[53.0152199,67.6348864]]]}},{"type":"Feature","id":"osm-context-867175940","properties":{"osmId":867175940,"kind":"area","landuse":"grass","natural":null,"water":null,"waterway":null,"leisure":null,"amenity":null,"railway":null,"name":null,"source":"OpenStreetMap"},"geometry":{"type":"Polygon","coordinates":[[[53.0166916,67.6372958],[53.016367,67.6373395],[53.016382,67.6373655],[53.0166911,67.6373316],[53.0166916,67.6372958]]]}},{"type":"Feature","id":"osm-context-867175941","properties":{"osmId":867175941,"kind":"area","landuse":"grass","natural":null,"water":null,"waterway":null,"leisure":null,"amenity":null,"railway":null,"name":null,"source":"OpenStreetMap"},"geometry":{"type":"Polygon","coordinates":[[[53.016301,67.637347],[53.0160685,67.6373774],[53.0160754,67.6374041],[53.0163195,67.6373748],[53.016301,67.637347]]]}},{"type":"Feature","id":"osm-context-867175942","properties":{"osmId":867175942,"kind":"area","landuse":"grass","natural":null,"water":null,"waterway":null,"leisure":null,"amenity":null,"railway":null,"name":null,"source":"OpenStreetMap"},"geometry":{"type":"Polygon","coordinates":[[[53.0159347,67.6373927],[53.0160282,67.6373795],[53.0160248,67.6374099],[53.015915,67.6374254],[53.0159347,67.6373927]]]}},{"type":"Feature","id":"osm-context-867175949","properties":{"osmId":867175949,"kind":"area","landuse":"grass","natural":null,"water":null,"waterway":null,"leisure":null,"amenity":null,"railway":null,"name":null,"source":"OpenStreetMap"},"geometry":{"type":"Polygon","coordinates":[[[53.0089877,67.6376742],[53.0090669,67.6376041],[53.0093237,67.6376465],[53.0089877,67.6376742]]]}},{"type":"Feature","id":"osm-context-867175966","properties":{"osmId":867175966,"kind":"area","landuse":"grass","natural":null,"water":null,"waterway":null,"leisure":null,"amenity":null,"railway":null,"name":null,"source":"OpenStreetMap"},"geometry":{"type":"Polygon","coordinates":[[[53.0064063,67.6394723],[53.0063695,67.6394659],[53.006326,67.6395019],[53.0060714,67.6397142],[53.0061239,67.6397225],[53.0064063,67.6394723]]]}},{"type":"Feature","id":"osm-context-867175967","properties":{"osmId":867175967,"kind":"area","landuse":"grass","natural":null,"water":null,"waterway":null,"leisure":null,"amenity":null,"railway":null,"name":null,"source":"OpenStreetMap"},"geometry":{"type":"Polygon","coordinates":[[[53.0060522,67.6397941],[53.0058247,67.6400049],[53.0057762,67.6399747],[53.005987,67.6397846],[53.0060522,67.6397941]]]}},{"type":"Feature","id":"osm-context-867205813","properties":{"osmId":867205813,"kind":"area","landuse":"grass","natural":null,"water":null,"waterway":null,"leisure":null,"amenity":null,"railway":null,"name":null,"source":"OpenStreetMap"},"geometry":{"type":"Polygon","coordinates":[[[53.0150396,67.6349443],[53.0148739,67.6348719],[53.0147711,67.6349045],[53.0147429,67.6348908],[53.0144346,67.6349887],[53.0144211,67.6350042],[53.0144222,67.635024],[53.0144391,67.6350382],[53.0145927,67.6351039],[53.0147424,67.6350523],[53.0147262,67.635045],[53.0150396,67.6349443]]]}},{"type":"Feature","id":"osm-context-867205842","properties":{"osmId":867205842,"kind":"area","landuse":"grass","natural":null,"water":null,"waterway":null,"leisure":null,"amenity":null,"railway":null,"name":null,"source":"OpenStreetMap"},"geometry":{"type":"Polygon","coordinates":[[[53.0077123,67.6416954],[53.0083494,67.6418069],[53.0083457,67.6417941],[53.0083398,67.6417867],[53.0083311,67.6417787],[53.0077362,67.6416732],[53.0077123,67.6416954]]]}},{"type":"Feature","id":"osm-context-867205843","properties":{"osmId":867205843,"kind":"area","landuse":"grass","natural":null,"water":null,"waterway":null,"leisure":null,"amenity":null,"railway":null,"name":null,"source":"OpenStreetMap"},"geometry":{"type":"Polygon","coordinates":[[[53.0085485,67.6418405],[53.0095598,67.6420122],[53.0095646,67.6420046],[53.0095555,67.6419982],[53.0095454,67.641993],[53.0095262,67.6419853],[53.0086295,67.6418315],[53.0085911,67.6418311],[53.008564,67.6418332],[53.0085485,67.6418405]]]}},{"type":"Feature","id":"osm-context-867205844","properties":{"osmId":867205844,"kind":"area","landuse":"grass","natural":null,"water":null,"waterway":null,"leisure":null,"amenity":null,"railway":null,"name":null,"source":"OpenStreetMap"},"geometry":{"type":"Polygon","coordinates":[[[53.0076149,67.6417041],[53.0076871,67.6417153],[53.009367,67.6420016],[53.009149,67.6421936],[53.0091298,67.6421997],[53.0091016,67.6421997],[53.0090632,67.6421949],[53.0090259,67.6421885],[53.0090757,67.6421391],[53.0092248,67.6420064],[53.0077196,67.6417618],[53.0075706,67.6418945],[53.0075273,67.6419329],[53.0073753,67.6419066],[53.0075995,67.6417156],[53.0076149,67.6417041]]]}},{"type":"Feature","id":"osm-context-867205845","properties":{"osmId":867205845,"kind":"area","landuse":"grass","natural":null,"water":null,"waterway":null,"leisure":null,"amenity":null,"railway":null,"name":null,"source":"OpenStreetMap"},"geometry":{"type":"Polygon","coordinates":[[[53.0096987,67.6420334],[53.0101101,67.6421037],[53.0101327,67.6420861],[53.0097638,67.6420229],[53.0097313,67.6420229],[53.0097133,67.6420265],[53.0096987,67.6420334]]]}},{"type":"Feature","id":"osm-context-867205846","properties":{"osmId":867205846,"kind":"area","landuse":"grass","natural":null,"water":null,"waterway":null,"leisure":null,"amenity":null,"railway":null,"name":null,"source":"OpenStreetMap"},"geometry":{"type":"Polygon","coordinates":[[[53.0095194,67.6425528],[53.0094795,67.6425877],[53.0097358,67.6426273],[53.0101798,67.6422289],[53.0101888,67.6421971],[53.0101739,67.6421716],[53.01015,67.6421484],[53.0101143,67.6421308],[53.0100859,67.6421226],[53.0096762,67.6420549],[53.00963,67.6421036],[53.0096596,67.6421153],[53.0099558,67.6421633],[53.0095194,67.6425528]]]}},{"type":"Feature","id":"osm-context-867205848","properties":{"osmId":867205848,"kind":"area","landuse":"grass","natural":null,"water":null,"waterway":null,"leisure":null,"amenity":null,"railway":null,"name":null,"source":"OpenStreetMap"},"geometry":{"type":"Polygon","coordinates":[[[53.0072479,67.6419584],[53.0066524,67.6424804],[53.0066414,67.6424752],[53.0066349,67.6424658],[53.0066381,67.6424522],[53.0066427,67.6424436],[53.0071505,67.6419931],[53.0071752,67.6419756],[53.0071979,67.6419659],[53.0072167,67.641961],[53.0072479,67.6419584]]]}},{"type":"Feature","id":"osm-context-867205849","properties":{"osmId":867205849,"kind":"area","landuse":"grass","natural":null,"water":null,"waterway":null,"leisure":null,"amenity":null,"railway":null,"name":null,"source":"OpenStreetMap"},"geometry":{"type":"Polygon","coordinates":[[[53.0060937,67.6429174],[53.0061479,67.6429271],[53.0064569,67.6426612],[53.0064579,67.642648],[53.0064152,67.6426328],[53.0060937,67.6429174]]]}},{"type":"Feature","id":"osm-context-867205850","properties":{"osmId":867205850,"kind":"area","landuse":"grass","natural":null,"water":null,"waterway":null,"leisure":null,"amenity":null,"railway":null,"name":null,"source":"OpenStreetMap"},"geometry":{"type":"Polygon","coordinates":[[[53.0059477,67.6428916],[53.0058918,67.6428827],[53.0062008,67.6426028],[53.0062617,67.6426121],[53.0059477,67.6428916]]]}},{"type":"Feature","id":"osm-context-867205851","properties":{"osmId":867205851,"kind":"area","landuse":"grass","natural":null,"water":null,"waterway":null,"leisure":null,"amenity":null,"railway":null,"name":null,"source":"OpenStreetMap"},"geometry":{"type":"Polygon","coordinates":[[[53.0059324,67.6430698],[53.0059711,67.643076],[53.0058877,67.6431479],[53.0058738,67.6431402],[53.005867,67.6431322],[53.0058682,67.643126],[53.0059324,67.6430698]]]}},{"type":"Feature","id":"osm-context-867205852","properties":{"osmId":867205852,"kind":"area","landuse":"grass","natural":null,"water":null,"waterway":null,"leisure":null,"amenity":null,"railway":null,"name":null,"source":"OpenStreetMap"},"geometry":{"type":"Polygon","coordinates":[[[53.0058841,67.6432718],[53.0062767,67.6433361],[53.0062897,67.6433254],[53.0062884,67.6433136],[53.0060265,67.6432703],[53.0060588,67.643242],[53.0060381,67.6432395],[53.0059434,67.6432242],[53.0058841,67.6432718]]]}},{"type":"Feature","id":"osm-context-867205853","properties":{"osmId":867205853,"kind":"area","landuse":"grass","natural":null,"water":null,"waterway":null,"leisure":null,"amenity":null,"railway":null,"name":null,"source":"OpenStreetMap"},"geometry":{"type":"Polygon","coordinates":[[[53.0046815,67.6443353],[53.0044977,67.6444986],[53.0044544,67.6444917],[53.0046331,67.6443271],[53.0046815,67.6443353]]]}},{"type":"Feature","id":"osm-context-867219197","properties":{"osmId":867219197,"kind":"area","landuse":"industrial","natural":null,"water":null,"waterway":null,"leisure":null,"amenity":null,"railway":null,"name":"ЦОС ПОК и ТС","source":"OpenStreetMap"},"geometry":{"type":"Polygon","coordinates":[[[52.9865134,67.6420362],[52.9865103,67.6418205],[52.9865534,67.6417549],[52.9866459,67.6417092],[52.9870661,67.6416019],[52.9876688,67.6414432],[52.9879039,67.6414096],[52.9880677,67.6414216],[52.9881382,67.64144],[52.9881802,67.6414619],[52.9886693,67.6417647],[52.9888728,67.6418907],[52.9889115,67.6418818],[52.9907188,67.6430303],[52.9908093,67.6430893],[52.9905489,67.6431434],[52.9904213,67.6431956],[52.9898863,67.6432924],[52.9889999,67.6434725],[52.9888529,67.6433736],[52.9887586,67.6433939],[52.9884918,67.6432144],[52.9882566,67.643265],[52.9882077,67.6432769],[52.9875794,67.6428507],[52.9869509,67.642437],[52.9869786,67.6423011],[52.9865134,67.6420362]]]}},{"type":"Feature","id":"osm-context-867219203","properties":{"osmId":867219203,"kind":"area","landuse":"grass","natural":null,"water":null,"waterway":null,"leisure":null,"amenity":null,"railway":null,"name":null,"source":"OpenStreetMap"},"geometry":{"type":"Polygon","coordinates":[[[53.0040815,67.6446719],[53.0041684,67.6446857],[53.0040633,67.6447745],[53.0039998,67.64474],[53.0040815,67.6446719]]]}},{"type":"Feature","id":"osm-context-867219207","properties":{"osmId":867219207,"kind":"area","landuse":"grass","natural":null,"water":null,"waterway":null,"leisure":null,"amenity":null,"railway":null,"name":null,"source":"OpenStreetMap"},"geometry":{"type":"Polygon","coordinates":[[[53.0036145,67.6451727],[53.0037767,67.6450296],[53.0036638,67.6450321],[53.0035561,67.6451248],[53.0035691,67.6451461],[53.0035976,67.6451658],[53.0036145,67.6451727]]]}},{"type":"Feature","id":"osm-context-867219208","properties":{"osmId":867219208,"kind":"area","landuse":null,"natural":null,"water":null,"waterway":null,"leisure":null,"amenity":"parking","railway":null,"name":null,"source":"OpenStreetMap"},"geometry":{"type":"Polygon","coordinates":[[[53.0036638,67.6450321],[53.0037767,67.6450296],[53.0040633,67.6447745],[53.0039998,67.64474],[53.0036638,67.6450321]]]}},{"type":"Feature","id":"osm-context-867219211","properties":{"osmId":867219211,"kind":"area","landuse":"grass","natural":null,"water":null,"waterway":null,"leisure":null,"amenity":null,"railway":null,"name":null,"source":"OpenStreetMap"},"geometry":{"type":"Polygon","coordinates":[[[53.0034752,67.6452979],[53.0035678,67.6452196],[53.0035211,67.6452206],[53.0034692,67.6452265],[53.0034394,67.6452319],[53.0034147,67.6452383],[53.0033862,67.645262],[53.0033914,67.6452733],[53.003407,67.6452837],[53.0034752,67.6452979]]]}},{"type":"Feature","id":"osm-context-867219212","properties":{"osmId":867219212,"kind":"area","landuse":null,"natural":null,"water":null,"waterway":null,"leisure":null,"amenity":"parking","railway":null,"name":null,"source":"OpenStreetMap"},"geometry":{"type":"Polygon","coordinates":[[[53.0027129,67.6458516],[53.0028188,67.6458445],[53.0028644,67.6458037],[53.0029005,67.6457757],[53.0034752,67.6452979],[53.003407,67.6452837],[53.0033914,67.6452733],[53.0033862,67.645262],[53.0027129,67.6458516]]]}},{"type":"Feature","id":"osm-context-867219227","properties":{"osmId":867219227,"kind":"area","landuse":"grass","natural":null,"water":null,"waterway":null,"leisure":null,"amenity":null,"railway":null,"name":null,"source":"OpenStreetMap"},"geometry":{"type":"Polygon","coordinates":[[[53.0040926,67.6448707],[53.0040306,67.6448606],[53.0042172,67.6446975],[53.004285,67.6447092],[53.004206,67.6447737],[53.0040926,67.6448707]]]}},{"type":"Feature","id":"osm-context-867219228","properties":{"osmId":867219228,"kind":"area","landuse":"grass","natural":null,"water":null,"waterway":null,"leisure":null,"amenity":null,"railway":null,"name":null,"source":"OpenStreetMap"},"geometry":{"type":"Polygon","coordinates":[[[53.0040518,67.6449056],[53.0039921,67.6448957],[53.003779,67.6450819],[53.0038351,67.6450909],[53.0040518,67.6449056]]]}},{"type":"Feature","id":"osm-context-867219229","properties":{"osmId":867219229,"kind":"area","landuse":"grass","natural":null,"water":null,"waterway":null,"leisure":null,"amenity":null,"railway":null,"name":null,"source":"OpenStreetMap"},"geometry":{"type":"Polygon","coordinates":[[[53.0037945,67.6451257],[53.0037362,67.6451164],[53.0036583,67.6451835],[53.0037153,67.6451934],[53.0037945,67.6451257]]]}},{"type":"Feature","id":"osm-context-867219230","properties":{"osmId":867219230,"kind":"area","landuse":"grass","natural":null,"water":null,"waterway":null,"leisure":null,"amenity":null,"railway":null,"name":null,"source":"OpenStreetMap"},"geometry":{"type":"Polygon","coordinates":[[[53.0036686,67.6452334],[53.003613,67.6452233],[53.0034975,67.6453183],[53.0035574,67.6453284],[53.0036686,67.6452334]]]}},{"type":"Feature","id":"osm-context-867219231","properties":{"osmId":867219231,"kind":"area","landuse":"grass","natural":null,"water":null,"waterway":null,"leisure":null,"amenity":null,"railway":null,"name":null,"source":"OpenStreetMap"},"geometry":{"type":"Polygon","coordinates":[[[53.003512,67.6453672],[53.0034135,67.6454515],[53.0033557,67.6454425],[53.0034533,67.6453575],[53.003512,67.6453672]]]}},{"type":"Feature","id":"osm-context-867219232","properties":{"osmId":867219232,"kind":"area","landuse":"grass","natural":null,"water":null,"waterway":null,"leisure":null,"amenity":null,"railway":null,"name":null,"source":"OpenStreetMap"},"geometry":{"type":"Polygon","coordinates":[[[53.0033915,67.6454703],[53.0032729,67.6455717],[53.0032153,67.6455621],[53.0033323,67.6454612],[53.0033915,67.6454703]]]}},{"type":"Feature","id":"osm-context-867219233","properties":{"osmId":867219233,"kind":"area","landuse":"grass","natural":null,"water":null,"waterway":null,"leisure":null,"amenity":null,"railway":null,"name":null,"source":"OpenStreetMap"},"geometry":{"type":"Polygon","coordinates":[[[53.0032313,67.6456073],[53.0030219,67.6457864],[53.0029597,67.645776],[53.0031701,67.6455973],[53.0032313,67.6456073]]]}},{"type":"Feature","id":"osm-context-867219234","properties":{"osmId":867219234,"kind":"area","landuse":"grass","natural":null,"water":null,"waterway":null,"leisure":null,"amenity":null,"railway":null,"name":null,"source":"OpenStreetMap"},"geometry":{"type":"Polygon","coordinates":[[[53.0029777,67.6458242],[53.0029135,67.6458134],[53.0027852,67.645927],[53.0028468,67.6459372],[53.002862,67.6459232],[53.0029777,67.6458242]]]}},{"type":"Feature","id":"osm-context-867449939","properties":{"osmId":867449939,"kind":"area","landuse":"grass","natural":null,"water":null,"waterway":null,"leisure":null,"amenity":null,"railway":null,"name":null,"source":"OpenStreetMap"},"geometry":{"type":"Polygon","coordinates":[[[53.0019978,67.6407378],[53.0025532,67.6408294],[53.0025432,67.6408127],[53.0025194,67.640803],[53.0024925,67.640794],[53.0020813,67.6407282],[53.002019,67.640724],[53.00201,67.6407299],[53.0019978,67.6407378]]]}},{"type":"Feature","id":"osm-context-867449940","properties":{"osmId":867449940,"kind":"area","landuse":"grass","natural":null,"water":null,"waterway":null,"leisure":null,"amenity":null,"railway":null,"name":null,"source":"OpenStreetMap"},"geometry":{"type":"Polygon","coordinates":[[[53.0026781,67.64085],[53.003135,67.6409253],[53.0031337,67.6409142],[53.0031273,67.6409062],[53.003102,67.6408943],[53.0027816,67.640841],[53.002728,67.640841],[53.0026781,67.64085]]]}},{"type":"Feature","id":"osm-context-867449942","properties":{"osmId":867449942,"kind":"area","landuse":"grass","natural":null,"water":null,"waterway":null,"leisure":null,"amenity":null,"railway":null,"name":null,"source":"OpenStreetMap"},"geometry":{"type":"Polygon","coordinates":[[[53.0045524,67.641159],[53.0045836,67.6411307],[53.0034179,67.6409447],[53.0033657,67.6409447],[53.0033132,67.6409547],[53.0045524,67.641159]]]}},{"type":"Feature","id":"osm-context-867449947","properties":{"osmId":867449947,"kind":"area","landuse":"grass","natural":null,"water":null,"waterway":null,"leisure":null,"amenity":null,"railway":null,"name":null,"source":"OpenStreetMap"},"geometry":{"type":"Polygon","coordinates":[[[53.0021185,67.6406375],[53.0021155,67.6406511],[53.0021319,67.6406624],[53.0021543,67.6406715],[53.0022005,67.6406834],[53.0024791,67.6407276],[53.0025179,67.6407282],[53.0025492,67.6407248],[53.0025795,67.6407123],[53.0021185,67.6406375]]]}},{"type":"Feature","id":"osm-context-867449948","properties":{"osmId":867449948,"kind":"area","landuse":"grass","natural":null,"water":null,"waterway":null,"leisure":null,"amenity":null,"railway":null,"name":null,"source":"OpenStreetMap"},"geometry":{"type":"Polygon","coordinates":[[[53.0027609,67.6407418],[53.0027488,67.6407526],[53.0027578,67.6407673],[53.0027712,67.6407753],[53.003476,67.6408898],[53.0035103,67.6408637],[53.0027609,67.6407418]]]}},{"type":"Feature","id":"osm-context-867449949","properties":{"osmId":867449949,"kind":"area","landuse":"grass","natural":null,"water":null,"waterway":null,"leisure":null,"amenity":null,"railway":null,"name":null,"source":"OpenStreetMap"},"geometry":{"type":"Polygon","coordinates":[[[53.0036495,67.640886],[53.0036176,67.6409113],[53.0040009,67.6409751],[53.0040325,67.6409481],[53.0036495,67.640886]]]}},{"type":"Feature","id":"osm-context-867449950","properties":{"osmId":867449950,"kind":"area","landuse":"grass","natural":null,"water":null,"waterway":null,"leisure":null,"amenity":null,"railway":null,"name":null,"source":"OpenStreetMap"},"geometry":{"type":"Polygon","coordinates":[[[53.0041588,67.6409686],[53.0041264,67.6409953],[53.0046376,67.6410815],[53.0046655,67.6410561],[53.0046711,67.6410518],[53.0041588,67.6409686]]]}},{"type":"Feature","id":"osm-context-867449952","properties":{"osmId":867449952,"kind":"area","landuse":"grass","natural":null,"water":null,"waterway":null,"leisure":null,"amenity":null,"railway":null,"name":null,"source":"OpenStreetMap"},"geometry":{"type":"Polygon","coordinates":[[[53.0037274,67.6408789],[53.0040551,67.6409327],[53.0041959,67.6408153],[53.0042015,67.6407994],[53.0041914,67.6407848],[53.0041789,67.6407758],[53.0041484,67.6407668],[53.0041044,67.6407603],[53.0040604,67.6407573],[53.004022,67.6407608],[53.004005,67.6407663],[53.0039791,67.6407895],[53.0038548,67.6407681],[53.0037274,67.6408789]]]}},{"type":"Feature","id":"osm-context-867449957","properties":{"osmId":867449957,"kind":"area","landuse":"grass","natural":null,"water":null,"waterway":null,"leisure":null,"amenity":null,"railway":null,"name":null,"source":"OpenStreetMap"},"geometry":{"type":"Polygon","coordinates":[[[53.0014381,67.6410955],[53.0017656,67.6408348],[53.0017069,67.6408245],[53.0014223,67.64105],[53.0014144,67.641068],[53.0014189,67.6410818],[53.0014381,67.6410955]]]}},{"type":"Feature","id":"osm-context-867449959","properties":{"osmId":867449959,"kind":"area","landuse":"grass","natural":null,"water":null,"waterway":null,"leisure":null,"amenity":null,"railway":null,"name":null,"source":"OpenStreetMap"},"geometry":{"type":"Polygon","coordinates":[[[53.0038001,67.6396942],[53.0045463,67.6398143],[53.0045672,67.6397957],[53.0038868,67.6396894],[53.0038001,67.6396942]]]}},{"type":"Feature","id":"osm-context-867449960","properties":{"osmId":867449960,"kind":"area","landuse":"grass","natural":null,"water":null,"waterway":null,"leisure":null,"amenity":null,"railway":null,"name":null,"source":"OpenStreetMap"},"geometry":{"type":"Polygon","coordinates":[[[53.004998,67.6398634],[53.005717,67.6399763],[53.0057989,67.6400288],[53.0057716,67.6400541],[53.0049379,67.639916],[53.004998,67.6398634]]]}},{"type":"Feature","id":"osm-context-867599400","properties":{"osmId":867599400,"kind":"area","landuse":"grass","natural":null,"water":null,"waterway":null,"leisure":null,"amenity":null,"railway":null,"name":null,"source":"OpenStreetMap"},"geometry":{"type":"Polygon","coordinates":[[[53.0057951,67.6428951],[53.005442,67.6428371],[53.0054387,67.6428461],[53.0054409,67.6428521],[53.0054539,67.642862],[53.0054697,67.6428693],[53.0054951,67.6428755],[53.0057647,67.6429199],[53.0057951,67.6428951]]]}},{"type":"Feature","id":"osm-context-867599405","properties":{"osmId":867599405,"kind":"area","landuse":"grass","natural":null,"water":null,"waterway":null,"leisure":null,"amenity":null,"railway":null,"name":null,"source":"OpenStreetMap"},"geometry":{"type":"Polygon","coordinates":[[[53.0053049,67.6428159],[53.0044799,67.6426832],[53.004481,67.642696],[53.0044887,67.6427103],[53.004517,67.642721],[53.0051597,67.6428239],[53.0052231,67.642834],[53.0052449,67.6428342],[53.0052693,67.6428317],[53.0052898,67.6428255],[53.0053049,67.6428159]]]}},{"type":"Feature","id":"osm-context-867599407","properties":{"osmId":867599407,"kind":"area","landuse":"grass","natural":null,"water":null,"waterway":null,"leisure":null,"amenity":null,"railway":null,"name":null,"source":"OpenStreetMap"},"geometry":{"type":"Polygon","coordinates":[[[53.0042131,67.6426401],[53.004202,67.6426505],[53.0042011,67.6426593],[53.0042122,67.6426671],[53.0042388,67.6426746],[53.0042756,67.6426782],[53.004303,67.6426779],[53.0043244,67.6426756],[53.0043475,67.6426613],[53.0042131,67.6426401]]]}},{"type":"Feature","id":"osm-context-867599412","properties":{"osmId":867599412,"kind":"area","landuse":"grass","natural":null,"water":null,"waterway":null,"leisure":null,"amenity":null,"railway":null,"name":null,"source":"OpenStreetMap"},"geometry":{"type":"Polygon","coordinates":[[[53.0035346,67.6425343],[53.0037009,67.6425615],[53.0036878,67.6425695],[53.0036655,67.6425763],[53.0036439,67.6425778],[53.0035102,67.6425559],[53.0035346,67.6425343]]]}},{"type":"Feature","id":"osm-context-867599413","properties":{"osmId":867599413,"kind":"area","landuse":null,"natural":null,"water":null,"waterway":null,"leisure":null,"amenity":"parking","railway":null,"name":null,"source":"OpenStreetMap"},"geometry":{"type":"Polygon","coordinates":[[[53.0037009,67.6425615],[53.0037118,67.6425633],[53.0038564,67.6425519],[53.0041611,67.6426037],[53.004185,67.6426343],[53.0042131,67.6426401],[53.004202,67.6426505],[53.0042011,67.6426593],[53.0042122,67.6426671],[53.0036655,67.6425763],[53.0036878,67.6425695],[53.0037009,67.6425615]]]}},{"type":"Feature","id":"osm-context-867599417","properties":{"osmId":867599417,"kind":"area","landuse":"grass","natural":null,"water":null,"waterway":null,"leisure":null,"amenity":null,"railway":null,"name":null,"source":"OpenStreetMap"},"geometry":{"type":"Polygon","coordinates":[[[53.0056831,67.6430005],[53.0057109,67.6429762],[53.0034494,67.6426121],[53.0034259,67.6426333],[53.005046,67.6428966],[53.0050735,67.6429017],[53.0050975,67.6429058],[53.0056831,67.6430005]]]}},{"type":"Feature","id":"osm-context-867599420","properties":{"osmId":867599420,"kind":"area","landuse":"grass","natural":null,"water":null,"waterway":null,"leisure":null,"amenity":null,"railway":null,"name":null,"source":"OpenStreetMap"},"geometry":{"type":"Polygon","coordinates":[[[53.0034739,67.6425257],[53.0033393,67.6425035],[53.0033155,67.642524],[53.003451,67.6425461],[53.0034739,67.6425257]]]}},{"type":"Feature","id":"osm-context-867626191","properties":{"osmId":867626191,"kind":"area","landuse":"grass","natural":null,"water":null,"waterway":null,"leisure":null,"amenity":null,"railway":null,"name":null,"source":"OpenStreetMap"},"geometry":{"type":"Polygon","coordinates":[[[53.000604,67.6421766],[53.0006088,67.6421428],[53.0003477,67.6421004],[53.0003149,67.6421299],[53.000604,67.6421766]]]}},{"type":"Feature","id":"osm-context-867626193","properties":{"osmId":867626193,"kind":"area","landuse":"grass","natural":null,"water":null,"waterway":null,"leisure":null,"amenity":null,"railway":null,"name":null,"source":"OpenStreetMap"},"geometry":{"type":"Polygon","coordinates":[[[53.0015481,67.6423004],[53.0015204,67.6423241],[53.0013452,67.6422958],[53.0014223,67.6422796],[53.0015481,67.6423004]]]}},{"type":"Feature","id":"osm-context-867626194","properties":{"osmId":867626194,"kind":"area","landuse":"grass","natural":null,"water":null,"waterway":null,"leisure":null,"amenity":null,"railway":null,"name":null,"source":"OpenStreetMap"},"geometry":{"type":"Polygon","coordinates":[[[53.0016,67.6423094],[53.0015724,67.6423328],[53.0021235,67.642421],[53.0021493,67.6423969],[53.0016,67.6423094]]]}},{"type":"Feature","id":"osm-context-867626197","properties":{"osmId":867626197,"kind":"area","landuse":"grass","natural":null,"water":null,"waterway":null,"leisure":null,"amenity":null,"railway":null,"name":null,"source":"OpenStreetMap"},"geometry":{"type":"Polygon","coordinates":[[[53.0029884,67.6425334],[53.0029586,67.6425566],[53.0025398,67.6424891],[53.0025598,67.6424854],[53.0025923,67.6424813],[53.0026267,67.6424791],[53.002663,67.6424802],[53.0029884,67.6425334]]]}},{"type":"Feature","id":"osm-context-867626199","properties":{"osmId":867626199,"kind":"area","landuse":"grass","natural":null,"water":null,"waterway":null,"leisure":null,"amenity":null,"railway":null,"name":null,"source":"OpenStreetMap"},"geometry":{"type":"Polygon","coordinates":[[[53.0030673,67.6424825],[53.0030944,67.6424587],[53.0026883,67.6423942],[53.0026768,67.6424032],[53.0026748,67.6424147],[53.0026925,67.6424222],[53.0030673,67.6424825]]]}},{"type":"Feature","id":"osm-context-867626202","properties":{"osmId":867626202,"kind":"area","landuse":"grass","natural":null,"water":null,"waterway":null,"leisure":null,"amenity":null,"railway":null,"name":null,"source":"OpenStreetMap"},"geometry":{"type":"Polygon","coordinates":[[[53.0025996,67.6429661],[53.0030194,67.6426],[53.0030656,67.6426079],[53.0026488,67.6429736],[53.0025996,67.6429661]]]}},{"type":"Feature","id":"osm-context-867626208","properties":{"osmId":867626208,"kind":"area","landuse":"grass","natural":null,"water":null,"waterway":null,"leisure":null,"amenity":null,"railway":null,"name":null,"source":"OpenStreetMap"},"geometry":{"type":"Polygon","coordinates":[[[53.0016113,67.6423912],[53.0016402,67.6423683],[53.0021815,67.6424557],[53.0021539,67.6424789],[53.0020058,67.6424565],[53.0016113,67.6423912]]]}},{"type":"Feature","id":"osm-context-867626209","properties":{"osmId":867626209,"kind":"area","landuse":"grass","natural":null,"water":null,"waterway":null,"leisure":null,"amenity":null,"railway":null,"name":null,"source":"OpenStreetMap"},"geometry":{"type":"Polygon","coordinates":[[[53.0024968,67.6425065],[53.0024706,67.6425269],[53.002936,67.6425963],[53.0025672,67.6429155],[53.0025576,67.642931],[53.0029581,67.6425814],[53.0029359,67.6425772],[53.0024968,67.6425065]]]}},{"type":"Feature","id":"osm-context-867626213","properties":{"osmId":867626213,"kind":"area","landuse":"grass","natural":null,"water":null,"waterway":null,"leisure":null,"amenity":null,"railway":null,"name":null,"source":"OpenStreetMap"},"geometry":{"type":"Polygon","coordinates":[[[53.0025355,67.6423698],[53.0016855,67.6422383],[53.0016606,67.6422598],[53.0024534,67.6423895],[53.0024854,67.6423892],[53.00251,67.6423863],[53.0025355,67.6423698]]]}},{"type":"Feature","id":"osm-context-867626215","properties":{"osmId":867626215,"kind":"area","landuse":"grass","natural":null,"water":null,"waterway":null,"leisure":null,"amenity":null,"railway":null,"name":null,"source":"OpenStreetMap"},"geometry":{"type":"Polygon","coordinates":[[[53.0016225,67.642228],[53.0004406,67.6420335],[53.0004195,67.6420514],[53.0015977,67.6422489],[53.0016225,67.642228]]]}},{"type":"Feature","id":"osm-context-867626222","properties":{"osmId":867626222,"kind":"area","landuse":null,"natural":"wood","water":null,"waterway":null,"leisure":null,"amenity":null,"railway":null,"name":null,"source":"OpenStreetMap"},"geometry":{"type":"Polygon","coordinates":[[[53.0049614,67.6429596],[53.0050092,67.6429172],[53.0045193,67.6428371],[53.0044856,67.6428736],[53.0049614,67.6429596]]]}},{"type":"Feature","id":"osm-context-867626230","properties":{"osmId":867626230,"kind":"area","landuse":"grass","natural":null,"water":null,"waterway":null,"leisure":null,"amenity":null,"railway":null,"name":null,"source":"OpenStreetMap"},"geometry":{"type":"Polygon","coordinates":[[[53.0031643,67.6424715],[53.0032165,67.6424801],[53.0031915,67.6425025],[53.0031381,67.642494],[53.0031643,67.6424715]]]}},{"type":"Feature","id":"osm-context-867626236","properties":{"osmId":867626236,"kind":"area","landuse":"grass","natural":null,"water":null,"waterway":null,"leisure":null,"amenity":null,"railway":null,"name":null,"source":"OpenStreetMap"},"geometry":{"type":"Polygon","coordinates":[[[53.0034573,67.6422091],[53.003512,67.6422185],[53.00324,67.6424594],[53.0031869,67.6424507],[53.0034573,67.6422091]]]}},{"type":"Feature","id":"osm-context-867626239","properties":{"osmId":867626239,"kind":"area","landuse":"grass","natural":null,"water":null,"waterway":null,"leisure":null,"amenity":null,"railway":null,"name":null,"source":"OpenStreetMap"},"geometry":{"type":"Polygon","coordinates":[[[52.9999406,67.6420923],[53.0000148,67.6421039],[52.9999023,67.6421997],[52.9998865,67.6422094],[52.9998629,67.6422154],[52.9998344,67.6422187],[52.999798,67.6422195],[52.9999406,67.6420923]]]}},{"type":"Feature","id":"osm-context-867626242","properties":{"osmId":867626242,"kind":"area","landuse":"grass","natural":null,"water":null,"waterway":null,"leisure":null,"amenity":null,"railway":null,"name":null,"source":"OpenStreetMap"},"geometry":{"type":"Polygon","coordinates":[[[52.9994436,67.6423924],[52.9995185,67.6424046],[52.9998944,67.6420769],[52.9998608,67.6420712],[52.9998191,67.6420641],[52.9994436,67.6423924]]]}},{"type":"Feature","id":"osm-context-867642799","properties":{"osmId":867642799,"kind":"area","landuse":"grass","natural":null,"water":null,"waterway":null,"leisure":null,"amenity":null,"railway":null,"name":null,"source":"OpenStreetMap"},"geometry":{"type":"Polygon","coordinates":[[[53.000216,67.6419152],[53.000139,67.6418967],[53.0003675,67.6416916],[53.0003932,67.6416961],[53.0003587,67.6417904],[53.0003338,67.6418151],[53.000216,67.6419152]]]}},{"type":"Feature","id":"osm-context-867642802","properties":{"osmId":867642802,"kind":"area","landuse":"grass","natural":null,"water":null,"waterway":null,"leisure":null,"amenity":null,"railway":null,"name":null,"source":"OpenStreetMap"},"geometry":{"type":"Polygon","coordinates":[[[52.9991296,67.6418007],[52.9999016,67.6419291],[53.0000561,67.6419247],[53.0000241,67.6419516],[52.9991264,67.6418033],[52.9991296,67.6418007]]]}},{"type":"Feature","id":"osm-context-867642809","properties":{"osmId":867642809,"kind":"area","landuse":"grass","natural":null,"water":null,"waterway":null,"leisure":null,"amenity":null,"railway":null,"name":null,"source":"OpenStreetMap"},"geometry":{"type":"Polygon","coordinates":[[[52.9972985,67.6414632],[52.9973131,67.6414605],[52.9974041,67.6413822],[52.9973943,67.6413811],[52.9972985,67.6414632]]]}},{"type":"Feature","id":"osm-context-867642814","properties":{"osmId":867642814,"kind":"area","landuse":"grass","natural":null,"water":null,"waterway":null,"leisure":null,"amenity":null,"railway":null,"name":null,"source":"OpenStreetMap"},"geometry":{"type":"Polygon","coordinates":[[[52.9988256,67.6419634],[52.9989999,67.6419908],[52.9990157,67.6419931],[52.9990267,67.6419892],[52.9990712,67.6419502],[52.9996247,67.6420372],[52.9996454,67.6420772],[52.9996154,67.6421228],[52.9995535,67.6421833],[52.9995056,67.6422245],[52.9995544,67.642235],[52.999757,67.6420546],[52.9997914,67.642026],[52.999467,67.6419721],[52.9994521,67.6419696],[52.9994321,67.6419663],[52.9989167,67.6418807],[52.9988256,67.6419634]]]}},{"type":"Feature","id":"osm-context-867642829","properties":{"osmId":867642829,"kind":"area","landuse":"grass","natural":null,"water":null,"waterway":null,"leisure":null,"amenity":null,"railway":null,"name":null,"source":"OpenStreetMap"},"geometry":{"type":"Polygon","coordinates":[[[52.9970791,67.6418341],[52.9970012,67.6418199],[52.9969775,67.6417868],[52.9971963,67.6415987],[52.9972174,67.6416024],[52.9975949,67.6416647],[52.9975474,67.6417031],[52.9975421,67.6417065],[52.9973478,67.6416746],[52.9972761,67.6416749],[52.9972423,67.6416904],[52.9970791,67.6418341]]]}},{"type":"Feature","id":"osm-context-867642830","properties":{"osmId":867642830,"kind":"area","landuse":"grass","natural":null,"water":null,"waterway":null,"leisure":null,"amenity":null,"railway":null,"name":null,"source":"OpenStreetMap"},"geometry":{"type":"Polygon","coordinates":[[[52.9976201,67.6416689],[52.9980026,67.6417321],[52.9979586,67.6417694],[52.9979502,67.6417736],[52.9975704,67.6417112],[52.9975739,67.6417079],[52.9976201,67.6416689]]]}},{"type":"Feature","id":"osm-context-867642831","properties":{"osmId":867642831,"kind":"area","landuse":"grass","natural":null,"water":null,"waterway":null,"leisure":null,"amenity":null,"railway":null,"name":null,"source":"OpenStreetMap"},"geometry":{"type":"Polygon","coordinates":[[[52.9980315,67.6417368],[52.9979876,67.6417745],[52.9979819,67.6417788],[52.9983669,67.6418421],[52.9983715,67.6418397],[52.9984154,67.6418003],[52.9980315,67.6417368]]]}},{"type":"Feature","id":"osm-context-867642832","properties":{"osmId":867642832,"kind":"area","landuse":"grass","natural":null,"water":null,"waterway":null,"leisure":null,"amenity":null,"railway":null,"name":null,"source":"OpenStreetMap"},"geometry":{"type":"Polygon","coordinates":[[[52.9984555,67.6418069],[52.9987178,67.6418502],[52.9985098,67.6420377],[52.9984553,67.6420293],[52.9984838,67.6419963],[52.998613,67.6418825],[52.9984072,67.6418487],[52.9984102,67.6418463],[52.9984555,67.6418069]]]}},{"type":"Feature","id":"osm-context-867647235","properties":{"osmId":867647235,"kind":"area","landuse":"grass","natural":null,"water":null,"waterway":null,"leisure":null,"amenity":null,"railway":null,"name":null,"source":"OpenStreetMap"},"geometry":{"type":"Polygon","coordinates":[[[52.9959229,67.6411514],[52.9959408,67.6411408],[52.9965629,67.641241],[52.9965525,67.6412523],[52.9959229,67.6411514]]]}},{"type":"Feature","id":"osm-context-867783658","properties":{"osmId":867783658,"kind":"area","landuse":"grass","natural":null,"water":null,"waterway":null,"leisure":null,"amenity":null,"railway":null,"name":null,"source":"OpenStreetMap"},"geometry":{"type":"Polygon","coordinates":[[[52.9903167,67.6403676],[52.9918936,67.64061],[52.9918818,67.6406191],[52.9918649,67.640623],[52.9918457,67.6406247],[52.9918073,67.6406247],[52.9902962,67.6403872],[52.9903167,67.6403676]]]}},{"type":"Feature","id":"osm-context-867783659","properties":{"osmId":867783659,"kind":"area","landuse":"grass","natural":null,"water":null,"waterway":null,"leisure":null,"amenity":null,"railway":null,"name":null,"source":"OpenStreetMap"},"geometry":{"type":"Polygon","coordinates":[[[52.9920235,67.6406298],[52.994485,67.6410098],[52.9944663,67.641027],[52.9944423,67.641023],[52.994454,67.6410125],[52.9943233,67.6409919],[52.9943086,67.641005],[52.9920758,67.640662],[52.9920431,67.6406547],[52.9920239,67.6406453],[52.9920235,67.6406298]]]}},{"type":"Feature","id":"osm-context-867783661","properties":{"osmId":867783661,"kind":"area","landuse":"grass","natural":null,"water":null,"waterway":null,"leisure":null,"amenity":null,"railway":null,"name":null,"source":"OpenStreetMap"},"geometry":{"type":"Polygon","coordinates":[[[52.9931907,67.6409145],[52.9943617,67.6410974],[52.9943872,67.6410734],[52.9932744,67.6409015],[52.9932394,67.6409027],[52.993216,67.640906],[52.9931907,67.6409145]]]}},{"type":"Feature","id":"osm-context-867783663","properties":{"osmId":867783663,"kind":"area","landuse":"grass","natural":null,"water":null,"waterway":null,"leisure":null,"amenity":null,"railway":null,"name":null,"source":"OpenStreetMap"},"geometry":{"type":"Polygon","coordinates":[[[52.9922075,67.6407609],[52.9931016,67.6409005],[52.9931085,67.6408917],[52.9931016,67.6408824],[52.9930859,67.6408715],[52.9922955,67.6407481],[52.9922542,67.6407492],[52.9922286,67.6407534],[52.9922075,67.6407609]]]}},{"type":"Feature","id":"osm-context-867783665","properties":{"osmId":867783665,"kind":"area","landuse":"grass","natural":null,"water":null,"waterway":null,"leisure":null,"amenity":null,"railway":null,"name":null,"source":"OpenStreetMap"},"geometry":{"type":"Polygon","coordinates":[[[52.9920521,67.6407366],[52.990259,67.6404565],[52.9902268,67.6404513],[52.9902475,67.6404337],[52.9919866,67.6407018],[52.992022,67.6407093],[52.9920456,67.6407183],[52.9920521,67.6407366]]]}},{"type":"Feature","id":"osm-context-867790196","properties":{"osmId":867790196,"kind":"area","landuse":"grass","natural":null,"water":null,"waterway":null,"leisure":null,"amenity":null,"railway":null,"name":null,"source":"OpenStreetMap"},"geometry":{"type":"Polygon","coordinates":[[[52.9951425,67.6427765],[52.995101,67.642767],[52.9957652,67.6422082],[52.9957704,67.6422472],[52.9957661,67.6422509],[52.9951425,67.6427765]]]}},{"type":"Feature","id":"osm-context-867790199","properties":{"osmId":867790199,"kind":"area","landuse":"grass","natural":null,"water":null,"waterway":null,"leisure":null,"amenity":null,"railway":null,"name":null,"source":"OpenStreetMap"},"geometry":{"type":"Polygon","coordinates":[[[52.9974101,67.6413658],[52.9974214,67.6413673],[52.9974253,67.641364],[52.9981058,67.6408005],[52.9980954,67.6407985],[52.9974101,67.6413658]]]}},{"type":"Feature","id":"osm-context-867790202","properties":{"osmId":867790202,"kind":"area","landuse":"grass","natural":null,"water":null,"waterway":null,"leisure":null,"amenity":null,"railway":null,"name":null,"source":"OpenStreetMap"},"geometry":{"type":"Polygon","coordinates":[[[52.9987587,67.6402986],[52.9987726,67.6403006],[52.9987403,67.6403267],[52.9986323,67.6404125],[52.9982881,67.6406915],[52.9982807,67.6406898],[52.9987587,67.6402986]]]}},{"type":"Feature","id":"osm-context-867790203","properties":{"osmId":867790203,"kind":"area","landuse":"grass","natural":null,"water":null,"waterway":null,"leisure":null,"amenity":null,"railway":null,"name":null,"source":"OpenStreetMap"},"geometry":{"type":"Polygon","coordinates":[[[52.9982634,67.6407091],[52.9982106,67.6407524],[52.9982053,67.640751],[52.9982581,67.6407082],[52.9982634,67.6407091]]]}},{"type":"Feature","id":"osm-context-867790207","properties":{"osmId":867790207,"kind":"area","landuse":"grass","natural":null,"water":null,"waterway":null,"leisure":null,"amenity":null,"railway":null,"name":null,"source":"OpenStreetMap"},"geometry":{"type":"Polygon","coordinates":[[[52.9987587,67.6402986],[52.9987726,67.6403006],[52.9987846,67.640291],[52.9988178,67.640282],[52.998799,67.6402808],[52.9987857,67.6402819],[52.9987783,67.6402826],[52.9987587,67.6402986]]]}},{"type":"Feature","id":"osm-context-867790217","properties":{"osmId":867790217,"kind":"area","landuse":"grass","natural":null,"water":null,"waterway":null,"leisure":null,"amenity":null,"railway":null,"name":null,"source":"OpenStreetMap"},"geometry":{"type":"Polygon","coordinates":[[[53.0050175,67.641206],[53.0054111,67.6412737],[53.0054292,67.6412841],[53.0054357,67.6412964],[53.0054359,67.6413067],[53.0049896,67.6412306],[53.0050175,67.641206]]]}},{"type":"Feature","id":"osm-context-867790218","properties":{"osmId":867790218,"kind":"area","landuse":"grass","natural":null,"water":null,"waterway":null,"leisure":null,"amenity":null,"railway":null,"name":null,"source":"OpenStreetMap"},"geometry":{"type":"Polygon","coordinates":[[[53.0045702,67.6412817],[53.0046616,67.6412006],[53.0045979,67.6411901],[53.0045265,67.6412539],[53.0045702,67.6412817]]]}},{"type":"Feature","id":"osm-context-867956604","properties":{"osmId":867956604,"kind":"area","landuse":"grass","natural":null,"water":null,"waterway":null,"leisure":null,"amenity":null,"railway":null,"name":null,"source":"OpenStreetMap"},"geometry":{"type":"Polygon","coordinates":[[[53.0043967,67.6445448],[53.0050846,67.644657],[53.0050752,67.6446653],[53.0043888,67.6445521],[53.0043967,67.6445448]]]}},{"type":"Feature","id":"osm-context-867956605","properties":{"osmId":867956605,"kind":"area","landuse":"grass","natural":null,"water":null,"waterway":null,"leisure":null,"amenity":null,"railway":null,"name":null,"source":"OpenStreetMap"},"geometry":{"type":"Polygon","coordinates":[[[53.0044228,67.6445208],[53.0051107,67.6446341],[53.0051162,67.6446293],[53.0044296,67.6445145],[53.0044228,67.6445208]]]}},{"type":"Feature","id":"osm-context-867956609","properties":{"osmId":867956609,"kind":"area","landuse":"grass","natural":null,"water":null,"waterway":null,"leisure":null,"amenity":null,"railway":null,"name":null,"source":"OpenStreetMap"},"geometry":{"type":"Polygon","coordinates":[[[53.0038629,67.6445849],[53.0038679,67.6445804],[53.003878,67.6445712],[53.0016555,67.6442126],[53.0016406,67.6442252],[53.0038629,67.6445849]]]}},{"type":"Feature","id":"osm-context-868530301","properties":{"osmId":868530301,"kind":"area","landuse":"grass","natural":null,"water":null,"waterway":null,"leisure":null,"amenity":null,"railway":null,"name":null,"source":"OpenStreetMap"},"geometry":{"type":"Polygon","coordinates":[[[53.0033641,67.6424823],[53.0034959,67.6425044],[53.0036319,67.6423838],[53.0035008,67.6423625],[53.0033641,67.6424823]]]}},{"type":"Feature","id":"osm-context-868530302","properties":{"osmId":868530302,"kind":"area","landuse":"grass","natural":null,"water":null,"waterway":null,"leisure":null,"amenity":null,"railway":null,"name":null,"source":"OpenStreetMap"},"geometry":{"type":"Polygon","coordinates":[[[53.0035226,67.6423434],[53.0036531,67.642365],[53.0048455,67.6413085],[53.0046828,67.6413303],[53.0044899,67.6414988],[53.0045083,67.6415058],[53.0045139,67.6415166],[53.0045071,67.6415273],[53.0044958,67.6415325],[53.0044778,67.6415355],[53.0044485,67.6415349],[53.0044351,67.6415466],[53.0044461,67.6415552],[53.0044563,67.6415656],[53.0044507,67.6415759],[53.0044326,67.6415849],[53.0044145,67.6415866],[53.0043895,67.6415864],[53.0037424,67.6421515],[53.003764,67.6421588],[53.0037697,67.6421678],[53.0037708,67.6421777],[53.0037573,67.6421876],[53.0037336,67.6421932],[53.0036927,67.6421949],[53.0036776,67.6422081],[53.0036918,67.6422164],[53.0037008,67.6422258],[53.0036974,67.6422387],[53.0036793,67.6422477],[53.0036556,67.6422507],[53.0036282,67.6422512],[53.0035226,67.6423434]]]}},{"type":"Feature","id":"osm-context-868530308","properties":{"osmId":868530308,"kind":"area","landuse":"grass","natural":null,"water":null,"waterway":null,"leisure":null,"amenity":null,"railway":null,"name":null,"source":"OpenStreetMap"},"geometry":{"type":"Polygon","coordinates":[[[53.0047127,67.6413042],[53.0048744,67.6412827],[53.0049192,67.6412432],[53.0048043,67.6412242],[53.0047127,67.6413042]]]}},{"type":"Feature","id":"osm-context-868530309","properties":{"osmId":868530309,"kind":"area","landuse":"grass","natural":null,"water":null,"waterway":null,"leisure":null,"amenity":null,"railway":null,"name":null,"source":"OpenStreetMap"},"geometry":{"type":"Polygon","coordinates":[[[53.0044987,67.6412787],[53.0042749,67.6414786],[53.0043368,67.6414883],[53.004541,67.6413075],[53.0044987,67.6412787]]]}},{"type":"Feature","id":"osm-context-868530311","properties":{"osmId":868530311,"kind":"area","landuse":"grass","natural":null,"water":null,"waterway":null,"leisure":null,"amenity":null,"railway":null,"name":null,"source":"OpenStreetMap"},"geometry":{"type":"Polygon","coordinates":[[[53.0042593,67.6414926],[53.0043213,67.641502],[53.0042814,67.6415372],[53.0042201,67.6415275],[53.0042593,67.6414926]]]}},{"type":"Feature","id":"osm-context-868530313","properties":{"osmId":868530313,"kind":"area","landuse":"grass","natural":null,"water":null,"waterway":null,"leisure":null,"amenity":null,"railway":null,"name":null,"source":"OpenStreetMap"},"geometry":{"type":"Polygon","coordinates":[[[53.0042043,67.6415417],[53.0042656,67.6415512],[53.0039179,67.6418592],[53.003859,67.6418502],[53.0042043,67.6415417]]]}},{"type":"Feature","id":"osm-context-868530315","properties":{"osmId":868530315,"kind":"area","landuse":"grass","natural":null,"water":null,"waterway":null,"leisure":null,"amenity":null,"railway":null,"name":null,"source":"OpenStreetMap"},"geometry":{"type":"Polygon","coordinates":[[[53.0038424,67.641865],[53.0039015,67.6418738],[53.0035997,67.642141],[53.0035443,67.6421314],[53.0038424,67.641865]]]}},{"type":"Feature","id":"osm-context-868530316","properties":{"osmId":868530316,"kind":"area","landuse":"grass","natural":null,"water":null,"waterway":null,"leisure":null,"amenity":null,"railway":null,"name":null,"source":"OpenStreetMap"},"geometry":{"type":"Polygon","coordinates":[[[53.0034713,67.6421966],[53.0035258,67.6422063],[53.003585,67.642154],[53.0035293,67.6421448],[53.0034713,67.6421966]]]}},{"type":"Feature","id":"osm-context-868530318","properties":{"osmId":868530318,"kind":"area","landuse":"grass","natural":null,"water":null,"waterway":null,"leisure":null,"amenity":null,"railway":null,"name":null,"source":"OpenStreetMap"},"geometry":{"type":"Polygon","coordinates":[[[53.0036921,67.6423926],[53.0037566,67.6424022],[53.0036667,67.6424903],[53.0039673,67.6425347],[53.0039509,67.6425506],[53.0038504,67.6425343],[53.0037357,67.6425431],[53.003556,67.6425145],[53.0036921,67.6423926]]]}},{"type":"Feature","id":"osm-context-868530320","properties":{"osmId":868530320,"kind":"area","landuse":"grass","natural":null,"water":null,"waterway":null,"leisure":null,"amenity":null,"railway":null,"name":null,"source":"OpenStreetMap"},"geometry":{"type":"Polygon","coordinates":[[[53.004726,67.6410661],[53.0047973,67.6410778],[53.0048087,67.6410688],[53.0048651,67.6410184],[53.0047911,67.6410065],[53.004726,67.6410661]]]}},{"type":"Feature","id":"osm-context-868530321","properties":{"osmId":868530321,"kind":"area","landuse":"grass","natural":null,"water":null,"waterway":null,"leisure":null,"amenity":null,"railway":null,"name":null,"source":"OpenStreetMap"},"geometry":{"type":"Polygon","coordinates":[[[53.0049224,67.6410983],[53.0050535,67.6411197],[53.0051195,67.6410603],[53.0049892,67.6410391],[53.0049224,67.6410983]]]}},{"type":"Feature","id":"osm-context-868530324","properties":{"osmId":868530324,"kind":"area","landuse":"grass","natural":null,"water":null,"waterway":null,"leisure":null,"amenity":null,"railway":null,"name":null,"source":"OpenStreetMap"},"geometry":{"type":"Polygon","coordinates":[[[53.0051394,67.6410423],[53.0055749,67.64065],[53.0054501,67.6406288],[53.0053631,67.6407063],[53.0053816,67.6407137],[53.005391,67.6407251],[53.005391,67.6407326],[53.0053842,67.6407437],[53.0053671,67.6407522],[53.0053483,67.6407538],[53.005311,67.6407527],[53.0052986,67.6407637],[53.005314,67.640771],[53.005326,67.6407821],[53.0053277,67.6407916],[53.0053183,67.6408039],[53.0053003,67.6408098],[53.0052789,67.6408117],[53.0052443,67.6408121],[53.0050097,67.641021],[53.0051394,67.6410423]]]}},{"type":"Feature","id":"osm-context-868530329","properties":{"osmId":868530329,"kind":"area","landuse":"grass","natural":null,"water":null,"waterway":null,"leisure":null,"amenity":null,"railway":null,"name":null,"source":"OpenStreetMap"},"geometry":{"type":"Polygon","coordinates":[[[53.0048119,67.6409875],[53.0048858,67.6409999],[53.0050677,67.6408372],[53.0050187,67.6407981],[53.0048119,67.6409875]]]}},{"type":"Feature","id":"osm-context-868530330","properties":{"osmId":868530330,"kind":"area","landuse":"grass","natural":null,"water":null,"waterway":null,"leisure":null,"amenity":null,"railway":null,"name":null,"source":"OpenStreetMap"},"geometry":{"type":"Polygon","coordinates":[[[53.0050956,67.6408123],[53.0052426,67.6406808],[53.0051274,67.6406985],[53.0050457,67.6407733],[53.0050956,67.6408123]]]}},{"type":"Feature","id":"osm-context-868530331","properties":{"osmId":868530331,"kind":"area","landuse":"grass","natural":null,"water":null,"waterway":null,"leisure":null,"amenity":null,"railway":null,"name":null,"source":"OpenStreetMap"},"geometry":{"type":"Polygon","coordinates":[[[53.0051553,67.6406729],[53.0052707,67.6406557],[53.0054546,67.6404912],[53.0053691,67.6404771],[53.0051553,67.6406729]]]}},{"type":"Feature","id":"osm-context-868530333","properties":{"osmId":868530333,"kind":"area","landuse":"grass","natural":null,"water":null,"waterway":null,"leisure":null,"amenity":null,"railway":null,"name":null,"source":"OpenStreetMap"},"geometry":{"type":"Polygon","coordinates":[[[53.0054691,67.6406119],[53.005594,67.6406328],[53.006075,67.6401995],[53.0059543,67.6401798],[53.0058956,67.640232],[53.0059133,67.6402412],[53.0059224,67.6402535],[53.0059172,67.6402624],[53.0059042,67.6402693],[53.0058822,67.6402728],[53.0058476,67.6402748],[53.0057491,67.6403625],[53.005768,67.6403739],[53.0057719,67.6403868],[53.0057602,67.6403971],[53.0057421,67.640405],[53.0057265,67.6404065],[53.0056994,67.6404068],[53.0055465,67.640543],[53.0055631,67.6405521],[53.0055682,67.6405659],[53.0055553,67.6405767],[53.0055319,67.6405832],[53.0054995,67.6405848],[53.0054691,67.6406119]]]}},{"type":"Feature","id":"osm-context-868530337","properties":{"osmId":868530337,"kind":"area","landuse":"grass","natural":null,"water":null,"waterway":null,"leisure":null,"amenity":null,"railway":null,"name":null,"source":"OpenStreetMap"},"geometry":{"type":"Polygon","coordinates":[[[53.0053896,67.6404584],[53.0054753,67.6404727],[53.0058291,67.6401565],[53.0057364,67.6401408],[53.0053896,67.6404584]]]}},{"type":"Feature","id":"osm-context-868530339","properties":{"osmId":868530339,"kind":"area","landuse":"grass","natural":null,"water":null,"waterway":null,"leisure":null,"amenity":null,"railway":null,"name":null,"source":"OpenStreetMap"},"geometry":{"type":"Polygon","coordinates":[[[53.0061002,67.6401768],[53.0068399,67.6395104],[53.006726,67.6394923],[53.0063071,67.6398655],[53.006321,67.6398721],[53.00633,67.6398815],[53.0063287,67.6398899],[53.0063223,67.6398983],[53.0063054,67.6399062],[53.006282,67.6399091],[53.0062592,67.6399082],[53.0062493,67.639917],[53.0062642,67.6399239],[53.0062687,67.6399325],[53.0062642,67.6399428],[53.0062541,67.6399522],[53.0062405,67.6399561],[53.0062039,67.6399574],[53.0060839,67.6400643],[53.0060993,67.6400747],[53.0060982,67.640085],[53.0060892,67.6400932],[53.0060756,67.6400962],[53.0060465,67.6400976],[53.0059801,67.6401567],[53.0061002,67.6401768]]]}},{"type":"Feature","id":"osm-context-868530343","properties":{"osmId":868530343,"kind":"area","landuse":"grass","natural":null,"water":null,"waterway":null,"leisure":null,"amenity":null,"railway":null,"name":null,"source":"OpenStreetMap"},"geometry":{"type":"Polygon","coordinates":[[[53.0057591,67.6401199],[53.005852,67.640136],[53.0061152,67.6399007],[53.0060165,67.6398843],[53.0057591,67.6401199]]]}},{"type":"Feature","id":"osm-context-868530344","properties":{"osmId":868530344,"kind":"area","landuse":"grass","natural":null,"water":null,"waterway":null,"leisure":null,"amenity":null,"railway":null,"name":null,"source":"OpenStreetMap"},"geometry":{"type":"Polygon","coordinates":[[[53.0060378,67.6398648],[53.0061371,67.6398811],[53.0062088,67.639817],[53.0061063,67.639802],[53.0060378,67.6398648]]]}},{"type":"Feature","id":"osm-context-868530345","properties":{"osmId":868530345,"kind":"area","landuse":"grass","natural":null,"water":null,"waterway":null,"leisure":null,"amenity":null,"railway":null,"name":null,"source":"OpenStreetMap"},"geometry":{"type":"Polygon","coordinates":[[[53.0064918,67.6394563],[53.0065952,67.6394715],[53.0062859,67.6397481],[53.0061832,67.6397319],[53.0064918,67.6394563]]]}},{"type":"Feature","id":"osm-context-868530346","properties":{"osmId":868530346,"kind":"area","landuse":"grass","natural":null,"water":null,"waterway":null,"leisure":null,"amenity":null,"railway":null,"name":null,"source":"OpenStreetMap"},"geometry":{"type":"Polygon","coordinates":[[[53.006551,67.6391763],[53.0067,67.6391978],[53.0067833,67.6391256],[53.006551,67.6391763]]]}},{"type":"Feature","id":"osm-context-868536651","properties":{"osmId":868536651,"kind":"area","landuse":"grass","natural":null,"water":null,"waterway":null,"leisure":null,"amenity":null,"railway":null,"name":null,"source":"OpenStreetMap"},"geometry":{"type":"Polygon","coordinates":[[[53.0055791,67.6413311],[53.0055975,67.6413222],[53.0056156,67.6413183],[53.0056427,67.6413174],[53.0056732,67.64132],[53.005698,67.6413247],[53.0057138,67.6413299],[53.0057285,67.6413389],[53.0057364,67.6413579],[53.0055791,67.6413311]]]}},{"type":"Feature","id":"osm-context-868536652","properties":{"osmId":868536652,"kind":"area","landuse":"grass","natural":null,"water":null,"waterway":null,"leisure":null,"amenity":null,"railway":null,"name":null,"source":"OpenStreetMap"},"geometry":{"type":"Polygon","coordinates":[[[53.0058636,67.6413797],[53.0059733,67.6413652],[53.0064561,67.6414451],[53.006477,67.6414758],[53.0064874,67.6414809],[53.006781,67.6415302],[53.0067929,67.6415302],[53.006848,67.6415211],[53.0068614,67.6415211],[53.0073651,67.6416067],[53.0073979,67.6416209],[53.0074068,67.6416345],[53.0074055,67.6416435],[53.0058636,67.6413797]]]}},{"type":"Feature","id":"osm-context-868547943","properties":{"osmId":868547943,"kind":"area","landuse":"grass","natural":null,"water":null,"waterway":null,"leisure":null,"amenity":null,"railway":null,"name":null,"source":"OpenStreetMap"},"geometry":{"type":"Polygon","coordinates":[[[53.0056534,67.6414029],[53.0056932,67.6413754],[53.0055084,67.6413433],[53.0054839,67.6413652],[53.0054223,67.6413938],[53.0053081,67.6414629],[53.00494,67.641747],[53.0048445,67.6419085],[53.0048232,67.641992],[53.0052288,67.6418669],[53.0053923,67.6417354],[53.0054592,67.641677],[53.0052665,67.6416464],[53.005585,67.6413913],[53.0056534,67.6414029]]]}},{"type":"Feature","id":"osm-context-868547947","properties":{"osmId":868547947,"kind":"area","landuse":"grass","natural":null,"water":null,"waterway":null,"leisure":null,"amenity":null,"railway":null,"name":null,"source":"OpenStreetMap"},"geometry":{"type":"Polygon","coordinates":[[[53.0027811,67.6407235],[53.0028541,67.6406645],[53.0028738,67.6406626],[53.0029275,67.64066],[53.0029558,67.6406644],[53.0029885,67.6406701],[53.0030085,67.6406776],[53.0030124,67.6406896],[53.002946,67.6407506],[53.0027811,67.6407235]]]}},{"type":"Feature","id":"osm-context-868547948","properties":{"osmId":868547948,"kind":"area","landuse":"grass","natural":null,"water":null,"waterway":null,"leisure":null,"amenity":null,"railway":null,"name":null,"source":"OpenStreetMap"},"geometry":{"type":"Polygon","coordinates":[[[53.0030484,67.6407674],[53.0031373,67.640697],[53.0036426,67.6407703],[53.003676,67.640743],[53.0038176,67.6407614],[53.0036952,67.6408734],[53.0030484,67.6407674]]]}},{"type":"Feature","id":"osm-context-868547949","properties":{"osmId":868547949,"kind":"area","landuse":null,"natural":"wood","water":null,"waterway":null,"leisure":null,"amenity":null,"railway":null,"name":null,"source":"OpenStreetMap"},"geometry":{"type":"Polygon","coordinates":[[[53.0046888,67.6410367],[53.0048462,67.6408951],[53.004667,67.640866],[53.0046771,67.6408593],[53.0044785,67.6408267],[53.0044271,67.6408219],[53.004376,67.6408286],[53.0043111,67.6408481],[53.0042285,67.6409004],[53.0041632,67.6409504],[53.0046888,67.6410367]]]}},{"type":"Feature","id":"osm-context-868547950","properties":{"osmId":868547950,"kind":"area","landuse":"grass","natural":null,"water":null,"waterway":null,"leisure":null,"amenity":null,"railway":null,"name":null,"source":"OpenStreetMap"},"geometry":{"type":"Polygon","coordinates":[[[53.0025941,67.6406928],[53.0026518,67.6406455],[53.0026483,67.6406331],[53.0026329,67.6406208],[53.0026014,67.6406069],[53.0022954,67.640557],[53.0028087,67.6401529],[53.0027442,67.6401414],[53.0021939,67.6405794],[53.0021443,67.6406189],[53.0025941,67.6406928]]]}},{"type":"Feature","id":"osm-context-868547954","properties":{"osmId":868547954,"kind":"area","landuse":"grass","natural":null,"water":null,"waterway":null,"leisure":null,"amenity":null,"railway":null,"name":null,"source":"OpenStreetMap"},"geometry":{"type":"Polygon","coordinates":[[[53.002123,67.6405674],[53.0039877,67.6390998],[53.0039607,67.6390973],[53.0039269,67.639099],[53.0038942,67.6391042],[53.0020524,67.6405555],[53.002123,67.6405674]]]}},{"type":"Feature","id":"osm-context-868547958","properties":{"osmId":868547958,"kind":"area","landuse":"grass","natural":null,"water":null,"waterway":null,"leisure":null,"amenity":null,"railway":null,"name":null,"source":"OpenStreetMap"},"geometry":{"type":"Polygon","coordinates":[[[53.0017443,67.6407949],[53.0017997,67.6408048],[53.0018697,67.6407485],[53.0018456,67.6407465],[53.001826,67.640748],[53.0018033,67.6407536],[53.0017935,67.640757],[53.0017443,67.6407949]]]}},{"type":"Feature","id":"osm-context-868677907","properties":{"osmId":868677907,"kind":"area","landuse":"grass","natural":null,"water":null,"waterway":null,"leisure":null,"amenity":null,"railway":null,"name":null,"source":"OpenStreetMap"},"geometry":{"type":"Polygon","coordinates":[[[53.0014533,67.6407937],[53.0015026,67.640802],[53.0010292,67.6411883],[53.0010095,67.6411955],[53.0009873,67.6411997],[53.00095,67.6411978],[53.0014533,67.6407937]]]}},{"type":"Feature","id":"osm-context-868677908","properties":{"osmId":868677908,"kind":"area","landuse":"grass","natural":null,"water":null,"waterway":null,"leisure":null,"amenity":null,"railway":null,"name":null,"source":"OpenStreetMap"},"geometry":{"type":"Polygon","coordinates":[[[53.0010216,67.6409699],[53.0011248,67.640989],[53.0014414,67.6407414],[53.0013433,67.6407234],[53.0010216,67.6409699]]]}},{"type":"Feature","id":"osm-context-868677909","properties":{"osmId":868677909,"kind":"area","landuse":"grass","natural":null,"water":null,"waterway":null,"leisure":null,"amenity":null,"railway":null,"name":null,"source":"OpenStreetMap"},"geometry":{"type":"Polygon","coordinates":[[[53.0172769,67.6314715],[53.0165766,67.6312629],[53.0165602,67.6312509],[53.0165557,67.6312436],[53.0165676,67.6312379],[53.0173037,67.6314596],[53.0172769,67.6314715]]]}},{"type":"Feature","id":"osm-context-868677910","properties":{"osmId":868677910,"kind":"area","landuse":"grass","natural":null,"water":null,"waterway":null,"leisure":null,"amenity":null,"railway":null,"name":null,"source":"OpenStreetMap"},"geometry":{"type":"Polygon","coordinates":[[[53.0173931,67.6314871],[53.0174294,67.6314967],[53.0184996,67.6317804],[53.0188252,67.6318845],[53.0191029,67.6319852],[53.0195309,67.632163],[53.0194985,67.6321723],[53.0191042,67.6320094],[53.0187941,67.6318988],[53.0184685,67.6317957],[53.0173685,67.631499],[53.0173931,67.6314871]]]}},{"type":"Feature","id":"osm-context-868677911","properties":{"osmId":868677911,"kind":"area","landuse":"grass","natural":null,"water":null,"waterway":null,"leisure":null,"amenity":null,"railway":null,"name":null,"source":"OpenStreetMap"},"geometry":{"type":"Polygon","coordinates":[[[53.0193395,67.6322291],[53.0189341,67.6320568],[53.0186032,67.6319463],[53.018305,67.6318535],[53.0178635,67.6317327],[53.0178296,67.6317276],[53.0178059,67.6317289],[53.0178025,67.6317319],[53.0182689,67.6318591],[53.0185738,67.6319536],[53.0189047,67.6320632],[53.0193101,67.6322373],[53.0193395,67.6322291]]]}},{"type":"Feature","id":"osm-context-868677913","properties":{"osmId":868677913,"kind":"area","landuse":"grass","natural":null,"water":null,"waterway":null,"leisure":null,"amenity":null,"railway":null,"name":null,"source":"OpenStreetMap"},"geometry":{"type":"Polygon","coordinates":[[[53.0075552,67.6301051],[53.0115129,67.6303678],[53.0115251,67.6303672],[53.0115301,67.6303583],[53.0075634,67.6300877],[53.0075552,67.6301051]]]}},{"type":"Feature","id":"osm-context-868677914","properties":{"osmId":868677914,"kind":"area","landuse":"grass","natural":null,"water":null,"waterway":null,"leisure":null,"amenity":null,"railway":null,"name":null,"source":"OpenStreetMap"},"geometry":{"type":"Polygon","coordinates":[[[53.011507,67.630445],[53.0075149,67.6301711],[53.0075062,67.6301899],[53.0114991,67.6304642],[53.011507,67.630445]]]}},{"type":"Feature","id":"osm-context-868677916","properties":{"osmId":868677916,"kind":"area","landuse":"grass","natural":null,"water":null,"waterway":null,"leisure":null,"amenity":null,"railway":null,"name":null,"source":"OpenStreetMap"},"geometry":{"type":"Polygon","coordinates":[[[53.0116024,67.6304517],[53.0118185,67.6304663],[53.0118117,67.6304838],[53.0115936,67.6304706],[53.0116024,67.6304517]]]}},{"type":"Feature","id":"osm-context-868677917","properties":{"osmId":868677917,"kind":"area","landuse":"grass","natural":null,"water":null,"waterway":null,"leisure":null,"amenity":null,"railway":null,"name":null,"source":"OpenStreetMap"},"geometry":{"type":"Polygon","coordinates":[[[53.0119739,67.6304765],[53.0121628,67.6304888],[53.012154,67.6305056],[53.0119655,67.6304941],[53.0119739,67.6304765]]]}},{"type":"Feature","id":"osm-context-868952038","properties":{"osmId":868952038,"kind":"area","landuse":"grass","natural":null,"water":null,"waterway":null,"leisure":null,"amenity":null,"railway":null,"name":null,"source":"OpenStreetMap"},"geometry":{"type":"Polygon","coordinates":[[[53.0216192,67.6306783],[53.0218595,67.6305847],[53.0219105,67.6305649],[53.0222919,67.6307185],[53.0219987,67.6308257],[53.021923,67.6307965],[53.022071,67.6307436],[53.0219704,67.6307041],[53.0218282,67.6307587],[53.0217254,67.6307196],[53.0217547,67.6307093],[53.0217939,67.6307249],[53.0219128,67.6306826],[53.021801,67.6306388],[53.0216802,67.630683],[53.021713,67.6306955],[53.0216873,67.6307053],[53.0216192,67.6306783]]]}},{"type":"Feature","id":"osm-context-868952039","properties":{"osmId":868952039,"kind":"area","landuse":"grass","natural":null,"water":null,"waterway":null,"leisure":null,"amenity":null,"railway":null,"name":null,"source":"OpenStreetMap"},"geometry":{"type":"Polygon","coordinates":[[[53.0211561,67.6305868],[53.0210866,67.6306124],[53.0213965,67.6307287],[53.0218176,67.6305669],[53.0218677,67.6305477],[53.0203248,67.6299266],[53.0202196,67.6299671],[53.0202032,67.6299915],[53.02018,67.6300318],[53.0202757,67.6300244],[53.0203648,67.6300287],[53.0204994,67.6300545],[53.0216298,67.6305208],[53.0216329,67.630547],[53.0216018,67.6305771],[53.021372,67.6306712],[53.0211561,67.6305868]]]}},{"type":"Feature","id":"osm-context-868952040","properties":{"osmId":868952040,"kind":"area","landuse":"grass","natural":null,"water":null,"waterway":null,"leisure":null,"amenity":null,"railway":null,"name":null,"source":"OpenStreetMap"},"geometry":{"type":"Polygon","coordinates":[[[53.0197511,67.6301513],[53.0198152,67.630176],[53.0189392,67.6305224],[53.0192435,67.6306412],[53.0191623,67.6306742],[53.0188037,67.6305451],[53.0188309,67.6305015],[53.0197511,67.6301513]]]}},{"type":"Feature","id":"osm-context-868952041","properties":{"osmId":868952041,"kind":"area","landuse":"grass","natural":null,"water":null,"waterway":null,"leisure":null,"amenity":null,"railway":null,"name":null,"source":"OpenStreetMap"},"geometry":{"type":"Polygon","coordinates":[[[53.0198152,67.630176],[53.02018,67.6300318],[53.0202032,67.6299915],[53.0197511,67.6301513],[53.0198152,67.630176]]]}},{"type":"Feature","id":"osm-context-868952045","properties":{"osmId":868952045,"kind":"area","landuse":"grass","natural":null,"water":null,"waterway":null,"leisure":null,"amenity":null,"railway":null,"name":null,"source":"OpenStreetMap"},"geometry":{"type":"Polygon","coordinates":[[[53.0119002,67.6302885],[53.0123795,67.6296371],[53.0123319,67.6296318],[53.0119085,67.6302188],[53.0118623,67.6302853],[53.0119002,67.6302885]]]}},{"type":"Feature","id":"osm-context-868952047","properties":{"osmId":868952047,"kind":"area","landuse":"grass","natural":null,"water":null,"waterway":null,"leisure":null,"amenity":null,"railway":null,"name":null,"source":"OpenStreetMap"},"geometry":{"type":"Polygon","coordinates":[[[53.0123583,67.6295957],[53.0126547,67.6291985],[53.0127931,67.629013],[53.0128381,67.6289663],[53.0128822,67.6289729],[53.0128144,67.629037],[53.0124049,67.6296015],[53.0123583,67.6295957]]]}},{"type":"Feature","id":"osm-context-868952050","properties":{"osmId":868952050,"kind":"area","landuse":"grass","natural":null,"water":null,"waterway":null,"leisure":null,"amenity":null,"railway":null,"name":null,"source":"OpenStreetMap"},"geometry":{"type":"Polygon","coordinates":[[[53.0121105,67.630311],[53.0124855,67.6297843],[53.0124748,67.6297838],[53.0124566,67.629786],[53.0124359,67.629789],[53.0120655,67.6303061],[53.0121105,67.630311]]]}},{"type":"Feature","id":"osm-context-868952053","properties":{"osmId":868952053,"kind":"area","landuse":"grass","natural":null,"water":null,"waterway":null,"leisure":null,"amenity":null,"railway":null,"name":null,"source":"OpenStreetMap"},"geometry":{"type":"Polygon","coordinates":[[[53.0128034,67.6304411],[53.0123,67.630409],[53.0122942,67.6304188],[53.0127206,67.6304466],[53.0127537,67.6304483],[53.0127783,67.6304475],[53.0128034,67.6304411]]]}},{"type":"Feature","id":"osm-context-868952054","properties":{"osmId":868952054,"kind":"area","landuse":"grass","natural":null,"water":null,"waterway":null,"leisure":null,"amenity":null,"railway":null,"name":null,"source":"OpenStreetMap"},"geometry":{"type":"Polygon","coordinates":[[[53.0127794,67.6304042],[53.0127698,67.6304188],[53.0121715,67.6303793],[53.0121539,67.6303779],[53.0121371,67.6303742],[53.012128,67.6303687],[53.0121259,67.6303656],[53.0121279,67.6303591],[53.0121585,67.6303161],[53.012531,67.6298086],[53.0125567,67.6298142],[53.012141,67.6303603],[53.0127794,67.6304042]]]}},{"type":"Feature","id":"osm-context-868952055","properties":{"osmId":868952055,"kind":"area","landuse":"grass","natural":null,"water":null,"waterway":null,"leisure":null,"amenity":null,"railway":null,"name":null,"source":"OpenStreetMap"},"geometry":{"type":"Polygon","coordinates":[[[53.0125997,67.6296234],[53.0127375,67.6294285],[53.0127157,67.6294275],[53.0126976,67.6294292],[53.0126789,67.6294349],[53.0125463,67.6296173],[53.0125997,67.6296234]]]}},{"type":"Feature","id":"osm-context-868952056","properties":{"osmId":868952056,"kind":"area","landuse":"grass","natural":null,"water":null,"waterway":null,"leisure":null,"amenity":null,"railway":null,"name":null,"source":"OpenStreetMap"},"geometry":{"type":"Polygon","coordinates":[[[53.0125272,67.6296539],[53.0124858,67.6297157],[53.0124858,67.6297248],[53.0124987,67.6297307],[53.01252,67.6297358],[53.0125741,67.6296592],[53.0125272,67.6296539]]]}},{"type":"Feature","id":"osm-context-868952058","properties":{"osmId":868952058,"kind":"area","landuse":"grass","natural":null,"water":null,"waterway":null,"leisure":null,"amenity":null,"railway":null,"name":null,"source":"OpenStreetMap"},"geometry":{"type":"Polygon","coordinates":[[[53.0130525,67.6290056],[53.0129982,67.6290471],[53.0129601,67.6290889],[53.0129293,67.6291254],[53.0127637,67.6293448],[53.0127646,67.6293562],[53.0127831,67.629368],[53.0128774,67.6292478],[53.0129482,67.6291468],[53.0129877,67.6290958],[53.0130227,67.6290569],[53.013081,67.6290112],[53.0130525,67.6290056]]]}},{"type":"Feature","id":"osm-context-869042286","properties":{"osmId":869042286,"kind":"area","landuse":"grass","natural":null,"water":null,"waterway":null,"leisure":null,"amenity":null,"railway":null,"name":null,"source":"OpenStreetMap"},"geometry":{"type":"Polygon","coordinates":[[[53.0131225,67.6289833],[53.0131458,67.6289681],[53.0131946,67.6289422],[53.0132838,67.6288987],[53.0134451,67.6288434],[53.0135368,67.6288205],[53.0136587,67.6287973],[53.0137931,67.6287754],[53.0139219,67.6287603],[53.0140291,67.6287539],[53.0141816,67.6287522],[53.0143058,67.6287535],[53.0144165,67.6287569],[53.0145283,67.6287646],[53.0146231,67.628775],[53.0162887,67.6290055],[53.0163082,67.6289868],[53.0152982,67.6288491],[53.0147744,67.6287797],[53.0144362,67.6287411],[53.0142753,67.6287371],[53.014013,67.6287385],[53.0138819,67.6287476],[53.013709,67.6287694],[53.0135973,67.6287901],[53.0135026,67.6288091],[53.0134125,67.6288324],[53.013335,67.6288571],[53.0132597,67.6288866],[53.0131771,67.6289282],[53.0130944,67.6289772],[53.0131225,67.6289833]]]}},{"type":"Feature","id":"osm-context-869042288","properties":{"osmId":869042288,"kind":"area","landuse":"grass","natural":null,"water":null,"waterway":null,"leisure":null,"amenity":null,"railway":null,"name":null,"source":"OpenStreetMap"},"geometry":{"type":"Polygon","coordinates":[[[53.0174991,67.6291777],[53.0175182,67.6291693],[53.0175345,67.6291664],[53.0175482,67.6291683],[53.0182483,67.6292719],[53.0182315,67.6292874],[53.0174991,67.6291777]]]}},{"type":"Feature","id":"osm-context-869042290","properties":{"osmId":869042290,"kind":"area","landuse":"grass","natural":null,"water":null,"waterway":null,"leisure":null,"amenity":null,"railway":null,"name":null,"source":"OpenStreetMap"},"geometry":{"type":"Polygon","coordinates":[[[53.0204426,67.629906],[53.0223302,67.6306748],[53.0223396,67.6306878],[53.022337,67.6306963],[53.0223261,67.6307033],[53.0203761,67.629909],[53.0203204,67.6298862],[53.0203669,67.6298868],[53.020408,67.629894],[53.0204426,67.629906]]]}},{"type":"Feature","id":"osm-context-869042295","properties":{"osmId":869042295,"kind":"area","landuse":"grass","natural":null,"water":null,"waterway":null,"leisure":null,"amenity":null,"railway":null,"name":null,"source":"OpenStreetMap"},"geometry":{"type":"Polygon","coordinates":[[[53.0225213,67.630755],[53.0229185,67.6309144],[53.0229195,67.6309271],[53.0229062,67.6309407],[53.0224521,67.6307547],[53.022484,67.630752],[53.0225213,67.630755]]]}},{"type":"Feature","id":"osm-context-869722707","properties":{"osmId":869722707,"kind":"area","landuse":"grass","natural":null,"water":null,"waterway":null,"leisure":null,"amenity":null,"railway":null,"name":null,"source":"OpenStreetMap"},"geometry":{"type":"Polygon","coordinates":[[[53.0173383,67.6304394],[53.0178214,67.6302555],[53.0178394,67.6302422],[53.0178496,67.6302245],[53.0178394,67.6302078],[53.0177954,67.6301859],[53.0177018,67.630221],[53.0177816,67.6302525],[53.0173065,67.6304271],[53.0173383,67.6304394]]]}},{"type":"Feature","id":"osm-context-869722708","properties":{"osmId":869722708,"kind":"area","landuse":"grass","natural":null,"water":null,"waterway":null,"leisure":null,"amenity":null,"railway":null,"name":null,"source":"OpenStreetMap"},"geometry":{"type":"Polygon","coordinates":[[[53.017628,67.6301739],[53.0176846,67.6301534],[53.0175228,67.6300887],[53.0174661,67.6301092],[53.017628,67.6301739]]]}},{"type":"Feature","id":"osm-context-869722709","properties":{"osmId":869722709,"kind":"area","landuse":"grass","natural":null,"water":null,"waterway":null,"leisure":null,"amenity":null,"railway":null,"name":null,"source":"OpenStreetMap"},"geometry":{"type":"Polygon","coordinates":[[[53.017344,67.63008],[53.0174304,67.6300479],[53.0173773,67.630031],[53.017335,67.6300277],[53.0172878,67.6300284],[53.0172534,67.6300344],[53.0172377,67.6300389],[53.016778,67.6302188],[53.0168067,67.63023],[53.0172819,67.6300555],[53.017344,67.63008]]]}},{"type":"Feature","id":"osm-context-869722710","properties":{"osmId":869722710,"kind":"area","landuse":"grass","natural":null,"water":null,"waterway":null,"leisure":null,"amenity":null,"railway":null,"name":null,"source":"OpenStreetMap"},"geometry":{"type":"Polygon","coordinates":[[[53.0173182,67.6304468],[53.01675,67.6302285],[53.0165343,67.6303096],[53.0167063,67.6303741],[53.0168715,67.6303122],[53.0170923,67.6303979],[53.016928,67.6304575],[53.0171069,67.6305266],[53.0173182,67.6304468]]]}},{"type":"Feature","id":"osm-context-869722713","properties":{"osmId":869722713,"kind":"area","landuse":"grass","natural":null,"water":null,"waterway":null,"leisure":null,"amenity":null,"railway":null,"name":null,"source":"OpenStreetMap"},"geometry":{"type":"Polygon","coordinates":[[[53.0197012,67.6306384],[53.0195472,67.630697],[53.0196276,67.6307276],[53.0197815,67.630669],[53.0197012,67.6306384]]]}},{"type":"Feature","id":"osm-context-869722714","properties":{"osmId":869722714,"kind":"area","landuse":null,"natural":null,"water":null,"waterway":null,"leisure":null,"amenity":"parking","railway":null,"name":null,"source":"OpenStreetMap"},"geometry":{"type":"Polygon","coordinates":[[[53.0196276,67.6307276],[53.0192758,67.6308677],[53.0191954,67.6308354],[53.0195472,67.630697],[53.0196276,67.6307276]]]}},{"type":"Feature","id":"osm-context-869722715","properties":{"osmId":869722715,"kind":"area","landuse":null,"natural":null,"water":null,"waterway":null,"leisure":null,"amenity":"parking","railway":null,"name":null,"source":"OpenStreetMap"},"geometry":{"type":"Polygon","coordinates":[[[53.0197815,67.630669],[53.0202391,67.6304896],[53.020151,67.6304561],[53.0197012,67.6306384],[53.0197815,67.630669]]]}},{"type":"Feature","id":"osm-context-869722716","properties":{"osmId":869722716,"kind":"area","landuse":"grass","natural":null,"water":null,"waterway":null,"leisure":null,"amenity":null,"railway":null,"name":null,"source":"OpenStreetMap"},"geometry":{"type":"Polygon","coordinates":[[[53.0184514,67.6308092],[53.0183268,67.6307632],[53.0171866,67.631214],[53.0171788,67.6312253],[53.0171827,67.6312436],[53.0172138,67.6312614],[53.0175485,67.6313838],[53.0175913,67.6313868],[53.017638,67.6313828],[53.0177625,67.6313369],[53.017707,67.6313162],[53.0176308,67.6313474],[53.0175999,67.6313601],[53.017328,67.631264],[53.0182748,67.6308761],[53.0184514,67.6308092]]]}},{"type":"Feature","id":"osm-context-869722718","properties":{"osmId":869722718,"kind":"area","landuse":"grass","natural":null,"water":null,"waterway":null,"leisure":null,"amenity":null,"railway":null,"name":null,"source":"OpenStreetMap"},"geometry":{"type":"Polygon","coordinates":[[[53.0170065,67.631126],[53.0170472,67.6311402],[53.0170626,67.6311532],[53.0170557,67.6311695],[53.0170318,67.6311962],[53.0170198,67.6312158],[53.0170164,67.6312347],[53.0170249,67.6312536],[53.0170574,67.6312822],[53.0170968,67.6313011],[53.0174734,67.6314321],[53.0175196,67.6314425],[53.0175822,67.6314476],[53.0174661,67.6314785],[53.0173374,67.6314429],[53.016605,67.6312209],[53.0167536,67.6311575],[53.0167744,67.63115],[53.0168635,67.6311826],[53.0170065,67.631126]]]}},{"type":"Feature","id":"osm-context-869725182","properties":{"osmId":869725182,"kind":"area","landuse":null,"natural":null,"water":null,"waterway":null,"leisure":null,"amenity":"parking","railway":null,"name":null,"source":"OpenStreetMap"},"geometry":{"type":"Polygon","coordinates":[[[53.0195045,67.6316559],[53.0199607,67.6314838],[53.0198628,67.6314443],[53.019398,67.6316175],[53.0195045,67.6316559]]]}},{"type":"Feature","id":"osm-context-869725184","properties":{"osmId":869725184,"kind":"area","landuse":"grass","natural":null,"water":null,"waterway":null,"leisure":null,"amenity":null,"railway":null,"name":null,"source":"OpenStreetMap"},"geometry":{"type":"Polygon","coordinates":[[[53.0170894,67.6299913],[53.0169922,67.629954],[53.0170006,67.6299506],[53.0167744,67.6298686],[53.015142,67.6305209],[53.0151849,67.6305944],[53.015684,67.6307918],[53.0156335,67.6308096],[53.0150315,67.6305981],[53.015036,67.6304767],[53.016769,67.6298086],[53.0171475,67.6299606],[53.0171505,67.6299691],[53.0170894,67.6299913]]]}},{"type":"Feature","id":"osm-context-869725186","properties":{"osmId":869725186,"kind":"area","landuse":null,"natural":null,"water":null,"waterway":null,"leisure":null,"amenity":"parking","railway":null,"name":null,"source":"OpenStreetMap"},"geometry":{"type":"Polygon","coordinates":[[[53.0130472,67.6293439],[53.0133039,67.629005],[53.0135694,67.6290341],[53.0133125,67.629373],[53.0130472,67.6293439]]]}},{"type":"Feature","id":"osm-context-869725187","properties":{"osmId":869725187,"kind":"area","landuse":"grass","natural":null,"water":null,"waterway":null,"leisure":null,"amenity":null,"railway":null,"name":null,"source":"OpenStreetMap"},"geometry":{"type":"Polygon","coordinates":[[[53.0163639,67.629016],[53.0173745,67.6291595],[53.0173786,67.6291514],[53.0173678,67.6291417],[53.0163837,67.6289976],[53.0163639,67.629016]]]}},{"type":"Feature","id":"osm-context-869992207","properties":{"osmId":869992207,"kind":"area","landuse":"grass","natural":null,"water":null,"waterway":null,"leisure":null,"amenity":null,"railway":null,"name":null,"source":"OpenStreetMap"},"geometry":{"type":"Polygon","coordinates":[[[53.0173544,67.6291784],[53.0145209,67.6287833],[53.0144054,67.628776],[53.0142928,67.628773],[53.0141369,67.6287724],[53.0140231,67.6287735],[53.0139254,67.6287814],[53.0137945,67.6287984],[53.0136733,67.6288173],[53.0135423,67.6288437],[53.0133933,67.6288878],[53.0133267,67.6289108],[53.013248,67.6289474],[53.0131659,67.6289933],[53.0131309,67.6290186],[53.013072,67.6290617],[53.0130415,67.6290999],[53.013005,67.6291516],[53.0129335,67.6292525],[53.0128474,67.6293779],[53.0132678,67.6294232],[53.0133125,67.629373],[53.0130472,67.6293439],[53.0133039,67.629005],[53.0135694,67.6290341],[53.0136945,67.6288747],[53.013722,67.6288559],[53.0137791,67.628841],[53.0138892,67.6288208],[53.0139934,67.628814],[53.0141015,67.6288125],[53.0143355,67.6288372],[53.0143532,67.6288095],[53.0149175,67.6288754],[53.0148998,67.6289016],[53.0171393,67.6291665],[53.0171905,67.6291807],[53.0172042,67.6291949],[53.0172023,67.6292122],[53.0171905,67.6292309],[53.0171905,67.6292398],[53.0172082,67.6292451],[53.0172317,67.6292481],[53.0172671,67.6292473],[53.0172927,67.6292406],[53.0173544,67.6291784]]]}},{"type":"Feature","id":"osm-context-869992208","properties":{"osmId":869992208,"kind":"area","landuse":null,"natural":null,"water":null,"waterway":null,"leisure":"playground","amenity":null,"railway":null,"name":null,"source":"OpenStreetMap"},"geometry":{"type":"Polygon","coordinates":[[[53.0160195,67.6294969],[53.016101,67.6293974],[53.0160755,67.6293759],[53.0157669,67.6293409],[53.0156764,67.6294575],[53.0160195,67.6294969]]]}},{"type":"Feature","id":"osm-context-869992209","properties":{"osmId":869992209,"kind":"area","landuse":"grass","natural":null,"water":null,"waterway":null,"leisure":null,"amenity":null,"railway":null,"name":null,"source":"OpenStreetMap"},"geometry":{"type":"Polygon","coordinates":[[[53.0232694,67.6309691],[53.0229433,67.6308355],[53.0229785,67.6308228],[53.0233078,67.6309553],[53.0232694,67.6309691]]]}},{"type":"Feature","id":"osm-context-869992210","properties":{"osmId":869992210,"kind":"area","landuse":"grass","natural":null,"water":null,"waterway":null,"leisure":null,"amenity":null,"railway":null,"name":null,"source":"OpenStreetMap"},"geometry":{"type":"Polygon","coordinates":[[[53.0227536,67.6307578],[53.0227849,67.6307597],[53.0228075,67.6307597],[53.0228154,67.6307571],[53.020104,67.6296539],[53.0200805,67.6296628],[53.0227536,67.6307578]]]}},{"type":"Feature","id":"osm-context-869992214","properties":{"osmId":869992214,"kind":"area","landuse":"grass","natural":null,"water":null,"waterway":null,"leisure":null,"amenity":null,"railway":null,"name":null,"source":"OpenStreetMap"},"geometry":{"type":"Polygon","coordinates":[[[53.0228491,67.630745],[53.0228727,67.6307317],[53.0229022,67.6306945],[53.0227346,67.6306985],[53.0228491,67.630745]]]}},{"type":"Feature","id":"osm-context-869992217","properties":{"osmId":869992217,"kind":"area","landuse":"grass","natural":null,"water":null,"waterway":null,"leisure":null,"amenity":null,"railway":null,"name":null,"source":"OpenStreetMap"},"geometry":{"type":"Polygon","coordinates":[[[53.0234786,67.6291093],[53.0235482,67.6291666],[53.023634,67.6292053],[53.0237085,67.629262],[53.0237559,67.629348],[53.0237853,67.6294133],[53.0236176,67.6294147],[53.0234786,67.6291093]]]}},{"type":"Feature","id":"osm-context-869992218","properties":{"osmId":869992218,"kind":"area","landuse":"grass","natural":null,"water":null,"waterway":null,"leisure":null,"amenity":null,"railway":null,"name":null,"source":"OpenStreetMap"},"geometry":{"type":"Polygon","coordinates":[[[53.0236669,67.6296688],[53.023765,67.6296489],[53.0238214,67.6296385],[53.0238124,67.6296033],[53.0238007,67.6295756],[53.0237684,67.6295729],[53.0236917,67.6295707],[53.0235776,67.6295549],[53.023265,67.6295707],[53.02321,67.6295819],[53.0231726,67.6295931],[53.0231628,67.6295968],[53.0231608,67.6296073],[53.0231883,67.6296784],[53.023312,67.6296713],[53.0232782,67.6295946],[53.0236244,67.6295725],[53.0236669,67.6296688]]]}},{"type":"Feature","id":"osm-context-869992222","properties":{"osmId":869992222,"kind":"area","landuse":"grass","natural":null,"water":null,"waterway":null,"leisure":null,"amenity":null,"railway":null,"name":null,"source":"OpenStreetMap"},"geometry":{"type":"Polygon","coordinates":[[[53.0238861,67.6302063],[53.0238712,67.6301319],[53.023525,67.630154],[53.0235015,67.6301008],[53.0233645,67.630108],[53.0233997,67.6302019],[53.0238861,67.6302063]]]}},{"type":"Feature","id":"osm-context-869992223","properties":{"osmId":869992223,"kind":"area","landuse":"grass","natural":null,"water":null,"waterway":null,"leisure":null,"amenity":null,"railway":null,"name":null,"source":"OpenStreetMap"},"geometry":{"type":"Polygon","coordinates":[[[53.0238753,67.6303168],[53.0238503,67.6302262],[53.023404,67.6302226],[53.023394,67.6303138],[53.0234827,67.630323],[53.0235222,67.6302748],[53.0238753,67.6303168]]]}},{"type":"Feature","id":"osm-context-869992224","properties":{"osmId":869992224,"kind":"area","landuse":"grass","natural":null,"water":null,"waterway":null,"leisure":null,"amenity":null,"railway":null,"name":null,"source":"OpenStreetMap"},"geometry":{"type":"Polygon","coordinates":[[[53.0230363,67.6308204],[53.0230931,67.6307975],[53.0231408,67.6307394],[53.0230568,67.6307291],[53.0229984,67.6308051],[53.0230363,67.6308204]]]}},{"type":"Feature","id":"osm-context-869992225","properties":{"osmId":869992225,"kind":"area","landuse":"grass","natural":null,"water":null,"waterway":null,"leisure":null,"amenity":null,"railway":null,"name":null,"source":"OpenStreetMap"},"geometry":{"type":"Polygon","coordinates":[[[53.0237853,67.6294133],[53.0237921,67.6294623],[53.0232664,67.6294872],[53.0231878,67.6294872],[53.0231288,67.6294782],[53.0231111,67.6294648],[53.0230816,67.6293832],[53.0231771,67.6293784],[53.023206,67.6294418],[53.0236176,67.6294147],[53.0237853,67.6294133]]]}},{"type":"Feature","id":"osm-context-869992226","properties":{"osmId":869992226,"kind":"area","landuse":"grass","natural":null,"water":null,"waterway":null,"leisure":null,"amenity":null,"railway":null,"name":null,"source":"OpenStreetMap"},"geometry":{"type":"Polygon","coordinates":[[[53.0229018,67.6287734],[53.0228121,67.6287789],[53.0227885,67.6287115],[53.0228734,67.6287109],[53.0229018,67.6287734]]]}},{"type":"Feature","id":"osm-context-869992228","properties":{"osmId":869992228,"kind":"area","landuse":"grass","natural":null,"water":null,"waterway":null,"leisure":null,"amenity":null,"railway":null,"name":null,"source":"OpenStreetMap"},"geometry":{"type":"Polygon","coordinates":[[[53.0228524,67.6309505],[53.0224405,67.6307794],[53.0222294,67.6308568],[53.0226601,67.6310202],[53.0228524,67.6309505]]]}},{"type":"Feature","id":"osm-context-869992229","properties":{"osmId":869992229,"kind":"area","landuse":null,"natural":null,"water":null,"waterway":null,"leisure":null,"amenity":"parking","railway":null,"name":null,"source":"OpenStreetMap"},"geometry":{"type":"Polygon","coordinates":[[[53.0209469,67.6311939],[53.0213775,67.6310113],[53.0214792,67.631046],[53.0210487,67.6312286],[53.0210169,67.6312178],[53.0209469,67.6311939]]]}},{"type":"Feature","id":"osm-context-869992230","properties":{"osmId":869992230,"kind":"area","landuse":null,"natural":null,"water":null,"waterway":null,"leisure":null,"amenity":"parking","railway":null,"name":null,"source":"OpenStreetMap"},"geometry":{"type":"Polygon","coordinates":[[[53.019351,67.6309855],[53.0193646,67.6309909],[53.0193985,67.6310041],[53.0200088,67.6312427],[53.0199342,67.6312703],[53.0192765,67.6310131],[53.019351,67.6309855]]]}},{"type":"Feature","id":"osm-context-869992231","properties":{"osmId":869992231,"kind":"area","landuse":"grass","natural":null,"water":null,"waterway":null,"leisure":null,"amenity":null,"railway":null,"name":null,"source":"OpenStreetMap"},"geometry":{"type":"Polygon","coordinates":[[[53.0186492,67.6309278],[53.0187136,67.6309028],[53.0198745,67.6313339],[53.019887,67.6313507],[53.0198779,67.6313644],[53.019852,67.631379],[53.0195595,67.6314951],[53.0195523,67.6314908],[53.0197768,67.6313988],[53.0197961,67.6313707],[53.0197743,67.6313478],[53.0186492,67.6309278]]]}},{"type":"Feature","id":"osm-context-869992235","properties":{"osmId":869992235,"kind":"area","landuse":"grass","natural":null,"water":null,"waterway":null,"leisure":null,"amenity":null,"railway":null,"name":null,"source":"OpenStreetMap"},"geometry":{"type":"Polygon","coordinates":[[[53.0164344,67.6289427],[53.0183057,67.629211],[53.0183252,67.6291929],[53.0164506,67.6289283],[53.0164344,67.6289427]]]}},{"type":"Feature","id":"osm-context-869992237","properties":{"osmId":869992237,"kind":"area","landuse":"grass","natural":null,"water":null,"waterway":null,"leisure":null,"amenity":null,"railway":null,"name":null,"source":"OpenStreetMap"},"geometry":{"type":"Polygon","coordinates":[[[53.0184229,67.6292086],[53.0186521,67.6292514],[53.0189255,67.629305],[53.0192355,67.6293736],[53.019453,67.6294303],[53.0197384,67.6295162],[53.0199261,67.629582],[53.020104,67.6296539],[53.0200805,67.6296628],[53.0198992,67.6295907],[53.01971,67.6295272],[53.0194277,67.629443],[53.0192119,67.6293871],[53.018903,67.6293201],[53.0186232,67.6292675],[53.0184018,67.6292274],[53.0184229,67.6292086]]]}},{"type":"Feature","id":"osm-context-870251168","properties":{"osmId":870251168,"kind":"area","landuse":"grass","natural":null,"water":null,"waterway":null,"leisure":null,"amenity":null,"railway":null,"name":null,"source":"OpenStreetMap"},"geometry":{"type":"Polygon","coordinates":[[[53.0163754,67.6289336],[53.0149529,67.6287331],[53.0144476,67.6286717],[53.0141841,67.628665],[53.0139442,67.6286732],[53.0137378,67.6286957],[53.0135018,67.6287338],[53.0133091,67.628778],[53.0131215,67.6288392],[53.0130184,67.6288363],[53.0135833,67.6286403],[53.0144584,67.628652],[53.0157709,67.6288185],[53.0164241,67.6288889],[53.0169356,67.6289755],[53.0184042,67.6291835],[53.018826,67.6292597],[53.0191392,67.6293374],[53.0186679,67.6292396],[53.0183949,67.6291885],[53.016483,67.628918],[53.0164039,67.6289061],[53.0163754,67.6289336]]]}},{"type":"Feature","id":"osm-context-870251169","properties":{"osmId":870251169,"kind":"area","landuse":"grass","natural":null,"water":null,"waterway":null,"leisure":null,"amenity":null,"railway":null,"name":null,"source":"OpenStreetMap"},"geometry":{"type":"Polygon","coordinates":[[[53.0226297,67.6311302],[53.0226183,67.631125],[53.0227911,67.6310603],[53.022812,67.6310677],[53.0227583,67.6310881],[53.0228492,67.6311216],[53.0228444,67.6311234],[53.022728,67.631168],[53.0226297,67.6311302]]]}},{"type":"Feature","id":"osm-context-870251170","properties":{"osmId":870251170,"kind":"area","landuse":"grass","natural":null,"water":null,"waterway":null,"leisure":null,"amenity":null,"railway":null,"name":null,"source":"OpenStreetMap"},"geometry":{"type":"Polygon","coordinates":[[[53.0229625,67.6310779],[53.0228805,67.6310428],[53.0228239,67.631062],[53.0228058,67.631055],[53.0229628,67.6309964],[53.0229804,67.6310038],[53.0230669,67.6310012],[53.0232027,67.6310557],[53.0230427,67.6311117],[53.0229625,67.6310779]]]}},{"type":"Feature","id":"osm-context-870251171","properties":{"osmId":870251171,"kind":"area","landuse":"grass","natural":null,"water":null,"waterway":null,"leisure":null,"amenity":null,"railway":null,"name":null,"source":"OpenStreetMap"},"geometry":{"type":"Polygon","coordinates":[[[53.0228444,67.6311234],[53.0229625,67.6310779],[53.0230427,67.6311117],[53.0229201,67.6311544],[53.0228929,67.6311993],[53.0214752,67.631679],[53.0213083,67.6316076],[53.0221949,67.6312815],[53.0222121,67.6312874],[53.0223105,67.6313253],[53.022728,67.631168],[53.0228444,67.6311234]]]}},{"type":"Feature","id":"osm-context-870253721","properties":{"osmId":870253721,"kind":"area","landuse":null,"natural":"wood","water":null,"waterway":null,"leisure":null,"amenity":null,"railway":null,"name":null,"source":"OpenStreetMap"},"geometry":{"type":"Polygon","coordinates":[[[53.0495483,67.6424203],[53.0494912,67.6423712],[53.0494852,67.6423417],[53.049512,67.6423066],[53.0496104,67.6422646],[53.0510558,67.6419914],[53.0511035,67.6419937],[53.0511589,67.6420392],[53.0510872,67.6420521],[53.0511397,67.6420943],[53.0495483,67.6424203]]]}},{"type":"Feature","id":"osm-context-870253723","properties":{"osmId":870253723,"kind":"area","landuse":"grass","natural":null,"water":null,"waterway":null,"leisure":null,"amenity":null,"railway":null,"name":null,"source":"OpenStreetMap"},"geometry":{"type":"Polygon","coordinates":[[[53.0522047,67.6419705],[53.0521074,67.6418986],[53.0520814,67.6418798],[53.0520762,67.641864],[53.0520944,67.6418571],[53.0521515,67.6418482],[53.0522371,67.6418522],[53.052372,67.641868],[53.0525121,67.6419232],[53.0526029,67.6419667],[53.0528183,67.6421098],[53.0528209,67.6421463],[53.0528598,67.6421709],[53.052935,67.6421798],[53.0532775,67.6424108],[53.0532904,67.6424394],[53.0533553,67.6424808],[53.0533553,67.6424996],[53.0533268,67.6425085],[53.0531808,67.6425313],[53.0523818,67.6419361],[53.0522047,67.6419705]]]}},{"type":"Feature","id":"osm-context-870253728","properties":{"osmId":870253728,"kind":"area","landuse":"grass","natural":null,"water":null,"waterway":null,"leisure":null,"amenity":null,"railway":null,"name":null,"source":"OpenStreetMap"},"geometry":{"type":"Polygon","coordinates":[[[53.053545,67.6420149],[53.0536984,67.6419805],[53.0536401,67.6419406],[53.0535924,67.6419304],[53.0534464,67.641935],[53.0532795,67.6419508],[53.0531573,67.641969],[53.0530977,67.6419894],[53.0530619,67.6420121],[53.053056,67.6420347],[53.0530619,67.6420483],[53.0536639,67.6424497],[53.0536908,67.6424497],[53.0539858,67.6423805],[53.0541735,67.6423329],[53.054263,67.6423057],[53.0542928,67.6422853],[53.0541527,67.6421935],[53.0540565,67.6422115],[53.0541506,67.6422722],[53.0538517,67.6423392],[53.0538308,67.6423439],[53.0533786,67.6420523],[53.053545,67.6420149]]]}},{"type":"Feature","id":"osm-context-870640419","properties":{"osmId":870640419,"kind":"area","landuse":null,"natural":"wood","water":null,"waterway":null,"leisure":null,"amenity":null,"railway":null,"name":null,"source":"OpenStreetMap"},"geometry":{"type":"Polygon","coordinates":[[[52.984358,67.6352441],[52.983497,67.6353887],[52.9834285,67.6354115],[52.9834867,67.6354616],[52.9835158,67.6354656],[52.9835517,67.6354656],[52.9835997,67.6354525],[52.983639,67.6354349],[52.9836921,67.6354258],[52.9838017,67.6354265],[52.9838975,67.6354245],[52.9841012,67.6353861],[52.9842073,67.6353718],[52.9842809,67.635362],[52.9843304,67.6353454],[52.9843391,67.6353425],[52.9843819,67.6353177],[52.984358,67.6352441]]]}},{"type":"Feature","id":"osm-context-870640420","properties":{"osmId":870640420,"kind":"area","landuse":"grass","natural":null,"water":null,"waterway":null,"leisure":null,"amenity":null,"railway":null,"name":null,"source":"OpenStreetMap"},"geometry":{"type":"Polygon","coordinates":[[[52.9843304,67.6353454],[52.984512,67.6353158],[52.9846079,67.635291],[52.9846643,67.6352584],[52.9846798,67.6352337],[52.9846472,67.6351985],[52.9846335,67.635194],[52.984358,67.6352441],[52.9843819,67.6353177],[52.9843304,67.6353454]]]}},{"type":"Feature","id":"osm-context-870640421","properties":{"osmId":870640421,"kind":"area","landuse":null,"natural":"wood","water":null,"waterway":null,"leisure":null,"amenity":null,"railway":null,"name":null,"source":"OpenStreetMap"},"geometry":{"type":"Polygon","coordinates":[[[52.98374,67.6346078],[52.9828786,67.6347573],[52.9827,67.634785],[52.9827984,67.6348688],[52.9828104,67.63484],[52.9829225,67.634816],[52.9831918,67.6347621],[52.9833177,67.6347307],[52.983471,67.634712],[52.9836598,67.6346993],[52.983766,67.6347008],[52.9837897,67.6346801],[52.9837965,67.634654],[52.98374,67.6346078]]]}},{"type":"Feature","id":"osm-context-870640422","properties":{"osmId":870640422,"kind":"area","landuse":null,"natural":"wood","water":null,"waterway":null,"leisure":null,"amenity":null,"railway":null,"name":null,"source":"OpenStreetMap"},"geometry":{"type":"Polygon","coordinates":[[[52.9835966,67.6344882],[52.9835637,67.634456],[52.9827113,67.6346071],[52.9827352,67.6346378],[52.9835966,67.6344882]]]}},{"type":"Feature","id":"osm-context-870640423","properties":{"osmId":870640423,"kind":"area","landuse":"grass","natural":null,"water":null,"waterway":null,"leisure":null,"amenity":null,"railway":null,"name":null,"source":"OpenStreetMap"},"geometry":{"type":"Polygon","coordinates":[[[52.9826137,67.6346156],[52.9827267,67.6347166],[52.9827318,67.6347407],[52.9827113,67.6347556],[52.9826735,67.6347625],[52.9825222,67.6346336],[52.9826137,67.6346156]]]}},{"type":"Feature","id":"osm-context-870640424","properties":{"osmId":870640424,"kind":"area","landuse":null,"natural":"wood","water":null,"waterway":null,"leisure":null,"amenity":null,"railway":null,"name":null,"source":"OpenStreetMap"},"geometry":{"type":"Polygon","coordinates":[[[52.9823753,67.6341634],[52.9823504,67.634143],[52.9821282,67.6341811],[52.9821086,67.6342036],[52.9820509,67.6342324],[52.9824169,67.634544],[52.9824782,67.6345664],[52.982547,67.6345829],[52.9826119,67.6345859],[52.9828026,67.6345515],[52.9827527,67.6344993],[52.9826179,67.6345234],[52.9822101,67.634193],[52.9823753,67.6341634]]]}},{"type":"Feature","id":"osm-context-870640434","properties":{"osmId":870640434,"kind":"area","landuse":"grass","natural":null,"water":null,"waterway":null,"leisure":null,"amenity":null,"railway":null,"name":null,"source":"OpenStreetMap"},"geometry":{"type":"Polygon","coordinates":[[[52.9848954,67.636571],[52.9849638,67.6365586],[52.9849744,67.6365565],[52.9848254,67.6364347],[52.9849275,67.6364166],[52.9849109,67.6364036],[52.9847345,67.6364337],[52.9848954,67.636571]]]}},{"type":"Feature","id":"osm-context-870640440","properties":{"osmId":870640440,"kind":"area","landuse":"grass","natural":null,"water":null,"waterway":null,"leisure":null,"amenity":null,"railway":null,"name":null,"source":"OpenStreetMap"},"geometry":{"type":"Polygon","coordinates":[[[52.986869,67.6374906],[52.987255,67.6374265],[52.9872311,67.6374163],[52.9872117,67.6374112],[52.9871805,67.6374061],[52.9871313,67.6374039],[52.9868303,67.6374583],[52.986869,67.6374906]]]}},{"type":"Feature","id":"osm-context-870772962","properties":{"osmId":870772962,"kind":"area","landuse":"grass","natural":null,"water":null,"waterway":null,"leisure":null,"amenity":null,"railway":null,"name":null,"source":"OpenStreetMap"},"geometry":{"type":"Polygon","coordinates":[[[53.0176133,67.6316824],[53.0176187,67.6316752],[53.0176149,67.6316684],[53.017603,67.6316641],[53.0172258,67.6315663],[53.0172101,67.6315735],[53.0176133,67.6316824]]]}},{"type":"Feature","id":"osm-context-870772963","properties":{"osmId":870772963,"kind":"area","landuse":"grass","natural":null,"water":null,"waterway":null,"leisure":null,"amenity":null,"railway":null,"name":null,"source":"OpenStreetMap"},"geometry":{"type":"Polygon","coordinates":[[[53.0167648,67.6314793],[53.0170818,67.6315306],[53.0171363,67.6315441],[53.0171247,67.6315494],[53.0170966,67.6315415],[53.016838,67.6315026],[53.0167648,67.6314793]]]}},{"type":"Feature","id":"osm-context-870812709","properties":{"osmId":870812709,"kind":"area","landuse":"grass","natural":null,"water":null,"waterway":null,"leisure":null,"amenity":null,"railway":null,"name":null,"source":"OpenStreetMap"},"geometry":{"type":"Polygon","coordinates":[[[53.0129806,67.6304564],[53.0129881,67.6304666],[53.0130146,67.6304771],[53.0130618,67.6304861],[53.01369,67.6305564],[53.0139112,67.630558],[53.0129806,67.6304564]]]}},{"type":"Feature","id":"osm-context-870812710","properties":{"osmId":870812710,"kind":"area","landuse":"grass","natural":null,"water":null,"waterway":null,"leisure":null,"amenity":null,"railway":null,"name":null,"source":"OpenStreetMap"},"geometry":{"type":"Polygon","coordinates":[[[53.0144393,67.6306442],[53.0147092,67.6307408],[53.0153773,67.6308924],[53.0154019,67.6308929],[53.0154333,67.6308883],[53.0147623,67.630737],[53.0144393,67.6306442]]]}},{"type":"Feature","id":"osm-context-870812714","properties":{"osmId":870812714,"kind":"area","landuse":"grass","natural":null,"water":null,"waterway":null,"leisure":null,"amenity":null,"railway":null,"name":null,"source":"OpenStreetMap"},"geometry":{"type":"Polygon","coordinates":[[[53.0141098,67.6305608],[53.0137295,67.6305034],[53.0138239,67.6304885],[53.0139032,67.6304856],[53.0130878,67.6304287],[53.0129883,67.6304211],[53.0129782,67.6304356],[53.0141098,67.6305608]]]}},{"type":"Feature","id":"osm-context-870812715","properties":{"osmId":870812715,"kind":"area","landuse":"grass","natural":null,"water":null,"waterway":null,"leisure":null,"amenity":null,"railway":null,"name":null,"source":"OpenStreetMap"},"geometry":{"type":"Polygon","coordinates":[[[53.0164434,67.6311961],[53.0164231,67.6312001],[53.0164061,67.631201],[53.0160018,67.6310682],[53.0155738,67.6309427],[53.0155614,67.6309349],[53.0155615,67.6309218],[53.016031,67.6310574],[53.0164434,67.6311961]]]}},{"type":"Feature","id":"osm-context-870812717","properties":{"osmId":870812717,"kind":"area","landuse":"grass","natural":null,"water":null,"waterway":null,"leisure":null,"amenity":null,"railway":null,"name":null,"source":"OpenStreetMap"},"geometry":{"type":"Polygon","coordinates":[[[53.0122392,67.6305093],[53.0128244,67.6305492],[53.0131695,67.6305828],[53.013512,67.6306252],[53.0142423,67.6307536],[53.0153852,67.6309989],[53.0158963,67.6311559],[53.0161194,67.63123],[53.0162577,67.6312859],[53.0164172,67.6313687],[53.0162911,67.6312767],[53.0159162,67.6311444],[53.0154155,67.6309929],[53.0149874,67.6308936],[53.0144905,67.630786],[53.0142557,67.6307397],[53.0140119,67.6306942],[53.0135438,67.6306111],[53.0133197,67.6305833],[53.0129442,67.6305461],[53.0122462,67.6304952],[53.0122392,67.6305093]]]}},{"type":"Feature","id":"osm-context-870878364","properties":{"osmId":870878364,"kind":"area","landuse":"grass","natural":null,"water":null,"waterway":null,"leisure":null,"amenity":null,"railway":null,"name":null,"source":"OpenStreetMap"},"geometry":{"type":"Polygon","coordinates":[[[53.0074445,67.6300978],[53.0072174,67.6300852],[53.0071831,67.6300784],[53.0071638,67.6300659],[53.0071429,67.6300501],[53.007128,67.6300319],[53.0069909,67.6297841],[53.0070188,67.6297836],[53.0071758,67.6300325],[53.0071938,67.6300471],[53.007213,67.6300557],[53.0072475,67.6300662],[53.0074532,67.6300802],[53.0074445,67.6300978]]]}},{"type":"Feature","id":"osm-context-870878365","properties":{"osmId":870878365,"kind":"area","landuse":"grass","natural":null,"water":null,"waterway":null,"leisure":null,"amenity":null,"railway":null,"name":null,"source":"OpenStreetMap"},"geometry":{"type":"Polygon","coordinates":[[[53.0061387,67.6317742],[53.0059401,67.6319527],[53.0059281,67.631995],[53.0059384,67.6320523],[53.0059709,67.631995],[53.0059856,67.6319761],[53.0059966,67.6319618],[53.0061934,67.631784],[53.0061387,67.6317742]]]}},{"type":"Feature","id":"osm-context-870878367","properties":{"osmId":870878367,"kind":"area","landuse":"grass","natural":null,"water":null,"waterway":null,"leisure":null,"amenity":null,"railway":null,"name":null,"source":"OpenStreetMap"},"geometry":{"type":"Polygon","coordinates":[[[53.0059436,67.6317358],[53.0059845,67.6317429],[53.0059378,67.6317838],[53.0045137,67.6330323],[53.0044739,67.6330255],[53.0059436,67.6317358]]]}},{"type":"Feature","id":"osm-context-870878368","properties":{"osmId":870878368,"kind":"area","landuse":"grass","natural":null,"water":null,"waterway":null,"leisure":null,"amenity":null,"railway":null,"name":null,"source":"OpenStreetMap"},"geometry":{"type":"Polygon","coordinates":[[[53.0054879,67.6323569],[53.0046709,67.6330548],[53.004721,67.6330634],[53.0055307,67.6323644],[53.0056856,67.6322683],[53.0055966,67.6323028],[53.0054879,67.6323569]]]}},{"type":"Feature","id":"osm-context-871050475","properties":{"osmId":871050475,"kind":"area","landuse":"grass","natural":null,"water":null,"waterway":null,"leisure":null,"amenity":null,"railway":null,"name":null,"source":"OpenStreetMap"},"geometry":{"type":"Polygon","coordinates":[[[53.0071963,67.6302782],[53.0072029,67.630413],[53.0071661,67.6306267],[53.0071344,67.6307257],[53.0070899,67.6308221],[53.0070044,67.6309553],[53.0068708,67.6311149],[53.0067622,67.6312276],[53.0066107,67.6313765],[53.0063376,67.6316137],[53.0063817,67.6316216],[53.0068435,67.6312089],[53.0069292,67.63112],[53.0070732,67.6309215],[53.0071315,67.6308159],[53.0071964,67.6306777],[53.0072314,67.6305207],[53.0072431,67.6303834],[53.0072366,67.6302781],[53.0071963,67.6302782]]]}},{"type":"Feature","id":"osm-context-871050476","properties":{"osmId":871050476,"kind":"area","landuse":"grass","natural":null,"water":null,"waterway":null,"leisure":null,"amenity":null,"railway":null,"name":null,"source":"OpenStreetMap"},"geometry":{"type":"Polygon","coordinates":[[[53.0060195,67.6317133],[53.0061282,67.6316193],[53.0060852,67.6316123],[53.0059774,67.6317058],[53.0060195,67.6317133]]]}},{"type":"Feature","id":"osm-context-871050479","properties":{"osmId":871050479,"kind":"area","landuse":"grass","natural":null,"water":null,"waterway":null,"leisure":null,"amenity":null,"railway":null,"name":null,"source":"OpenStreetMap"},"geometry":{"type":"Polygon","coordinates":[[[53.0062224,67.631424],[53.0062112,67.6315379],[53.0061631,67.6315892],[53.0061189,67.631582],[53.0061591,67.6315419],[53.0062224,67.631424]]]}},{"type":"Feature","id":"osm-context-871050480","properties":{"osmId":871050480,"kind":"area","landuse":"grass","natural":null,"water":null,"waterway":null,"leisure":null,"amenity":null,"railway":null,"name":null,"source":"OpenStreetMap"},"geometry":{"type":"Polygon","coordinates":[[[53.0065412,67.6311891],[53.0066287,67.6311589],[53.0067882,67.6309677],[53.0068925,67.6308169],[53.006961,67.6306848],[53.0069923,67.6305719],[53.0070028,67.6304398],[53.0069908,67.6302781],[53.0069681,67.6302784],[53.0069715,67.6303871],[53.0069602,67.6305431],[53.0069399,67.6306209],[53.006915,67.630694],[53.0068439,67.630816],[53.0067852,67.630911],[53.0066982,67.6310202],[53.0065412,67.6311891]]]}},{"type":"Feature","id":"osm-context-871050483","properties":{"osmId":871050483,"kind":"area","landuse":"grass","natural":null,"water":null,"waterway":null,"leisure":null,"amenity":null,"railway":null,"name":null,"source":"OpenStreetMap"},"geometry":{"type":"Polygon","coordinates":[[[53.0069881,67.6302353],[53.0069697,67.6301203],[53.0068861,67.6299415],[53.0068115,67.6298156],[53.0067864,67.6298163],[53.0068733,67.6299933],[53.0069369,67.6301301],[53.0069581,67.6302353],[53.0069881,67.6302353]]]}},{"type":"Feature","id":"osm-context-871050484","properties":{"osmId":871050484,"kind":"area","landuse":"grass","natural":null,"water":null,"waterway":null,"leisure":null,"amenity":null,"railway":null,"name":null,"source":"OpenStreetMap"},"geometry":{"type":"Polygon","coordinates":[[[53.0056603,67.6315139],[53.0056736,67.6315009],[53.0057188,67.6314923],[53.0057933,67.6314966],[53.0059921,67.6315327],[53.006026,67.631561],[53.0060458,67.6315943],[53.0058939,67.6317281],[53.0055224,67.632055],[53.0052535,67.6320707],[53.0049667,67.6320252],[53.0050389,67.6319659],[53.0050819,67.6319633],[53.0051496,67.631904],[53.0052411,67.6319002],[53.0051589,67.631976],[53.0053842,67.6320114],[53.0058857,67.6315494],[53.0056603,67.6315139]]]}},{"type":"Feature","id":"osm-context-871050485","properties":{"osmId":871050485,"kind":"area","landuse":"grass","natural":null,"water":null,"waterway":null,"leisure":null,"amenity":null,"railway":null,"name":null,"source":"OpenStreetMap"},"geometry":{"type":"Polygon","coordinates":[[[53.0074924,67.6416977],[53.0073161,67.6418558],[53.0073012,67.6418737],[53.0073012,67.6418859],[53.0073135,67.6419049],[53.0075422,67.6417062],[53.0074924,67.6416977]]]}},{"type":"Feature","id":"osm-context-871050486","properties":{"osmId":871050486,"kind":"area","landuse":null,"natural":null,"water":null,"waterway":null,"leisure":"playground","amenity":null,"railway":null,"name":null,"source":"OpenStreetMap"},"geometry":{"type":"Polygon","coordinates":[[[53.0073448,67.6419642],[53.0076015,67.6420067],[53.0075301,67.642069],[53.0072735,67.6420264],[53.0073448,67.6419642]]]}},{"type":"Feature","id":"osm-context-938316484","properties":{"osmId":938316484,"kind":"area","landuse":"industrial","natural":null,"water":null,"waterway":null,"leisure":null,"amenity":null,"railway":null,"name":"ТРЦ Лесозавод, ГУП НАО НКЭС","source":"OpenStreetMap"},"geometry":{"type":"Polygon","coordinates":[[[53.0471315,67.6614478],[53.0485897,67.6609676],[53.0497222,67.6613752],[53.0481579,67.6618823],[53.0471315,67.6614478]]]}},{"type":"Feature","id":"osm-context-949950445","properties":{"osmId":949950445,"kind":"area","landuse":null,"natural":null,"water":null,"waterway":null,"leisure":null,"amenity":"parking","railway":null,"name":null,"source":"OpenStreetMap"},"geometry":{"type":"Polygon","coordinates":[[[53.017635,67.6317361],[53.018175,67.6319023],[53.0176207,67.6320826],[53.0172401,67.631994],[53.017635,67.6317361]]]}},{"type":"Feature","id":"osm-context-950261665","properties":{"osmId":950261665,"kind":"area","landuse":"grass","natural":null,"water":null,"waterway":null,"leisure":null,"amenity":null,"railway":null,"name":null,"source":"OpenStreetMap"},"geometry":{"type":"Polygon","coordinates":[[[53.0009828,67.6352682],[53.0007697,67.6352336],[53.000798,67.6352228],[53.0008293,67.6352149],[53.0008695,67.635212],[53.0009008,67.6352149],[53.0009455,67.6352217],[53.0009724,67.6352274],[53.0009932,67.635237],[53.0009962,67.6352466],[53.0009828,67.6352682]]]}},{"type":"Feature","id":"osm-context-955974789","properties":{"osmId":955974789,"kind":"area","landuse":"grass","natural":null,"water":null,"waterway":null,"leisure":null,"amenity":null,"railway":null,"name":null,"source":"OpenStreetMap"},"geometry":{"type":"Polygon","coordinates":[[[53.0389919,67.6406341],[53.0390122,67.6406058],[53.0391387,67.6405654],[53.0392561,67.6405302],[53.0393171,67.6405259],[53.039351,67.6405302],[53.0393849,67.6405491],[53.0393838,67.6405834],[53.0393465,67.6406161],[53.0393126,67.6406298],[53.0391364,67.6406702],[53.0390687,67.6406754],[53.0390122,67.6406694],[53.0389942,67.6406565],[53.0389919,67.6406341]]]}},{"type":"Feature","id":"osm-context-956476522","properties":{"osmId":956476522,"kind":"area","landuse":null,"natural":null,"water":null,"waterway":null,"leisure":null,"amenity":"parking","railway":null,"name":null,"source":"OpenStreetMap"},"geometry":{"type":"Polygon","coordinates":[[[53.0761961,67.6643533],[53.0758835,67.6645454],[53.0753495,67.6644199],[53.0756621,67.6642278],[53.0761961,67.6643533]]]}},{"type":"Feature","id":"osm-context-958843833","properties":{"osmId":958843833,"kind":"area","landuse":"grass","natural":null,"water":null,"waterway":null,"leisure":null,"amenity":null,"railway":null,"name":null,"source":"OpenStreetMap"},"geometry":{"type":"Polygon","coordinates":[[[52.9844255,67.6368978],[52.984682,67.6368581],[52.9844692,67.636676],[52.9841281,67.63673],[52.9843084,67.6368792],[52.9844255,67.6368978]]]}},{"type":"Feature","id":"osm-context-958843835","properties":{"osmId":958843835,"kind":"area","landuse":"construction","natural":null,"water":null,"waterway":null,"leisure":null,"amenity":null,"railway":null,"name":null,"source":"OpenStreetMap"},"geometry":{"type":"Polygon","coordinates":[[[52.9930434,67.6337312],[52.9933325,67.6334923],[52.9938746,67.6335946],[52.9935561,67.6338309],[52.9930434,67.6337312]]]}},{"type":"Feature","id":"osm-context-958843836","properties":{"osmId":958843836,"kind":"area","landuse":"construction","natural":null,"water":null,"waterway":null,"leisure":null,"amenity":null,"railway":null,"name":null,"source":"OpenStreetMap"},"geometry":{"type":"Polygon","coordinates":[[[52.9968355,67.6343694],[52.9975268,67.6344869],[52.9978286,67.6342186],[52.9971046,67.6341104],[52.9968355,67.6343694]]]}},{"type":"Feature","id":"osm-context-978362231","properties":{"osmId":978362231,"kind":"area","landuse":null,"natural":"wood","water":null,"waterway":null,"leisure":null,"amenity":null,"railway":null,"name":null,"source":"OpenStreetMap"},"geometry":{"type":"Polygon","coordinates":[[[53.0802029,67.6583525],[53.0804175,67.6581629],[53.0807018,67.6581038],[53.0808842,67.6581078],[53.0812383,67.6580507],[53.0812973,67.6579896],[53.081485,67.6579202],[53.0816191,67.657908],[53.0818284,67.6579141],[53.0822736,67.6578856],[53.0826008,67.6578081],[53.0826062,67.6577632],[53.0829012,67.6577632],[53.0834806,67.6577918],[53.0852079,67.6579732],[53.0888182,67.6588521],[53.0898401,67.658949],[53.0907923,67.6591702],[53.090803,67.6594424],[53.0906716,67.6594863],[53.0906877,67.6595628],[53.0906019,67.6596158],[53.0904517,67.6596596],[53.0902719,67.6596698],[53.0902237,67.6596402],[53.0902076,67.659576],[53.0903819,67.6595138],[53.0904838,67.6594842],[53.0904597,67.6593935],[53.0900896,67.6592701],[53.0899635,67.6591733],[53.0885768,67.6589378],[53.088094,67.6589745],[53.0869728,67.658742],[53.0867314,67.6585707],[53.0863345,67.6586115],[53.0861252,67.6585218],[53.0859911,67.6583566],[53.0858409,67.6582628],[53.0855673,67.6582445],[53.0853635,67.6581996],[53.0851704,67.6581568],[53.0844837,67.6583281],[53.0841672,67.6583362],[53.0839312,67.6582893],[53.0836737,67.6582914],[53.0835342,67.6582526],[53.0834484,67.6582037],[53.0832875,67.6581588],[53.0830032,67.6581507],[53.0829281,67.6580446],[53.0826706,67.6580997],[53.082743,67.6582414],[53.0830032,67.6583209],[53.0829656,67.6583668],[53.082802,67.6583933],[53.0825794,67.6584576],[53.0824748,67.6586268],[53.0826974,67.6588603],[53.0831158,67.6588766],[53.0833733,67.6589561],[53.0835611,67.659001],[53.0838829,67.6589684],[53.0838185,67.658848],[53.0835825,67.6586523],[53.0833733,67.6586013],[53.0831265,67.6585442],[53.0831373,67.6585014],[53.0833358,67.6584749],[53.083722,67.6584851],[53.0841672,67.6585279],[53.0842477,67.6586135],[53.0842316,67.6587196],[53.0841565,67.6589439],[53.0840653,67.6590622],[53.0838561,67.659158],[53.0836201,67.6591927],[53.0829602,67.6592212],[53.0823433,67.6592212],[53.0819571,67.6592865],[53.0816245,67.6592701],[53.0812114,67.659209],[53.0810666,67.6591172],[53.0811578,67.6590153],[53.0814582,67.658848],[53.0802029,67.6583525]]]}},{"type":"Feature","id":"osm-context-978362232","properties":{"osmId":978362232,"kind":"area","landuse":null,"natural":"wood","water":null,"waterway":null,"leisure":null,"amenity":null,"railway":null,"name":null,"source":"OpenStreetMap"},"geometry":{"type":"Polygon","coordinates":[[[53.0888665,67.6601979],[53.0899179,67.6596657],[53.0900037,67.6594312],[53.0898052,67.659264],[53.0885661,67.6590071],[53.0881047,67.6590968],[53.0878687,67.6592538],[53.087815,67.6593558],[53.0883837,67.6594781],[53.0885875,67.6596698],[53.0886787,67.6598594],[53.0883783,67.6601123],[53.0884963,67.6602],[53.0887055,67.6602061],[53.0888665,67.6601979]]]}},{"type":"Feature","id":"osm-context-978362233","properties":{"osmId":978362233,"kind":"area","landuse":null,"natural":"wood","water":null,"waterway":null,"leisure":null,"amenity":null,"railway":null,"name":null,"source":"OpenStreetMap"},"geometry":{"type":"Polygon","coordinates":[[[53.0909693,67.659522],[53.0909452,67.6594842],[53.090964,67.6592171],[53.0914146,67.6593415],[53.091428,67.6593762],[53.0910176,67.6595332],[53.0909693,67.659522]]]}},{"type":"Feature","id":"osm-context-978362234","properties":{"osmId":978362234,"kind":"area","landuse":null,"natural":"wood","water":null,"waterway":null,"leisure":null,"amenity":null,"railway":null,"name":null,"source":"OpenStreetMap"},"geometry":{"type":"Polygon","coordinates":[[[53.0980504,67.6595556],[53.0977875,67.6595658],[53.097412,67.6594802],[53.097133,67.6594006],[53.0970633,67.659315],[53.0971491,67.6590887],[53.0977875,67.658846],[53.0980772,67.6589031],[53.0986243,67.6587522],[53.0988872,67.658742],[53.0990159,67.658793],[53.0989784,67.6588827],[53.0986941,67.6589541],[53.0984366,67.6589806],[53.0984795,67.6590438],[53.0983883,67.659107],[53.0982381,67.6591641],[53.0981576,67.6592314],[53.0983454,67.6593191],[53.0984259,67.6593517],[53.0984259,67.6594516],[53.0982757,67.659525],[53.0980504,67.6595556]]]}},{"type":"Feature","id":"osm-context-978362252","properties":{"osmId":978362252,"kind":"area","landuse":null,"natural":"water","water":null,"waterway":null,"leisure":null,"amenity":null,"railway":null,"name":null,"source":"OpenStreetMap"},"geometry":{"type":"Polygon","coordinates":[[[53.1031841,67.6535763],[53.1033182,67.6534886],[53.1032914,67.6533989],[53.1030607,67.653354],[53.1028461,67.6533499],[53.1027549,67.6534111],[53.1027764,67.6534845],[53.1028837,67.6535437],[53.1030554,67.6535804],[53.1031841,67.6535763]]]}},{"type":"Feature","id":"osm-context-978362253","properties":{"osmId":978362253,"kind":"area","landuse":null,"natural":"water","water":null,"waterway":null,"leisure":null,"amenity":null,"railway":null,"name":null,"source":"OpenStreetMap"},"geometry":{"type":"Polygon","coordinates":[[[53.1041712,67.6540903],[53.1042463,67.6540107],[53.1041712,67.6538904],[53.10408,67.6538251],[53.1038868,67.6538313],[53.1038868,67.6539251],[53.1040263,67.6540413],[53.1041712,67.6540903]]]}},{"type":"Feature","id":"osm-context-978362254","properties":{"osmId":978362254,"kind":"area","landuse":null,"natural":"water","water":null,"waterway":null,"leisure":null,"amenity":null,"railway":null,"name":null,"source":"OpenStreetMap"},"geometry":{"type":"Polygon","coordinates":[[[53.1017303,67.6542188],[53.1013656,67.6541168],[53.1009471,67.6539332],[53.100518,67.6539169],[53.1002283,67.6538598],[53.0999493,67.6537538],[53.1000566,67.6536028],[53.1004751,67.6535457],[53.1008828,67.6535906],[53.101033,67.6535131],[53.1013119,67.6534927],[53.1016981,67.6535172],[53.1020629,67.653509],[53.1020844,67.6536192],[53.1019664,67.6536763],[53.1018484,67.6537497],[53.1019664,67.6539047],[53.1020844,67.6540067],[53.1020093,67.6540964],[53.1020307,67.6542025],[53.1019074,67.6542249],[53.1017303,67.6542188]]]}},{"type":"Feature","id":"osm-context-978362267","properties":{"osmId":978362267,"kind":"area","landuse":null,"natural":"wood","water":null,"waterway":null,"leisure":null,"amenity":null,"railway":null,"name":null,"source":"OpenStreetMap"},"geometry":{"type":"Polygon","coordinates":[[[53.1013119,67.6589622],[53.1016391,67.6588929],[53.1021219,67.6588807],[53.1025886,67.6589174],[53.102814,67.6589724],[53.1029534,67.6590458],[53.1027657,67.6590989],[53.1024492,67.6590458],[53.1020844,67.6590153],[53.1018752,67.6590132],[53.1014889,67.6590112],[53.1013977,67.6589969],[53.1013119,67.6589622]]]}},{"type":"Feature","id":"osm-context-978362268","properties":{"osmId":978362268,"kind":"area","landuse":null,"natural":"wood","water":null,"waterway":null,"leisure":null,"amenity":null,"railway":null,"name":null,"source":"OpenStreetMap"},"geometry":{"type":"Polygon","coordinates":[[[53.1023258,67.6585605],[53.102417,67.6587094],[53.1027549,67.6587889],[53.1032431,67.6588419],[53.1035274,67.6588705],[53.1039298,67.658793],[53.1040156,67.658689],[53.1038386,67.6586788],[53.1036454,67.6587359],[53.1032485,67.65874],[53.1025994,67.6586217],[53.1024492,67.6585442],[53.1023258,67.6585605]]]}},{"type":"Feature","id":"osm-context-978362269","properties":{"osmId":978362269,"kind":"area","landuse":null,"natural":"wood","water":null,"waterway":null,"leisure":null,"amenity":null,"railway":null,"name":null,"source":"OpenStreetMap"},"geometry":{"type":"Polygon","coordinates":[[[53.1011349,67.6588073],[53.1010812,67.6587135],[53.1011993,67.6586421],[53.101725,67.6586013],[53.1019825,67.6586135],[53.1022239,67.6587522],[53.1016821,67.6588113],[53.1011349,67.6588073]]]}},{"type":"Feature","id":"osm-context-978362290","properties":{"osmId":978362290,"kind":"area","landuse":null,"natural":"wood","water":null,"waterway":null,"leisure":null,"amenity":null,"railway":null,"name":null,"source":"OpenStreetMap"},"geometry":{"type":"Polygon","coordinates":[[[53.0833679,67.6574227],[53.0841887,67.6573085],[53.0846876,67.6572412],[53.0846634,67.6571514],[53.0843684,67.6569088],[53.0840197,67.6567864],[53.0835664,67.6568394],[53.0834591,67.6567211],[53.0832285,67.656664],[53.082633,67.6566906],[53.0824774,67.6565886],[53.082515,67.656403],[53.0828637,67.6563724],[53.0828771,67.6561736],[53.0828047,67.656094],[53.0825525,67.655885],[53.082338,67.6558544],[53.0821824,67.6558921],[53.0821019,67.6559615],[53.0821797,67.6560074],[53.0823621,67.6560471],[53.0824345,67.6561083],[53.0824453,67.6562368],[53.0822736,67.6562511],[53.0820966,67.6562184],[53.0819625,67.6562164],[53.081874,67.6562592],[53.0819276,67.6563153],[53.0820778,67.6563541],[53.0820885,67.6564193],[53.0819491,67.6564887],[53.0818337,67.6565193],[53.0816486,67.656505],[53.0815414,67.6564448],[53.0815467,67.6563938],[53.0814582,67.6563745],[53.0811846,67.6564469],[53.0812463,67.6564917],[53.081308,67.6565193],[53.0812088,67.6565539],[53.0811444,67.6565815],[53.0811766,67.6566192],[53.0812517,67.6566651],[53.081418,67.6566916],[53.0815709,67.6567324],[53.0816728,67.6567864],[53.0817935,67.6567976],[53.0819061,67.6567599],[53.0820188,67.656767],[53.0821502,67.6568659],[53.0822119,67.6569088],[53.0835664,67.6569455],[53.0837917,67.656972],[53.0838078,67.6570964],[53.0835986,67.6571576],[53.0834699,67.657127],[53.0834806,67.6570372],[53.0834269,67.6569965],[53.0832875,67.6569965],[53.0830407,67.6570291],[53.0830139,67.6570882],[53.0829656,67.6571453],[53.0829066,67.6572085],[53.0830729,67.6572534],[53.0832553,67.6572677],[53.0833572,67.6573064],[53.0833036,67.6573778],[53.0832848,67.6574053],[53.0833116,67.6574237],[53.0833679,67.6574227]]]}},{"type":"Feature","id":"osm-context-978362307","properties":{"osmId":978362307,"kind":"area","landuse":null,"natural":"water","water":null,"waterway":null,"leisure":null,"amenity":null,"railway":null,"name":null,"source":"OpenStreetMap"},"geometry":{"type":"Polygon","coordinates":[[[53.0870962,67.6628831],[53.0871874,67.6629402],[53.087402,67.6629932],[53.0874503,67.663036],[53.0870104,67.6631196],[53.086592,67.6631645],[53.0862862,67.6631502],[53.086254,67.6631033],[53.08649,67.6630422],[53.0868816,67.6630197],[53.0870318,67.6629912],[53.0870211,67.66293],[53.086887,67.6628974],[53.0866188,67.6629647],[53.0863666,67.6629484],[53.0863345,67.6629117],[53.0862915,67.6627792],[53.0863184,67.6623408],[53.0865812,67.6622531],[53.0868977,67.6622409],[53.0872035,67.6623999],[53.0874664,67.6625732],[53.0874395,67.6626793],[53.0874717,67.6627323],[53.0875575,67.6627934],[53.0871659,67.6627812],[53.0870855,67.6628546],[53.0870962,67.6628831]]]}},{"type":"Feature","id":"osm-context-978362308","properties":{"osmId":978362308,"kind":"area","landuse":null,"natural":"water","water":null,"waterway":null,"leisure":null,"amenity":null,"railway":null,"name":null,"source":"OpenStreetMap"},"geometry":{"type":"Polygon","coordinates":[[[53.0813348,67.6622389],[53.081426,67.6621471],[53.0816406,67.6620982],[53.0817372,67.6620166],[53.0819678,67.6619392],[53.0828422,67.6617577],[53.0832821,67.6617128],[53.0838239,67.6617169],[53.0839527,67.661772],[53.083899,67.6618821],[53.083722,67.6619779],[53.0835181,67.6620391],[53.0832285,67.6620411],[53.0828261,67.6620921],[53.0821502,67.6622368],[53.0817157,67.6622796],[53.0814582,67.6622796],[53.0813348,67.6622389]]]}},{"type":"Feature","id":"osm-context-981149660","properties":{"osmId":981149660,"kind":"waterway","landuse":null,"natural":null,"water":null,"waterway":"river","leisure":null,"amenity":null,"railway":null,"name":null,"source":"OpenStreetMap"},"geometry":{"type":"LineString","coordinates":[[53.0240563,67.6407102],[53.0183914,67.6423264],[53.0153069,67.6458849],[53.0147409,67.6512165],[53.0214637,67.6524358],[53.0327618,67.6587094],[53.0337999,67.6591882],[53.0453395,67.6640187],[53.0496084,67.666282],[53.0547593,67.6687543]]}},{"type":"Feature","id":"osm-context-985489058","properties":{"osmId":985489058,"kind":"area","landuse":"construction","natural":null,"water":null,"waterway":null,"leisure":null,"amenity":null,"railway":null,"name":null,"source":"OpenStreetMap"},"geometry":{"type":"Polygon","coordinates":[[[52.9981426,67.6345838],[52.9983006,67.6346112],[52.9987108,67.6346824],[52.9989824,67.6344465],[52.9984248,67.634349],[52.9981426,67.6345838]]]}},{"type":"Feature","id":"osm-context-988818623","properties":{"osmId":988818623,"kind":"area","landuse":"grass","natural":null,"water":null,"waterway":null,"leisure":null,"amenity":null,"railway":null,"name":null,"source":"OpenStreetMap"},"geometry":{"type":"Polygon","coordinates":[[[53.0155368,67.6296236],[53.0157826,67.6296513],[53.0158868,67.6295181],[53.0160195,67.6294969],[53.0156764,67.6294575],[53.0155368,67.6296236]]]}},{"type":"Feature","id":"osm-context-988818627","properties":{"osmId":988818627,"kind":"area","landuse":null,"natural":null,"water":null,"waterway":null,"leisure":null,"amenity":"parking","railway":null,"name":null,"source":"OpenStreetMap"},"geometry":{"type":"Polygon","coordinates":[[[53.0174641,67.6329771],[53.0164808,67.6325219],[53.0168232,67.6324064],[53.0178506,67.6328536],[53.0174641,67.6329771]]]}},{"type":"Feature","id":"osm-context-989163174","properties":{"osmId":989163174,"kind":"area","landuse":"grass","natural":null,"water":null,"waterway":null,"leisure":null,"amenity":null,"railway":null,"name":null,"source":"OpenStreetMap"},"geometry":{"type":"Polygon","coordinates":[[[52.9787655,67.6380253],[52.9796061,67.6378969],[52.9795947,67.6378862],[52.9795845,67.6378765],[52.9787439,67.6380049],[52.9787533,67.6380138],[52.9787655,67.6380253]]]}},{"type":"Feature","id":"osm-context-989276377","properties":{"osmId":989276377,"kind":"area","landuse":"grass","natural":null,"water":null,"waterway":null,"leisure":null,"amenity":null,"railway":null,"name":null,"source":"OpenStreetMap"},"geometry":{"type":"Polygon","coordinates":[[[52.9983029,67.6434658],[52.9984943,67.6433076],[52.9983836,67.6432882],[52.9981922,67.6434465],[52.9983029,67.6434658]]]}},{"type":"Feature","id":"osm-context-989276378","properties":{"osmId":989276378,"kind":"area","landuse":"grass","natural":null,"water":null,"waterway":null,"leisure":null,"amenity":null,"railway":null,"name":null,"source":"OpenStreetMap"},"geometry":{"type":"Polygon","coordinates":[[[52.9983637,67.643485],[52.9985424,67.6433227],[52.9985869,67.6433304],[52.9984012,67.64349],[52.9983637,67.643485]]]}},{"type":"Feature","id":"osm-context-989276381","properties":{"osmId":989276381,"kind":"area","landuse":"grass","natural":null,"water":null,"waterway":null,"leisure":null,"amenity":null,"railway":null,"name":null,"source":"OpenStreetMap"},"geometry":{"type":"Polygon","coordinates":[[[53.0000345,67.6437562],[52.9999749,67.643809],[52.9999656,67.6438293],[52.9999784,67.6438408],[53.0000028,67.6438505],[53.0000586,67.6438629],[53.0001571,67.6437748],[53.0000345,67.6437562]]]}},{"type":"Feature","id":"osm-context-989276382","properties":{"osmId":989276382,"kind":"area","landuse":"grass","natural":null,"water":null,"waterway":null,"leisure":null,"amenity":null,"railway":null,"name":null,"source":"OpenStreetMap"},"geometry":{"type":"Polygon","coordinates":[[[53.0001516,67.6438779],[53.0002725,67.6438965],[53.0004144,67.6438949],[53.0004889,67.6438251],[53.0002545,67.6437896],[53.0001516,67.6438779]]]}},{"type":"Feature","id":"osm-context-989276384","properties":{"osmId":989276384,"kind":"area","landuse":"grass","natural":null,"water":null,"waterway":null,"leisure":null,"amenity":null,"railway":null,"name":null,"source":"OpenStreetMap"},"geometry":{"type":"Polygon","coordinates":[[[53.001206,67.6441839],[53.0009223,67.6444336],[53.0009622,67.6444341],[53.0010036,67.6444295],[53.0010235,67.6444196],[53.001275,67.644195],[53.001206,67.6441839]]]}},{"type":"Feature","id":"osm-context-989788252","properties":{"osmId":989788252,"kind":"area","landuse":null,"natural":null,"water":null,"waterway":null,"leisure":null,"amenity":"kindergarten","railway":null,"name":null,"source":"OpenStreetMap"},"geometry":{"type":"Polygon","coordinates":[[[52.979947,67.6363367],[52.9800072,67.636183],[52.9803848,67.6362044],[52.9803993,67.6361675],[52.9811504,67.6362101],[52.9811238,67.636278],[52.9812057,67.6362826],[52.9812173,67.6362533],[52.9814463,67.6362663],[52.9813899,67.63641],[52.9813479,67.6364076],[52.9813159,67.6364893],[52.980847,67.6364626],[52.9808746,67.6363923],[52.9808501,67.6363909],[52.9808471,67.6363986],[52.9806693,67.6363885],[52.9806578,67.6364178],[52.9800267,67.636382],[52.9800423,67.6363421],[52.979947,67.6363367]]]}},{"type":"Feature","id":"osm-context-989788260","properties":{"osmId":989788260,"kind":"area","landuse":"grass","natural":null,"water":null,"waterway":null,"leisure":null,"amenity":null,"railway":null,"name":null,"source":"OpenStreetMap"},"geometry":{"type":"Polygon","coordinates":[[[53.0008666,67.6444971],[53.0007159,67.6446367],[53.0007356,67.644638],[53.0007587,67.6446377],[53.000787,67.6446334],[53.0008067,67.6446269],[53.0008948,67.6445469],[53.0009008,67.6445335],[53.0008991,67.6445205],[53.0008666,67.6444971]]]}},{"type":"Feature","id":"osm-context-990709827","properties":{"osmId":990709827,"kind":"area","landuse":"industrial","natural":null,"water":null,"waterway":null,"leisure":null,"amenity":null,"railway":null,"name":"СМК-Строй промзона","source":"OpenStreetMap"},"geometry":{"type":"Polygon","coordinates":[[[53.0528307,67.6563401],[53.0532318,67.6562758],[53.0529959,67.6560186],[53.0525436,67.6560799],[53.0528307,67.6563401]]]}},{"type":"Feature","id":"osm-context-991303456","properties":{"osmId":991303456,"kind":"area","landuse":null,"natural":null,"water":null,"waterway":null,"leisure":"pitch","amenity":null,"railway":null,"name":null,"source":"OpenStreetMap"},"geometry":{"type":"Polygon","coordinates":[[[53.0412882,67.64091],[53.0419425,67.6407779],[53.0413313,67.6403393],[53.0406762,67.6404715],[53.0412882,67.64091]]]}},{"type":"Feature","id":"osm-context-991303458","properties":{"osmId":991303458,"kind":"area","landuse":null,"natural":null,"water":null,"waterway":null,"leisure":"playground","amenity":null,"railway":null,"name":null,"source":"OpenStreetMap"},"geometry":{"type":"Polygon","coordinates":[[[53.0406762,67.6404715],[53.0414233,67.6403213],[53.0412452,67.6401871],[53.0404954,67.6403473],[53.0406762,67.6404715]]]}},{"type":"Feature","id":"osm-context-991303459","properties":{"osmId":991303459,"kind":"area","landuse":"industrial","natural":null,"water":null,"waterway":null,"leisure":null,"amenity":null,"railway":null,"name":"КТА-лес","source":"OpenStreetMap"},"geometry":{"type":"Polygon","coordinates":[[[53.0766235,67.6297579],[53.078286,67.6302929],[53.0785662,67.6301898],[53.0800793,67.6294184],[53.0786036,67.6289314],[53.078538,67.6289095],[53.0766235,67.6297579]]]}},{"type":"Feature","id":"osm-context-991303460","properties":{"osmId":991303460,"kind":"area","landuse":"industrial","natural":null,"water":null,"waterway":null,"leisure":null,"amenity":null,"railway":null,"name":null,"source":"OpenStreetMap"},"geometry":{"type":"Polygon","coordinates":[[[53.0766944,67.6297265],[53.078538,67.6289095],[53.0774734,67.6285528],[53.0773287,67.6286311],[53.0771839,67.6287093],[53.0756241,67.6293793],[53.0766944,67.6297265]]]}},{"type":"Feature","id":"osm-context-991303461","properties":{"osmId":991303461,"kind":"area","landuse":"industrial","natural":null,"water":null,"waterway":null,"leisure":null,"amenity":null,"railway":null,"name":null,"source":"OpenStreetMap"},"geometry":{"type":"Polygon","coordinates":[[[53.0786036,67.6289314],[53.0795656,67.6285013],[53.0784074,67.6281263],[53.0775995,67.6284746],[53.0774734,67.6285528],[53.0786036,67.6289314]]]}},{"type":"Feature","id":"osm-context-991701553","properties":{"osmId":991701553,"kind":"area","landuse":null,"natural":null,"water":null,"waterway":null,"leisure":null,"amenity":"kindergarten","railway":null,"name":null,"source":"OpenStreetMap"},"geometry":{"type":"Polygon","coordinates":[[[53.0080625,67.6375357],[53.0076876,67.637474],[53.007839,67.6373407],[53.007749,67.6373259],[53.0080501,67.6370607],[53.0082158,67.6370879],[53.0082485,67.6370589],[53.0081771,67.6370471],[53.0082689,67.6369663],[53.0086194,67.6370239],[53.0086025,67.6370388],[53.0088018,67.6370715],[53.0086136,67.6372371],[53.0084421,67.6372089],[53.0084322,67.6372175],[53.008451,67.6372206],[53.0083797,67.6372834],[53.0084512,67.6372951],[53.0083142,67.6374157],[53.0081981,67.637518],[53.0081007,67.637502],[53.0080625,67.6375357]]]}},{"type":"Feature","id":"osm-context-991725647","properties":{"osmId":991725647,"kind":"area","landuse":null,"natural":null,"water":null,"waterway":null,"leisure":null,"amenity":"school","railway":null,"name":"ГБОУ НАО «СШ № 3»","source":"OpenStreetMap"},"geometry":{"type":"Polygon","coordinates":[[[53.01212,67.631492],[53.0124121,67.6311064],[53.0126236,67.6310611],[53.0136459,67.631145],[53.0136965,67.6310645],[53.0138336,67.6309794],[53.0125819,67.630883],[53.0123949,67.630868],[53.0122258,67.6308824],[53.0120716,67.6309207],[53.011971,67.6310043],[53.0117486,67.6312856],[53.0116283,67.6314376],[53.0117773,67.6314512],[53.0117385,67.6315011],[53.0116163,67.6314898],[53.0114882,67.6316622],[53.0116044,67.6316724],[53.0115777,67.6317085],[53.0125909,67.6318243],[53.0126773,67.6317155],[53.0130594,67.6317879],[53.0128752,67.6318643],[53.0136637,67.6321555],[53.0137174,67.6321374],[53.0138157,67.6321748],[53.0141257,67.6320671],[53.0140035,67.6320149],[53.0141406,67.6319695],[53.0142598,67.6320194],[53.0151956,67.6316758],[53.0151419,67.6316497],[53.0152171,67.6316214],[53.0152612,67.631568],[53.0152755,67.631527],[53.0152542,67.6314816],[53.0152124,67.6314391],[53.0151478,67.6314001],[53.0150334,67.6313456],[53.01499,67.6313605],[53.0141018,67.6310168],[53.0139916,67.631086],[53.013926,67.6311767],[53.0145519,67.6314217],[53.014534,67.6314589],[53.0145431,67.6314946],[53.0145906,67.6315288],[53.0146369,67.6315485],[53.0146923,67.6315716],[53.014528,67.6316312],[53.0145726,67.63165],[53.0139171,67.6318788],[53.0140482,67.631931],[53.0139171,67.6319741],[53.0132406,67.6317143],[53.0131262,67.6317573],[53.012715,67.6316788],[53.0127688,67.6316187],[53.0118369,67.6315125],[53.0118846,67.6314626],[53.01212,67.631492]]]}},{"type":"Feature","id":"osm-context-991725664","properties":{"osmId":991725664,"kind":"area","landuse":"grass","natural":null,"water":null,"waterway":null,"leisure":null,"amenity":null,"railway":null,"name":null,"source":"OpenStreetMap"},"geometry":{"type":"Polygon","coordinates":[[[53.007051,67.6383746],[53.0071254,67.6383224],[53.0070069,67.6383005],[53.0069329,67.6383527],[53.007051,67.6383746]]]}},{"type":"Feature","id":"osm-context-991725665","properties":{"osmId":991725665,"kind":"area","landuse":"grass","natural":null,"water":null,"waterway":null,"leisure":null,"amenity":null,"railway":null,"name":null,"source":"OpenStreetMap"},"geometry":{"type":"Polygon","coordinates":[[[53.0072301,67.6383415],[53.0071602,67.6383944],[53.0072612,67.6384127],[53.0072443,67.6384265],[53.0072948,67.6384347],[53.0073815,67.6383684],[53.0072301,67.6383415]]]}},{"type":"Feature","id":"osm-context-991725667","properties":{"osmId":991725667,"kind":"area","landuse":"grass","natural":null,"water":null,"waterway":null,"leisure":null,"amenity":null,"railway":null,"name":null,"source":"OpenStreetMap"},"geometry":{"type":"Polygon","coordinates":[[[53.0093675,67.6428656],[53.0095777,67.6426823],[53.0096391,67.6426924],[53.0094288,67.6428758],[53.0093675,67.6428656]]]}},{"type":"Feature","id":"osm-context-991845285","properties":{"osmId":991845285,"kind":"area","landuse":null,"natural":null,"water":null,"waterway":null,"leisure":null,"amenity":"parking","railway":null,"name":null,"source":"OpenStreetMap"},"geometry":{"type":"Polygon","coordinates":[[[52.9936026,67.6467121],[52.9937613,67.6465823],[52.9938765,67.6466027],[52.9937177,67.6467325],[52.9936026,67.6467121]]]}},{"type":"Feature","id":"osm-context-992976571","properties":{"osmId":992976571,"kind":"area","landuse":"industrial","natural":null,"water":null,"waterway":null,"leisure":null,"amenity":null,"railway":null,"name":null,"source":"OpenStreetMap"},"geometry":{"type":"Polygon","coordinates":[[[52.9829895,67.6396386],[52.9829417,67.6396491],[52.9827891,67.6395317],[52.9828393,67.6395204],[52.9829895,67.6396386]]]}},{"type":"Feature","id":"osm-context-992976582","properties":{"osmId":992976582,"kind":"area","landuse":null,"natural":null,"water":null,"waterway":null,"leisure":"pitch","amenity":null,"railway":null,"name":null,"source":"OpenStreetMap"},"geometry":{"type":"Polygon","coordinates":[[[52.9886376,67.640065],[52.9889807,67.6400016],[52.9890186,67.6400314],[52.9886755,67.6400947],[52.9886376,67.640065]]]}},{"type":"Feature","id":"osm-context-992976583","properties":{"osmId":992976583,"kind":"area","landuse":null,"natural":null,"water":null,"waterway":null,"leisure":"pitch","amenity":null,"railway":null,"name":null,"source":"OpenStreetMap"},"geometry":{"type":"Polygon","coordinates":[[[52.9884781,67.6399386],[52.9888212,67.6398753],[52.9888591,67.6399051],[52.9885161,67.6399684],[52.9884781,67.6399386]]]}},{"type":"Feature","id":"osm-context-993472450","properties":{"osmId":993472450,"kind":"area","landuse":"industrial","natural":null,"water":null,"waterway":null,"leisure":null,"amenity":null,"railway":null,"name":null,"source":"OpenStreetMap"},"geometry":{"type":"Polygon","coordinates":[[[53.0371808,67.6411658],[53.0379697,67.6410044],[53.0381527,67.6411338],[53.0379987,67.6411653],[53.0384405,67.6414776],[53.0379332,67.6415814],[53.0376404,67.6413745],[53.0375127,67.6414006],[53.0371808,67.6411658]]]}},{"type":"Feature","id":"osm-context-993565873","properties":{"osmId":993565873,"kind":"area","landuse":"grass","natural":null,"water":null,"waterway":null,"leisure":null,"amenity":null,"railway":null,"name":null,"source":"OpenStreetMap"},"geometry":{"type":"Polygon","coordinates":[[[53.1287249,67.671999],[53.1290139,67.6719028],[53.1285848,67.6719424],[53.1287249,67.671999]]]}},{"type":"Feature","id":"osm-context-993565880","properties":{"osmId":993565880,"kind":"area","landuse":null,"natural":null,"water":null,"waterway":null,"leisure":null,"amenity":"parking","railway":null,"name":null,"source":"OpenStreetMap"},"geometry":{"type":"Polygon","coordinates":[[[53.1292251,67.6704831],[53.128548,67.6702623],[53.1284364,67.6702603],[53.128343,67.6702692],[53.1282704,67.6702978],[53.1283715,67.6703589],[53.1290124,67.6705708],[53.1292251,67.6704831]]]}},{"type":"Feature","id":"osm-context-993565894","properties":{"osmId":993565894,"kind":"area","landuse":null,"natural":null,"water":null,"waterway":null,"leisure":null,"amenity":"parking","railway":null,"name":null,"source":"OpenStreetMap"},"geometry":{"type":"Polygon","coordinates":[[[53.1196446,67.6727591],[53.1199654,67.6725034],[53.1190981,67.6723541],[53.1188586,67.6725618],[53.1189851,67.6726424],[53.1196446,67.6727591]]]}},{"type":"Feature","id":"osm-context-995645696","properties":{"osmId":995645696,"kind":"area","landuse":"grass","natural":null,"water":null,"waterway":null,"leisure":null,"amenity":null,"railway":null,"name":null,"source":"OpenStreetMap"},"geometry":{"type":"Polygon","coordinates":[[[53.0007938,67.6365926],[53.0009216,67.6366128],[53.0007565,67.6367729],[53.0011222,67.6368305],[53.0011812,67.6368379],[53.0012323,67.6368611],[53.0012005,67.6368872],[53.000585,67.6367888],[53.0007938,67.6365926]]]}},{"type":"Feature","id":"osm-context-1030579020","properties":{"osmId":1030579020,"kind":"area","landuse":"industrial","natural":null,"water":null,"waterway":null,"leisure":null,"amenity":null,"railway":null,"name":null,"source":"OpenStreetMap"},"geometry":{"type":"Polygon","coordinates":[[[52.9979202,67.6358029],[52.9984442,67.635888],[52.9986678,67.6358785],[52.9989298,67.6357892],[52.9989998,67.6356938],[52.9990246,67.6355597],[52.9990134,67.6355185],[52.9983674,67.6354188],[52.9979202,67.6358029]]]}},{"type":"Feature","id":"osm-context-1081176895","properties":{"osmId":1081176895,"kind":"area","landuse":"industrial","natural":null,"water":null,"waterway":null,"leisure":null,"amenity":null,"railway":null,"name":"Порт Нарьян-Мар","source":"OpenStreetMap"},"geometry":{"type":"Polygon","coordinates":[[[52.9932501,67.6472788],[52.9937704,67.64675],[52.9960877,67.6469665],[52.996478,67.6459924],[52.9986571,67.6463325],[52.9980798,67.6469046],[53.0017713,67.6471644],[53.0020315,67.6474303],[53.0028852,67.6473746],[53.0035276,67.6474519],[53.0038447,67.6472417],[53.0063083,67.647486],[53.0078857,67.6463511],[53.0120976,67.6470778],[53.0135693,67.6457759],[53.0133904,67.6470809],[53.0128131,67.6478879],[53.0117805,67.6481879],[53.0085037,67.6475942],[53.0071865,67.6481384],[53.0045602,67.6484878],[53.000202,67.6482126],[52.9932501,67.6472788]]]}},{"type":"Feature","id":"osm-context-1085779411","properties":{"osmId":1085779411,"kind":"area","landuse":null,"natural":null,"water":null,"waterway":null,"leisure":"playground","amenity":null,"railway":null,"name":null,"source":"OpenStreetMap"},"geometry":{"type":"Polygon","coordinates":[[[53.1332678,67.6784349],[53.1333805,67.6783701],[53.1330559,67.6782886],[53.1329432,67.6783534],[53.1332678,67.6784349]]]}},{"type":"Feature","id":"osm-context-1107551409","properties":{"osmId":1107551409,"kind":"area","landuse":null,"natural":null,"water":null,"waterway":null,"leisure":"pitch","amenity":null,"railway":null,"name":null,"source":"OpenStreetMap"},"geometry":{"type":"Polygon","coordinates":[[[52.8950054,67.6333337],[52.8946543,67.6337329],[52.8949922,67.633776],[52.8953435,67.6333768],[52.8950054,67.6333337]]]}},{"type":"Feature","id":"osm-context-1132244005","properties":{"osmId":1132244005,"kind":"waterway","landuse":null,"natural":null,"water":null,"waterway":"river","leisure":null,"amenity":null,"railway":null,"name":null,"source":"OpenStreetMap"},"geometry":{"type":"LineString","coordinates":[[53.0966714,67.6697555],[53.0953676,67.6695939],[53.0934614,67.6691144],[53.0909957,67.6688887],[53.088858,67.6691322],[53.0870133,67.669491],[53.0839279,67.6695253],[53.0800679,67.66909],[53.07819,67.6694773],[53.0704685,67.6721688]]}},{"type":"Feature","id":"osm-context-1132244006","properties":{"osmId":1132244006,"kind":"waterway","landuse":null,"natural":null,"water":null,"waterway":"river","leisure":null,"amenity":null,"railway":null,"name":null,"source":"OpenStreetMap"},"geometry":{"type":"LineString","coordinates":[[53.1271025,67.6691775],[53.1268856,67.6693181],[53.1266277,67.6693513],[53.1247994,67.6689622],[53.1242579,67.6685008],[53.1242706,67.6683263],[53.1244493,67.6682342],[53.124462,67.6681469],[53.1242324,67.6680403],[53.1240027,67.66805],[53.1236199,67.6678318],[53.1216423,67.6668428],[53.1206982,67.6666828],[53.1191288,67.666707],[53.1178402,67.6672306],[53.1148674,67.6679675],[53.1131705,67.6681712],[53.1104911,67.6680936],[53.1096235,67.6682487],[53.1081247,67.6694247],[53.1070089,67.6697834],[53.1040263,67.6703296],[53.1028461,67.6703704],[53.1019878,67.6700524],[53.0971237,67.6697986]]}},{"type":"Feature","id":"osm-context-1187335815","properties":{"osmId":1187335815,"kind":"area","landuse":"industrial","natural":null,"water":null,"waterway":null,"leisure":null,"amenity":null,"railway":null,"name":"Нарьян-Марский хлебозавод","source":"OpenStreetMap"},"geometry":{"type":"Polygon","coordinates":[[[53.0492866,67.6425418],[53.049937,67.6430266],[53.0510652,67.6428101],[53.051116,67.6427807],[53.0511892,67.6427854],[53.0515429,67.6427158],[53.0516791,67.6428124],[53.0521201,67.6427375],[53.0522061,67.6428017],[53.0532684,67.6425957],[53.0531808,67.6425313],[53.0523818,67.6419361],[53.0522047,67.6419705],[53.0518642,67.6420367],[53.0517592,67.6419592],[53.0514357,67.6420166],[53.051263,67.6420455],[53.0512375,67.642025],[53.0511589,67.6420392],[53.0510872,67.6420521],[53.0511397,67.6420943],[53.0495483,67.6424203],[53.0494619,67.642438],[53.0493812,67.6424543],[53.0492727,67.6424761],[53.0492891,67.6424879],[53.0492866,67.6425418]]]}},{"type":"Feature","id":"osm-context-1187337286","properties":{"osmId":1187337286,"kind":"area","landuse":"industrial","natural":null,"water":null,"waterway":null,"leisure":null,"amenity":null,"railway":null,"name":null,"source":"OpenStreetMap"},"geometry":{"type":"Polygon","coordinates":[[[53.0474145,67.6396365],[53.0477766,67.6399416],[53.0472885,67.640112],[53.0465669,67.6400977],[53.0462478,67.6398335],[53.0474145,67.6396365]]]}},{"type":"Feature","id":"osm-context-1198939688","properties":{"osmId":1198939688,"kind":"area","landuse":null,"natural":null,"water":null,"waterway":null,"leisure":"pitch","amenity":null,"railway":null,"name":null,"source":"OpenStreetMap"},"geometry":{"type":"Polygon","coordinates":[[[53.0139031,67.6325669],[53.013859,67.6325334],[53.0138602,67.632506],[53.0138861,67.6324769],[53.0139231,67.6324482],[53.0145954,67.6322258],[53.0147051,67.6322121],[53.0147942,67.6322139],[53.0148953,67.6322255],[53.0151119,67.632319],[53.0151313,67.6323619],[53.0151161,67.6323908],[53.0150907,67.6324215],[53.0144178,67.6326532],[53.0143341,67.6326742],[53.0142539,67.6326805],[53.014171,67.6326711],[53.0140824,67.6326602],[53.0139031,67.6325669]]]}},{"type":"Feature","id":"osm-context-1202388207","properties":{"osmId":1202388207,"kind":"area","landuse":null,"natural":null,"water":null,"waterway":null,"leisure":"playground","amenity":null,"railway":null,"name":null,"source":"OpenStreetMap"},"geometry":{"type":"Polygon","coordinates":[[[52.9897646,67.6351934],[52.9903896,67.6350849],[52.9905921,67.6352635],[52.9899781,67.6353701],[52.9898921,67.6352987],[52.9897646,67.6351934]]]}},{"type":"Feature","id":"osm-context-1203769210","properties":{"osmId":1203769210,"kind":"area","landuse":"industrial","natural":null,"water":null,"waterway":null,"leisure":null,"amenity":null,"railway":null,"name":"Нефтебаза АО \"НАРЬЯН-МАРСКОГО ОАО\"","source":"OpenStreetMap"},"geometry":{"type":"Polygon","coordinates":[[[53.1012452,67.6727702],[53.1015283,67.6724717],[53.1020665,67.6722233],[53.1035311,67.6720106],[53.1041716,67.6720288],[53.1046062,67.6720559],[53.1065261,67.6722262],[53.1068713,67.6722552],[53.1072988,67.6722748],[53.1074531,67.6723237],[53.1074292,67.6724859],[53.1073232,67.6726228],[53.1072451,67.6727096],[53.1069944,67.6729525],[53.1067289,67.6730617],[53.105947,67.673394],[53.1055773,67.673456],[53.104998,67.6735621],[53.1047602,67.6735352],[53.1044865,67.6734576],[53.1041526,67.6733282],[53.1037171,67.6731901],[53.1035217,67.673129],[53.1035378,67.6730267],[53.1035916,67.6729048],[53.103597,67.6728926],[53.1029623,67.6728739],[53.1021504,67.6730001],[53.1015245,67.6728572],[53.1013294,67.6728011],[53.1012452,67.6727702]]]}},{"type":"Feature","id":"osm-context-1205636687","properties":{"osmId":1205636687,"kind":"area","landuse":"construction","natural":null,"water":null,"waterway":null,"leisure":null,"amenity":null,"railway":null,"name":null,"source":"OpenStreetMap"},"geometry":{"type":"Polygon","coordinates":[[[53.0191532,67.6301837],[53.0181488,67.6298331],[53.0189877,67.6295248],[53.0200246,67.6298855],[53.0191532,67.6301837]]]}},{"type":"Feature","id":"osm-context-1205641942","properties":{"osmId":1205641942,"kind":"area","landuse":"construction","natural":null,"water":null,"waterway":null,"leisure":null,"amenity":null,"railway":null,"name":null,"source":"OpenStreetMap"},"geometry":{"type":"Polygon","coordinates":[[[52.9978246,67.6439562],[52.9971139,67.6438277],[52.9970696,67.6438606],[52.9962291,67.6444857],[52.9969744,67.6446031],[52.9978246,67.6439562]]]}},{"type":"Feature","id":"osm-context-1211951306","properties":{"osmId":1211951306,"kind":"area","landuse":null,"natural":null,"water":null,"waterway":null,"leisure":"pitch","amenity":null,"railway":null,"name":null,"source":"OpenStreetMap"},"geometry":{"type":"Polygon","coordinates":[[[52.9875606,67.6349339],[52.9871584,67.6346179],[52.987415,67.6345734],[52.9877937,67.6348899],[52.9875606,67.6349339]]]}},{"type":"Feature","id":"osm-context-1211951307","properties":{"osmId":1211951307,"kind":"area","landuse":null,"natural":null,"water":null,"waterway":null,"leisure":"pitch","amenity":null,"railway":null,"name":null,"source":"OpenStreetMap"},"geometry":{"type":"Polygon","coordinates":[[[52.9878351,67.6348756],[52.9874614,67.6345647],[52.987718,67.6345203],[52.9880815,67.634827],[52.9878351,67.6348756]]]}},{"type":"Feature","id":"osm-context-1211951308","properties":{"osmId":1211951308,"kind":"area","landuse":null,"natural":null,"water":null,"waterway":null,"leisure":"pitch","amenity":null,"railway":null,"name":null,"source":"OpenStreetMap"},"geometry":{"type":"Polygon","coordinates":[[[52.988163,67.6348127],[52.9877976,67.6345062],[52.9880542,67.6344617],[52.9884111,67.6347676],[52.988163,67.6348127]]]}},{"type":"Feature","id":"osm-context-1213719779","properties":{"osmId":1213719779,"kind":"area","landuse":null,"natural":null,"water":null,"waterway":null,"leisure":"pitch","amenity":null,"railway":null,"name":null,"source":"OpenStreetMap"},"geometry":{"type":"Polygon","coordinates":[[[52.9887386,67.6347584],[52.9883551,67.6344543],[52.9898651,67.6341981],[52.9902407,67.634492],[52.9887386,67.6347584]]]}},{"type":"Feature","id":"osm-context-1220526618","properties":{"osmId":1220526618,"kind":"area","landuse":"grass","natural":null,"water":null,"waterway":null,"leisure":null,"amenity":null,"railway":null,"name":null,"source":"OpenStreetMap"},"geometry":{"type":"Polygon","coordinates":[[[53.1225888,67.6718851],[53.1226168,67.6718558],[53.1227149,67.6717609],[53.1227476,67.6717476],[53.1228083,67.6717423],[53.123761,67.6718877],[53.1237983,67.6718984],[53.12381,67.6719152],[53.1237843,67.6719436],[53.1237073,67.6720252],[53.1236839,67.6720483],[53.1236466,67.6720625],[53.1235789,67.6720545],[53.1226332,67.6719117],[53.1225958,67.6718966],[53.1225888,67.6718851]]]}},{"type":"Feature","id":"osm-context-1220526620","properties":{"osmId":1220526620,"kind":"area","landuse":"grass","natural":null,"water":null,"waterway":null,"leisure":null,"amenity":null,"railway":null,"name":null,"source":"OpenStreetMap"},"geometry":{"type":"Polygon","coordinates":[[[53.123796,67.6720259],[53.1238696,67.6719456],[53.1238964,67.6719314],[53.1239139,67.6719274],[53.1239478,67.6719265],[53.1244335,67.6719957],[53.1244732,67.6720006],[53.1245,67.6720059],[53.1245199,67.6720157],[53.1245222,67.6720206],[53.1244147,67.6721217],[53.1243874,67.6721417],[53.1243736,67.672153],[53.1243331,67.6721607],[53.1242945,67.6721566],[53.1238404,67.6720889],[53.1237878,67.6720804],[53.1237668,67.6720636],[53.1237715,67.6720525],[53.123796,67.6720259]]]}},{"type":"Feature","id":"osm-context-1220640433","properties":{"osmId":1220640433,"kind":"area","landuse":null,"natural":null,"water":null,"waterway":null,"leisure":"park","amenity":null,"railway":null,"name":"Сквер Победы","source":"OpenStreetMap"},"geometry":{"type":"Polygon","coordinates":[[[53.1234346,67.6714821],[53.1225613,67.6716666],[53.1223745,67.671782],[53.1223465,67.6719079],[53.1225006,67.6719949],[53.122664,67.6720215],[53.1233552,67.6721421],[53.123981,67.6722255],[53.1243125,67.6723018],[53.1244713,67.6723728],[53.124518,67.6724437],[53.1248216,67.6725182],[53.1250364,67.6725466],[53.1251204,67.6725573],[53.125013,67.6723994],[53.1246958,67.6719208],[53.1246287,67.6717888],[53.1245413,67.6716452],[53.1244315,67.6715038],[53.1243584,67.6714227],[53.1242018,67.6714],[53.1240006,67.6714019],[53.1234346,67.6714821]]]}},{"type":"Feature","id":"osm-context-1225667503","properties":{"osmId":1225667503,"kind":"area","landuse":null,"natural":null,"water":null,"waterway":null,"leisure":null,"amenity":"parking","railway":null,"name":null,"source":"OpenStreetMap"},"geometry":{"type":"Polygon","coordinates":[[[53.0049525,67.6445795],[53.0051263,67.6444187],[53.0052846,67.6444434],[53.0051081,67.6446052],[53.0049525,67.6445795]]]}},{"type":"Feature","id":"osm-context-1225667508","properties":{"osmId":1225667508,"kind":"area","landuse":null,"natural":null,"water":null,"waterway":null,"leisure":null,"amenity":"parking","railway":null,"name":null,"source":"OpenStreetMap"},"geometry":{"type":"Polygon","coordinates":[[[53.0121949,67.6381479],[53.0127229,67.6381329],[53.0126923,67.6379775],[53.0121643,67.6379925],[53.0121949,67.6381479]]]}},{"type":"Feature","id":"osm-context-1225667516","properties":{"osmId":1225667516,"kind":"area","landuse":"grass","natural":null,"water":null,"waterway":null,"leisure":null,"amenity":null,"railway":null,"name":null,"source":"OpenStreetMap"},"geometry":{"type":"Polygon","coordinates":[[[52.9970605,67.6396668],[52.9969955,67.6396583],[52.9967989,67.6398364],[52.9968028,67.6398633],[52.9968304,67.6398752],[52.9981202,67.6400727],[52.9981792,67.6400652],[52.9982185,67.6400458],[52.9983684,67.6399104],[52.997036,67.6396881],[52.9970605,67.6396668]]]}},{"type":"Feature","id":"osm-context-1272875676","properties":{"osmId":1272875676,"kind":"area","landuse":"construction","natural":null,"water":null,"waterway":null,"leisure":null,"amenity":null,"railway":null,"name":null,"source":"OpenStreetMap"},"geometry":{"type":"Polygon","coordinates":[[[53.1225136,67.6713541],[53.1216017,67.6707852],[53.1236413,67.6699658],[53.1256009,67.6705441],[53.1240172,67.6711153],[53.1233763,67.6712769],[53.1225136,67.6713541]]]}},{"type":"Feature","id":"osm-context-1411045371","properties":{"osmId":1411045371,"kind":"area","landuse":null,"natural":null,"water":null,"waterway":null,"leisure":null,"amenity":"parking","railway":null,"name":null,"source":"OpenStreetMap"},"geometry":{"type":"Polygon","coordinates":[[[52.9997978,67.6437875],[52.9998604,67.6437326],[52.998942,67.6435924],[52.9988451,67.6434753],[52.9989375,67.6433871],[52.9988293,67.6433706],[52.9987111,67.6434869],[52.9988808,67.6436436],[52.9997978,67.6437875]]]}}]}
