{
  "type": "FeatureCollection",
  "features": [
    {
      "type": "Feature",
      "id": "russia",
      "properties": {
        "regionId": "russia",
        "name": "Россия",
        "osmType": "relation",
        "osmId": 60189,
        "category": "boundary",
        "boundaryType": "administrative",
        "source": "OpenStreetMap via Nominatim",
        "licence": "Data © OpenStreetMap contributors, ODbL 1.0. http://osm.org/copyright"
      },
      "geometry": {
        "type": "MultiPolygon",
        "coordinates": [
          [
            [
              [
                -180,
                62.5545579
              ],
              [
                -179.9338626,
                62.6970086
              ],
              [
                -180,
                62.875905
              ],
              [
                -180,
                62.5545579
              ]
            ]
          ],
          [
            [
              [
                -180,
                64.7463243
              ],
              [
                -179.3208942,
                65.0039387
              ],
              [
                -179.0699057,
                65.2122889
              ],
              [
                -178.7278501,
                65.2626095
              ],
              [
                -177.483816,
                65.2467201
              ],
              [
                -176.7998887,
                65.3646546
              ],
              [
                -176.3940813,
                65.2622384
              ],
              [
                -176.2561942,
                65.1307424
              ],
              [
                -176.3583097,
                65.0312769
              ],
              [
                -176.3125719,
                64.9114268
              ],
              [
                -175.7187148,
                64.6183566
              ],
              [
                -174.9684335,
                64.5638908
              ],
              [
                -174.49379,
                64.4282243
              ],
              [
                -174.2957667,
                64.266163
              ],
              [
                -173.8153841,
                64.1388454
              ],
              [
                -173.2019901,
                64.0464121
              ],
              [
                -172.8219916,
                64.0675452
              ],
              [
                -172.0089001,
                64.2282132
              ],
              [
                -171.8040399,
                64.327743
              ],
              [
                -171.5967016,
                64.7457057
              ],
              [
                -171.611197,
                65.1000892
              ],
              [
                -171.6798198,
                65.1974811
              ],
              [
                -171.4416933,
                65.3135679
              ],
              [
                -170.9409556,
                65.2705322
              ],
              [
                -170.301004,
                65.4428396
              ],
              [
                -170.0721827,
                65.5628772
              ],
              [
                -170.0100127,
                65.7372782
              ],
              [
                -169.877278,
                65.7870059
              ],
              [
                -169.0485821,
                65.4690061
              ],
              [
                -168.976944,
                65.5
              ],
              [
                -168.9769444,
                66.0150803
              ],
              [
                -169.1854407,
                66.0140374
              ],
              [
                -169.1821669,
                66.1562271
              ],
              [
                -169.3171063,
                66.2695963
              ],
              [
                -170.2078051,
                66.5020533
              ],
              [
                -170.8272933,
                66.745531
              ],
              [
                -170.9100515,
                66.8664649
              ],
              [
                -171.3607797,
                67.0980639
              ],
              [
                -173.3565533,
                67.2806631
              ],
              [
                -175.4245767,
                67.99437
              ],
              [
                -177.222253,
                68.4498704
              ],
              [
                -179.0846596,
                69.0747076
              ],
              [
                -179.6232404,
                69.1264173
              ],
              [
                -180,
                69.2895091
              ],
              [
                -180,
                64.7463243
              ]
            ]
          ],
          [
            [
              [
                -180,
                70.7166021
              ],
              [
                -179.4134029,
                70.6660858
              ],
              [
                -177.6323317,
                70.8451569
              ],
              [
                -177.0603483,
                70.9963912
              ],
              [
                -176.886781,
                71.0968253
              ],
              [
                -176.8177364,
                71.2380043
              ],
              [
                -177.0413929,
                71.3997931
              ],
              [
                -177.9847426,
                71.7078212
              ],
              [
                -179.1148561,
                71.8047676
              ],
              [
                -180,
                71.7490753
              ],
              [
                -180,
                70.7166021
              ]
            ]
          ],
          [
            [
              [
                -176.3626389,
                71.406748
              ],
              [
                -176.0883473,
                71.2303485
              ],
              [
                -175.5768361,
                71.1568054
              ],
              [
                -175.1059318,
                71.2323741
              ],
              [
                -174.9394112,
                71.3932694
              ],
              [
                -175.1410295,
                71.5391495
              ],
              [
                -175.7989618,
                71.6267033
              ],
              [
                -176.2154528,
                71.5568023
              ],
              [
                -176.3626389,
                71.406748
              ]
            ]
          ],
          [
            [
              [
                19.4041722,
                54.6039
              ],
              [
                19.6469351,
                54.4533945
              ],
              [
                20.6310714,
                54.3663108
              ],
              [
                21.4461125,
                54.3182154
              ],
              [
                22.6500047,
                54.3541679
              ],
              [
                22.7920021,
                54.3633232
              ],
              [
                22.7011825,
                54.4536136
              ],
              [
                22.6838586,
                54.585972
              ],
              [
                22.7487738,
                54.6308947
              ],
              [
                22.743582,
                54.7314983
              ],
              [
                22.8867048,
                54.8136266
              ],
              [
                22.8462497,
                54.8974232
              ],
              [
                22.6440633,
                54.9698957
              ],
              [
                22.5892361,
                55.070243
              ],
              [
                22.0758154,
                55.0249977
              ],
              [
                22.0324081,
                55.084098
              ],
              [
                21.5015124,
                55.1868198
              ],
              [
                21.3843708,
                55.2936996
              ],
              [
                21.0983616,
                55.2563884
              ],
              [
                20.6557167,
                55.3842167
              ],
              [
                20.4010838,
                55.1806297
              ],
              [
                19.7311173,
                55.1016379
              ],
              [
                19.605774,
                54.979627
              ],
              [
                19.60899,
                54.783954
              ],
              [
                19.4041722,
                54.6039
              ]
            ]
          ],
          [
            [
              [
                26.44,
                59.9383333
              ],
              [
                26.8166833,
                59.6624167
              ],
              [
                27.3853001,
                59.6524333
              ],
              [
                28.2085688,
                59.3837441
              ],
              [
                28.1326772,
                59.2923775
              ],
              [
                27.904331,
                59.2412651
              ],
              [
                27.738327,
                58.9777753
              ],
              [
                27.3570403,
                58.7872611
              ],
              [
                27.55319,
                58.3661842
              ],
              [
                27.4912622,
                58.2243681
              ],
              [
                27.6359852,
                58.0999355
              ],
              [
                27.6788937,
                57.9237028
              ],
              [
                27.8191039,
                57.8905362
              ],
              [
                27.7763198,
                57.8334638
              ],
              [
                27.5492183,
                57.8333477
              ],
              [
                27.494324,
                57.7889022
              ],
              [
                27.5255534,
                57.7093309
              ],
              [
                27.4110892,
                57.7004761
              ],
              [
                27.4047567,
                57.6125735
              ],
              [
                27.3174804,
                57.5800008
              ],
              [
                27.3515649,
                57.5182076
              ],
              [
                27.5563905,
                57.5378142
              ],
              [
                27.5159206,
                57.4244771
              ],
              [
                27.8666604,
                57.2963413
              ],
              [
                27.8183992,
                57.1434799
              ],
              [
                27.7152156,
                57.0976242
              ],
              [
                27.7687772,
                57.0856127
              ],
              [
                27.7146506,
                57.0073785
              ],
              [
                27.7695652,
                57.00524
              ],
              [
                27.6593441,
                56.834345
              ],
              [
                27.848558,
                56.8794121
              ],
              [
                27.9689043,
                56.8358824
              ],
              [
                27.8985709,
                56.7521724
              ],
              [
                28.0429757,
                56.5904371
              ],
              [
                28.1435731,
                56.5718171
              ],
              [
                28.0946979,
                56.5110832
              ],
              [
                28.1926262,
                56.4487841
              ],
              [
                28.1631661,
                56.379556
              ],
              [
                28.2414937,
                56.2786583
              ],
              [
                28.1574191,
                56.1435739
              ],
              [
                28.3205636,
                56.058121
              ],
              [
                28.3782563,
                56.1111576
              ],
              [
                28.6812724,
                56.1046339
              ],
              [
                28.6362042,
                56.0745578
              ],
              [
                28.734076,
                55.9667675
              ],
              [
                29.0881548,
                56.0340961
              ],
              [
                29.4226128,
                55.9689312
              ],
              [
                29.4795316,
                55.9181262
              ],
              [
                29.3943352,
                55.9022403
              ],
              [
                29.358618,
                55.7679731
              ],
              [
                29.5152857,
                55.7015757
              ],
              [
                29.8949843,
                55.8626799
              ],
              [
                30.1288894,
                55.8320548
              ],
              [
                30.1656387,
                55.8789968
              ],
              [
                30.5117267,
                55.7993144
              ],
              [
                30.7647728,
                55.5903511
              ],
              [
                30.9251324,
                55.6226252
              ],
              [
                30.93355,
                55.39581
              ],
              [
                30.81983,
                55.282
              ],
              [
                30.9853324,
                55.1717824
              ],
              [
                31.0278876,
                55.0623076
              ],
              [
                30.9084178,
                55.0182853
              ],
              [
                30.9437553,
                54.9584662
              ],
              [
                30.81871,
                54.94022
              ],
              [
                30.75451,
                54.80504
              ],
              [
                31.0121343,
                54.7170675
              ],
              [
                30.991273,
                54.6722278
              ],
              [
                31.1978287,
                54.6590404
              ],
              [
                31.0856586,
                54.508504
              ],
              [
                31.2356208,
                54.4650844
              ],
              [
                31.31782,
                54.24414
              ],
              [
                31.7742933,
                54.1127549
              ],
              [
                31.7533635,
                54.078444
              ],
              [
                31.8980205,
                54.0832162
              ],
              [
                31.8918768,
                53.9661886
              ],
              [
                31.7612195,
                53.7961618
              ],
              [
                32.1185282,
                53.8210624
              ],
              [
                32.3691746,
                53.7173989
              ],
              [
                32.4606829,
                53.7376525
              ],
              [
                32.4989513,
                53.6811348
              ],
              [
                32.4138982,
                53.6506627
              ],
              [
                32.4779157,
                53.5488798
              ],
              [
                32.75711,
                53.45818
              ],
              [
                32.7335,
                53.33253
              ],
              [
                32.48846,
                53.30352
              ],
              [
                32.4483149,
                53.2082543
              ],
              [
                32.236073,
                53.0991687
              ],
              [
                31.9346743,
                53.0830637
              ],
              [
                31.6284578,
                53.2312325
              ],
              [
                31.40184,
                53.21185
              ],
              [
                31.3912003,
                53.096492
              ],
              [
                31.2422583,
                53.0323238
              ],
              [
                31.5896276,
                52.7913691
              ],
              [
                31.5928536,
                52.7344773
              ],
              [
                31.49779,
                52.6952247
              ],
              [
                31.5639522,
                52.5942777
              ],
              [
                31.6736233,
                52.5611449
              ],
              [
                31.5588107,
                52.5180852
              ],
              [
                31.6250441,
                52.4919309
              ],
              [
                31.5807818,
                52.4571396
              ],
              [
                31.6253885,
                52.3315129
              ],
              [
                31.5807437,
                52.3284091
              ],
              [
                31.7139603,
                52.2651576
              ],
              [
                31.6882641,
                52.1944636
              ],
              [
                31.78104,
                52.18557
              ],
              [
                31.7817307,
                52.1119993
              ],
              [
                31.9606308,
                52.0746376
              ],
              [
                31.9184536,
                52.054981
              ],
              [
                31.916576,
                52.0422499
              ],
              [
                32.1994177,
                52.0660926
              ],
              [
                32.3679031,
                52.1464958
              ],
              [
                32.3243952,
                52.2237281
              ],
              [
                32.4016711,
                52.2477934
              ],
              [
                32.3765977,
                52.3375688
              ],
              [
                32.9009789,
                52.24527
              ],
              [
                33.1886614,
                52.3795277
              ],
              [
                33.509321,
                52.358015
              ],
              [
                33.4790657,
                52.316429
              ],
              [
                33.5598732,
                52.3022553
              ],
              [
                33.8364718,
                52.3613887
              ],
              [
                34.1165103,
                52.1410444
              ],
              [
                34.0622838,
                52.0729483
              ],
              [
                34.0967426,
                52.0048487
              ],
              [
                34.4155875,
                51.8256995
              ],
              [
                34.4228533,
                51.7223269
              ],
              [
                34.0803623,
                51.6662788
              ],
              [
                34.3075867,
                51.519417
              ],
              [
                34.2209449,
                51.4170156
              ],
              [
                34.3386644,
                51.3560818
              ],
              [
                34.2304829,
                51.265097
              ],
              [
                34.6626432,
                51.2474418
              ],
              [
                34.7165421,
                51.1714211
              ],
              [
                35.1502664,
                51.2234198
              ],
              [
                35.1476163,
                51.0826362
              ],
              [
                35.4088819,
                51.0433873
              ],
              [
                35.3228178,
                51.01367
              ],
              [
                35.3257629,
                50.9468253
              ],
              [
                35.4887132,
                50.7768038
              ],
              [
                35.4961851,
                50.6788724
              ],
              [
                35.392902,
                50.6500043
              ],
              [
                35.3904639,
                50.5800052
              ],
              [
                35.5692751,
                50.4649123
              ],
              [
                35.6264889,
                50.3519808
              ],
              [
                36.0682619,
                50.451111
              ],
              [
                36.2957047,
                50.2917904
              ],
              [
                36.4334535,
                50.3306376
              ],
              [
                36.647948,
                50.217656
              ],
              [
                36.8700084,
                50.3361537
              ],
              [
                37.4903997,
                50.4573946
              ],
              [
                37.4721846,
                50.3683759
              ],
              [
                37.635743,
                50.3108121
              ],
              [
                37.6403081,
                50.1760375
              ],
              [
                37.9254475,
                50.0346313
              ],
              [
                38.0329353,
                49.9003948
              ],
              [
                38.2218117,
                49.9791893
              ],
              [
                38.1787737,
                50.079928
              ],
              [
                38.3131483,
                50.088449
              ],
              [
                38.3498476,
                50.006984
              ],
              [
                38.4887955,
                49.9637401
              ],
              [
                38.6471061,
                49.9559856
              ],
              [
                38.6870939,
                50.0070969
              ],
              [
                38.6940656,
                49.9347989
              ],
              [
                38.9013031,
                49.8693871
              ],
              [
                38.9302388,
                49.7969077
              ],
              [
                39.1799184,
                49.8887192
              ],
              [
                39.2855875,
                49.7551815
              ],
              [
                39.6106823,
                49.7336425
              ],
              [
                39.6587093,
                49.6160723
              ],
              [
                39.8064088,
                49.5581257
              ],
              [
                40.1354561,
                49.6170899
              ],
              [
                40.1703866,
                49.5689372
              ],
              [
                40.0390626,
                49.5206343
              ],
              [
                40.0296187,
                49.4540906
              ],
              [
                40.2004606,
                49.3457723
              ],
              [
                40.2218056,
                49.2511975
              ],
              [
                40.0310227,
                49.1794522
              ],
              [
                39.9378052,
                49.0563694
              ],
              [
                39.6722598,
                49.0405133
              ],
              [
                39.8270085,
                48.8864235
              ],
              [
                39.9932215,
                48.8682343
              ],
              [
                40.0351158,
                48.9159109
              ],
              [
                40.0798362,
                48.8699514
              ],
              [
                39.976136,
                48.7934566
              ],
              [
                39.8000067,
                48.8426356
              ],
              [
                39.6606968,
                48.6094301
              ],
              [
                39.8497724,
                48.5686954
              ],
              [
                39.8458993,
                48.4750302
              ],
              [
                39.9467075,
                48.3541298
              ],
              [
                39.8408125,
                48.3096602
              ],
              [
                39.9153873,
                48.2696662
              ],
              [
                39.9904382,
                48.3171825
              ],
              [
                40.0207043,
                48.2536483
              ],
              [
                39.8337516,
                48.0668856
              ],
              [
                39.8833913,
                48.0409777
              ],
              [
                39.7764757,
                48.0398569
              ],
              [
                39.8229302,
                47.9828234
              ],
              [
                39.7949159,
                47.870316
              ],
              [
                39.542276,
                47.8249387
              ],
              [
                38.8781932,
                47.8759419
              ],
              [
                38.7893209,
                47.8156041
              ],
              [
                38.7726054,
                47.6850793
              ],
              [
                38.3507013,
                47.6167113
              ],
              [
                38.2849449,
                47.5441513
              ],
              [
                38.3026314,
                47.391622
              ],
              [
                38.2208267,
                47.3246142
              ],
              [
                38.3362596,
                47.3062526
              ],
              [
                38.2328698,
                47.2291004
              ],
              [
                38.2282497,
                47.1225926
              ],
              [
                38.3381215,
                46.9807515
              ],
              [
                38.1408636,
                46.8609996
              ],
              [
                37.620074,
                46.8298909
              ],
              [
                37.4375896,
                46.7158298
              ],
              [
                37.6541272,
                46.3413776
              ],
              [
                37.8832657,
                46.205581
              ],
              [
                37.7459959,
                46.1253341
              ],
              [
                37.6318948,
                45.8859698
              ],
              [
                37.3806663,
                45.7600909
              ],
              [
                37.3405082,
                45.5397479
              ],
              [
                36.3387005,
                45.6715002
              ],
              [
                35.7518847,
                45.6370298
              ],
              [
                35.5747509,
                45.4895333
              ],
              [
                35.2334204,
                45.7917299
              ],
              [
                34.9597746,
                45.7565682
              ],
              [
                34.7990874,
                45.8104643
              ],
              [
                34.8021689,
                45.9006479
              ],
              [
                34.628541,
                45.9864034
              ],
              [
                34.4762212,
                45.9441393
              ],
              [
                34.320021,
                46.0682092
              ],
              [
                33.6467708,
                46.22958
              ],
              [
                33.5407189,
                46.0120312
              ],
              [
                32.7727018,
                45.8266419
              ],
              [
                32.335553,
                45.6070167
              ],
              [
                32.2033717,
                45.4248082
              ],
              [
                32.2738567,
                45.2267674
              ],
              [
                32.5918488,
                45.115254
              ],
              [
                32.8314558,
                45.1507864
              ],
              [
                33.0110823,
                45.0148866
              ],
              [
                33.2951871,
                44.9405202
              ],
              [
                33.2462933,
                44.763327
              ],
              [
                33.1057654,
                44.645082
              ],
              [
                33.1103056,
                44.5059764
              ],
              [
                33.3115417,
                44.3264924
              ],
              [
                33.7357422,
                44.1858835
              ],
              [
                34.2375152,
                44.2321868
              ],
              [
                34.5414024,
                44.3954029
              ],
              [
                34.735755,
                44.5848013
              ],
              [
                35.1774068,
                44.5973337
              ],
              [
                35.6322493,
                44.8491155
              ],
              [
                35.8596751,
                44.7930003
              ],
              [
                36.454181,
                44.8591924
              ],
              [
                36.6097225,
                44.9406672
              ],
              [
                36.8437596,
                44.9133794
              ],
              [
                37.0352321,
                44.8450639
              ],
              [
                37.1677743,
                44.6427421
              ],
              [
                37.3336018,
                44.5460403
              ],
              [
                37.7534705,
                44.4709434
              ],
              [
                38.0841019,
                44.2546935
              ],
              [
                38.6238792,
                44.1187822
              ],
              [
                39.8162273,
                43.2349111
              ],
              [
                39.8844803,
                43.2244305
              ],
              [
                40.0978832,
                43.5659785
              ],
              [
                40.5645591,
                43.5190582
              ],
              [
                40.6617756,
                43.5630484
              ],
              [
                40.9499382,
                43.4197253
              ],
              [
                41.2879972,
                43.3370028
              ],
              [
                41.393641,
                43.366229
              ],
              [
                41.6173394,
                43.2205721
              ],
              [
                41.8860082,
                43.251848
              ],
              [
                42.0454397,
                43.1870335
              ],
              [
                42.4137762,
                43.2569824
              ],
              [
                42.6692867,
                43.135204
              ],
              [
                42.8602669,
                43.1785579
              ],
              [
                43.1862957,
                42.9376125
              ],
              [
                43.5610472,
                42.8677058
              ],
              [
                43.8041791,
                42.7433476
              ],
              [
                43.7150475,
                42.6320961
              ],
              [
                43.944297,
                42.5503363
              ],
              [
                44.2320109,
                42.6267018
              ],
              [
                44.3168673,
                42.7227706
              ],
              [
                44.5181108,
                42.6969414
              ],
              [
                44.5524868,
                42.766391
              ],
              [
                44.7413422,
                42.7274122
              ],
              [
                44.803788,
                42.61473
              ],
              [
                44.8861563,
                42.7467916
              ],
              [
                45.1583732,
                42.7075304
              ],
              [
                45.3411327,
                42.5222635
              ],
              [
                45.571454,
                42.5482357
              ],
              [
                45.7751396,
                42.4882888
              ],
              [
                45.7535706,
                42.3093891
              ],
              [
                45.608193,
                42.232447
              ],
              [
                45.647516,
                42.186408
              ],
              [
                45.8979368,
                42.1061086
              ],
              [
                45.954341,
                42.023821
              ],
              [
                46.2369535,
                42.016045
              ],
              [
                46.4429456,
                41.8637844
              ],
              [
                46.5360958,
                41.8810669
              ],
              [
                46.5843252,
                41.8025979
              ],
              [
                46.7602652,
                41.8625334
              ],
              [
                46.7907529,
                41.7738268
              ],
              [
                47.012304,
                41.6274483
              ],
              [
                47.0185715,
                41.5558754
              ],
              [
                47.1133597,
                41.5952865
              ],
              [
                47.2704653,
                41.3284051
              ],
              [
                47.557588,
                41.1980256
              ],
              [
                47.8845068,
                41.2184783
              ],
              [
                48.0647888,
                41.4922877
              ],
              [
                48.3773438,
                41.5910141
              ],
              [
                48.5858771,
                41.8384789
              ],
              [
                48.8090441,
                41.9613209
              ],
              [
                48.5572544,
                42.1410695
              ],
              [
                48.1975494,
                42.5488694
              ],
              [
                47.7773396,
                43.1377219
              ],
              [
                47.845126,
                43.6357652
              ],
              [
                48.1184422,
                43.9008553
              ],
              [
                48.1194772,
                44.0659524
              ],
              [
                47.9719472,
                44.1729775
              ],
              [
                47.6635877,
                44.2103733
              ],
              [
                47.8428101,
                44.4127889
              ],
              [
                47.7142771,
                44.6463928
              ],
              [
                47.5041039,
                44.6950753
              ],
              [
                47.1532593,
                44.6434241
              ],
              [
                47.3490626,
                44.7755677
              ],
              [
                47.6154948,
                45.2064589
              ],
              [
                47.7100325,
                45.2331383
              ],
              [
                47.6644374,
                45.0833204
              ],
              [
                47.7413545,
                45.0978474
              ],
              [
                47.8042705,
                45.256316
              ],
              [
                47.9335707,
                45.2683308
              ],
              [
                47.9802301,
                45.1543704
              ],
              [
                48.3065045,
                45.0082721
              ],
              [
                48.3168806,
                45.057095
              ],
              [
                48.0975933,
                45.169008
              ],
              [
                48.0559609,
                45.301427
              ],
              [
                48.2428457,
                45.4505289
              ],
              [
                48.8486338,
                45.4345437
              ],
              [
                48.9749833,
                45.5156571
              ],
              [
                49.0710123,
                45.6889379
              ],
              [
                49.5551174,
                45.9407976
              ],
              [
                49.583412,
                45.9087506
              ],
              [
                49.6138907,
                45.9747584
              ],
              [
                49.886117,
                46.045769
              ],
              [
                49.7016667,
                46.1866667
              ],
              [
                49.5066667,
                46.1933333
              ],
              [
                48.7864816,
                46.5420876
              ],
              [
                48.5479411,
                46.5572664
              ],
              [
                48.6227262,
                46.6034038
              ],
              [
                48.4779024,
                46.6706209
              ],
              [
                48.5352722,
                46.7062855
              ],
              [
                48.9199948,
                46.6934117
              ],
              [
                48.9959671,
                46.7430837
              ],
              [
                48.519423,
                47.4117519
              ],
              [
                48.4515631,
                47.4116521
              ],
              [
                48.2093704,
                47.6916271
              ],
              [
                47.4152595,
                47.8382595
              ],
              [
                47.3852214,
                47.6812845
              ],
              [
                47.1944439,
                47.76084
              ],
              [
                47.0499372,
                47.9977513
              ],
              [
                47.2111172,
                48.0822157
              ],
              [
                47.0908517,
                48.1032436
              ],
              [
                47.1229738,
                48.2685031
              ],
              [
                46.4932179,
                48.432558
              ],
              [
                46.7791649,
                48.9514137
              ],
              [
                47.028725,
                49.089209
              ],
              [
                46.9961856,
                49.2323959
              ],
              [
                46.7822421,
                49.3398769
              ],
              [
                46.8702122,
                49.742962
              ],
              [
                46.9025552,
                49.8637806
              ],
              [
                47.182462,
                49.9349593
              ],
              [
                47.3533857,
                50.0943216
              ],
              [
                47.2572695,
                50.1917943
              ],
              [
                47.3351393,
                50.2380002
              ],
              [
                47.2920173,
                50.2836803
              ],
              [
                47.3387111,
                50.3311907
              ],
              [
                47.6118169,
                50.4642115
              ],
              [
                48.0959126,
                50.0995097
              ],
              [
                48.2266738,
                49.8679889
              ],
              [
                48.440609,
                49.8012325
              ],
              [
                48.7456239,
                49.9213212
              ],
              [
                48.9034293,
                50.0183874
              ],
              [
                48.7636918,
                50.0979134
              ],
              [
                48.8090227,
                50.1704328
              ],
              [
                48.7324085,
                50.2572376
              ],
              [
                48.6642455,
                50.5779077
              ],
              [
                48.5706275,
                50.632365
              ],
              [
                48.8146833,
                50.5955177
              ],
              [
                49.1262352,
                50.7845675
              ],
              [
                49.4229079,
                50.8486852
              ],
              [
                49.4081244,
                50.960972
              ],
              [
                49.3385254,
                50.987069
              ],
              [
                49.4546664,
                51.1255932
              ],
              [
                49.7761627,
                51.1071554
              ],
              [
                50.0069419,
                51.2428839
              ],
              [
                50.3731352,
                51.332611
              ],
              [
                50.3718007,
                51.4277678
              ],
              [
                50.5558527,
                51.4727281
              ],
              [
                50.5851824,
                51.6458348
              ],
              [
                50.7329811,
                51.6272495
              ],
              [
                50.6789095,
                51.5745466
              ],
              [
                50.8120335,
                51.5850431
              ],
              [
                50.7681628,
                51.7730366
              ],
              [
                50.8714385,
                51.7534621
              ],
              [
                50.8936136,
                51.6813752
              ],
              [
                51.3801834,
                51.6412244
              ],
              [
                51.3803263,
                51.56343
              ],
              [
                51.2404462,
                51.5631264
              ],
              [
                51.3801758,
                51.4761548
              ],
              [
                51.6041271,
                51.550782
              ],
              [
                51.6558254,
                51.4486361
              ],
              [
                51.738729,
                51.4651675
              ],
              [
                51.8135514,
                51.4970155
              ],
              [
                51.7704749,
                51.5831966
              ],
              [
                51.856608,
                51.6738058
              ],
              [
                52.0900606,
                51.6583765
              ],
              [
                52.3594206,
                51.7761243
              ],
              [
                52.5606107,
                51.4530308
              ],
              [
                52.7686631,
                51.5221537
              ],
              [
                52.9501306,
                51.455108
              ],
              [
                53.1887399,
                51.5353695
              ],
              [
                53.4264155,
                51.482231
              ],
              [
                53.628629,
                51.3932756
              ],
              [
                53.5955787,
                51.3061502
              ],
              [
                53.6683845,
                51.2254048
              ],
              [
                54.0544617,
                51.1529773
              ],
              [
                54.2899178,
                50.9005103
              ],
              [
                54.5181701,
                50.854636
              ],
              [
                54.4136108,
                50.6206947
              ],
              [
                54.5448205,
                50.5277123
              ],
              [
                54.7313548,
                50.6193289
              ],
              [
                54.6571326,
                50.8232716
              ],
              [
                54.6976065,
                50.8926752
              ],
              [
                54.5259994,
                50.9304405
              ],
              [
                54.5947122,
                50.9429958
              ],
              [
                54.5492649,
                51.0064102
              ],
              [
                54.6923411,
                51.0400799
              ],
              [
                54.8939395,
                50.9201341
              ],
              [
                55.0850844,
                50.9211757
              ],
              [
                55.1295063,
                50.8795881
              ],
              [
                55.0562333,
                50.8194192
              ],
              [
                55.7080302,
                50.5496304
              ],
              [
                56.0544723,
                50.6948359
              ],
              [
                56.1371769,
                50.7535683
              ],
              [
                56.1812831,
                50.9381257
              ],
              [
                56.361258,
                50.90125
              ],
              [
                56.376894,
                50.9653793
              ],
              [
                56.4603838,
                50.9651191
              ],
              [
                56.4481616,
                51.0568503
              ],
              [
                56.5137287,
                51.0858606
              ],
              [
                56.7126274,
                50.9706772
              ],
              [
                56.704428,
                51.077521
              ],
              [
                57.1847713,
                51.1149613
              ],
              [
                57.3262297,
                50.9407972
              ],
              [
                57.5070278,
                50.8759514
              ],
              [
                57.5590869,
                50.9359355
              ],
              [
                57.7618164,
                50.9202119
              ],
              [
                57.7719418,
                51.1384157
              ],
              [
                57.9487408,
                51.0862528
              ],
              [
                58.0879705,
                51.1212107
              ],
              [
                58.1684839,
                51.0623425
              ],
              [
                58.3210316,
                51.1622791
              ],
              [
                58.3840191,
                51.0748699
              ],
              [
                58.6141735,
                51.0474024
              ],
              [
                58.6422542,
                50.9875172
              ],
              [
                58.5786111,
                50.93983
              ],
              [
                58.5935855,
                50.8693329
              ],
              [
                58.6881816,
                50.8856343
              ],
              [
                58.6564001,
                50.8086365
              ],
              [
                58.7744281,
                50.8146938
              ],
              [
                58.8743027,
                50.6998158
              ],
              [
                59.4792952,
                50.6414793
              ],
              [
                59.5693276,
                50.581354
              ],
              [
                59.4629293,
                50.5842828
              ],
              [
                59.509517,
                50.4953129
              ],
              [
                59.8131772,
                50.535508
              ],
              [
                59.9975098,
                50.6748481
              ],
              [
                60.0149026,
                50.8221238
              ],
              [
                60.187871,
                50.8385706
              ],
              [
                60.1827781,
                50.7783907
              ],
              [
                60.3252084,
                50.6702543
              ],
              [
                60.8090003,
                50.6566054
              ],
              [
                61.4490006,
                50.8061229
              ],
              [
                61.5680598,
                51.2377707
              ],
              [
                61.6897852,
                51.2559632
              ],
              [
                61.505234,
                51.406996
              ],
              [
                60.9989583,
                51.4677838
              ],
              [
                60.9107888,
                51.5506383
              ],
              [
                60.9356265,
                51.6152641
              ],
              [
                60.41554,
                51.6470009
              ],
              [
                60.3532916,
                51.6892824
              ],
              [
                60.5174884,
                51.7977253
              ],
              [
                60.1448212,
                51.9068858
              ],
              [
                60.1572704,
                51.8578617
              ],
              [
                60.0589084,
                51.8701452
              ],
              [
                59.9941197,
                51.9646457
              ],
              [
                60.1976618,
                51.9908827
              ],
              [
                60.5108473,
                52.1563836
              ],
              [
                60.7167493,
                52.1561542
              ],
              [
                61.0667983,
                52.3470908
              ],
              [
                60.9823287,
                52.5078713
              ],
              [
                60.8418292,
                52.5222515
              ],
              [
                60.843069,
                52.6410326
              ],
              [
                60.714553,
                52.6630268
              ],
              [
                60.711907,
                52.7643606
              ],
              [
                60.8343995,
                52.7741412
              ],
              [
                61.0733206,
                52.923242
              ],
              [
                61.0086368,
                52.9781089
              ],
              [
                61.2510284,
                53.0361836
              ],
              [
                61.3907395,
                52.9923489
              ],
              [
                61.4690237,
                53.0366041
              ],
              [
                61.6320857,
                52.9541202
              ],
              [
                62.1304402,
                52.99006
              ],
              [
                62.1193063,
                53.1118151
              ],
              [
                61.7841509,
                53.1846369
              ],
              [
                61.6739255,
                53.2656589
              ],
              [
                61.5271202,
                53.2153363
              ],
              [
                61.1770356,
                53.3117561
              ],
              [
                61.1552533,
                53.4055026
              ],
              [
                61.2586516,
                53.5080373
              ],
              [
                61.4284497,
                53.4555416
              ],
              [
                61.5932608,
                53.5261239
              ],
              [
                61.5530652,
                53.5930524
              ],
              [
                61.2155517,
                53.5636444
              ],
              [
                60.9002873,
                53.6286665
              ],
              [
                61.0424262,
                53.6530131
              ],
              [
                61.0584766,
                53.7213169
              ],
              [
                61.2271763,
                53.795613
              ],
              [
                61.136899,
                53.9045151
              ],
              [
                60.9934947,
                53.9069754
              ],
              [
                61.0293566,
                53.9551112
              ],
              [
                61.2798674,
                53.9285743
              ],
              [
                61.2465128,
                54.0378142
              ],
              [
                61.400587,
                54.0868636
              ],
              [
                61.4805654,
                54.0827653
              ],
              [
                61.5709877,
                53.9675987
              ],
              [
                61.6604313,
                54.0297723
              ],
              [
                61.78204,
                53.9845738
              ],
              [
                61.8459145,
                54.0317174
              ],
              [
                61.8929699,
                54.0090828
              ],
              [
                61.8562452,
                53.9633672
              ],
              [
                61.9323322,
                53.9499079
              ],
              [
                62.0438652,
                53.9484557
              ],
              [
                62.0132898,
                54.0398533
              ],
              [
                62.4187937,
                54.046982
              ],
              [
                62.4940056,
                54.0326254
              ],
              [
                62.3964161,
                54.0037869
              ],
              [
                62.5100236,
                53.9128576
              ],
              [
                62.598043,
                53.9882082
              ],
              [
                62.5943792,
                54.0737683
              ],
              [
                63.0818117,
                54.1041875
              ],
              [
                63.1713545,
                54.1937674
              ],
              [
                63.7939703,
                54.2718154
              ],
              [
                63.961418,
                54.2003369
              ],
              [
                64.021267,
                54.2303322
              ],
              [
                63.9868239,
                54.3012297
              ],
              [
                64.4194106,
                54.3264645
              ],
              [
                64.616461,
                54.3984635
              ],
              [
                64.7375665,
                54.35386
              ],
              [
                64.9743962,
                54.4241181
              ],
              [
                65.221956,
                54.334286
              ],
              [
                65.262715,
                54.362419
              ],
              [
                65.2144536,
                54.541393
              ],
              [
                65.50383,
                54.570918
              ],
              [
                65.489554,
                54.655537
              ],
              [
                65.74729,
                54.607419
              ],
              [
                65.981779,
                54.7170406
              ],
              [
                65.998643,
                54.625148
              ],
              [
                67.0433603,
                54.778034
              ],
              [
                67.333364,
                54.8735146
              ],
              [
                67.6937831,
                54.8629293
              ],
              [
                67.8196689,
                54.9712675
              ],
              [
                68.2340734,
                54.9694809
              ],
              [
                68.2365904,
                55.0548849
              ],
              [
                68.315304,
                55.0762794
              ],
              [
                68.1770448,
                55.1986952
              ],
              [
                68.6200529,
                55.1983208
              ],
              [
                68.7472121,
                55.3783644
              ],
              [
                69.0012195,
                55.2883564
              ],
              [
                68.9843559,
                55.3640382
              ],
              [
                68.9150605,
                55.3643078
              ],
              [
                68.9809018,
                55.4430854
              ],
              [
                69.1996977,
                55.330437
              ],
              [
                69.3630284,
                55.3869465
              ],
              [
                69.7478714,
                55.3445484
              ],
              [
                69.950327,
                55.2098966
              ],
              [
                70.2061042,
                55.1455485
              ],
              [
                70.4607403,
                55.2855148
              ],
              [
                70.8076873,
                55.2924545
              ],
              [
                71.0200743,
                55.0855568
              ],
              [
                70.9553805,
                54.888285
              ],
              [
                71.0299466,
                54.7787695
              ],
              [
                71.0966556,
                54.6998138
              ],
              [
                71.2929719,
                54.6677708
              ],
              [
                71.2910417,
                54.6063919
              ],
              [
                71.1675453,
                54.5605388
              ],
              [
                71.2312865,
                54.4070111
              ],
              [
                71.1984481,
                54.3115824
              ],
              [
                70.9979535,
                54.3359585
              ],
              [
                70.9960813,
                54.2752359
              ],
              [
                71.0732002,
                54.2742236
              ],
              [
                71.0561156,
                54.1912817
              ],
              [
                71.1785252,
                54.0947042
              ],
              [
                71.3000684,
                54.1851267
              ],
              [
                71.4904146,
                54.1593954
              ],
              [
                71.4871344,
                54.1012168
              ],
              [
                71.7203221,
                54.1057069
              ],
              [
                71.7519675,
                54.2537612
              ],
              [
                71.9482537,
                54.2434371
              ],
              [
                72.1845982,
                54.1206433
              ],
              [
                72.219806,
                54.1828681
              ],
              [
                72.0858489,
                54.2194628
              ],
              [
                72.1356254,
                54.3051787
              ],
              [
                72.0340194,
                54.3656198
              ],
              [
                72.1942107,
                54.3577214
              ],
              [
                72.3370109,
                54.2463218
              ],
              [
                72.2991178,
                54.1868233
              ],
              [
                72.5068312,
                54.1401722
              ],
              [
                72.3693883,
                54.0833571
              ],
              [
                72.4353206,
                54.0461106
              ],
              [
                72.3695782,
                53.9446839
              ],
              [
                72.4865985,
                53.9008316
              ],
              [
                72.5452416,
                53.9792689
              ],
              [
                72.7142765,
                53.9509049
              ],
              [
                72.6802448,
                54.0447795
              ],
              [
                72.5327246,
                54.0435594
              ],
              [
                72.6087551,
                54.1368696
              ],
              [
                72.9938751,
                54.0978135
              ],
              [
                73.0668258,
                53.9855352
              ],
              [
                73.276123,
                53.942763
              ],
              [
                73.5226483,
                53.941064
              ],
              [
                73.5188137,
                54.0041559
              ],
              [
                73.6086928,
                54.0075407
              ],
              [
                73.6298098,
                54.070025
              ],
              [
                73.7669541,
                54.0538336
              ],
              [
                73.690974,
                53.8564514
              ],
              [
                73.4520375,
                53.876307
              ],
              [
                73.449113,
                53.8071068
              ],
              [
                73.3434069,
                53.7880138
              ],
              [
                73.3224256,
                53.6758817
              ],
              [
                73.2528271,
                53.6746147
              ],
              [
                73.2384638,
                53.5672743
              ],
              [
                73.3971669,
                53.5217871
              ],
              [
                73.3627317,
                53.4679249
              ],
              [
                73.4380498,
                53.4350134
              ],
              [
                73.6663669,
                53.6129673
              ],
              [
                73.8210482,
                53.578165
              ],
              [
                73.9009522,
                53.6511345
              ],
              [
                74.0716746,
                53.6296575
              ],
              [
                74.0509184,
                53.566122
              ],
              [
                74.2430434,
                53.5882713
              ],
              [
                74.3896937,
                53.4560468
              ],
              [
                74.4882746,
                53.5755834
              ],
              [
                74.4212741,
                53.5939152
              ],
              [
                74.4576802,
                53.6913342
              ],
              [
                74.6349024,
                53.6681472
              ],
              [
                74.7885962,
                53.8281773
              ],
              [
                75.0535956,
                53.795575
              ],
              [
                75.4404416,
                53.9724315
              ],
              [
                75.3755541,
                54.0695561
              ],
              [
                76.2033552,
                54.2602573
              ],
              [
                76.2585257,
                54.3585712
              ],
              [
                76.6477178,
                54.3357771
              ],
              [
                76.729906,
                54.4185732
              ],
              [
                76.9290732,
                54.4579042
              ],
              [
                76.9530342,
                54.4157283
              ],
              [
                76.7816242,
                54.3776033
              ],
              [
                76.8785156,
                54.3022109
              ],
              [
                76.756792,
                54.1616752
              ],
              [
                76.4391868,
                54.1672301
              ],
              [
                76.5040654,
                54.0318869
              ],
              [
                77.9065061,
                53.29141
              ],
              [
                79.1909856,
                51.9186222
              ],
              [
                80.075669,
                50.7383615
              ],
              [
                80.0681343,
                50.8528363
              ],
              [
                80.1863078,
                50.8279878
              ],
              [
                80.193638,
                50.9001942
              ],
              [
                80.4825665,
                50.9696252
              ],
              [
                80.4470778,
                51.2069168
              ],
              [
                80.6342004,
                51.20715
              ],
              [
                80.6772637,
                51.3159501
              ],
              [
                81.0469311,
                51.1812093
              ],
              [
                81.1463162,
                51.2112416
              ],
              [
                81.1729074,
                51.1416275
              ],
              [
                81.0603693,
                50.9476604
              ],
              [
                81.4131894,
                50.9756421
              ],
              [
                81.4853744,
                50.8238099
              ],
              [
                81.4491759,
                50.7561145
              ],
              [
                81.7281123,
                50.7600379
              ],
              [
                81.776628,
                50.820586
              ],
              [
                81.7967795,
                50.7719818
              ],
              [
                81.8854154,
                50.804307
              ],
              [
                82.1727021,
                50.7300643
              ],
              [
                82.3573143,
                50.7845959
              ],
              [
                82.5674696,
                50.7468424
              ],
              [
                82.7391939,
                50.8504319
              ],
              [
                82.7328173,
                50.9272716
              ],
              [
                82.9796427,
                50.8838498
              ],
              [
                83.1210213,
                51.0110042
              ],
              [
                83.4324488,
                51.0093789
              ],
              [
                83.9726623,
                50.7953988
              ],
              [
                83.9661114,
                50.7279926
              ],
              [
                84.2487069,
                50.5155657
              ],
              [
                84.2039747,
                50.4689746
              ],
              [
                84.2506785,
                50.2925126
              ],
              [
                84.3625226,
                50.2054649
              ],
              [
                84.6281869,
                50.2106789
              ],
              [
                85.0355435,
                50.0524943
              ],
              [
                84.9854889,
                49.9067722
              ],
              [
                85.2033689,
                49.7452678
              ],
              [
                85.2575191,
                49.5885235
              ],
              [
                85.5899141,
                49.6143806
              ],
              [
                85.6786796,
                49.5508666
              ],
              [
                85.9442813,
                49.5613256
              ],
              [
                85.9689905,
                49.4871162
              ],
              [
                86.1129225,
                49.5243832
              ],
              [
                86.2020375,
                49.4661128
              ],
              [
                86.2716,
                49.5827
              ],
              [
                86.5822921,
                49.7241416
              ],
              [
                86.5899075,
                49.8070677
              ],
              [
                86.7810989,
                49.7943469
              ],
              [
                86.7789236,
                49.6960165
              ],
              [
                86.6155494,
                49.6285236
              ],
              [
                86.6182488,
                49.5703775
              ],
              [
                86.8271741,
                49.5454254
              ],
              [
                86.8333774,
                49.4522466
              ],
              [
                86.9473282,
                49.4096239
              ],
              [
                86.9264692,
                49.3488781
              ],
              [
                87.0307157,
                49.2528804
              ],
              [
                87.309671,
                49.233885
              ],
              [
                87.2863448,
                49.115765
              ],
              [
                87.4248862,
                49.070443
              ],
              [
                87.5034749,
                49.0909769
              ],
              [
                87.4930786,
                49.138723
              ],
              [
                87.9893821,
                49.1821504
              ],
              [
                88.1698994,
                49.2913905
              ],
              [
                88.1169225,
                49.3825221
              ],
              [
                88.221784,
                49.47966
              ],
              [
                88.5992,
                49.5009
              ],
              [
                88.8431146,
                49.4421302
              ],
              [
                88.9000904,
                49.558961
              ],
              [
                88.9708,
                49.4657
              ],
              [
                89.1476,
                49.5021
              ],
              [
                89.2327,
                49.5537
              ],
              [
                89.1936369,
                49.6346834
              ],
              [
                89.36,
                49.5844
              ],
              [
                89.7248697,
                49.7264351
              ],
              [
                89.592712,
                49.9130611
              ],
              [
                89.9748302,
                49.9712594
              ],
              [
                90.0315562,
                49.998638
              ],
              [
                90.0077,
                50.0579
              ],
              [
                90.2852042,
                50.1109159
              ],
              [
                90.5041,
                50.2351
              ],
              [
                90.6733,
                50.2143
              ],
              [
                90.7308,
                50.2434
              ],
              [
                90.7064,
                50.3129
              ],
              [
                90.9056,
                50.3482
              ],
              [
                90.9208,
                50.4185
              ],
              [
                91.4094,
                50.4506
              ],
              [
                91.4549029,
                50.5485247
              ],
              [
                91.6499476,
                50.5862385
              ],
              [
                91.7232583,
                50.6974786
              ],
              [
                92.2666929,
                50.7287057
              ],
              [
                92.3608466,
                50.8842878
              ],
              [
                92.4320608,
                50.803243
              ],
              [
                92.6002487,
                50.7851369
              ],
              [
                92.627846,
                50.7033992
              ],
              [
                92.754,
                50.7275
              ],
              [
                92.799,
                50.8083
              ],
              [
                93.0033854,
                50.7918572
              ],
              [
                92.9752428,
                50.6696209
              ],
              [
                93.1107241,
                50.5863157
              ],
              [
                93.3974566,
                50.6345041
              ],
              [
                94.2540346,
                50.5833377
              ],
              [
                94.341509,
                50.5012245
              ],
              [
                94.389747,
                50.2139774
              ],
              [
                94.5202886,
                50.174252
              ],
              [
                94.6148431,
                50.0353979
              ],
              [
                94.9903285,
                50.0474119
              ],
              [
                95.0165286,
                49.9805282
              ],
              [
                95.4259162,
                49.9576412
              ],
              [
                95.5319595,
                49.8972247
              ],
              [
                95.7955507,
                49.9641339
              ],
              [
                95.7653299,
                50.0171422
              ],
              [
                95.8608733,
                50.0436247
              ],
              [
                95.967566,
                49.9711389
              ],
              [
                96.2607079,
                49.9765846
              ],
              [
                96.4244611,
                49.87581
              ],
              [
                96.5253628,
                49.9441836
              ],
              [
                96.6030869,
                49.8736657
              ],
              [
                96.7092,
                49.9287307
              ],
              [
                96.9949867,
                49.8929652
              ],
              [
                97.0101282,
                49.8333643
              ],
              [
                97.3178537,
                49.7517907
              ],
              [
                97.5805751,
                49.8584465
              ],
              [
                97.5715602,
                49.9407974
              ],
              [
                97.7621,
                50.0005
              ],
              [
                97.8866,
                49.9235
              ],
              [
                97.8674,
                49.972
              ],
              [
                98.0699,
                50.0359
              ],
              [
                98.3081298,
                50.3232941
              ],
              [
                98.2693703,
                50.3962349
              ],
              [
                98.3232759,
                50.4952456
              ],
              [
                98.008,
                50.6692
              ],
              [
                97.9497,
                50.8081
              ],
              [
                98.0333428,
                50.8647062
              ],
              [
                97.8246623,
                51.0102109
              ],
              [
                98.0501,
                51.4502
              ],
              [
                98.2241,
                51.4567
              ],
              [
                98.2232,
                51.5951
              ],
              [
                98.354,
                51.7315
              ],
              [
                98.7643,
                51.8699
              ],
              [
                98.8542,
                52.129
              ],
              [
                98.9111,
                52.1496
              ],
              [
                99.3601963,
                51.9406365
              ],
              [
                99.5219871,
                51.9679932
              ],
              [
                99.6138471,
                51.8791078
              ],
              [
                99.8011826,
                51.9153845
              ],
              [
                99.9109125,
                51.7381594
              ],
              [
                100.5864554,
                51.74045
              ],
              [
                101.0174269,
                51.57027
              ],
              [
                101.1043937,
                51.5912202
              ],
              [
                101.1366423,
                51.521396
              ],
              [
                101.2562778,
                51.5441134
              ],
              [
                101.3700981,
                51.4558456
              ],
              [
                101.5422172,
                51.4995416
              ],
              [
                101.6190378,
                51.440028
              ],
              [
                102.1242911,
                51.361612
              ],
              [
                102.1839684,
                51.2950252
              ],
              [
                102.1141597,
                51.2840343
              ],
              [
                102.1663187,
                51.1786882
              ],
              [
                102.1233246,
                51.1391014
              ],
              [
                102.2430083,
                50.9748866
              ],
              [
                102.209737,
                50.8170343
              ],
              [
                102.3403132,
                50.7325372
              ],
              [
                102.3023464,
                50.6818549
              ],
              [
                102.5362347,
                50.5885042
              ],
              [
                102.6476976,
                50.4021897
              ],
              [
                102.9418745,
                50.3054907
              ],
              [
                103.2380575,
                50.3219456
              ],
              [
                103.2562904,
                50.1928927
              ],
              [
                103.5141931,
                50.1990718
              ],
              [
                103.7102326,
                50.1244635
              ],
              [
                103.8466306,
                50.1975606
              ],
              [
                104.1354261,
                50.1388069
              ],
              [
                104.391917,
                50.3116272
              ],
              [
                104.8116849,
                50.3409568
              ],
              [
                104.8983944,
                50.408974
              ],
              [
                105.1201674,
                50.3899317
              ],
              [
                105.3547168,
                50.4794989
              ],
              [
                106.0573709,
                50.4045045
              ],
              [
                106.0841013,
                50.3333998
              ],
              [
                106.2612304,
                50.2981341
              ],
              [
                106.7320293,
                50.3163456
              ],
              [
                107.0124738,
                50.1990659
              ],
              [
                107.0718523,
                50.0683334
              ],
              [
                107.2129866,
                49.9989292
              ],
              [
                107.9690548,
                49.9413946
              ],
              [
                107.9192,
                49.8754
              ],
              [
                107.9816,
                49.8028
              ],
              [
                107.9471,
                49.6706
              ],
              [
                108.2978,
                49.5399
              ],
              [
                108.5175,
                49.3227
              ],
              [
                109.1946,
                49.3523
              ],
              [
                109.5591,
                49.2208
              ],
              [
                110.1998,
                49.1542
              ],
              [
                110.3905,
                49.2515
              ],
              [
                110.5172427,
                49.1858596
              ],
              [
                110.8193,
                49.182
              ],
              [
                111.3748,
                49.3577
              ],
              [
                111.5231,
                49.3232
              ],
              [
                112.4741,
                49.5225
              ],
              [
                112.8234,
                49.5193
              ],
              [
                113.0439,
                49.6082
              ],
              [
                113.2061,
                49.8283
              ],
              [
                113.4888,
                49.9736
              ],
              [
                114.3388,
                50.2827
              ],
              [
                114.8567,
                50.217
              ],
              [
                115.2239,
                49.9884
              ],
              [
                115.5067,
                49.9071
              ],
              [
                115.7453945,
                49.8871758
              ],
              [
                116.2355,
                50.0356
              ],
              [
                116.6216,
                49.9311
              ],
              [
                117.0614,
                49.6856
              ],
              [
                117.8681243,
                49.5083177
              ],
              [
                117.8930641,
                49.595316
              ],
              [
                118.1655237,
                49.6589839
              ],
              [
                118.5669371,
                49.9300495
              ],
              [
                119.0840802,
                49.9842595
              ],
              [
                119.2860746,
                50.1093519
              ],
              [
                119.3526888,
                50.194526
              ],
              [
                119.3159735,
                50.2809158
              ],
              [
                119.3784788,
                50.3215048
              ],
              [
                119.1174212,
                50.3884053
              ],
              [
                119.2438123,
                50.448197
              ],
              [
                119.2742485,
                50.6034177
              ],
              [
                119.4917345,
                50.7462291
              ],
              [
                119.4840187,
                50.8782564
              ],
              [
                119.7563281,
                51.0905866
              ],
              [
                119.7524792,
                51.2126993
              ],
              [
                119.9395708,
                51.3608422
              ],
              [
                119.9022725,
                51.3890206
              ],
              [
                119.9645534,
                51.3996351
              ],
              [
                120.0803649,
                51.6783186
              ],
              [
                120.6969717,
                51.9810889
              ],
              [
                120.7795519,
                52.1637389
              ],
              [
                120.6142057,
                52.3534646
              ],
              [
                120.7262737,
                52.5399354
              ],
              [
                120.4589993,
                52.6434643
              ],
              [
                120.0619671,
                52.5860533
              ],
              [
                120.0266437,
                52.776256
              ],
              [
                120.2808237,
                52.8609827
              ],
              [
                120.8782846,
                53.2934914
              ],
              [
                121.2265357,
                53.279163
              ],
              [
                122.3271847,
                53.5014361
              ],
              [
                122.4296585,
                53.4432483
              ],
              [
                122.8261369,
                53.4557889
              ],
              [
                123.2712436,
                53.5608154
              ],
              [
                123.4810666,
                53.4960774
              ],
              [
                123.5058768,
                53.555033
              ],
              [
                123.5392098,
                53.4949658
              ],
              [
                123.6224655,
                53.5467585
              ],
              [
                124.1099497,
                53.3465035
              ],
              [
                124.2437673,
                53.3747181
              ],
              [
                124.4373351,
                53.2139981
              ],
              [
                124.7076088,
                53.1927315
              ],
              [
                124.8620688,
                53.0990217
              ],
              [
                124.8947171,
                53.1710359
              ],
              [
                125.1578079,
                53.2037569
              ],
              [
                125.507586,
                53.0484658
              ],
              [
                125.6051735,
                53.0815844
              ],
              [
                125.7426971,
                52.9839653
              ],
              [
                125.6654624,
                52.8611685
              ],
              [
                125.8295396,
                52.8953718
              ],
              [
                125.9672406,
                52.7569051
              ],
              [
                126.1050202,
                52.7702062
              ],
              [
                125.9632754,
                52.6224645
              ],
              [
                126.1921035,
                52.537775
              ],
              [
                126.1840317,
                52.4696134
              ],
              [
                126.3399577,
                52.3959426
              ],
              [
                126.3348328,
                52.3033095
              ],
              [
                126.4307163,
                52.2931272
              ],
              [
                126.3003969,
                52.2061976
              ],
              [
                126.5542316,
                52.1303242
              ],
              [
                126.5148031,
                52.0371876
              ],
              [
                126.4382903,
                52.0254656
              ],
              [
                126.4566193,
                51.9440509
              ],
              [
                126.7237853,
                51.7170351
              ],
              [
                126.73357,
                51.6376269
              ],
              [
                126.6695403,
                51.5987236
              ],
              [
                126.8386267,
                51.5285068
              ],
              [
                126.7812918,
                51.4350724
              ],
              [
                126.9146727,
                51.3902115
              ],
              [
                126.8137358,
                51.329542
              ],
              [
                126.8252372,
                51.2721215
              ],
              [
                126.8999099,
                51.2449425
              ],
              [
                126.8691825,
                51.3150595
              ],
              [
                126.9773291,
                51.3202094
              ],
              [
                126.894245,
                51.2033372
              ],
              [
                126.9176588,
                51.0570394
              ],
              [
                127.3002242,
                50.7452574
              ],
              [
                127.2874214,
                50.6637986
              ],
              [
                127.3670005,
                50.573974
              ],
              [
                127.2861803,
                50.4702297
              ],
              [
                127.3626618,
                50.4343991
              ],
              [
                127.325288,
                50.3351467
              ],
              [
                127.6056331,
                50.2347146
              ],
              [
                127.4889337,
                50.012711
              ],
              [
                127.5408951,
                49.8009946
              ],
              [
                127.6651946,
                49.7703994
              ],
              [
                127.6872401,
                49.667035
              ],
              [
                127.8153813,
                49.5849389
              ],
              [
                128.177104,
                49.5353751
              ],
              [
                128.7527745,
                49.593385
              ],
              [
                128.8021721,
                49.5502838
              ],
              [
                128.7431887,
                49.4830985
              ],
              [
                128.9836595,
                49.4569225
              ],
              [
                129.0734497,
                49.3535964
              ],
              [
                129.2260499,
                49.3995096
              ],
              [
                129.3520798,
                49.3516938
              ],
              [
                129.3799698,
                49.4293689
              ],
              [
                129.500653,
                49.4246771
              ],
              [
                129.5593003,
                49.2894625
              ],
              [
                129.71048,
                49.2910916
              ],
              [
                129.9137906,
                49.0424922
              ],
              [
                130.2242955,
                48.865247
              ],
              [
                130.6693459,
                48.8771033
              ],
              [
                130.5227923,
                48.6120583
              ],
              [
                130.5994349,
                48.585015
              ],
              [
                130.6255707,
                48.4884678
              ],
              [
                130.7581971,
                48.4972857
              ],
              [
                130.7320601,
                48.4302581
              ],
              [
                130.8356469,
                48.301678
              ],
              [
                130.6561518,
                48.0952509
              ],
              [
                130.8804506,
                47.9178204
              ],
              [
                130.9937326,
                47.6961667
              ],
              [
                131.4526662,
                47.7430901
              ],
              [
                131.5944325,
                47.6565182
              ],
              [
                131.7101398,
                47.7084722
              ],
              [
                131.952136,
                47.6623942
              ],
              [
                132.3091865,
                47.756778
              ],
              [
                132.5487282,
                47.7143226
              ],
              [
                132.6795673,
                47.8728925
              ],
              [
                132.659912,
                47.946074
              ],
              [
                132.8104591,
                47.9339418
              ],
              [
                133.0815553,
                48.1215567
              ],
              [
                133.5224731,
                48.121542
              ],
              [
                133.5933983,
                48.1982513
              ],
              [
                133.703184,
                48.1842867
              ],
              [
                133.7464041,
                48.2567535
              ],
              [
                134.1883145,
                48.3837178
              ],
              [
                134.5012575,
                48.4252932
              ],
              [
                134.7662016,
                48.3640449
              ],
              [
                134.5436285,
                47.9887551
              ],
              [
                134.7703977,
                47.7151355
              ],
              [
                134.5631321,
                47.4784451
              ],
              [
                134.3111775,
                47.433286
              ],
              [
                134.1693339,
                47.3183854
              ],
              [
                134.222331,
                47.1157884
              ],
              [
                134.0539312,
                46.9735764
              ],
              [
                134.0077543,
                46.6404502
              ],
              [
                133.8415316,
                46.4723322
              ],
              [
                133.9401648,
                46.3995158
              ],
              [
                133.8615561,
                46.3435795
              ],
              [
                133.9168304,
                46.3310022
              ],
              [
                133.9107072,
                46.2634815
              ],
              [
                133.6880023,
                46.15563
              ],
              [
                133.735593,
                46.0540838
              ],
              [
                133.6684747,
                45.9409946
              ],
              [
                133.4616556,
                45.835693
              ],
              [
                133.4976924,
                45.7780768
              ],
              [
                133.4208104,
                45.6950974
              ],
              [
                133.4769609,
                45.6895987
              ],
              [
                133.4693452,
                45.6194379
              ],
              [
                133.1935684,
                45.5143389
              ],
              [
                133.1339229,
                45.4272582
              ],
              [
                133.0861491,
                45.2525539
              ],
              [
                133.1324658,
                45.1253341
              ],
              [
                132.9501371,
                45.0151103
              ],
              [
                131.9971632,
                45.2517744
              ],
              [
                131.8803988,
                45.3402847
              ],
              [
                131.7861404,
                45.2096203
              ],
              [
                131.6743719,
                45.2132832
              ],
              [
                131.680045,
                45.116035
              ],
              [
                131.486276,
                44.966268
              ],
              [
                131.142807,
                44.944972
              ],
              [
                130.959151,
                44.8525411
              ],
              [
                131.1044767,
                44.7075263
              ],
              [
                131.3032214,
                44.0439331
              ],
              [
                131.2357664,
                43.9846245
              ],
              [
                131.2389529,
                43.6003773
              ],
              [
                131.1860795,
                43.5584796
              ],
              [
                131.3129067,
                43.4944951
              ],
              [
                131.311365,
                43.395416
              ],
              [
                131.095619,
                43.021124
              ],
              [
                131.137532,
                42.934039
              ],
              [
                131.026361,
                42.925863
              ],
              [
                131.035367,
                42.860293
              ],
              [
                130.658965,
                42.845129
              ],
              [
                130.39465,
                42.724967
              ],
              [
                130.5846736,
                42.6698892
              ],
              [
                130.6271758,
                42.5975765
              ],
              [
                130.5583297,
                42.504765
              ],
              [
                130.6503807,
                42.3301851
              ],
              [
                130.918877,
                42.1227116
              ],
              [
                133.2270256,
                42.493069
              ],
              [
                134.0795332,
                42.7031253
              ],
              [
                135.3525824,
                43.3760161
              ],
              [
                135.6737703,
                43.6664222
              ],
              [
                136.0652383,
                44.2086003
              ],
              [
                136.3561395,
                44.362833
              ],
              [
                137.1231883,
                45.1118362
              ],
              [
                137.9121312,
                45.6869933
              ],
              [
                138.3609064,
                46.1496081
              ],
              [
                138.4029906,
                46.2990452
              ],
              [
                138.5964971,
                46.44357
              ],
              [
                138.8172262,
                46.9334906
              ],
              [
                139.2443944,
                47.2161153
              ],
              [
                139.5539813,
                47.720147
              ],
              [
                140.4524054,
                48.3747229
              ],
              [
                140.4975903,
                48.6991349
              ],
              [
                140.6815294,
                48.919289
              ],
              [
                140.7389828,
                49.3504013
              ],
              [
                140.8503877,
                49.5337851
              ],
              [
                140.8045575,
                49.8771593
              ],
              [
                140.9957501,
                50.0668532
              ],
              [
                140.9562877,
                50.1964311
              ],
              [
                140.8306591,
                50.27578
              ],
              [
                140.7829281,
                50.7021117
              ],
              [
                140.9502114,
                50.8966201
              ],
              [
                141.0069464,
                51.1710562
              ],
              [
                141.4157152,
                51.6201216
              ],
              [
                141.7504116,
                51.3934222
              ],
              [
                141.9309524,
                51.0780935
              ],
              [
                141.7193133,
                50.8146907
              ],
              [
                141.7328298,
                50.508328
              ],
              [
                141.8565491,
                50.1304395
              ],
              [
                141.8349041,
                49.5611224
              ],
              [
                141.7124835,
                49.0569439
              ],
              [
                141.5455649,
                48.7754045
              ],
              [
                141.5927985,
                48.6003108
              ],
              [
                141.8396914,
                48.2903226
              ],
              [
                141.8779502,
                48.0525129
              ],
              [
                141.6666016,
                47.6331098
              ],
              [
                141.6718637,
                47.284024
              ],
              [
                141.7581661,
                47.1287124
              ],
              [
                141.5207147,
                46.6181824
              ],
              [
                141.6436645,
                45.9963012
              ],
              [
                141.9150894,
                45.7291832
              ],
              [
                142.2237766,
                45.5923464
              ],
              [
                142.3510208,
                45.6126461
              ],
              [
                142.5069666,
                45.7580248
              ],
              [
                142.4310183,
                45.9304434
              ],
              [
                142.6282453,
                46.4147394
              ],
              [
                142.8859518,
                46.4172691
              ],
              [
                143.044052,
                46.3982125
              ],
              [
                143.1299948,
                45.9837564
              ],
              [
                143.2158336,
                45.8767053
              ],
              [
                143.4723082,
                45.8245321
              ],
              [
                143.6782459,
                45.9403904
              ],
              [
                143.9052916,
                46.371385
              ],
              [
                143.7535147,
                46.8899443
              ],
              [
                143.6012081,
                47.0158494
              ],
              [
                143.3611106,
                47.0419954
              ],
              [
                143.2842624,
                47.3368953
              ],
              [
                143.1685111,
                47.4804121
              ],
              [
                142.929041,
                47.6191917
              ],
              [
                142.8234313,
                47.7960415
              ],
              [
                142.8691729,
                48.0914096
              ],
              [
                143.0318364,
                48.4802905
              ],
              [
                143.2743828,
                48.8523023
              ],
              [
                143.2648944,
                49.0428755
              ],
              [
                143.541057,
                49.1162311
              ],
              [
                143.8947291,
                49.0767727
              ],
              [
                144.3391248,
                48.7356423
              ],
              [
                144.338755,
                48.443193
              ],
              [
                144.532161,
                48.311432
              ],
              [
                144.838656,
                48.358641
              ],
              [
                145.0501452,
                48.6525345
              ],
              [
                144.9589824,
                48.9545396
              ],
              [
                144.6589948,
                49.1649482
              ],
              [
                144.5869881,
                49.2916574
              ],
              [
                144.5348112,
                49.5563996
              ],
              [
                144.0638431,
                50.4416337
              ],
              [
                143.7500992,
                51.5362177
              ],
              [
                143.4791033,
                52.0683145
              ],
              [
                143.4677015,
                52.2053858
              ],
              [
                143.6345054,
                52.5200237
              ],
              [
                143.6661674,
                52.8415975
              ],
              [
                143.5344965,
                53.355718
              ],
              [
                143.240215,
                53.8567343
              ],
              [
                143.3335965,
                54.055287
              ],
              [
                143.3033223,
                54.1908587
              ],
              [
                142.9561208,
                54.5687686
              ],
              [
                142.5673303,
                54.6120328
              ],
              [
                142.3618695,
                54.5089247
              ],
              [
                142.0768413,
                54.4788965
              ],
              [
                141.9206629,
                54.3403302
              ],
              [
                141.9493804,
                54.2168815
              ],
              [
                142.3483082,
                53.8816281
              ],
              [
                142.3141478,
                53.8457419
              ],
              [
                141.4917181,
                53.5565241
              ],
              [
                140.9755998,
                53.7129487
              ],
              [
                140.6627648,
                53.8962472
              ],
              [
                140.6442327,
                54.0276597
              ],
              [
                140.4531717,
                54.1868491
              ],
              [
                140.2051159,
                54.276251
              ],
              [
                140.0740768,
                54.4798746
              ],
              [
                138.5738397,
                55.2692159
              ],
              [
                137.8375398,
                55.9204882
              ],
              [
                138.2623386,
                56.2198896
              ],
              [
                138.5267403,
                56.311634
              ],
              [
                138.6223125,
                56.5389966
              ],
              [
                138.8799956,
                56.6732311
              ],
              [
                138.948211,
                56.8132837
              ],
              [
                139.1895709,
                56.905884
              ],
              [
                139.3835448,
                57.079467
              ],
              [
                140.1386622,
                57.3156063
              ],
              [
                140.2457998,
                57.5469711
              ],
              [
                140.5083942,
                57.5793027
              ],
              [
                140.8191508,
                57.7491316
              ],
              [
                141.0612505,
                58.1640555
              ],
              [
                141.847735,
                58.479528
              ],
              [
                142.3906075,
                58.9130913
              ],
              [
                142.7187756,
                59.0431684
              ],
              [
                143.9278935,
                59.2031972
              ],
              [
                145.3937527,
                59.1859544
              ],
              [
                145.7360296,
                58.9894407
              ],
              [
                145.9728572,
                58.9418111
              ],
              [
                146.4650148,
                59.0015703
              ],
              [
                146.9498634,
                59.1510926
              ],
              [
                147.5068974,
                59.0370023
              ],
              [
                148.5710334,
                59.0527831
              ],
              [
                148.8748306,
                58.9210026
              ],
              [
                150.6723384,
                58.8061668
              ],
              [
                151.3409975,
                58.6375291
              ],
              [
                152.1524126,
                58.6924004
              ],
              [
                152.40509,
                58.7639278
              ],
              [
                153.007736,
                58.7136108
              ],
              [
                153.1971433,
                58.7751809
              ],
              [
                153.2949822,
                58.8837167
              ],
              [
                153.6235424,
                58.9528416
              ],
              [
                154.0697077,
                58.8479586
              ],
              [
                154.5941159,
                58.9473521
              ],
              [
                155.6307791,
                59.001854
              ],
              [
                155.8850774,
                59.1114172
              ],
              [
                155.9777798,
                59.3943806
              ],
              [
                155.8150117,
                59.5083949
              ],
              [
                154.9752688,
                59.7011218
              ],
              [
                154.8831403,
                59.9006362
              ],
              [
                154.9831344,
                60.0510156
              ],
              [
                155.1764027,
                60.1853678
              ],
              [
                156.2275909,
                60.5804481
              ],
              [
                156.4215473,
                60.8836
              ],
              [
                156.9890799,
                61.0832621
              ],
              [
                157.0693532,
                61.176659
              ],
              [
                157.0636165,
                61.2914784
              ],
              [
                157.236201,
                61.4175803
              ],
              [
                157.5178047,
                61.4965111
              ],
              [
                158.7664751,
                61.6152495
              ],
              [
                159.0728473,
                61.6138034
              ],
              [
                159.1889441,
                61.54643
              ],
              [
                159.3326515,
                61.2240816
              ],
              [
                159.3905066,
                60.875003
              ],
              [
                159.8466968,
                60.4404121
              ],
              [
                160.2043104,
                60.3724446
              ],
              [
                160.7522542,
                60.4670472
              ],
              [
                161.4118332,
                60.3189383
              ],
              [
                160.879949,
                59.943613
              ],
              [
                160.1898565,
                59.6807357
              ],
              [
                159.5276948,
                59.2308842
              ],
              [
                159.2181933,
                58.8459493
              ],
              [
                158.7708654,
                58.5534223
              ],
              [
                157.9629706,
                58.1845061
              ],
              [
                157.5635965,
                58.2066936
              ],
              [
                157.2332379,
                58.0217373
              ],
              [
                156.9173809,
                58.0520888
              ],
              [
                156.5733579,
                57.9332554
              ],
              [
                156.4016862,
                57.7165065
              ],
              [
                156.4677849,
                57.5974821
              ],
              [
                156.6241835,
                57.5276218
              ],
              [
                156.6097638,
                57.4329392
              ],
              [
                156.2104964,
                57.3628167
              ],
              [
                156.1367368,
                57.2539879
              ],
              [
                156.1641308,
                57.0782543
              ],
              [
                155.8103124,
                56.9195596
              ],
              [
                155.6161316,
                56.6971751
              ],
              [
                155.2994234,
                55.9946423
              ],
              [
                155.2152426,
                55.2322556
              ],
              [
                155.8145848,
                52.8366191
              ],
              [
                156.1312316,
                52.1604033
              ],
              [
                156.2215021,
                51.2833903
              ],
              [
                156.3832568,
                51.0593075
              ],
              [
                155.960884,
                50.9638328
              ],
              [
                155.6338129,
                51.1156901
              ],
              [
                155.2740282,
                51.0682593
              ],
              [
                155.1581936,
                50.9481121
              ],
              [
                155.1547209,
                50.8235545
              ],
              [
                155.2450196,
                50.7031264
              ],
              [
                155.4766273,
                50.5768054
              ],
              [
                154.7863769,
                50.3730583
              ],
              [
                154.6417934,
                50.2047026
              ],
              [
                154.7159099,
                50.0654039
              ],
              [
                155.0438688,
                49.8862294
              ],
              [
                155.290203,
                49.8032061
              ],
              [
                155.5142547,
                49.812831
              ],
              [
                155.7305144,
                49.9741889
              ],
              [
                156.0999451,
                50.1001013
              ],
              [
                156.2976836,
                50.2990995
              ],
              [
                156.5171527,
                50.3658318
              ],
              [
                156.8028831,
                50.6856373
              ],
              [
                158.1510728,
                51.4967405
              ],
              [
                158.7995417,
                52.1593109
              ],
              [
                160.2817724,
                52.9511203
              ],
              [
                161.9730094,
                54.3593447
              ],
              [
                162.4467273,
                54.6489027
              ],
              [
                163.3509171,
                55.8887606
              ],
              [
                163.7240358,
                56.1356809
              ],
              [
                163.6467218,
                56.6852562
              ],
              [
                163.6934137,
                57.7104293
              ],
              [
                163.8431936,
                58.337025
              ],
              [
                164.9201269,
                58.7336304
              ],
              [
                166.6360899,
                59.7055035
              ],
              [
                167.1635914,
                60.0737107
              ],
              [
                168.3044198,
                60.382188
              ],
              [
                169.0863376,
                60.3548938
              ],
              [
                169.3826053,
                60.2310861
              ],
              [
                169.6038647,
                59.9800993
              ],
              [
                169.8707146,
                59.8184377
              ],
              [
                170.1663102,
                59.7345403
              ],
              [
                170.4612629,
                59.7440142
              ],
              [
                170.7229638,
                59.8326163
              ],
              [
                171.0181618,
                60.1872532
              ],
              [
                171.387513,
                60.3779757
              ],
              [
                172.3803241,
                60.6989157
              ],
              [
                173.3594512,
                61.2148584
              ],
              [
                174.3640136,
                61.6014983
              ],
              [
                174.9221299,
                61.6784708
              ],
              [
                175.7929784,
                61.9840274
              ],
              [
                176.4707164,
                62.1138577
              ],
              [
                177.1886539,
                62.3419552
              ],
              [
                177.8271596,
                62.3454837
              ],
              [
                178.9614897,
                62.0850853
              ],
              [
                179.2731534,
                62.0907276
              ],
              [
                179.4868934,
                62.1620752
              ],
              [
                179.9680528,
                62.522959
              ],
              [
                180,
                62.875905
              ],
              [
                179.8769275,
                63.1700362
              ],
              [
                179.2978914,
                63.518454
              ],
              [
                179.1255396,
                64.0230522
              ],
              [
                178.902255,
                64.2580181
              ],
              [
                179.1722924,
                64.506473
              ],
              [
                179.7707522,
                64.6298254
              ],
              [
                180,
                64.7463243
              ],
              [
                180,
                69.2895091
              ],
              [
                179.0370181,
                69.5799323
              ],
              [
                177.1502296,
                69.8230214
              ],
              [
                176.2815586,
                70.0668695
              ],
              [
                174.687679,
                70.0401714
              ],
              [
                172.8882703,
                70.178629
              ],
              [
                172.1194648,
                70.1746472
              ],
              [
                170.613532,
                70.3230697
              ],
              [
                170.1460428,
                70.2875474
              ],
              [
                169.8427514,
                70.1258126
              ],
              [
                169.534963,
                70.1046063
              ],
              [
                168.5696758,
                70.2301528
              ],
              [
                167.9321594,
                70.182535
              ],
              [
                167.5001687,
                70.0487587
              ],
              [
                166.8391746,
                69.7074324
              ],
              [
                164.8110986,
                69.7659664
              ],
              [
                164.4698309,
                69.9087435
              ],
              [
                164.0812233,
                69.9524171
              ],
              [
                162.8183152,
                69.8538755
              ],
              [
                160.6542931,
                69.9227312
              ],
              [
                160.5374895,
                70.0991235
              ],
              [
                160.6643213,
                70.1951805
              ],
              [
                160.6757922,
                70.2957614
              ],
              [
                160.4284603,
                70.6029289
              ],
              [
                161.0716407,
                70.6303618
              ],
              [
                161.434497,
                70.4756873
              ],
              [
                162.4192351,
                70.4208323
              ],
              [
                162.8754159,
                70.4783517
              ],
              [
                163.1042604,
                70.6262395
              ],
              [
                162.9437868,
                70.7785173
              ],
              [
                162.2744037,
                70.8504541
              ],
              [
                161.9881343,
                71.0446032
              ],
              [
                161.6215748,
                71.1243729
              ],
              [
                160.9658567,
                71.0574074
              ],
              [
                160.2418407,
                71.1017411
              ],
              [
                159.9275589,
                71.0213175
              ],
              [
                159.8230329,
                70.8937626
              ],
              [
                158.9160091,
                71.1041338
              ],
              [
                157.9720341,
                71.2178686
              ],
              [
                156.072208,
                71.2762089
              ],
              [
                152.8121505,
                71.0174567
              ],
              [
                151.6749505,
                71.6807197
              ],
              [
                150.8319468,
                71.8161497
              ],
              [
                150.4841217,
                72.1219019
              ],
              [
                149.7990467,
                72.3398716
              ],
              [
                148.5161376,
                72.5148507
              ],
              [
                147.1992345,
                72.5116411
              ],
              [
                146.5195543,
                72.6315985
              ],
              [
                144.3814263,
                72.8406034
              ],
              [
                144.3037893,
                73.4484882
              ],
              [
                144.0336665,
                73.6409909
              ],
              [
                143.1230742,
                73.9519101
              ],
              [
                141.8377191,
                74.1949491
              ],
              [
                141.8021041,
                74.2597982
              ],
              [
                142.9560668,
                74.6219559
              ],
              [
                144.4289211,
                74.7491722
              ],
              [
                145.4902592,
                75.1108446
              ],
              [
                147.9662443,
                74.5880221
              ],
              [
                148.9376092,
                74.5291828
              ],
              [
                149.9070569,
                74.5646662
              ],
              [
                151.2839926,
                74.7556289
              ],
              [
                151.4650577,
                74.9439777
              ],
              [
                151.7292186,
                75.0888749
              ],
              [
                151.6482409,
                75.2255583
              ],
              [
                151.2415904,
                75.32285
              ],
              [
                146.8018554,
                75.7732759
              ],
              [
                146.226008,
                75.7778946
              ],
              [
                145.8233947,
                75.7118652
              ],
              [
                144.233177,
                76.005475
              ],
              [
                143.1046586,
                76.0262207
              ],
              [
                142.2619747,
                76.2744007
              ],
              [
                140.5058043,
                76.4947511
              ],
              [
                138.1484743,
                76.3421727
              ],
              [
                136.9600236,
                76.1010137
              ],
              [
                136.7213043,
                76.0107152
              ],
              [
                136.5700535,
                75.872704
              ],
              [
                136.4254836,
                75.9804267
              ],
              [
                136.0774493,
                76.0531353
              ],
              [
                135.2090855,
                76.0269739
              ],
              [
                134.875798,
                75.8775511
              ],
              [
                134.7972651,
                75.6852631
              ],
              [
                134.8393718,
                75.591478
              ],
              [
                134.7003767,
                75.4455773
              ],
              [
                134.8071901,
                75.2928058
              ],
              [
                135.0924996,
                75.2053787
              ],
              [
                136.2153255,
                75.1958394
              ],
              [
                136.6797831,
                74.960207
              ],
              [
                137.2000355,
                74.8283354
              ],
              [
                137.5593759,
                74.6410928
              ],
              [
                138.6614705,
                74.4672978
              ],
              [
                139.4482542,
                74.1361379
              ],
              [
                139.5105047,
                73.9806489
              ],
              [
                139.0823555,
                73.3824422
              ],
              [
                139.9228371,
                72.9003874
              ],
              [
                138.73897,
                72.4746045
              ],
              [
                138.2915581,
                72.1226335
              ],
              [
                137.2643389,
                71.812053
              ],
              [
                135.4896062,
                71.8296184
              ],
              [
                134.6791599,
                71.7177061
              ],
              [
                134.2318358,
                71.5756428
              ],
              [
                133.706083,
                71.715491
              ],
              [
                133.9317956,
                71.8270356
              ],
              [
                133.959255,
                71.919047
              ],
              [
                133.6268313,
                72.1017679
              ],
              [
                133.0807117,
                72.169153
              ],
              [
                132.3995716,
                72.1140393
              ],
              [
                132.0951469,
                72.0191612
              ],
              [
                131.7577598,
                71.7944483
              ],
              [
                131.3780928,
                71.3000771
              ],
              [
                130.8137788,
                71.1920988
              ],
              [
                130.7475011,
                71.202206
              ],
              [
                130.6336689,
                71.6349336
              ],
              [
                130.2443957,
                71.7911253
              ],
              [
                130.3308398,
                72.3720995
              ],
              [
                130.2161653,
                73.0544029
              ],
              [
                128.6024776,
                73.6218731
              ],
              [
                126.312333,
                73.8632138
              ],
              [
                124.9599433,
                74.1269103
              ],
              [
                123.0780624,
                74.1867179
              ],
              [
                122.6162107,
                74.1087266
              ],
              [
                122.427194,
                73.9877218
              ],
              [
                122.3935812,
                73.8243931
              ],
              [
                122.5706541,
                73.7160878
              ],
              [
                122.458016,
                73.5151948
              ],
              [
                122.5729172,
                73.3118705
              ],
              [
                121.1162553,
                73.1380257
              ],
              [
                120.8714045,
                73.2851094
              ],
              [
                120.0479614,
                73.383399
              ],
              [
                119.4813715,
                73.6360464
              ],
              [
                118.8806892,
                73.7483019
              ],
              [
                115.5584319,
                73.9103268
              ],
              [
                114.0251867,
                73.7869698
              ],
              [
                113.8206915,
                73.9563624
              ],
              [
                113.5839854,
                74.0389723
              ],
              [
                114.1130277,
                74.2554766
              ],
              [
                114.2035818,
                74.4189942
              ],
              [
                113.7096393,
                74.7370656
              ],
              [
                113.56657,
                74.893845
              ],
              [
                114.4059199,
                75.2266751
              ],
              [
                114.5534463,
                75.4395761
              ],
              [
                114.4915581,
                75.5513907
              ],
              [
                114.7396289,
                75.8424474
              ],
              [
                114.694578,
                75.9623844
              ],
              [
                114.3652939,
                76.1392103
              ],
              [
                114.2960398,
                76.4235237
              ],
              [
                114.0270752,
                76.5447321
              ],
              [
                112.9328524,
                76.7949901
              ],
              [
                111.4936356,
                76.9586358
              ],
              [
                109.6951014,
                76.9566383
              ],
              [
                108.9924394,
                77.0955909
              ],
              [
                108.4810043,
                77.4478996
              ],
              [
                108.4353879,
                77.9436188
              ],
              [
                108.7486034,
                78.1162634
              ],
              [
                108.5771756,
                78.2625577
              ],
              [
                106.4352518,
                78.6479613
              ],
              [
                106.3684959,
                78.784391
              ],
              [
                106.141447,
                78.9063639
              ],
              [
                104.7322022,
                79.2982457
              ],
              [
                103.6761582,
                79.5196003
              ],
              [
                101.289712,
                79.8066117
              ],
              [
                100.8620076,
                80.0017842
              ],
              [
                100.0763716,
                80.1963995
              ],
              [
                98.7075123,
                80.2970768
              ],
              [
                99.3449854,
                80.6071611
              ],
              [
                99.4052052,
                80.6923042
              ],
              [
                99.162305,
                80.8468171
              ],
              [
                97.8886807,
                81.0980852
              ],
              [
                97.0617136,
                81.3508799
              ],
              [
                95.8244675,
                81.4733707
              ],
              [
                92.6204176,
                81.2878176
              ],
              [
                91.3639645,
                81.4210677
              ],
              [
                89.9449873,
                81.3845997
              ],
              [
                89.1556409,
                81.2992796
              ],
              [
                88.9284094,
                81.2272637
              ],
              [
                88.8597357,
                81.1380068
              ],
              [
                89.0877132,
                81.0029712
              ],
              [
                89.7097367,
                80.9005189
              ],
              [
                91.5404706,
                80.8493394
              ],
              [
                90.3413327,
                80.4506645
              ],
              [
                90.3043701,
                80.3018698
              ],
              [
                89.8374378,
                80.0917167
              ],
              [
                90.0402688,
                79.7854483
              ],
              [
                89.4847863,
                79.6047652
              ],
              [
                89.4571668,
                79.5348765
              ],
              [
                89.5688216,
                79.4654304
              ],
              [
                90.5592082,
                79.3188843
              ],
              [
                91.4214551,
                79.0115518
              ],
              [
                92.164198,
                78.8992902
              ],
              [
                94.6597767,
                78.8411639
              ],
              [
                96.5713261,
                78.7107201
              ],
              [
                96.8667132,
                78.6496377
              ],
              [
                96.9743676,
                78.3057815
              ],
              [
                97.0608865,
                78.2354064
              ],
              [
                98.3940264,
                77.937074
              ],
              [
                95.9888903,
                77.3490525
              ],
              [
                94.6050241,
                77.1025945
              ],
              [
                91.674186,
                76.2592455
              ],
              [
                91.0285249,
                76.2244991
              ],
              [
                88.9549413,
                75.8943899
              ],
              [
                87.6550339,
                75.8833605
              ],
              [
                85.6117924,
                75.429692
              ],
              [
                84.6204417,
                75.0100016
              ],
              [
                83.5747865,
                74.7637837
              ],
              [
                83.4622438,
                74.6689698
              ],
              [
                83.4908599,
                74.5612832
              ],
              [
                82.0548701,
                74.2869767
              ],
              [
                80.2041978,
                73.7593123
              ],
              [
                77.060407,
                73.6069829
              ],
              [
                76.2870063,
                73.7137824
              ],
              [
                75.4597257,
                73.7051899
              ],
              [
                74.9523486,
                73.6007864
              ],
              [
                74.3857404,
                73.3090186
              ],
              [
                73.895435,
                73.2627418
              ],
              [
                72.2102809,
                73.3381244
              ],
              [
                71.7604671,
                73.5519292
              ],
              [
                71.0715784,
                73.6676996
              ],
              [
                70.1375045,
                73.632677
              ],
              [
                69.6184345,
                73.5476883
              ],
              [
                69.376801,
                73.4641634
              ],
              [
                68.6127448,
                72.8619058
              ],
              [
                68.3627546,
                72.7350668
              ],
              [
                68.0200538,
                72.0822411
              ],
              [
                67.8173345,
                71.8307292
              ],
              [
                67.4961544,
                71.6588223
              ],
              [
                66.4163061,
                71.3820175
              ],
              [
                65.9646947,
                70.9964413
              ],
              [
                65.853211,
                70.8510986
              ],
              [
                65.8455062,
                70.5842548
              ],
              [
                66.0949021,
                70.3697586
              ],
              [
                66.3210136,
                70.2856922
              ],
              [
                66.3864673,
                70.1099553
              ],
              [
                64.9650442,
                69.5639192
              ],
              [
                63.3417991,
                69.8670511
              ],
              [
                62.0132747,
                69.9460875
              ],
              [
                60.6697127,
                70.1228668
              ],
              [
                59.4735076,
                70.6125634
              ],
              [
                57.4979363,
                71.0074351
              ],
              [
                57.1129266,
                71.1491709
              ],
              [
                56.6873006,
                71.3373967
              ],
              [
                56.3406015,
                71.6383909
              ],
              [
                56.1089465,
                72.0264963
              ],
              [
                56.2273258,
                72.1562954
              ],
              [
                56.2572188,
                72.3826835
              ],
              [
                57.3324561,
                73.1329049
              ],
              [
                58.2015826,
                73.5006786
              ],
              [
                59.3090679,
                74.0835127
              ],
              [
                60.0704329,
                74.2542995
              ],
              [
                60.4970001,
                74.4904549
              ],
              [
                61.6227453,
                74.9190769
              ],
              [
                62.974751,
                75.3055368
              ],
              [
                68.9139173,
                76.1111632
              ],
              [
                69.7746739,
                76.4817084
              ],
              [
                69.9572252,
                76.6949371
              ],
              [
                69.8361229,
                76.8412433
              ],
              [
                69.1636132,
                77.1084027
              ],
              [
                67.5451056,
                77.2373431
              ],
              [
                65.4560536,
                76.8883565
              ],
              [
                64.8593977,
                76.7016657
              ],
              [
                63.3044739,
                76.5067913
              ],
              [
                60.7886135,
                76.4749426
              ],
              [
                58.4404093,
                76.1888887
              ],
              [
                57.9081649,
                75.9231212
              ],
              [
                56.0446568,
                75.4107124
              ],
              [
                55.1670766,
                75.2444677
              ],
              [
                54.977808,
                75.0760905
              ],
              [
                55.0662449,
                74.9409288
              ],
              [
                55.0428775,
                74.8170672
              ],
              [
                54.6723039,
                74.4803265
              ],
              [
                54.2945732,
                74.2362088
              ],
              [
                53.9301475,
                74.0967042
              ],
              [
                53.0575945,
                73.8764513
              ],
              [
                52.9630934,
                73.7366442
              ],
              [
                53.0714454,
                73.6296133
              ],
              [
                53.2952561,
                73.5596218
              ],
              [
                51.9929453,
                72.9574712
              ],
              [
                50.9929994,
                72.1722132
              ],
              [
                50.7883868,
                71.9206972
              ],
              [
                50.7962061,
                71.634288
              ],
              [
                51.6607691,
                71.1282349
              ],
              [
                53.2954454,
                70.5222087
              ],
              [
                55.2890399,
                70.2861921
              ],
              [
                57.2085871,
                70.2199265
              ],
              [
                57.897174,
                70.0708964
              ],
              [
                58.6685561,
                69.7153433
              ],
              [
                59.6608917,
                69.469585
              ],
              [
                60.0812322,
                69.1912658
              ],
              [
                60.1329622,
                69.0537435
              ],
              [
                60.3111475,
                68.9584065
              ],
              [
                60.230213,
                68.8990335
              ],
              [
                60.0751614,
                68.9606646
              ],
              [
                60.0422735,
                69.0822137
              ],
              [
                59.6781992,
                69.3783608
              ],
              [
                58.8754762,
                69.6442608
              ],
              [
                58.3961536,
                69.67778
              ],
              [
                58.0210146,
                69.5961707
              ],
              [
                57.9088191,
                69.4263875
              ],
              [
                58.5184643,
                69.1380093
              ],
              [
                57.6295642,
                68.9676635
              ],
              [
                57.2181147,
                68.9292605
              ],
              [
                54.721843,
                69.1832923
              ],
              [
                53.8348239,
                69.1624145
              ],
              [
                53.1404731,
                69.0654108
              ],
              [
                51.7349131,
                68.7049275
              ],
              [
                50.7549825,
                68.6377373
              ],
              [
                49.0204132,
                68.0515873
              ],
              [
                48.6193556,
                68.1137195
              ],
              [
                47.1112919,
                68.0329866
              ],
              [
                46.8510922,
                68.4266457
              ],
              [
                46.3647085,
                68.5871195
              ],
              [
                45.3741656,
                68.7354405
              ],
              [
                44.1879554,
                68.7352036
              ],
              [
                43.4924414,
                68.8673593
              ],
              [
                39.759706,
                68.3745722
              ],
              [
                38.7769236,
                68.5644969
              ],
              [
                38.1389602,
                68.8466326
              ],
              [
                36.0895799,
                69.377767
              ],
              [
                34.274618,
                69.5802954
              ],
              [
                33.4612367,
                69.8944219
              ],
              [
                32.3040631,
                70.126156
              ],
              [
                31.4448003,
                70.0996777
              ],
              [
                31.104328,
                69.9793028
              ],
              [
                30.8176414,
                69.7948444
              ],
              [
                30.9444402,
                69.6831845
              ],
              [
                30.9388793,
                69.5609987
              ],
              [
                30.5159812,
                69.5404206
              ],
              [
                30.0852915,
                69.6580972
              ],
              [
                30.1855994,
                69.5505719
              ],
              [
                30.0345285,
                69.4246791
              ],
              [
                29.2923407,
                69.2979319
              ],
              [
                29.242137,
                69.1130186
              ],
              [
                29.0566538,
                69.0152255
              ],
              [
                28.9292936,
                69.0519147
              ],
              [
                28.4157885,
                68.9154506
              ],
              [
                28.8007779,
                68.8692902
              ],
              [
                28.433932,
                68.539671
              ],
              [
                28.6461349,
                68.1963023
              ],
              [
                29.3270935,
                68.0745393
              ],
              [
                29.6594151,
                67.8029567
              ],
              [
                30.0170617,
                67.6735368
              ],
              [
                29.9302252,
                67.5225248
              ],
              [
                29.5224547,
                67.309838
              ],
              [
                29.0331668,
                66.9255206
              ],
              [
                29.1058564,
                66.7904473
              ],
              [
                29.3576481,
                66.6410832
              ],
              [
                29.6966445,
                66.2684902
              ],
              [
                29.9233062,
                66.1271455
              ],
              [
                30.1193675,
                65.7521935
              ],
              [
                30.1384664,
                65.6686764
              ],
              [
                29.7218642,
                65.6370848
              ],
              [
                29.8639091,
                65.5604413
              ],
              [
                29.7330511,
                65.4724989
              ],
              [
                29.7465771,
                65.3474169
              ],
              [
                29.6017894,
                65.259934
              ],
              [
                29.8856679,
                65.2062967
              ],
              [
                29.8193446,
                65.1442772
              ],
              [
                29.8968651,
                65.1051404
              ],
              [
                29.6269697,
                65.0605988
              ],
              [
                29.6110374,
                64.9273269
              ],
              [
                29.7396308,
                64.7897827
              ],
              [
                30.0865096,
                64.7739862
              ],
              [
                30.0413979,
                64.7411862
              ],
              [
                30.1301155,
                64.6347333
              ],
              [
                29.9894012,
                64.5876215
              ],
              [
                30.0448933,
                64.4020122
              ],
              [
                30.4824397,
                64.2623385
              ],
              [
                30.5535801,
                64.1016818
              ],
              [
                30.260416,
                63.8220032
              ],
              [
                29.9718903,
                63.7571676
              ],
              [
                30.483994,
                63.4666957
              ],
              [
                31.2375315,
                63.2192195
              ],
              [
                31.2721187,
                63.1076263
              ],
              [
                31.5867071,
                62.9087094
              ],
              [
                31.1628141,
                62.4460757
              ],
              [
                30.6570498,
                62.2089129
              ],
              [
                29.7405996,
                61.5757677
              ],
              [
                29.4962413,
                61.491902
              ],
              [
                29.244829,
                61.2706901
              ],
              [
                28.8191007,
                61.1215752
              ],
              [
                28.6550021,
                60.9494999
              ],
              [
                28.524607,
                60.9571057
              ],
              [
                27.8734261,
                60.6045527
              ],
              [
                27.6869201,
                60.4335706
              ],
              [
                27.7257747,
                60.3916766
              ],
              [
                27.4566541,
                60.2232587
              ],
              [
                26.9071782,
                60.1367326
              ],
              [
                26.6614704,
                59.9812719
              ],
              [
                26.44,
                59.9383333
              ]
            ]
          ],
          [
            [
              [
                31.5325632,
                52.486038
              ],
              [
                31.5764252,
                52.4635248
              ],
              [
                31.5812068,
                52.4768411
              ],
              [
                31.5745851,
                52.4836261
              ],
              [
                31.5325632,
                52.486038
              ]
            ]
          ],
          [
            [
              [
                35.4203097,
                80.1595927
              ],
              [
                35.7816779,
                80.0105083
              ],
              [
                36.7086878,
                79.9331301
              ],
              [
                37.5834497,
                79.9898659
              ],
              [
                37.8599645,
                80.0556911
              ],
              [
                37.9768926,
                80.153623
              ],
              [
                37.5474168,
                80.3102153
              ],
              [
                36.5836903,
                80.367894
              ],
              [
                35.7775573,
                80.3093345
              ],
              [
                35.4974445,
                80.2354311
              ],
              [
                35.4203097,
                80.1595927
              ]
            ]
          ],
          [
            [
              [
                43.6833764,
                80.5924058
              ],
              [
                44.034935,
                80.4537463
              ],
              [
                45.5498435,
                80.2673244
              ],
              [
                46.04066,
                80.0564899
              ],
              [
                47.3903461,
                79.8556444
              ],
              [
                51.4323255,
                79.7143552
              ],
              [
                52.0679488,
                79.755659
              ],
              [
                52.5506902,
                79.8600227
              ],
              [
                53.8882024,
                79.828185
              ],
              [
                54.7364741,
                80.0110738
              ],
              [
                55.9734556,
                79.8126922
              ],
              [
                57.2198445,
                79.8602259
              ],
              [
                57.8301003,
                79.631502
              ],
              [
                58.7546134,
                79.5723537
              ],
              [
                60.8528563,
                79.7717911
              ],
              [
                61.0937293,
                79.8788743
              ],
              [
                61.0174949,
                80.0002909
              ],
              [
                61.4101002,
                80.1394147
              ],
              [
                62.4023314,
                80.2489426
              ],
              [
                62.6392462,
                80.3247321
              ],
              [
                62.6730432,
                80.3998074
              ],
              [
                65.7946834,
                80.636481
              ],
              [
                66.5228364,
                80.832807
              ],
              [
                66.6446393,
                81.0151531
              ],
              [
                66.5254738,
                81.1523986
              ],
              [
                66.3261406,
                81.2318945
              ],
              [
                65.2401717,
                81.3747553
              ],
              [
                63.838394,
                81.3665793
              ],
              [
                63.0648698,
                81.265065
              ],
              [
                62.8290883,
                81.1763985
              ],
              [
                61.8719155,
                81.3254637
              ],
              [
                64.2632145,
                81.4164065
              ],
              [
                64.8878168,
                81.5104747
              ],
              [
                65.1317907,
                81.62218
              ],
              [
                65.0039496,
                81.7366585
              ],
              [
                64.4527877,
                81.8455732
              ],
              [
                63.4466727,
                81.9070303
              ],
              [
                62.1245253,
                81.8910486
              ],
              [
                60.6178103,
                81.7065063
              ],
              [
                60.7121879,
                81.7892916
              ],
              [
                60.7029497,
                81.8592712
              ],
              [
                60.3524184,
                81.980009
              ],
              [
                58.6544942,
                82.0546231
              ],
              [
                56.833313,
                81.9392279
              ],
              [
                56.5451913,
                81.8640263
              ],
              [
                56.4974217,
                81.7905166
              ],
              [
                56.5491339,
                81.7350729
              ],
              [
                55.7658669,
                81.6708247
              ],
              [
                55.4441867,
                81.5769695
              ],
              [
                54.5171464,
                81.5876133
              ],
              [
                53.0417082,
                81.4546154
              ],
              [
                52.8746384,
                81.3942156
              ],
              [
                52.8488559,
                81.3277293
              ],
              [
                53.1268067,
                81.2143267
              ],
              [
                52.9078641,
                81.1042486
              ],
              [
                53.1340181,
                80.9727391
              ],
              [
                52.7717899,
                80.8395851
              ],
              [
                52.1462034,
                80.9550033
              ],
              [
                52.0776731,
                81.012553
              ],
              [
                52.2945664,
                81.1453236
              ],
              [
                52.0636517,
                81.2620067
              ],
              [
                51.219307,
                81.3649396
              ],
              [
                50.3868431,
                81.3796486
              ],
              [
                49.4006002,
                81.2842714
              ],
              [
                49.1298961,
                81.2027564
              ],
              [
                49.1102742,
                81.0783187
              ],
              [
                48.6782793,
                81.0063931
              ],
              [
                47.6001395,
                81.0552579
              ],
              [
                46.5791034,
                81.0222788
              ],
              [
                45.5037278,
                80.8416673
              ],
              [
                44.1591604,
                80.7599383
              ],
              [
                43.7853883,
                80.6791706
              ],
              [
                43.6833764,
                80.5924058
              ]
            ]
          ],
          [
            [
              [
                47.6548998,
                68.9228878
              ],
              [
                47.74436,
                68.7016258
              ],
              [
                48.1051623,
                68.5538492
              ],
              [
                49.5685684,
                68.4666526
              ],
              [
                50.0792317,
                68.5775768
              ],
              [
                50.6164829,
                68.86672
              ],
              [
                50.8359664,
                69.0306913
              ],
              [
                50.8713315,
                69.123911
              ],
              [
                50.7646059,
                69.2732307
              ],
              [
                50.5693492,
                69.3842656
              ],
              [
                49.6831974,
                69.6487883
              ],
              [
                48.8826503,
                69.6934726
              ],
              [
                48.3938292,
                69.6178686
              ],
              [
                47.9321082,
                69.4277428
              ],
              [
                47.7061656,
                69.180784
              ],
              [
                47.6548998,
                68.9228878
              ]
            ]
          ],
          [
            [
              [
                52.5283587,
                45.9191791
              ],
              [
                52.6974782,
                45.8938648
              ],
              [
                52.7515159,
                46.0957176
              ],
              [
                52.6185898,
                46.0965161
              ],
              [
                52.6341483,
                45.9200189
              ],
              [
                52.5283587,
                45.9191791
              ]
            ]
          ],
          [
            [
              [
                74.9868506,
                79.6592207
              ],
              [
                75.0770816,
                79.5686132
              ],
              [
                75.4857514,
                79.4389631
              ],
              [
                76.6247923,
                79.287468
              ],
              [
                77.985289,
                79.2996807
              ],
              [
                78.4680544,
                79.3772408
              ],
              [
                78.6709881,
                79.4962347
              ],
              [
                78.590975,
                79.5785014
              ],
              [
                78.3093445,
                79.6555718
              ],
              [
                76.5543245,
                79.8637791
              ],
              [
                75.4280996,
                79.8270024
              ],
              [
                75.111038,
                79.7526068
              ],
              [
                74.9868506,
                79.6592207
              ]
            ]
          ],
          [
            [
              [
                77.5767974,
                80.792777
              ],
              [
                77.7521228,
                80.67062
              ],
              [
                78.1918572,
                80.5921161
              ],
              [
                79.5941692,
                80.54521
              ],
              [
                80.7856328,
                80.6212717
              ],
              [
                81.2310474,
                80.7167111
              ],
              [
                81.426737,
                80.842843
              ],
              [
                81.2875864,
                80.9358897
              ],
              [
                80.9211359,
                81.0114132
              ],
              [
                79.4903763,
                81.102163
              ],
              [
                78.1891773,
                81.013595
              ],
              [
                77.7591265,
                80.9203132
              ],
              [
                77.5767974,
                80.792777
              ]
            ]
          ],
          [
            [
              [
                78.4608962,
                74.5881137
              ],
              [
                78.5333623,
                74.4883439
              ],
              [
                78.7418887,
                74.4064062
              ],
              [
                79.5054151,
                74.3142262
              ],
              [
                80.1057171,
                74.3774219
              ],
              [
                80.375369,
                74.5786099
              ],
              [
                80.1238068,
                74.7308027
              ],
              [
                79.3445893,
                74.8413705
              ],
              [
                78.7054181,
                74.7684916
              ],
              [
                78.5255401,
                74.6871572
              ],
              [
                78.4608962,
                74.5881137
              ]
            ]
          ],
          [
            [
              [
                80.8111425,
                75.3118579
              ],
              [
                80.9993246,
                75.1258844
              ],
              [
                81.6659637,
                74.9089975
              ],
              [
                82.5685126,
                74.9004876
              ],
              [
                82.8877202,
                74.9999581
              ],
              [
                82.9652685,
                75.1860317
              ],
              [
                83.1465359,
                75.3336206
              ],
              [
                83.0314143,
                75.4505583
              ],
              [
                83.0683669,
                75.5203466
              ],
              [
                83.0098589,
                75.5861378
              ],
              [
                82.7129288,
                75.6762596
              ],
              [
                83.7491255,
                75.7604252
              ],
              [
                84.0140566,
                75.8414846
              ],
              [
                84.0949337,
                75.9252476
              ],
              [
                83.9806258,
                76.0479532
              ],
              [
                83.5365613,
                76.1378436
              ],
              [
                82.5840112,
                76.186725
              ],
              [
                81.2435408,
                76.1077671
              ],
              [
                80.8923975,
                75.9896301
              ],
              [
                80.8434251,
                75.8887558
              ],
              [
                81.097027,
                75.7697142
              ],
              [
                81.7410023,
                75.6828005
              ],
              [
                81.0718099,
                75.5341274
              ],
              [
                80.8689547,
                75.4398974
              ],
              [
                80.8111425,
                75.3118579
              ]
            ]
          ],
          [
            [
              [
                81.3054511,
                77.5346583
              ],
              [
                81.3753235,
                77.4348419
              ],
              [
                81.554149,
                77.3602071
              ],
              [
                82.4419929,
                77.2709303
              ],
              [
                83.1298827,
                77.2896309
              ],
              [
                83.5881257,
                77.4482508
              ],
              [
                83.5455537,
                77.5223476
              ],
              [
                83.1928516,
                77.642883
              ],
              [
                82.4349797,
                77.7247469
              ],
              [
                81.5456986,
                77.6615514
              ],
              [
                81.3054511,
                77.5346583
              ]
            ]
          ],
          [
            [
              [
                87.8061141,
                77.0777616
              ],
              [
                88.0332885,
                76.9074464
              ],
              [
                88.5432408,
                76.800557
              ],
              [
                90.2503383,
                76.7947726
              ],
              [
                91.6225553,
                77.2008516
              ],
              [
                91.6807218,
                77.328555
              ],
              [
                91.5444751,
                77.4190331
              ],
              [
                92.5306047,
                77.4360278
              ],
              [
                92.9189172,
                77.5329595
              ],
              [
                93.0254303,
                77.6278026
              ],
              [
                92.8777043,
                77.7333662
              ],
              [
                92.4583846,
                77.8231391
              ],
              [
                91.4411106,
                77.8341495
              ],
              [
                90.9377325,
                77.6904232
              ],
              [
                90.9382682,
                77.5966843
              ],
              [
                91.103923,
                77.5035568
              ],
              [
                88.963491,
                77.473364
              ],
              [
                87.9887647,
                77.2165236
              ],
              [
                87.8061141,
                77.0777616
              ]
            ]
          ],
          [
            [
              [
                92.6772517,
                78.1828464
              ],
              [
                92.7489172,
                78.0944103
              ],
              [
                92.9898153,
                78.0136541
              ],
              [
                93.6780577,
                77.9421888
              ],
              [
                94.4072243,
                77.9875678
              ],
              [
                94.7879363,
                78.1394769
              ],
              [
                94.7610984,
                78.2551283
              ],
              [
                94.6156038,
                78.3313347
              ],
              [
                93.8921432,
                78.4214597
              ],
              [
                93.0925717,
                78.3663405
              ],
              [
                92.7861548,
                78.2816889
              ],
              [
                92.6772517,
                78.1828464
              ]
            ]
          ],
          [
            [
              [
                115.2121698,
                74.2995459
              ],
              [
                115.4634241,
                74.1387207
              ],
              [
                116.0590311,
                74.0770077
              ],
              [
                116.6994159,
                74.1621225
              ],
              [
                116.9299378,
                74.3220457
              ],
              [
                116.8580626,
                74.419078
              ],
              [
                116.6566137,
                74.5017298
              ],
              [
                116.0383547,
                74.5670657
              ],
              [
                115.460008,
                74.4877051
              ],
              [
                115.2121698,
                74.2995459
              ]
            ]
          ],
          [
            [
              [
                134.7045614,
                74.2396354
              ],
              [
                134.7323834,
                74.1205366
              ],
              [
                134.8372191,
                74.0466323
              ],
              [
                135.82387,
                73.7058653
              ],
              [
                136.5784538,
                73.7113461
              ],
              [
                136.9189017,
                73.814364
              ],
              [
                137.0194314,
                73.9081018
              ],
              [
                136.9076783,
                74.0757613
              ],
              [
                135.9776072,
                74.3935498
              ],
              [
                135.1657928,
                74.4269106
              ],
              [
                134.8255049,
                74.3525471
              ],
              [
                134.7045614,
                74.2396354
              ]
            ]
          ],
          [
            [
              [
                140.9220557,
                46.2526282
              ],
              [
                141.0051499,
                46.0903718
              ],
              [
                141.2415773,
                46.0216788
              ],
              [
                141.4822004,
                46.1012261
              ],
              [
                141.5598545,
                46.270003
              ],
              [
                141.4342502,
                46.4380548
              ],
              [
                141.2228885,
                46.4928844
              ],
              [
                140.9963217,
                46.4165112
              ],
              [
                140.9220557,
                46.2526282
              ]
            ]
          ],
          [
            [
              [
                143.0197148,
                56.4126215
              ],
              [
                143.1158885,
                56.2677964
              ],
              [
                143.3756364,
                56.2008167
              ],
              [
                143.6348687,
                56.2537087
              ],
              [
                143.756575,
                56.3966244
              ],
              [
                143.6494038,
                56.5488037
              ],
              [
                143.3987323,
                56.6127287
              ],
              [
                143.1394092,
                56.5603153
              ],
              [
                143.0197148,
                56.4126215
              ]
            ]
          ],
          [
            [
              [
                145.2429163,
                43.7845166
              ],
              [
                145.5314617,
                43.5083757
              ],
              [
                145.6923124,
                43.5445063
              ],
              [
                145.8217746,
                43.4269738
              ],
              [
                145.9160328,
                43.152585
              ],
              [
                146.10125,
                43.1495363
              ],
              [
                146.3223982,
                43.2469299
              ],
              [
                146.4418315,
                43.3654378
              ],
              [
                147.1035044,
                43.6699481
              ],
              [
                147.193627,
                43.8644667
              ],
              [
                147.0036363,
                44.0511077
              ],
              [
                146.7778586,
                44.0869686
              ],
              [
                146.4454364,
                43.9810193
              ],
              [
                146.3166904,
                43.8515506
              ],
              [
                145.8295154,
                43.6568814
              ],
              [
                145.8428621,
                43.7338948
              ],
              [
                146.2313318,
                44.0234649
              ],
              [
                146.7537188,
                44.2575794
              ],
              [
                147.0871066,
                44.2502407
              ],
              [
                147.8384685,
                44.7489278
              ],
              [
                148.0569434,
                44.7930082
              ],
              [
                148.4502264,
                45.0340478
              ],
              [
                148.9947217,
                45.1676326
              ],
              [
                149.1105413,
                45.2668054
              ],
              [
                149.173479,
                45.4555551
              ],
              [
                149.5187516,
                45.371127
              ],
              [
                149.8359796,
                45.4630827
              ],
              [
                150.8466411,
                46.1203545
              ],
              [
                150.9009504,
                46.2484874
              ],
              [
                151.0517978,
                46.3053197
              ],
              [
                151.1775571,
                46.4444477
              ],
              [
                151.1903361,
                46.6034726
              ],
              [
                150.920294,
                46.8927238
              ],
              [
                150.5948517,
                46.9193116
              ],
              [
                150.4233084,
                46.7624146
              ],
              [
                150.5218791,
                46.5634636
              ],
              [
                150.4901218,
                46.4242509
              ],
              [
                150.1950359,
                46.4059069
              ],
              [
                149.7944641,
                46.2177182
              ],
              [
                149.4353485,
                45.9791007
              ],
              [
                149.1134833,
                45.6448883
              ],
              [
                148.9539458,
                45.7329188
              ],
              [
                148.7309002,
                45.7558758
              ],
              [
                148.4909306,
                45.7023403
              ],
              [
                148.2252215,
                45.502858
              ],
              [
                148.00454,
                45.6304571
              ],
              [
                147.7577536,
                45.6019444
              ],
              [
                147.502664,
                45.3295595
              ],
              [
                147.2632193,
                45.2259418
              ],
              [
                147.2100591,
                45.0741571
              ],
              [
                146.8909378,
                44.9496483
              ],
              [
                146.6600989,
                44.6536959
              ],
              [
                146.4231867,
                44.6241916
              ],
              [
                146.1566067,
                44.7169025
              ],
              [
                145.8831179,
                44.6163435
              ],
              [
                145.2759799,
                43.9047049
              ],
              [
                145.2429163,
                43.7845166
              ]
            ]
          ],
          [
            [
              [
                147.6181494,
                76.6426141
              ],
              [
                147.7463953,
                76.5340305
              ],
              [
                148.1078557,
                76.4575655
              ],
              [
                149.307846,
                76.4323638
              ],
              [
                149.9711015,
                76.5356607
              ],
              [
                150.3650768,
                76.7557801
              ],
              [
                150.2407838,
                76.8601442
              ],
              [
                150.0070975,
                76.9180622
              ],
              [
                149.2461801,
                76.9498749
              ],
              [
                148.2552759,
                76.8731459
              ],
              [
                147.8154832,
                76.7709885
              ],
              [
                147.6181494,
                76.6426141
              ]
            ]
          ],
          [
            [
              [
                151.4141773,
                46.8377799
              ],
              [
                151.5171798,
                46.6601502
              ],
              [
                151.7481079,
                46.5716139
              ],
              [
                151.9621156,
                46.6009582
              ],
              [
                152.2373345,
                46.7614405
              ],
              [
                152.5746488,
                47.0998694
              ],
              [
                152.7447438,
                47.1706284
              ],
              [
                152.8409385,
                47.3010607
              ],
              [
                153.0314574,
                47.3613884
              ],
              [
                153.3063302,
                47.624019
              ],
              [
                153.3440777,
                47.840584
              ],
              [
                153.4949682,
                47.8963196
              ],
              [
                153.5912894,
                48.0312883
              ],
              [
                153.5315322,
                48.392054
              ],
              [
                153.2748657,
                48.5003462
              ],
              [
                153.0113143,
                48.4303472
              ],
              [
                152.8665159,
                48.1431817
              ],
              [
                152.8996467,
                47.9810172
              ],
              [
                152.7230317,
                47.8666678
              ],
              [
                152.6631403,
                47.7080289
              ],
              [
                152.5024652,
                47.5750203
              ],
              [
                152.2158941,
                47.5075237
              ],
              [
                152.1172142,
                47.357025
              ],
              [
                151.8112277,
                47.1288413
              ],
              [
                151.4880187,
                46.975948
              ],
              [
                151.4141773,
                46.8377799
              ]
            ]
          ],
          [
            [
              [
                151.6386786,
                75.700244
              ],
              [
                151.7923545,
                75.5939368
              ],
              [
                152.1152618,
                75.5276572
              ],
              [
                153.0186541,
                75.5657461
              ],
              [
                153.2109746,
                75.6333484
              ],
              [
                153.2673456,
                75.7488266
              ],
              [
                152.8684089,
                75.8914757
              ],
              [
                153.4757983,
                75.9707029
              ],
              [
                153.6426127,
                76.0564246
              ],
              [
                153.6777709,
                76.1852609
              ],
              [
                153.5322864,
                76.3002947
              ],
              [
                153.1320607,
                76.3743797
              ],
              [
                152.047576,
                76.3244906
              ],
              [
                151.759661,
                76.2148904
              ],
              [
                151.7161538,
                76.1182029
              ],
              [
                151.9130793,
                76.0104845
              ],
              [
                152.3423617,
                75.9161772
              ],
              [
                151.8023345,
                75.8354249
              ],
              [
                151.6386786,
                75.700244
              ]
            ]
          ],
          [
            [
              [
                153.1637864,
                48.9729607
              ],
              [
                153.3488844,
                48.7874142
              ],
              [
                153.6823797,
                48.7964895
              ],
              [
                153.5444067,
                48.5574096
              ],
              [
                153.6001967,
                48.4092634
              ],
              [
                153.7851793,
                48.3314826
              ],
              [
                153.9814981,
                48.349925
              ],
              [
                154.4382391,
                48.716331
              ],
              [
                154.5331763,
                48.8695704
              ],
              [
                154.7715032,
                48.9312165
              ],
              [
                154.9073981,
                49.0960143
              ],
              [
                155.0843396,
                49.1896259
              ],
              [
                155.226872,
                49.6415927
              ],
              [
                155.1379394,
                49.7535454
              ],
              [
                154.793694,
                49.8318098
              ],
              [
                154.6295642,
                49.9831305
              ],
              [
                154.2816132,
                49.9918239
              ],
              [
                154.1128806,
                49.8792369
              ],
              [
                154.0824298,
                49.7166565
              ],
              [
                154.1860756,
                49.5989522
              ],
              [
                154.3982505,
                49.528384
              ],
              [
                154.1488265,
                49.1382597
              ],
              [
                153.94266,
                49.1726396
              ],
              [
                153.7244795,
                49.1260168
              ],
              [
                153.4123512,
                49.1869133
              ],
              [
                153.2354822,
                49.1149416
              ],
              [
                153.1637864,
                48.9729607
              ]
            ]
          ],
          [
            [
              [
                155.5793256,
                77.074574
              ],
              [
                155.8314405,
                76.9358375
              ],
              [
                156.4460005,
                76.8729838
              ],
              [
                157.1869062,
                76.9215047
              ],
              [
                157.4773063,
                77.0110036
              ],
              [
                157.5299743,
                77.0944759
              ],
              [
                157.2741691,
                77.2441221
              ],
              [
                156.5282467,
                77.3102287
              ],
              [
                155.8129229,
                77.2295719
              ],
              [
                155.5793256,
                77.074574
              ]
            ]
          ],
          [
            [
              [
                157.1548191,
                76.7847241
              ],
              [
                157.4753958,
                76.6390265
              ],
              [
                158.1722302,
                76.5828986
              ],
              [
                158.8138075,
                76.6636302
              ],
              [
                159.0142115,
                76.8058684
              ],
              [
                158.6528336,
                76.9558658
              ],
              [
                157.9275716,
                76.9960656
              ],
              [
                157.3441267,
                76.9234486
              ],
              [
                157.1548191,
                76.7847241
              ]
            ]
          ],
          [
            [
              [
                165.4038955,
                55.2909917
              ],
              [
                165.5113364,
                55.091395
              ],
              [
                166.4580427,
                54.520105
              ],
              [
                166.79507,
                54.4927204
              ],
              [
                167.0112668,
                54.641643
              ],
              [
                166.9711039,
                54.9307741
              ],
              [
                166.6880148,
                55.1515499
              ],
              [
                166.6310134,
                55.3662166
              ],
              [
                166.4456047,
                55.4971478
              ],
              [
                165.8593893,
                55.5557924
              ],
              [
                165.5149471,
                55.432055
              ],
              [
                165.4038955,
                55.2909917
              ]
            ]
          ],
          [
            [
              [
                167.0733316,
                54.8912021
              ],
              [
                167.1980617,
                54.6835567
              ],
              [
                167.9426781,
                54.3156966
              ],
              [
                168.2524395,
                54.3185071
              ],
              [
                168.4419135,
                54.469074
              ],
              [
                168.4118934,
                54.5895944
              ],
              [
                168.2054472,
                54.7788638
              ],
              [
                167.6015152,
                55.057358
              ],
              [
                167.2662534,
                55.0639135
              ],
              [
                167.0733316,
                54.8912021
              ]
            ]
          ],
          [
            [
              [
                178.0111225,
                71.0650774
              ],
              [
                178.2254978,
                70.711723
              ],
              [
                178.5512019,
                70.6020712
              ],
              [
                178.9322168,
                70.5914579
              ],
              [
                180,
                70.7166021
              ],
              [
                180,
                71.7490753
              ],
              [
                179.112241,
                71.5735436
              ],
              [
                178.4734087,
                71.3637488
              ],
              [
                178.0741822,
                71.1600369
              ],
              [
                178.0111225,
                71.0650774
              ]
            ]
          ]
        ]
      }
    }
  ]
}
