{"type":"FeatureCollection","properties":{"cityId":"tiksi","cityName":"Тикси","source":"OpenStreetMap via Overpass API","osmBaseTimestamp":"2026-08-31T14:46:06Z","generatedAt":"2026-08-31T14:48:11.590Z","attribution":"© OpenStreetMap contributors","license":"ODbL","layer":"buildings","fullCityExport":true},"features":[{"type":"Feature","id":"osm-way-140362455","properties":{"buildingId":"osm-way-140362455","osmBuildingId":"osm-way-140362455","osmId":140362455,"building":"yes","levels":null,"height":15.5,"minHeight":null,"roofShape":null,"buildingMaterial":null,"facadeMaterial":null,"name":null,"address":null,"centerLon":128.88960134117647,"centerLat":71.70458186470589,"source":"OpenStreetMap"},"geometry":{"type":"Polygon","coordinates":[[[128.8895627,71.7046133],[128.8895984,71.7046156],[128.8896344,71.704614],[128.8896665,71.7046086],[128.8896967,71.7045965],[128.889706,71.7045854],[128.8897026,71.7045741],[128.8896854,71.704563],[128.8896588,71.7045552],[128.8896253,71.7045507],[128.889587,71.7045501],[128.8895524,71.7045536],[128.8895236,71.7045607],[128.8895033,71.7045712],[128.8894966,71.7045824],[128.8895026,71.7045937],[128.8895205,71.7046036],[128.8895627,71.7046133]]]}},{"type":"Feature","id":"osm-way-140362460","properties":{"buildingId":"osm-way-140362460","osmBuildingId":"osm-way-140362460","osmId":140362460,"building":"yes","levels":null,"height":28,"minHeight":null,"roofShape":null,"buildingMaterial":null,"facadeMaterial":null,"name":null,"address":null,"centerLon":128.88968414705883,"centerLat":71.70472320588233,"source":"OpenStreetMap"},"geometry":{"type":"Polygon","coordinates":[[[128.8896649,71.7047569],[128.8896293,71.7047527],[128.8896003,71.7047449],[128.8895816,71.7047345],[128.8895754,71.7047238],[128.8895812,71.704712],[128.8895995,71.7047015],[128.8896382,71.704692],[128.8896749,71.7046888],[128.8897129,71.7046898],[128.889756,71.7046968],[128.8897803,71.704706],[128.8897932,71.7047173],[128.8897925,71.7047302],[128.8897783,71.7047413],[128.8897528,71.7047502],[128.8897192,71.7047558],[128.8896649,71.7047569]]]}},{"type":"Feature","id":"osm-way-140363656","properties":{"buildingId":"osm-way-140363656","osmBuildingId":"osm-way-140363656","osmId":140363656,"building":"yes","levels":null,"height":25.5,"minHeight":null,"roofShape":null,"buildingMaterial":null,"facadeMaterial":null,"name":null,"address":null,"centerLon":128.871324875,"centerLat":71.68456749999999,"source":"OpenStreetMap"},"geometry":{"type":"Polygon","coordinates":[[[128.8717254,71.6847504],[128.8720152,71.6846147],[128.8709243,71.6843846],[128.8706346,71.6845203],[128.8717254,71.6847504]]]}},{"type":"Feature","id":"osm-way-140363658","properties":{"buildingId":"osm-way-140363658","osmBuildingId":"osm-way-140363658","osmId":140363658,"building":"yes","levels":null,"height":8,"minHeight":null,"roofShape":null,"buildingMaterial":null,"facadeMaterial":null,"name":null,"address":null,"centerLon":128.8720675,"centerLat":71.6843212,"source":"OpenStreetMap"},"geometry":{"type":"Polygon","coordinates":[[[128.8722044,71.6844058],[128.8723668,71.6843339],[128.8719306,71.6842366],[128.8717682,71.6843085],[128.8722044,71.6844058]]]}},{"type":"Feature","id":"osm-way-140363663","properties":{"buildingId":"osm-way-140363663","osmBuildingId":"osm-way-140363663","osmId":140363663,"building":"yes","levels":null,"height":20.5,"minHeight":null,"roofShape":null,"buildingMaterial":null,"facadeMaterial":null,"name":null,"address":null,"centerLon":128.87391415,"centerLat":71.6844714,"source":"OpenStreetMap"},"geometry":{"type":"Polygon","coordinates":[[[128.8739032,71.6845928],[128.8742998,71.6844798],[128.8739251,71.68435],[128.8735285,71.684463],[128.8739032,71.6845928]]]}},{"type":"Feature","id":"osm-way-140363664","properties":{"buildingId":"osm-way-140363664","osmBuildingId":"osm-way-140363664","osmId":140363664,"building":"yes","levels":null,"height":23,"minHeight":null,"roofShape":null,"buildingMaterial":null,"facadeMaterial":null,"name":null,"address":null,"centerLon":128.87301405,"centerLat":71.684099175,"source":"OpenStreetMap"},"geometry":{"type":"Polygon","coordinates":[[[128.8730519,71.6841394],[128.8731476,71.6840993],[128.8729762,71.6840589],[128.8728805,71.6840991],[128.8730519,71.6841394]]]}},{"type":"Feature","id":"osm-way-140363670","properties":{"buildingId":"osm-way-140363670","osmBuildingId":"osm-way-140363670","osmId":140363670,"building":"yes","levels":null,"height":15.5,"minHeight":null,"roofShape":null,"buildingMaterial":null,"facadeMaterial":null,"name":null,"address":null,"centerLon":128.87151656470584,"centerLat":71.68355569411766,"source":"OpenStreetMap"},"geometry":{"type":"Polygon","coordinates":[[[128.8714241,71.6835705],[128.8714426,71.6835816],[128.8714722,71.6835901],[128.8715092,71.6835949],[128.8715491,71.6835954],[128.8715932,71.6835905],[128.8716233,71.6835822],[128.8716427,71.6835713],[128.8716476,71.683554],[128.8716347,71.6835421],[128.8716097,71.6835323],[128.8715651,71.6835247],[128.8715253,71.6835234],[128.8713847,71.6834832],[128.8713088,71.6835109],[128.8714301,71.6835438],[128.8714192,71.6835559],[128.8714241,71.6835705]]]}},{"type":"Feature","id":"osm-way-140363869","properties":{"buildingId":"osm-way-140363869","osmBuildingId":"osm-way-140363869","osmId":140363869,"building":"yes","levels":null,"height":18,"minHeight":null,"roofShape":null,"buildingMaterial":null,"facadeMaterial":null,"name":null,"address":null,"centerLon":128.87943808333333,"centerLat":71.68958271666666,"source":"OpenStreetMap"},"geometry":{"type":"Polygon","coordinates":[[[128.8791974,71.6898222],[128.8801069,71.689733],[128.8796502,71.6892737],[128.8791401,71.6893238],[128.8794666,71.6896522],[128.8790673,71.6896914],[128.8791974,71.6898222]]]}},{"type":"Feature","id":"osm-way-140363870","properties":{"buildingId":"osm-way-140363870","osmBuildingId":"osm-way-140363870","osmId":140363870,"building":"yes","levels":null,"height":20.5,"minHeight":null,"roofShape":null,"buildingMaterial":null,"facadeMaterial":null,"name":null,"address":null,"centerLon":128.87830415000002,"centerLat":71.68980454999999,"source":"OpenStreetMap"},"geometry":{"type":"Polygon","coordinates":[[[128.8777584,71.6897657],[128.8780922,71.6896419],[128.8788499,71.6898434],[128.8785161,71.6899672],[128.8777584,71.6897657]]]}},{"type":"Feature","id":"osm-way-140363875","properties":{"buildingId":"osm-way-140363875","osmBuildingId":"osm-way-140363875","osmId":140363875,"building":"yes","levels":null,"height":10.5,"minHeight":null,"roofShape":null,"buildingMaterial":null,"facadeMaterial":null,"name":null,"address":null,"centerLon":128.87445385,"centerLat":71.69014215,"source":"OpenStreetMap"},"geometry":{"type":"Polygon","coordinates":[[[128.8734547,71.6899619],[128.8737208,71.6898629],[128.875453,71.6903224],[128.8751869,71.6904214],[128.8734547,71.6899619]]]}},{"type":"Feature","id":"osm-way-140363876","properties":{"buildingId":"osm-way-140363876","osmBuildingId":"osm-way-140363876","osmId":140363876,"building":"yes","levels":null,"height":13,"minHeight":null,"roofShape":null,"buildingMaterial":null,"facadeMaterial":null,"name":null,"address":null,"centerLon":128.87286385,"centerLat":71.68819235000001,"source":"OpenStreetMap"},"geometry":{"type":"Polygon","coordinates":[[[128.871932,71.6881942],[128.8719955,71.6880861],[128.8737957,71.6881905],[128.8737322,71.6882986],[128.871932,71.6881942]]]}},{"type":"Feature","id":"osm-way-140363878","properties":{"buildingId":"osm-way-140363878","osmBuildingId":"osm-way-140363878","osmId":140363878,"building":"yes","levels":null,"height":18,"minHeight":null,"roofShape":null,"buildingMaterial":null,"facadeMaterial":null,"name":null,"address":null,"centerLon":128.873223,"centerLat":71.6902655,"source":"OpenStreetMap"},"geometry":{"type":"Polygon","coordinates":[[[128.8737004,71.6904858],[128.8739402,71.6904079],[128.8727456,71.6900452],[128.8725058,71.6901231],[128.8737004,71.6904858]]]}},{"type":"Feature","id":"osm-way-140363882","properties":{"buildingId":"osm-way-140363882","osmBuildingId":"osm-way-140363882","osmId":140363882,"building":"yes","levels":null,"height":28,"minHeight":null,"roofShape":null,"buildingMaterial":null,"facadeMaterial":null,"name":null,"address":null,"centerLon":128.872584425,"centerLat":71.6904519,"source":"OpenStreetMap"},"geometry":{"type":"Polygon","coordinates":[[[128.8721177,71.6902377],[128.871885,71.6903137],[128.8730511,71.6906661],[128.8732839,71.6905901],[128.8721177,71.6902377]]]}},{"type":"Feature","id":"osm-way-140363886","properties":{"buildingId":"osm-way-140363886","osmBuildingId":"osm-way-140363886","osmId":140363886,"building":"yes","levels":null,"height":15.5,"minHeight":null,"roofShape":null,"buildingMaterial":null,"facadeMaterial":null,"name":null,"address":null,"centerLon":128.87624839999998,"centerLat":71.68821115,"source":"OpenStreetMap"},"geometry":{"type":"Polygon","coordinates":[[[128.8764416,71.6883395],[128.8766417,71.6882811],[128.8760552,71.6880828],[128.8758551,71.6881412],[128.8764416,71.6883395]]]}},{"type":"Feature","id":"osm-way-140363887","properties":{"buildingId":"osm-way-140363887","osmBuildingId":"osm-way-140363887","osmId":140363887,"building":"yes","levels":null,"height":18,"minHeight":null,"roofShape":null,"buildingMaterial":null,"facadeMaterial":null,"name":null,"address":null,"centerLon":128.87522869999998,"centerLat":71.68832760000001,"source":"OpenStreetMap"},"geometry":{"type":"Polygon","coordinates":[[[128.8743032,71.6883296],[128.8743769,71.6882139],[128.8761542,71.6883256],[128.8760805,71.6884413],[128.8743032,71.6883296]]]}},{"type":"Feature","id":"osm-way-140363888","properties":{"buildingId":"osm-way-140363888","osmBuildingId":"osm-way-140363888","osmId":140363888,"building":"yes","levels":null,"height":20.5,"minHeight":null,"roofShape":null,"buildingMaterial":null,"facadeMaterial":null,"name":null,"address":null,"centerLon":128.876935575,"centerLat":71.68919245000001,"source":"OpenStreetMap"},"geometry":{"type":"Polygon","coordinates":[[[128.8759962,71.6891946],[128.8760548,71.6890899],[128.8778749,71.6891903],[128.8778164,71.689295],[128.8759962,71.6891946]]]}},{"type":"Feature","id":"osm-way-140363894","properties":{"buildingId":"osm-way-140363894","osmBuildingId":"osm-way-140363894","osmId":140363894,"building":"yes","levels":null,"height":13,"minHeight":null,"roofShape":null,"buildingMaterial":null,"facadeMaterial":null,"name":null,"address":null,"centerLon":128.87777605,"centerLat":71.688831,"source":"OpenStreetMap"},"geometry":{"type":"Polygon","coordinates":[[[128.8768388,71.6888401],[128.8769014,71.6887248],[128.8787133,71.6888219],[128.8786507,71.6889372],[128.8768388,71.6888401]]]}},{"type":"Feature","id":"osm-way-140859291","properties":{"buildingId":"osm-way-140859291","osmBuildingId":"osm-way-140859291","osmId":140859291,"building":"yes","levels":null,"height":15.5,"minHeight":null,"roofShape":null,"buildingMaterial":null,"facadeMaterial":null,"name":null,"address":null,"centerLon":128.917796125,"centerLat":71.7100663625,"source":"OpenStreetMap"},"geometry":{"type":"Polygon","coordinates":[[[128.917183,71.7100901],[128.9176984,71.7100867],[128.9177006,71.7101199],[128.9178775,71.7101188],[128.9178751,71.7100827],[128.9184329,71.710079],[128.9184258,71.7099727],[128.9171757,71.709981],[128.917183,71.7100901]]]}},{"type":"Feature","id":"osm-way-141176903","properties":{"buildingId":"osm-way-141176903","osmBuildingId":"osm-way-141176903","osmId":141176903,"building":"yes","levels":null,"height":20.5,"minHeight":null,"roofShape":null,"buildingMaterial":null,"facadeMaterial":null,"name":null,"address":null,"centerLon":128.856684025,"centerLat":71.69091829999999,"source":"OpenStreetMap"},"geometry":{"type":"Polygon","coordinates":[[[128.8559925,71.6909592],[128.8560207,71.6908445],[128.8573756,71.6908774],[128.8573473,71.6909921],[128.8559925,71.6909592]]]}},{"type":"Feature","id":"osm-way-141176904","properties":{"buildingId":"osm-way-141176904","osmBuildingId":"osm-way-141176904","osmId":141176904,"building":"yes","levels":5,"height":15.5,"minHeight":null,"roofShape":null,"buildingMaterial":null,"facadeMaterial":null,"name":null,"address":"406","centerLon":128.86184294,"centerLat":71.69073106,"source":"OpenStreetMap"},"geometry":{"type":"Polygon","coordinates":[[[128.8625963,71.6908344],[128.8626382,71.6907255],[128.8625159,71.6906861],[128.8607563,71.6906288],[128.860708,71.6907805],[128.8625963,71.6908344]]]}},{"type":"Feature","id":"osm-way-141176906","properties":{"buildingId":"osm-way-141176906","osmBuildingId":"osm-way-141176906","osmId":141176906,"building":"yes","levels":5,"height":15.5,"minHeight":null,"roofShape":null,"buildingMaterial":null,"facadeMaterial":null,"name":null,"address":null,"centerLon":128.86418734,"centerLat":71.69079054,"source":"OpenStreetMap"},"geometry":{"type":"Polygon","coordinates":[[[128.8629737,71.6908385],[128.8630166,71.6906835],[128.8649062,71.6907429],[128.8650369,71.6907911],[128.8650033,71.6908967],[128.8629737,71.6908385]]]}},{"type":"Feature","id":"osm-way-141176908","properties":{"buildingId":"osm-way-141176908","osmBuildingId":"osm-way-141176908","osmId":141176908,"building":"yes","levels":5,"height":15.5,"minHeight":null,"roofShape":null,"buildingMaterial":null,"facadeMaterial":null,"name":null,"address":null,"centerLon":128.8594464,"centerLat":71.69065842,"source":"OpenStreetMap"},"geometry":{"type":"Polygon","coordinates":[[[128.8602738,71.6907431],[128.8602843,71.6906575],[128.8601823,71.6906187],[128.8582619,71.6905749],[128.8582297,71.6906979],[128.8602738,71.6907431]]]}},{"type":"Feature","id":"osm-way-141176909","properties":{"buildingId":"osm-way-141176909","osmBuildingId":"osm-way-141176909","osmId":141176909,"building":"yes","levels":null,"height":13,"minHeight":null,"roofShape":null,"buildingMaterial":null,"facadeMaterial":null,"name":null,"address":null,"centerLon":128.85836345,"centerLat":71.69096720000002,"source":"OpenStreetMap"},"geometry":{"type":"Polygon","coordinates":[[[128.8579277,71.691007],[128.8579594,71.6909023],[128.8587992,71.6909274],[128.8587675,71.6910321],[128.8579277,71.691007]]]}},{"type":"Feature","id":"osm-way-141176910","properties":{"buildingId":"osm-way-141176910","osmBuildingId":"osm-way-141176910","osmId":141176910,"building":"yes","levels":null,"height":15.5,"minHeight":null,"roofShape":null,"buildingMaterial":null,"facadeMaterial":null,"name":null,"address":null,"centerLon":128.854388625,"centerLat":71.6906698,"source":"OpenStreetMap"},"geometry":{"type":"Polygon","coordinates":[[[128.8552791,71.6907584],[128.8553156,71.6906338],[128.8534982,71.6905812],[128.8534616,71.6907058],[128.8552791,71.6907584]]]}},{"type":"Feature","id":"osm-way-141176911","properties":{"buildingId":"osm-way-141176911","osmBuildingId":"osm-way-141176911","osmId":141176911,"building":"yes","levels":null,"height":18,"minHeight":null,"roofShape":null,"buildingMaterial":null,"facadeMaterial":null,"name":null,"address":null,"centerLon":128.853902,"centerLat":71.69157015,"source":"OpenStreetMap"},"geometry":{"type":"Polygon","coordinates":[[[128.8528287,71.6916045],[128.8528692,71.6914722],[128.8549753,71.6915358],[128.8549348,71.6916681],[128.8528287,71.6916045]]]}},{"type":"Feature","id":"osm-way-141176913","properties":{"buildingId":"osm-way-141176913","osmBuildingId":"osm-way-141176913","osmId":141176913,"building":"yes","levels":null,"height":23,"minHeight":null,"roofShape":null,"buildingMaterial":null,"facadeMaterial":null,"name":null,"address":null,"centerLon":128.8540093,"centerLat":71.69119380000001,"source":"OpenStreetMap"},"geometry":{"type":"Polygon","coordinates":[[[128.8528314,71.6912241],[128.8528688,71.6910965],[128.8551872,71.6911635],[128.8551498,71.6912911],[128.8528314,71.6912241]]]}},{"type":"Feature","id":"osm-way-141176914","properties":{"buildingId":"osm-way-141176914","osmBuildingId":"osm-way-141176914","osmId":141176914,"building":"yes","levels":null,"height":25.5,"minHeight":null,"roofShape":null,"buildingMaterial":null,"facadeMaterial":null,"name":null,"address":null,"centerLon":128.860317,"centerLat":71.69173885,"source":"OpenStreetMap"},"geometry":{"type":"Polygon","coordinates":[[[128.8597559,71.6918064],[128.8598249,71.6916305],[128.8608781,71.6916713],[128.8608091,71.6918472],[128.8597559,71.6918064]]]}},{"type":"Feature","id":"osm-way-141176915","properties":{"buildingId":"osm-way-141176915","osmBuildingId":"osm-way-141176915","osmId":141176915,"building":"yes","levels":null,"height":28,"minHeight":null,"roofShape":null,"buildingMaterial":null,"facadeMaterial":null,"name":null,"address":"Военный городок, 288","centerLon":128.85811859999998,"centerLat":71.69164554999999,"source":"OpenStreetMap"},"geometry":{"type":"Polygon","coordinates":[[[128.8573155,71.6916823],[128.8573611,71.6915541],[128.8589217,71.6916088],[128.8588761,71.691737],[128.8573155,71.6916823]]]}},{"type":"Feature","id":"osm-way-141176916","properties":{"buildingId":"osm-way-141176916","osmBuildingId":"osm-way-141176916","osmId":141176916,"building":"yes","levels":null,"height":8,"minHeight":null,"roofShape":null,"buildingMaterial":null,"facadeMaterial":null,"name":null,"address":null,"centerLon":128.8543825,"centerLat":71.690300325,"source":"OpenStreetMap"},"geometry":{"type":"Polygon","coordinates":[[[128.8553224,71.6903751],[128.8553486,71.6902746],[128.8534426,71.6902255],[128.8534164,71.6903261],[128.8553224,71.6903751]]]}},{"type":"Feature","id":"osm-way-141176917","properties":{"buildingId":"osm-way-141176917","osmBuildingId":"osm-way-141176917","osmId":141176917,"building":"yes","levels":null,"height":10.5,"minHeight":null,"roofShape":null,"buildingMaterial":null,"facadeMaterial":null,"name":null,"address":null,"centerLon":128.858298225,"centerLat":71.69127602500001,"source":"OpenStreetMap"},"geometry":{"type":"Polygon","coordinates":[[[128.8578667,71.6913122],[128.8579037,71.6912102],[128.8587298,71.6912399],[128.8586927,71.6913418],[128.8578667,71.6913122]]]}},{"type":"Feature","id":"osm-way-141176918","properties":{"buildingId":"osm-way-141176918","osmBuildingId":"osm-way-141176918","osmId":141176918,"building":"yes","levels":null,"height":13,"minHeight":null,"roofShape":null,"buildingMaterial":null,"facadeMaterial":null,"name":null,"address":null,"centerLon":128.85673725,"centerLat":71.69070529999999,"source":"OpenStreetMap"},"geometry":{"type":"Polygon","coordinates":[[[128.8559542,71.6907442],[128.8559839,71.6906278],[128.8575203,71.6906664],[128.8574906,71.6907828],[128.8559542,71.6907442]]]}},{"type":"Feature","id":"osm-way-141176920","properties":{"buildingId":"osm-way-141176920","osmBuildingId":"osm-way-141176920","osmId":141176920,"building":"yes","levels":null,"height":18,"minHeight":null,"roofShape":null,"buildingMaterial":null,"facadeMaterial":null,"name":null,"address":null,"centerLon":128.8560569,"centerLat":71.69158082499999,"source":"OpenStreetMap"},"geometry":{"type":"Polygon","coordinates":[[[128.8555952,71.6916475],[128.8556549,71.6914832],[128.8565186,71.6915142],[128.8564589,71.6916784],[128.8555952,71.6916475]]]}},{"type":"Feature","id":"osm-way-141176921","properties":{"buildingId":"osm-way-141176921","osmBuildingId":"osm-way-141176921","osmId":141176921,"building":"yes","levels":null,"height":20.5,"minHeight":null,"roofShape":null,"buildingMaterial":null,"facadeMaterial":null,"name":null,"address":null,"centerLon":128.860036775,"centerLat":71.69101975,"source":"OpenStreetMap"},"geometry":{"type":"Polygon","coordinates":[[[128.8595988,71.6910599],[128.8596331,71.6909529],[128.8604748,71.6909796],[128.8604404,71.6910866],[128.8595988,71.6910599]]]}},{"type":"Feature","id":"osm-way-141176922","properties":{"buildingId":"osm-way-141176922","osmBuildingId":"osm-way-141176922","osmId":141176922,"building":"yes","levels":null,"height":23,"minHeight":null,"roofShape":null,"buildingMaterial":null,"facadeMaterial":null,"name":null,"address":null,"centerLon":128.85679139999996,"centerLat":71.690484525,"source":"OpenStreetMap"},"geometry":{"type":"Polygon","coordinates":[[[128.8559971,71.6905234],[128.8560268,71.6904066],[128.8575857,71.6904457],[128.857556,71.6905624],[128.8559971,71.6905234]]]}},{"type":"Feature","id":"osm-way-141176923","properties":{"buildingId":"osm-way-141176923","osmBuildingId":"osm-way-141176923","osmId":141176923,"building":"yes","levels":null,"height":25.5,"minHeight":null,"roofShape":null,"buildingMaterial":null,"facadeMaterial":null,"name":null,"address":null,"centerLon":128.85601575,"centerLat":71.69194295000001,"source":"OpenStreetMap"},"geometry":{"type":"Polygon","coordinates":[[[128.8555152,71.6919907],[128.8555536,71.691866],[128.8565163,71.6918952],[128.8564779,71.6920199],[128.8555152,71.6919907]]]}},{"type":"Feature","id":"osm-way-141176925","properties":{"buildingId":"osm-way-141176925","osmBuildingId":"osm-way-141176925","osmId":141176925,"building":"yes","levels":null,"height":8,"minHeight":null,"roofShape":null,"buildingMaterial":null,"facadeMaterial":null,"name":null,"address":null,"centerLon":128.85657362499998,"centerLat":71.69124275000001,"source":"OpenStreetMap"},"geometry":{"type":"Polygon","coordinates":[[[128.8557926,71.6912732],[128.8558177,71.6911738],[128.8573547,71.6912123],[128.8573295,71.6913117],[128.8557926,71.6912732]]]}},{"type":"Feature","id":"osm-way-141488432","properties":{"buildingId":"osm-way-141488432","osmBuildingId":"osm-way-141488432","osmId":141488432,"building":"yes","levels":null,"height":28,"minHeight":null,"roofShape":null,"buildingMaterial":null,"facadeMaterial":null,"name":null,"address":null,"centerLon":128.87505419999997,"centerLat":71.691414975,"source":"OpenStreetMap"},"geometry":{"type":"Polygon","coordinates":[[[128.8744128,71.6914599],[128.8744461,71.6913367],[128.8756956,71.6913701],[128.8756623,71.6914932],[128.8744128,71.6914599]]]}},{"type":"Feature","id":"osm-way-141488433","properties":{"buildingId":"osm-way-141488433","osmBuildingId":"osm-way-141488433","osmId":141488433,"building":"yes","levels":null,"height":8,"minHeight":null,"roofShape":null,"buildingMaterial":null,"facadeMaterial":null,"name":null,"address":null,"centerLon":128.87503245,"centerLat":71.69206825,"source":"OpenStreetMap"},"geometry":{"type":"Polygon","coordinates":[[[128.8746581,71.6921063],[128.8747222,71.6919922],[128.8754068,71.6920302],[128.8753427,71.6921443],[128.8746581,71.6921063]]]}},{"type":"Feature","id":"osm-way-141488436","properties":{"buildingId":"osm-way-141488436","osmBuildingId":"osm-way-141488436","osmId":141488436,"building":"yes","levels":null,"height":15.5,"minHeight":null,"roofShape":null,"buildingMaterial":null,"facadeMaterial":null,"name":null,"address":null,"centerLon":128.87343570000002,"centerLat":71.69202695000001,"source":"OpenStreetMap"},"geometry":{"type":"Polygon","coordinates":[[[128.8741014,71.692104],[128.8741287,71.6919792],[128.87277,71.6919499],[128.8727427,71.6920747],[128.8741014,71.692104]]]}},{"type":"Feature","id":"osm-way-141488442","properties":{"buildingId":"osm-way-141488442","osmBuildingId":"osm-way-141488442","osmId":141488442,"building":"yes","levels":4,"height":12.4,"minHeight":null,"roofShape":null,"buildingMaterial":null,"facadeMaterial":null,"name":"Арктика","address":null,"centerLon":128.871479425,"centerLat":71.692202375,"source":"OpenStreetMap"},"geometry":{"type":"Polygon","coordinates":[[[128.8705391,71.6922419],[128.8705946,71.6920949],[128.8724197,71.6921629],[128.8723643,71.6923098],[128.8705391,71.6922419]]]}},{"type":"Feature","id":"osm-way-141488446","properties":{"buildingId":"osm-way-141488446","osmBuildingId":"osm-way-141488446","osmId":141488446,"building":"yes","levels":null,"height":18,"minHeight":null,"roofShape":null,"buildingMaterial":null,"facadeMaterial":null,"name":null,"address":null,"centerLon":128.86366345,"centerLat":71.6913426,"source":"OpenStreetMap"},"geometry":{"type":"Polygon","coordinates":[[[128.8626594,71.6913675],[128.8627106,71.6912401],[128.8646675,71.6913177],[128.8646163,71.6914451],[128.8626594,71.6913675]]]}},{"type":"Feature","id":"osm-way-141488447","properties":{"buildingId":"osm-way-141488447","osmBuildingId":"osm-way-141488447","osmId":141488447,"building":"yes","levels":null,"height":20.5,"minHeight":null,"roofShape":null,"buildingMaterial":null,"facadeMaterial":null,"name":null,"address":null,"centerLon":128.87079235000002,"centerLat":71.693135075,"source":"OpenStreetMap"},"geometry":{"type":"Polygon","coordinates":[[[128.8702877,71.69318],[128.8703377,71.6930529],[128.871297,71.6930902],[128.871247,71.6932172],[128.8702877,71.69318]]]}},{"type":"Feature","id":"osm-way-141488450","properties":{"buildingId":"osm-way-141488450","osmBuildingId":"osm-way-141488450","osmId":141488450,"building":"yes","levels":null,"height":28,"minHeight":null,"roofShape":null,"buildingMaterial":null,"facadeMaterial":null,"name":null,"address":null,"centerLon":128.8653354,"centerLat":71.6930093375,"source":"OpenStreetMap"},"geometry":{"type":"Polygon","coordinates":[[[128.8645608,71.6930565],[128.8645922,71.6929259],[128.8655733,71.6929559],[128.865568,71.6929694],[128.8656742,71.6929708],[128.8656513,71.6930575],[128.8655354,71.6930546],[128.865528,71.6930841],[128.8645608,71.6930565]]]}},{"type":"Feature","id":"osm-way-141488462","properties":{"buildingId":"osm-way-141488462","osmBuildingId":"osm-way-141488462","osmId":141488462,"building":"yes","levels":null,"height":13,"minHeight":null,"roofShape":null,"buildingMaterial":null,"facadeMaterial":null,"name":null,"address":null,"centerLon":128.87505095,"centerLat":71.69177937500001,"source":"OpenStreetMap"},"geometry":{"type":"Polygon","coordinates":[[[128.8745322,71.6918269],[128.8745592,71.691709],[128.8755697,71.6917319],[128.8755427,71.6918497],[128.8745322,71.6918269]]]}},{"type":"Feature","id":"osm-way-141488468","properties":{"buildingId":"osm-way-141488468","osmBuildingId":"osm-way-141488468","osmId":141488468,"building":"yes","levels":null,"height":28,"minHeight":null,"roofShape":null,"buildingMaterial":null,"facadeMaterial":null,"name":null,"address":null,"centerLon":128.87263356250003,"centerLat":71.69302559375,"source":"OpenStreetMap"},"geometry":{"type":"Polygon","coordinates":[[[128.8718474,71.6929348],[128.8722333,71.6929466],[128.8722258,71.692971],[128.8725282,71.6929802],[128.8724919,71.6930981],[128.8717195,71.6930746],[128.8716609,71.6932645],[128.8735578,71.6933222],[128.8736148,71.6931373],[128.8726875,71.6931091],[128.8727237,71.6929914],[128.8730088,71.6930001],[128.8730214,71.6929593],[128.8734444,71.6929722],[128.8734826,71.6928483],[128.871889,71.6927998],[128.8718474,71.6929348]]]}},{"type":"Feature","id":"osm-way-141488469","properties":{"buildingId":"osm-way-141488469","osmBuildingId":"osm-way-141488469","osmId":141488469,"building":"yes","levels":null,"height":8,"minHeight":null,"roofShape":null,"buildingMaterial":null,"facadeMaterial":null,"name":null,"address":null,"centerLon":128.86078700000002,"centerLat":71.69211800000001,"source":"OpenStreetMap"},"geometry":{"type":"Polygon","coordinates":[[[128.8618439,71.6922107],[128.8618812,71.6920919],[128.8597301,71.6920253],[128.8596928,71.6921441],[128.8618439,71.6922107]]]}},{"type":"Feature","id":"osm-way-141488476","properties":{"buildingId":"osm-way-141488476","osmBuildingId":"osm-way-141488476","osmId":141488476,"building":"yes","levels":null,"height":25.5,"minHeight":null,"roofShape":null,"buildingMaterial":null,"facadeMaterial":null,"name":null,"address":null,"centerLon":128.870897475,"centerLat":71.692801275,"source":"OpenStreetMap"},"geometry":{"type":"Polygon","coordinates":[[[128.8703814,71.6928547],[128.8704244,71.6927173],[128.8714136,71.6927478],[128.8713705,71.6928853],[128.8703814,71.6928547]]]}},{"type":"Feature","id":"osm-way-141488707","properties":{"buildingId":"osm-way-141488707","osmBuildingId":"osm-way-141488707","osmId":141488707,"building":"yes","levels":null,"height":18,"minHeight":null,"roofShape":null,"buildingMaterial":null,"facadeMaterial":null,"name":null,"address":null,"centerLon":128.87458414999998,"centerLat":71.693953325,"source":"OpenStreetMap"},"geometry":{"type":"Polygon","coordinates":[[[128.875504,71.6940291],[128.8755284,71.6939179],[128.8736643,71.6938776],[128.8736399,71.6939887],[128.875504,71.6940291]]]}},{"type":"Feature","id":"osm-way-141489119","properties":{"buildingId":"osm-way-141489119","osmBuildingId":"osm-way-141489119","osmId":141489119,"building":"yes","levels":null,"height":13,"minHeight":null,"roofShape":null,"buildingMaterial":null,"facadeMaterial":null,"name":null,"address":null,"centerLon":128.86610355,"centerLat":71.69433169999999,"source":"OpenStreetMap"},"geometry":{"type":"Polygon","coordinates":[[[128.8661248,71.6945119],[128.866487,71.6941975],[128.8660823,71.6941515],[128.8657201,71.6944659],[128.8661248,71.6945119]]]}},{"type":"Feature","id":"osm-way-141489124","properties":{"buildingId":"osm-way-141489124","osmBuildingId":"osm-way-141489124","osmId":141489124,"building":"yes","levels":null,"height":25.5,"minHeight":null,"roofShape":null,"buildingMaterial":null,"facadeMaterial":null,"name":null,"address":null,"centerLon":128.8684781625,"centerLat":71.6943268125,"source":"OpenStreetMap"},"geometry":{"type":"Polygon","coordinates":[[[128.8688386,71.6943972],[128.8688775,71.6942919],[128.8684461,71.6942762],[128.8684745,71.6941994],[128.8681599,71.694188],[128.86807,71.6944314],[128.868468,71.6944459],[128.8684907,71.6943845],[128.8688386,71.6943972]]]}},{"type":"Feature","id":"osm-way-141489128","properties":{"buildingId":"osm-way-141489128","osmBuildingId":"osm-way-141489128","osmId":141489128,"building":"yes","levels":null,"height":13,"minHeight":null,"roofShape":null,"buildingMaterial":null,"facadeMaterial":null,"name":null,"address":null,"centerLon":128.865933025,"centerLat":71.6949699,"source":"OpenStreetMap"},"geometry":{"type":"Polygon","coordinates":[[[128.8664336,71.6950571],[128.8664706,71.6949081],[128.8654325,71.6948827],[128.8653954,71.6950317],[128.8664336,71.6950571]]]}},{"type":"Feature","id":"osm-way-141489129","properties":{"buildingId":"osm-way-141489129","osmBuildingId":"osm-way-141489129","osmId":141489129,"building":"yes","levels":null,"height":15.5,"minHeight":null,"roofShape":null,"buildingMaterial":null,"facadeMaterial":null,"name":null,"address":null,"centerLon":128.86709274999998,"centerLat":71.694191475,"source":"OpenStreetMap"},"geometry":{"type":"Polygon","coordinates":[[[128.8672752,71.6942387],[128.8673073,71.6941603],[128.8669103,71.6941443],[128.8668782,71.6942226],[128.8672752,71.6942387]]]}},{"type":"Feature","id":"osm-way-141489130","properties":{"buildingId":"osm-way-141489130","osmBuildingId":"osm-way-141489130","osmId":141489130,"building":"yes","levels":null,"height":18,"minHeight":null,"roofShape":null,"buildingMaterial":null,"facadeMaterial":null,"name":null,"address":null,"centerLon":128.8712586,"centerLat":71.69448955,"source":"OpenStreetMap"},"geometry":{"type":"Polygon","coordinates":[[[128.8722352,71.6946013],[128.8722842,71.6944366],[128.870282,71.6943778],[128.870233,71.6945425],[128.8722352,71.6946013]]]}},{"type":"Feature","id":"osm-way-141489132","properties":{"buildingId":"osm-way-141489132","osmBuildingId":"osm-way-141489132","osmId":141489132,"building":"yes","levels":null,"height":23,"minHeight":null,"roofShape":null,"buildingMaterial":null,"facadeMaterial":null,"name":null,"address":null,"centerLon":128.86798375,"centerLat":71.69498295,"source":"OpenStreetMap"},"geometry":{"type":"Polygon","coordinates":[[[128.8685134,71.6950935],[128.8685974,71.6949305],[128.8674541,71.6948724],[128.8673701,71.6950354],[128.8685134,71.6950935]]]}},{"type":"Feature","id":"osm-way-141489134","properties":{"buildingId":"osm-way-141489134","osmBuildingId":"osm-way-141489134","osmId":141489134,"building":"yes","levels":null,"height":28,"minHeight":null,"roofShape":null,"buildingMaterial":null,"facadeMaterial":null,"name":null,"address":null,"centerLon":128.86600225,"centerLat":71.6956513,"source":"OpenStreetMap"},"geometry":{"type":"Polygon","coordinates":[[[128.8662685,71.6957408],[128.8663098,71.695576],[128.865736,71.6955618],[128.8656947,71.6957266],[128.8662685,71.6957408]]]}},{"type":"Feature","id":"osm-way-141489135","properties":{"buildingId":"osm-way-141489135","osmBuildingId":"osm-way-141489135","osmId":141489135,"building":"yes","levels":null,"height":8,"minHeight":null,"roofShape":null,"buildingMaterial":null,"facadeMaterial":null,"name":null,"address":null,"centerLon":128.87062035,"centerLat":71.694893775,"source":"OpenStreetMap"},"geometry":{"type":"Polygon","coordinates":[[[128.8711437,71.6949984],[128.87121,71.6948332],[128.870097,71.6947892],[128.8700307,71.6949543],[128.8711437,71.6949984]]]}},{"type":"Feature","id":"osm-way-142239318","properties":{"buildingId":"osm-way-142239318","osmBuildingId":"osm-way-142239318","osmId":142239318,"building":"yes","levels":null,"height":23,"minHeight":null,"roofShape":null,"buildingMaterial":null,"facadeMaterial":null,"name":null,"address":null,"centerLon":128.88377330000003,"centerLat":71.6414588,"source":"OpenStreetMap"},"geometry":{"type":"Polygon","coordinates":[[[128.8844261,71.6416527],[128.8846585,71.6415051],[128.8831205,71.6412649],[128.8828881,71.6414125],[128.8844261,71.6416527]]]}},{"type":"Feature","id":"osm-way-142239320","properties":{"buildingId":"osm-way-142239320","osmBuildingId":"osm-way-142239320","osmId":142239320,"building":"yes","levels":null,"height":28,"minHeight":null,"roofShape":null,"buildingMaterial":null,"facadeMaterial":null,"name":null,"address":null,"centerLon":128.88255365,"centerLat":71.64103455,"source":"OpenStreetMap"},"geometry":{"type":"Polygon","coordinates":[[[128.8825005,71.641232],[128.8830062,71.6408969],[128.8826068,71.6408371],[128.8821011,71.6411722],[128.8825005,71.641232]]]}},{"type":"Feature","id":"osm-way-142239325","properties":{"buildingId":"osm-way-142239325","osmBuildingId":"osm-way-142239325","osmId":142239325,"building":"warehouse","levels":null,"height":18,"minHeight":null,"roofShape":null,"buildingMaterial":null,"facadeMaterial":null,"name":null,"address":null,"centerLon":128.88780795,"centerLat":71.642481525,"source":"OpenStreetMap"},"geometry":{"type":"Polygon","coordinates":[[[128.8884093,71.6426594],[128.8886264,71.6425139],[128.8872066,71.6423037],[128.8869895,71.6424491],[128.8884093,71.6426594]]]}},{"type":"Feature","id":"osm-way-142239328","properties":{"buildingId":"osm-way-142239328","osmBuildingId":"osm-way-142239328","osmId":142239328,"building":"yes","levels":null,"height":25.5,"minHeight":null,"roofShape":null,"buildingMaterial":null,"facadeMaterial":null,"name":null,"address":null,"centerLon":128.877120975,"centerLat":71.642003,"source":"OpenStreetMap"},"geometry":{"type":"Polygon","coordinates":[[[128.8777174,71.6422866],[128.8781772,71.6419319],[128.8765245,71.6417194],[128.8760648,71.6420741],[128.8777174,71.6422866]]]}},{"type":"Feature","id":"osm-way-142239330","properties":{"buildingId":"osm-way-142239330","osmBuildingId":"osm-way-142239330","osmId":142239330,"building":"yes","levels":null,"height":8,"minHeight":null,"roofShape":null,"buildingMaterial":null,"facadeMaterial":null,"name":null,"address":null,"centerLon":128.8747601375,"centerLat":71.6414944375,"source":"OpenStreetMap"},"geometry":{"type":"Polygon","coordinates":[[[128.8752588,71.6417941],[128.8757024,71.6416038],[128.8749554,71.6414311],[128.8747983,71.6414985],[128.874492,71.6414277],[128.8745926,71.6413845],[128.8743344,71.6413248],[128.8739472,71.641491],[128.8752588,71.6417941]]]}},{"type":"Feature","id":"osm-way-142239334","properties":{"buildingId":"osm-way-142239334","osmBuildingId":"osm-way-142239334","osmId":142239334,"building":"yes","levels":null,"height":18,"minHeight":null,"roofShape":null,"buildingMaterial":null,"facadeMaterial":null,"name":null,"address":null,"centerLon":128.8833169,"centerLat":71.64175019999999,"source":"OpenStreetMap"},"geometry":{"type":"Polygon","coordinates":[[[128.8840398,71.6419601],[128.8842812,71.6418106],[128.882594,71.6415403],[128.8823526,71.6416898],[128.8840398,71.6419601]]]}},{"type":"Feature","id":"osm-way-142239335","properties":{"buildingId":"osm-way-142239335","osmBuildingId":"osm-way-142239335","osmId":142239335,"building":"warehouse","levels":null,"height":20.5,"minHeight":null,"roofShape":null,"buildingMaterial":null,"facadeMaterial":null,"name":null,"address":null,"centerLon":128.88216152500001,"centerLat":71.6432455,"source":"OpenStreetMap"},"geometry":{"type":"Polygon","coordinates":[[[128.8828741,71.6434927],[128.8831909,71.6433254],[128.8814489,71.6429983],[128.8811322,71.6431656],[128.8828741,71.6434927]]]}},{"type":"Feature","id":"osm-way-142239336","properties":{"buildingId":"osm-way-142239336","osmBuildingId":"osm-way-142239336","osmId":142239336,"building":"yes","levels":null,"height":23,"minHeight":null,"roofShape":null,"buildingMaterial":null,"facadeMaterial":null,"name":null,"address":null,"centerLon":128.88258841666666,"centerLat":71.64062798333333,"source":"OpenStreetMap"},"geometry":{"type":"Polygon","coordinates":[[[128.881362,71.6405671],[128.8816225,71.6403961],[128.8830499,71.6406117],[128.8829911,71.6406503],[128.8833534,71.6407051],[128.8831516,71.6408376],[128.881362,71.6405671]]]}},{"type":"Feature","id":"osm-way-142239339","properties":{"buildingId":"osm-way-142239339","osmBuildingId":"osm-way-142239339","osmId":142239339,"building":"yes","levels":null,"height":8,"minHeight":null,"roofShape":null,"buildingMaterial":null,"facadeMaterial":null,"name":null,"address":null,"centerLon":128.88054583750002,"centerLat":71.6425476375,"source":"OpenStreetMap"},"geometry":{"type":"Polygon","coordinates":[[[128.8793659,71.6425697],[128.8796262,71.6424325],[128.8806046,71.6426165],[128.8808227,71.6425015],[128.8807102,71.6424804],[128.8808576,71.6424026],[128.8815026,71.642524],[128.8808769,71.6428539],[128.8793659,71.6425697]]]}},{"type":"Feature","id":"osm-way-142239340","properties":{"buildingId":"osm-way-142239340","osmBuildingId":"osm-way-142239340","osmId":142239340,"building":"yes","levels":null,"height":10.5,"minHeight":null,"roofShape":null,"buildingMaterial":null,"facadeMaterial":null,"name":null,"address":null,"centerLon":128.88478824999999,"centerLat":71.6398778,"source":"OpenStreetMap"},"geometry":{"type":"Polygon","coordinates":[[[128.8845315,71.6400826],[128.885407,71.6397754],[128.885045,71.639673],[128.8841695,71.6399802],[128.8845315,71.6400826]]]}},{"type":"Feature","id":"osm-way-142239343","properties":{"buildingId":"osm-way-142239343","osmBuildingId":"osm-way-142239343","osmId":142239343,"building":"yes","levels":null,"height":18,"minHeight":null,"roofShape":null,"buildingMaterial":null,"facadeMaterial":null,"name":null,"address":null,"centerLon":128.88727584999998,"centerLat":71.6401476,"source":"OpenStreetMap"},"geometry":{"type":"Polygon","coordinates":[[[128.8870826,71.6401638],[128.887156,71.6400972],[128.8874691,71.6401314],[128.8873957,71.640198],[128.8870826,71.6401638]]]}},{"type":"Feature","id":"osm-way-142239345","properties":{"buildingId":"osm-way-142239345","osmBuildingId":"osm-way-142239345","osmId":142239345,"building":"yes","levels":null,"height":23,"minHeight":null,"roofShape":null,"buildingMaterial":null,"facadeMaterial":null,"name":null,"address":null,"centerLon":128.88592285,"centerLat":71.640151175,"source":"OpenStreetMap"},"geometry":{"type":"Polygon","coordinates":[[[128.8860868,71.640273],[128.8863125,71.6402006],[128.8857589,71.6400294],[128.8855332,71.6401017],[128.8860868,71.640273]]]}},{"type":"Feature","id":"osm-way-142239347","properties":{"buildingId":"osm-way-142239347","osmBuildingId":"osm-way-142239347","osmId":142239347,"building":"garage","levels":null,"height":28,"minHeight":null,"roofShape":null,"buildingMaterial":null,"facadeMaterial":null,"name":null,"address":null,"centerLon":128.88285814999998,"centerLat":71.642424925,"source":"OpenStreetMap"},"geometry":{"type":"Polygon","coordinates":[[[128.8820499,71.6423829],[128.8822755,71.6422373],[128.8836762,71.6424671],[128.883431,71.6426124],[128.8820499,71.6423829]]]}},{"type":"Feature","id":"osm-way-142239349","properties":{"buildingId":"osm-way-142239349","osmBuildingId":"osm-way-142239349","osmId":142239349,"building":"yes","levels":null,"height":10.5,"minHeight":null,"roofShape":null,"buildingMaterial":null,"facadeMaterial":null,"name":null,"address":null,"centerLon":128.87553975,"centerLat":71.64215,"source":"OpenStreetMap"},"geometry":{"type":"Polygon","coordinates":[[[128.8752915,71.6421434],[128.8755402,71.6420715],[128.875788,71.6421566],[128.8755393,71.6422285],[128.8752915,71.6421434]]]}},{"type":"Feature","id":"osm-way-142239351","properties":{"buildingId":"osm-way-142239351","osmBuildingId":"osm-way-142239351","osmId":142239351,"building":"yes","levels":null,"height":15.5,"minHeight":null,"roofShape":null,"buildingMaterial":null,"facadeMaterial":null,"name":"такелажный цех","address":null,"centerLon":128.887561575,"centerLat":71.6427589375,"source":"OpenStreetMap"},"geometry":{"type":"Polygon","coordinates":[[[128.8875611,71.6430025],[128.8879535,71.6427447],[128.8877185,71.6427092],[128.887766,71.642678],[128.887635,71.6426583],[128.8875691,71.6427016],[128.8873317,71.6426657],[128.8869577,71.6429115],[128.8875611,71.6430025]]]}},{"type":"Feature","id":"osm-way-142239355","properties":{"buildingId":"osm-way-142239355","osmBuildingId":"osm-way-142239355","osmId":142239355,"building":"yes","levels":null,"height":25.5,"minHeight":null,"roofShape":null,"buildingMaterial":null,"facadeMaterial":null,"name":null,"address":null,"centerLon":128.887086375,"centerLat":71.64152782500001,"source":"OpenStreetMap"},"geometry":{"type":"Polygon","coordinates":[[[128.8872956,71.6418598],[128.8880586,71.6413837],[128.8868772,71.6411959],[128.8861141,71.6416719],[128.8872956,71.6418598]]]}},{"type":"Feature","id":"osm-way-142239362","properties":{"buildingId":"osm-way-142239362","osmBuildingId":"osm-way-142239362","osmId":142239362,"building":"yes","levels":null,"height":20.5,"minHeight":null,"roofShape":null,"buildingMaterial":null,"facadeMaterial":null,"name":null,"address":null,"centerLon":128.87728409166664,"centerLat":71.64267439999999,"source":"OpenStreetMap"},"geometry":{"type":"Polygon","coordinates":[[[128.8770104,71.6427708],[128.8771818,71.6427183],[128.8773792,71.6427822],[128.8774711,71.6427541],[128.8775796,71.6427892],[128.8782431,71.6425859],[128.877806,71.6424444],[128.8773817,71.6425744],[128.8771714,71.6425063],[128.8765666,71.6426915],[128.876758,71.6427535],[128.8768602,71.6427222],[128.8770104,71.6427708]]]}},{"type":"Feature","id":"osm-way-142239430","properties":{"buildingId":"osm-way-142239430","osmBuildingId":"osm-way-142239430","osmId":142239430,"building":"yes","levels":null,"height":10.5,"minHeight":null,"roofShape":null,"buildingMaterial":null,"facadeMaterial":null,"name":null,"address":null,"centerLon":128.881386325,"centerLat":71.639802475,"source":"OpenStreetMap"},"geometry":{"type":"Polygon","coordinates":[[[128.8813897,71.6399895],[128.881742,71.6399522],[128.8813829,71.6396155],[128.8810307,71.6396527],[128.8813897,71.6399895]]]}},{"type":"Feature","id":"osm-way-142240032","properties":{"buildingId":"osm-way-142240032","osmBuildingId":"osm-way-142240032","osmId":142240032,"building":"yes","levels":null,"height":8,"minHeight":null,"roofShape":null,"buildingMaterial":null,"facadeMaterial":null,"name":null,"address":null,"centerLon":128.8471902,"centerLat":71.6399839125,"source":"OpenStreetMap"},"geometry":{"type":"Polygon","coordinates":[[[128.8471578,71.6401501],[128.8470226,71.6399871],[128.8467407,71.6400102],[128.8466428,71.6398921],[128.8475135,71.6398205],[128.8476072,71.6399336],[128.8473488,71.6399548],[128.8474882,71.6401229],[128.8471578,71.6401501]]]}},{"type":"Feature","id":"osm-way-142240034","properties":{"buildingId":"osm-way-142240034","osmBuildingId":"osm-way-142240034","osmId":142240034,"building":"yes","levels":null,"height":13,"minHeight":null,"roofShape":null,"buildingMaterial":null,"facadeMaterial":null,"name":null,"address":null,"centerLon":128.85501432499998,"centerLat":71.63715264999999,"source":"OpenStreetMap"},"geometry":{"type":"Polygon","coordinates":[[[128.8554869,71.6374316],[128.8557971,71.6373505],[128.8545418,71.6368737],[128.8542315,71.6369548],[128.8554869,71.6374316]]]}},{"type":"Feature","id":"osm-way-142240035","properties":{"buildingId":"osm-way-142240035","osmBuildingId":"osm-way-142240035","osmId":142240035,"building":"yes","levels":null,"height":15.5,"minHeight":null,"roofShape":null,"buildingMaterial":null,"facadeMaterial":null,"name":null,"address":null,"centerLon":128.8470041,"centerLat":71.63926140000001,"source":"OpenStreetMap"},"geometry":{"type":"Polygon","coordinates":[[[128.8462608,71.6391018],[128.8466418,71.6390021],[128.8477474,71.6394209],[128.8473664,71.6395208],[128.8462608,71.6391018]]]}},{"type":"Feature","id":"osm-way-142240036","properties":{"buildingId":"osm-way-142240036","osmBuildingId":"osm-way-142240036","osmId":142240036,"building":"yes","levels":null,"height":18,"minHeight":null,"roofShape":null,"buildingMaterial":null,"facadeMaterial":null,"name":null,"address":null,"centerLon":128.85063735,"centerLat":71.639628475,"source":"OpenStreetMap"},"geometry":{"type":"Polygon","coordinates":[[[128.8502341,71.6397019],[128.8501732,71.6396406],[128.8510406,71.6395551],[128.8511015,71.6396163],[128.8502341,71.6397019]]]}},{"type":"Feature","id":"osm-way-142240037","properties":{"buildingId":"osm-way-142240037","osmBuildingId":"osm-way-142240037","osmId":142240037,"building":"yes","levels":null,"height":20.5,"minHeight":null,"roofShape":null,"buildingMaterial":null,"facadeMaterial":null,"name":null,"address":null,"centerLon":128.851439775,"centerLat":71.64049035,"source":"OpenStreetMap"},"geometry":{"type":"Polygon","coordinates":[[[128.851654,71.6408056],[128.8519131,71.640709],[128.8510312,71.6404744],[128.8513648,71.64035],[128.8519016,71.6404928],[128.8518199,71.6405232],[128.8521767,71.6406181],[128.8525194,71.6404903],[128.8513291,71.6401737],[128.8506842,71.6404142],[128.8505461,71.6403775],[128.8503372,71.6404554],[128.851654,71.6408056]]]}},{"type":"Feature","id":"osm-way-142240038","properties":{"buildingId":"osm-way-142240038","osmBuildingId":"osm-way-142240038","osmId":142240038,"building":"yes","levels":null,"height":23,"minHeight":null,"roofShape":null,"buildingMaterial":null,"facadeMaterial":null,"name":null,"address":null,"centerLon":128.84661931,"centerLat":71.64050637999999,"source":"OpenStreetMap"},"geometry":{"type":"Polygon","coordinates":[[[128.8476939,71.6410102],[128.8481325,71.6409296],[128.8464791,71.640037],[128.8459089,71.6401417],[128.8458119,71.6400894],[128.8454133,71.6401626],[128.8463272,71.6406561],[128.8465532,71.6406145],[128.8467844,71.6407393],[128.8470887,71.6406834],[128.8476939,71.6410102]]]}},{"type":"Feature","id":"osm-way-142240039","properties":{"buildingId":"osm-way-142240039","osmBuildingId":"osm-way-142240039","osmId":142240039,"building":"yes","levels":null,"height":25.5,"minHeight":null,"roofShape":null,"buildingMaterial":null,"facadeMaterial":null,"name":null,"address":null,"centerLon":128.85099797499998,"centerLat":71.63631035,"source":"OpenStreetMap"},"geometry":{"type":"Polygon","coordinates":[[[128.8514492,71.6365857],[128.8517578,71.6365071],[128.8505468,71.636035],[128.8502381,71.6361136],[128.8514492,71.6365857]]]}},{"type":"Feature","id":"osm-way-142240042","properties":{"buildingId":"osm-way-142240042","osmBuildingId":"osm-way-142240042","osmId":142240042,"building":"yes","levels":null,"height":10.5,"minHeight":null,"roofShape":null,"buildingMaterial":null,"facadeMaterial":null,"name":null,"address":null,"centerLon":128.84638784999999,"centerLat":71.64096657500001,"source":"OpenStreetMap"},"geometry":{"type":"Polygon","coordinates":[[[128.8465085,71.6411435],[128.8468505,71.6410738],[128.8462672,71.6407897],[128.8459252,71.6408593],[128.8465085,71.6411435]]]}},{"type":"Feature","id":"osm-way-142240043","properties":{"buildingId":"osm-way-142240043","osmBuildingId":"osm-way-142240043","osmId":142240043,"building":"yes","levels":null,"height":13,"minHeight":null,"roofShape":null,"buildingMaterial":null,"facadeMaterial":null,"name":"Детский сад","address":null,"centerLon":128.8524169,"centerLat":71.6372027,"source":"OpenStreetMap"},"geometry":{"type":"Polygon","coordinates":[[[128.8527114,71.6374751],[128.853223,71.6373381],[128.8521224,71.6369303],[128.8516108,71.6370673],[128.8527114,71.6374751]]]}},{"type":"Feature","id":"osm-way-142240045","properties":{"buildingId":"osm-way-142240045","osmBuildingId":"osm-way-142240045","osmId":142240045,"building":"yes","levels":null,"height":18,"minHeight":null,"roofShape":null,"buildingMaterial":null,"facadeMaterial":null,"name":null,"address":null,"centerLon":128.8504619,"centerLat":71.63835083333333,"source":"OpenStreetMap"},"geometry":{"type":"Polygon","coordinates":[[[128.8504367,71.6385284],[128.8511666,71.6382647],[128.8506943,71.638135],[128.8501048,71.638348],[128.8502547,71.6383891],[128.8501143,71.6384398],[128.8504367,71.6385284]]]}},{"type":"Feature","id":"osm-way-142240047","properties":{"buildingId":"osm-way-142240047","osmBuildingId":"osm-way-142240047","osmId":142240047,"building":"yes","levels":null,"height":23,"minHeight":null,"roofShape":null,"buildingMaterial":null,"facadeMaterial":null,"name":null,"address":null,"centerLon":128.84532570000002,"centerLat":71.641099475,"source":"OpenStreetMap"},"geometry":{"type":"Polygon","coordinates":[[[128.8455465,71.6412788],[128.845754,71.6412366],[128.8451049,71.6409201],[128.8448974,71.6409624],[128.8455465,71.6412788]]]}},{"type":"Feature","id":"osm-way-142240048","properties":{"buildingId":"osm-way-142240048","osmBuildingId":"osm-way-142240048","osmId":142240048,"building":"yes","levels":null,"height":25.5,"minHeight":null,"roofShape":null,"buildingMaterial":null,"facadeMaterial":null,"name":null,"address":null,"centerLon":128.84967160000002,"centerLat":71.63640925,"source":"OpenStreetMap"},"geometry":{"type":"Polygon","coordinates":[[[128.8501061,71.6366677],[128.8503826,71.6365973],[128.8492371,71.6361508],[128.8489606,71.6362212],[128.8501061,71.6366677]]]}},{"type":"Feature","id":"osm-way-142240064","properties":{"buildingId":"osm-way-142240064","osmBuildingId":"osm-way-142240064","osmId":142240064,"building":"yes","levels":null,"height":20.5,"minHeight":null,"roofShape":null,"buildingMaterial":null,"facadeMaterial":null,"name":null,"address":null,"centerLon":128.85480437500001,"centerLat":71.63877297500001,"source":"OpenStreetMap"},"geometry":{"type":"Polygon","coordinates":[[[128.8550744,71.6389319],[128.855331,71.6388436],[128.8545343,71.638614],[128.8542778,71.6387024],[128.8550744,71.6389319]]]}},{"type":"Feature","id":"osm-way-142240065","properties":{"buildingId":"osm-way-142240065","osmBuildingId":"osm-way-142240065","osmId":142240065,"building":"yes","levels":null,"height":23,"minHeight":null,"roofShape":null,"buildingMaterial":null,"facadeMaterial":null,"name":null,"address":null,"centerLon":128.8534405368421,"centerLat":71.63747658421052,"source":"OpenStreetMap"},"geometry":{"type":"Polygon","coordinates":[[[128.8533233,71.6375551],[128.8534174,71.6375632],[128.8535146,71.6375607],[128.8536033,71.6375479],[128.8536727,71.6375263],[128.8537051,71.6375073],[128.8537244,71.6374772],[128.8537097,71.6374468],[128.853663,71.6374198],[128.8535839,71.6373984],[128.8534922,71.6373879],[128.8533947,71.6373879],[128.853303,71.6373984],[128.8532498,71.637411],[128.8531919,71.6374357],[128.8531644,71.6374652],[128.8531705,71.6374959],[128.8532095,71.6375241],[128.8532768,71.6375463],[128.8533233,71.6375551]]]}},{"type":"Feature","id":"osm-way-142240066","properties":{"buildingId":"osm-way-142240066","osmBuildingId":"osm-way-142240066","osmId":142240066,"building":"yes","levels":null,"height":25.5,"minHeight":null,"roofShape":null,"buildingMaterial":null,"facadeMaterial":null,"name":"Кафе","address":null,"centerLon":128.85532401666666,"centerLat":71.63845928333333,"source":"OpenStreetMap"},"geometry":{"type":"Polygon","coordinates":[[[128.855531,71.638695],[128.855971,71.6385771],[128.8553455,71.6383456],[128.8552137,71.638381],[128.8550955,71.6383372],[128.8547874,71.6384198],[128.855531,71.638695]]]}},{"type":"Feature","id":"osm-way-142240067","properties":{"buildingId":"osm-way-142240067","osmBuildingId":"osm-way-142240067","osmId":142240067,"building":"yes","levels":null,"height":28,"minHeight":null,"roofShape":null,"buildingMaterial":null,"facadeMaterial":null,"name":"Центральная больница","address":"Больничная улица, 1","centerLon":128.85274192916668,"centerLat":71.63834920833334,"source":"OpenStreetMap"},"geometry":{"type":"Polygon","coordinates":[[[128.8521302,71.6385667],[128.8525099,71.6384386],[128.85274,71.6385063],[128.8531808,71.6383576],[128.8530496,71.6383189],[128.8527265,71.638428],[128.852487,71.6383575],[128.8527479,71.6382695],[128.8525422,71.638209],[128.8522954,71.6382923],[128.852182,71.6382589],[128.8524217,71.638178],[128.8521819,71.6381075],[128.851942,71.6381885],[128.8517454,71.6381307],[128.8522649,71.6379554],[128.8532154,71.6382349],[128.85331,71.638203],[128.8540503,71.6384208],[128.853754,71.6385207],[128.8533351,71.6383975],[128.8528426,71.6385637],[128.853244,71.6386817],[128.8529075,71.6387953],[128.8521302,71.6385667]]]}},{"type":"Feature","id":"osm-way-142240068","properties":{"buildingId":"osm-way-142240068","osmBuildingId":"osm-way-142240068","osmId":142240068,"building":"yes","levels":null,"height":8,"minHeight":null,"roofShape":null,"buildingMaterial":null,"facadeMaterial":null,"name":null,"address":null,"centerLon":128.854513,"centerLat":71.638223125,"source":"OpenStreetMap"},"geometry":{"type":"Polygon","coordinates":[[[128.8546306,71.6383611],[128.8549148,71.6382893],[128.8543954,71.6380852],[128.8541112,71.6381569],[128.8546306,71.6383611]]]}},{"type":"Feature","id":"osm-way-142240163","properties":{"buildingId":"osm-way-142240163","osmBuildingId":"osm-way-142240163","osmId":142240163,"building":"yes","levels":2,"height":6.2,"minHeight":null,"roofShape":null,"buildingMaterial":null,"facadeMaterial":null,"name":null,"address":"Морская улица, 26","centerLon":128.862024075,"centerLat":71.6380767,"source":"OpenStreetMap"},"geometry":{"type":"Polygon","coordinates":[[[128.8619896,71.6382248],[128.8624953,71.6380819],[128.8620585,71.6379286],[128.8615529,71.6380715],[128.8619896,71.6382248]]]}},{"type":"Feature","id":"osm-way-142240164","properties":{"buildingId":"osm-way-142240164","osmBuildingId":"osm-way-142240164","osmId":142240164,"building":"yes","levels":null,"height":23,"minHeight":null,"roofShape":null,"buildingMaterial":null,"facadeMaterial":null,"name":null,"address":null,"centerLon":128.85891135,"centerLat":71.63865695,"source":"OpenStreetMap"},"geometry":{"type":"Polygon","coordinates":[[[128.859149,71.6388335],[128.8594176,71.6387635],[128.8586737,71.6384804],[128.8584051,71.6385504],[128.859149,71.6388335]]]}},{"type":"Feature","id":"osm-way-142240165","properties":{"buildingId":"osm-way-142240165","osmBuildingId":"osm-way-142240165","osmId":142240165,"building":"yes","levels":null,"height":25.5,"minHeight":null,"roofShape":null,"buildingMaterial":null,"facadeMaterial":null,"name":null,"address":null,"centerLon":128.8605318,"centerLat":71.63906716666666,"source":"OpenStreetMap"},"geometry":{"type":"Polygon","coordinates":[[[128.8605339,71.6392415],[128.8611518,71.6390805],[128.8607082,71.6389116],[128.8602842,71.6390221],[128.8603533,71.6390484],[128.8601594,71.6390989],[128.8605339,71.6392415]]]}},{"type":"Feature","id":"osm-way-142240166","properties":{"buildingId":"osm-way-142240166","osmBuildingId":"osm-way-142240166","osmId":142240166,"building":"residential","levels":5,"height":15.5,"minHeight":null,"roofShape":null,"buildingMaterial":null,"facadeMaterial":null,"name":null,"address":"улица Гагарина, 2","centerLon":128.856763625,"centerLat":71.63843477500001,"source":"OpenStreetMap"},"geometry":{"type":"Polygon","coordinates":[[[128.8572625,71.6387172],[128.8575754,71.6386325],[128.8562647,71.6381523],[128.8559519,71.6382371],[128.8572625,71.6387172]]]}},{"type":"Feature","id":"osm-way-142240167","properties":{"buildingId":"osm-way-142240167","osmBuildingId":"osm-way-142240167","osmId":142240167,"building":"residential","levels":5,"height":15.5,"minHeight":null,"roofShape":null,"buildingMaterial":null,"facadeMaterial":null,"name":null,"address":"улица 50 лет Северного Морского Пути, 3","centerLon":128.858043275,"centerLat":71.63833260000001,"source":"OpenStreetMap"},"geometry":{"type":"Polygon","coordinates":[[[128.8582109,71.6384877],[128.8584976,71.6384124],[128.8578756,71.6381775],[128.857589,71.6382528],[128.8582109,71.6384877]]]}},{"type":"Feature","id":"osm-way-142240168","properties":{"buildingId":"osm-way-142240168","osmBuildingId":"osm-way-142240168","osmId":142240168,"building":"yes","levels":null,"height":10.5,"minHeight":null,"roofShape":null,"buildingMaterial":null,"facadeMaterial":null,"name":null,"address":null,"centerLon":128.8609935,"centerLat":71.638207925,"source":"OpenStreetMap"},"geometry":{"type":"Polygon","coordinates":[[[128.8612637,71.6383923],[128.8615369,71.6383171],[128.8607233,71.6380236],[128.8604501,71.6380987],[128.8612637,71.6383923]]]}},{"type":"Feature","id":"osm-way-142240169","properties":{"buildingId":"osm-way-142240169","osmBuildingId":"osm-way-142240169","osmId":142240169,"building":"yes","levels":null,"height":13,"minHeight":null,"roofShape":null,"buildingMaterial":null,"facadeMaterial":null,"name":null,"address":null,"centerLon":128.85531145769232,"centerLat":71.63790845384617,"source":"OpenStreetMap"},"geometry":{"type":"Polygon","coordinates":[[[128.8558893,71.6381728],[128.8561418,71.6380931],[128.8558984,71.6380166],[128.8559558,71.6379984],[128.8557608,71.6379371],[128.855716,71.6379513],[128.8555574,71.6379014],[128.8555009,71.6379192],[128.8553746,71.6378795],[128.8554197,71.6378653],[128.8552899,71.6378245],[128.8552348,71.6378419],[128.8550401,71.6377806],[128.8549895,71.6377966],[128.8548164,71.6377422],[128.8548566,71.6377295],[128.8547846,71.6377068],[128.8545158,71.6377917],[128.8547191,71.6378556],[128.8547831,71.6378354],[128.8550803,71.6379289],[128.8550441,71.6379403],[128.8552368,71.6380009],[128.8553201,71.6379746],[128.8556013,71.638063],[128.8555707,71.6380726],[128.8558893,71.6381728]]]}},{"type":"Feature","id":"osm-way-142240170","properties":{"buildingId":"osm-way-142240170","osmBuildingId":"osm-way-142240170","osmId":142240170,"building":"yes","levels":null,"height":15.5,"minHeight":null,"roofShape":null,"buildingMaterial":null,"facadeMaterial":null,"name":null,"address":null,"centerLon":128.85696660000002,"centerLat":71.63792400000001,"source":"OpenStreetMap"},"geometry":{"type":"Polygon","coordinates":[[[128.857355,71.6381578],[128.8576298,71.6380852],[128.8565782,71.6376902],[128.8563034,71.6377628],[128.857355,71.6381578]]]}},{"type":"Feature","id":"osm-way-142240171","properties":{"buildingId":"osm-way-142240171","osmBuildingId":"osm-way-142240171","osmId":142240171,"building":"yes","levels":null,"height":18,"minHeight":null,"roofShape":null,"buildingMaterial":null,"facadeMaterial":null,"name":null,"address":null,"centerLon":128.8600441,"centerLat":71.6383774,"source":"OpenStreetMap"},"geometry":{"type":"Polygon","coordinates":[[[128.8604389,71.6386044],[128.8607095,71.6385292],[128.8596493,71.6381504],[128.8593787,71.6382256],[128.8604389,71.6386044]]]}},{"type":"Feature","id":"osm-way-142240278","properties":{"buildingId":"osm-way-142240278","osmBuildingId":"osm-way-142240278","osmId":142240278,"building":"yes","levels":null,"height":15.5,"minHeight":null,"roofShape":null,"buildingMaterial":null,"facadeMaterial":null,"name":null,"address":null,"centerLon":128.8618227,"centerLat":71.63733535,"source":"OpenStreetMap"},"geometry":{"type":"Polygon","coordinates":[[[128.8613806,71.6372589],[128.8616345,71.6371879],[128.8622648,71.6374118],[128.8620109,71.6374828],[128.8613806,71.6372589]]]}},{"type":"Feature","id":"osm-way-142240280","properties":{"buildingId":"osm-way-142240280","osmBuildingId":"osm-way-142240280","osmId":142240280,"building":"yes","levels":null,"height":20.5,"minHeight":null,"roofShape":null,"buildingMaterial":null,"facadeMaterial":null,"name":null,"address":null,"centerLon":128.85873455,"centerLat":71.63790267499999,"source":"OpenStreetMap"},"geometry":{"type":"Polygon","coordinates":[[[128.8591234,71.6381352],[128.8594071,71.6380581],[128.8583457,71.6376702],[128.858062,71.6377472],[128.8591234,71.6381352]]]}},{"type":"Feature","id":"osm-way-142240281","properties":{"buildingId":"osm-way-142240281","osmBuildingId":"osm-way-142240281","osmId":142240281,"building":"yes","levels":null,"height":23,"minHeight":null,"roofShape":null,"buildingMaterial":null,"facadeMaterial":null,"name":null,"address":null,"centerLon":128.8589797,"centerLat":71.6368563,"source":"OpenStreetMap"},"geometry":{"type":"Polygon","coordinates":[[[128.8591726,71.637017],[128.8594668,71.6369335],[128.8587868,71.6366956],[128.8584926,71.6367791],[128.8591726,71.637017]]]}},{"type":"Feature","id":"osm-way-142240282","properties":{"buildingId":"osm-way-142240282","osmBuildingId":"osm-way-142240282","osmId":142240282,"building":"yes","levels":null,"height":25.5,"minHeight":null,"roofShape":null,"buildingMaterial":null,"facadeMaterial":null,"name":null,"address":null,"centerLon":128.85981850000002,"centerLat":71.63777809999999,"source":"OpenStreetMap"},"geometry":{"type":"Polygon","coordinates":[[[128.8600427,71.6379481],[128.8603315,71.6378645],[128.8595867,71.6376085],[128.8593131,71.6376913],[128.8600427,71.6379481]]]}},{"type":"Feature","id":"osm-way-142240283","properties":{"buildingId":"osm-way-142240283","osmBuildingId":"osm-way-142240283","osmId":142240283,"building":"yes","levels":null,"height":28,"minHeight":null,"roofShape":null,"buildingMaterial":null,"facadeMaterial":null,"name":null,"address":null,"centerLon":128.86065715,"centerLat":71.63681417500001,"source":"OpenStreetMap"},"geometry":{"type":"Polygon","coordinates":[[[128.8608505,71.6369734],[128.8611246,71.6369],[128.8604638,71.636655],[128.8601897,71.6367283],[128.8608505,71.6369734]]]}},{"type":"Feature","id":"osm-way-142240284","properties":{"buildingId":"osm-way-142240284","osmBuildingId":"osm-way-142240284","osmId":142240284,"building":"yes","levels":null,"height":8,"minHeight":null,"roofShape":null,"buildingMaterial":null,"facadeMaterial":null,"name":null,"address":null,"centerLon":128.860234325,"centerLat":71.63732375000001,"source":"OpenStreetMap"},"geometry":{"type":"Polygon","coordinates":[[[128.8604544,71.6375079],[128.860768,71.637426],[128.8600142,71.6371396],[128.8597007,71.6372215],[128.8604544,71.6375079]]]}},{"type":"Feature","id":"osm-way-142240285","properties":{"buildingId":"osm-way-142240285","osmBuildingId":"osm-way-142240285","osmId":142240285,"building":"yes","levels":null,"height":10.5,"minHeight":null,"roofShape":null,"buildingMaterial":null,"facadeMaterial":null,"name":null,"address":null,"centerLon":128.85734625,"centerLat":71.6374007,"source":"OpenStreetMap"},"geometry":{"type":"Polygon","coordinates":[[[128.8578425,71.6376743],[128.8581379,71.6375933],[128.85685,71.6371271],[128.8565546,71.6372081],[128.8578425,71.6376743]]]}},{"type":"Feature","id":"osm-way-142240286","properties":{"buildingId":"osm-way-142240286","osmBuildingId":"osm-way-142240286","osmId":142240286,"building":"yes","levels":null,"height":13,"minHeight":null,"roofShape":null,"buildingMaterial":null,"facadeMaterial":null,"name":null,"address":null,"centerLon":128.85981335,"centerLat":71.63650854999999,"source":"OpenStreetMap"},"geometry":{"type":"Polygon","coordinates":[[[128.8599706,71.6366669],[128.8602757,71.636588],[128.8596561,71.6363502],[128.859351,71.6364291],[128.8599706,71.6366669]]]}},{"type":"Feature","id":"osm-way-142240287","properties":{"buildingId":"osm-way-142240287","osmBuildingId":"osm-way-142240287","osmId":142240287,"building":"yes","levels":null,"height":15.5,"minHeight":null,"roofShape":null,"buildingMaterial":null,"facadeMaterial":null,"name":null,"address":null,"centerLon":128.8589929,"centerLat":71.63748629999999,"source":"OpenStreetMap"},"geometry":{"type":"Polygon","coordinates":[[[128.8591928,71.6376512],[128.8594884,71.6375687],[128.858793,71.6373214],[128.8584974,71.6374039],[128.8591928,71.6376512]]]}},{"type":"Feature","id":"osm-way-142240288","properties":{"buildingId":"osm-way-142240288","osmBuildingId":"osm-way-142240288","osmId":142240288,"building":"residential","levels":null,"height":18,"minHeight":null,"roofShape":null,"buildingMaterial":null,"facadeMaterial":null,"name":null,"address":null,"centerLon":128.865710125,"centerLat":71.636994025,"source":"OpenStreetMap"},"geometry":{"type":"Polygon","coordinates":[[[128.8658954,71.6371531],[128.8661893,71.637071],[128.8655249,71.6368349],[128.8652309,71.6369171],[128.8658954,71.6371531]]]}},{"type":"Feature","id":"osm-way-142240289","properties":{"buildingId":"osm-way-142240289","osmBuildingId":"osm-way-142240289","osmId":142240289,"building":"residential","levels":null,"height":20.5,"minHeight":null,"roofShape":null,"buildingMaterial":null,"facadeMaterial":null,"name":null,"address":null,"centerLon":128.862904725,"centerLat":71.6377409,"source":"OpenStreetMap"},"geometry":{"type":"Polygon","coordinates":[[[128.8630943,71.6378963],[128.8633498,71.6378306],[128.8627152,71.6375855],[128.8624596,71.6376512],[128.8630943,71.6378963]]]}},{"type":"Feature","id":"osm-way-142240292","properties":{"buildingId":"osm-way-142240292","osmBuildingId":"osm-way-142240292","osmId":142240292,"building":"yes","levels":5,"height":15.5,"minHeight":null,"roofShape":null,"buildingMaterial":null,"facadeMaterial":null,"name":null,"address":"Ленинская улица, 17","centerLon":128.864746125,"centerLat":71.637269075,"source":"OpenStreetMap"},"geometry":{"type":"Polygon","coordinates":[[[128.8649393,71.6374295],[128.8652262,71.6373502],[128.8645529,71.6371086],[128.8642661,71.637188],[128.8649393,71.6374295]]]}},{"type":"Feature","id":"osm-way-142240293","properties":{"buildingId":"osm-way-142240293","osmBuildingId":"osm-way-142240293","osmId":142240293,"building":"yes","levels":null,"height":8,"minHeight":null,"roofShape":null,"buildingMaterial":null,"facadeMaterial":null,"name":null,"address":null,"centerLon":128.8578156,"centerLat":71.637057375,"source":"OpenStreetMap"},"geometry":{"type":"Polygon","coordinates":[[[128.8580565,71.6372313],[128.8583283,71.6371569],[128.8575747,71.6368835],[128.8573029,71.6369578],[128.8580565,71.6372313]]]}},{"type":"Feature","id":"osm-way-223510996","properties":{"buildingId":"osm-way-223510996","osmBuildingId":"osm-way-223510996","osmId":223510996,"building":"yes","levels":null,"height":10.5,"minHeight":null,"roofShape":null,"buildingMaterial":null,"facadeMaterial":null,"name":null,"address":null,"centerLon":128.856287325,"centerLat":71.63520725000001,"source":"OpenStreetMap"},"geometry":{"type":"Polygon","coordinates":[[[128.8559189,71.6351708],[128.8563414,71.6353277],[128.8566557,71.6352437],[128.8562333,71.6350868],[128.8559189,71.6351708]]]}},{"type":"Feature","id":"osm-way-223510997","properties":{"buildingId":"osm-way-223510997","osmBuildingId":"osm-way-223510997","osmId":223510997,"building":"residential","levels":5,"height":15.5,"minHeight":null,"roofShape":null,"buildingMaterial":null,"facadeMaterial":null,"name":null,"address":"улица Академика Фёдорова, 26А","centerLon":128.86809010000002,"centerLat":71.63566605,"source":"OpenStreetMap"},"geometry":{"type":"Polygon","coordinates":[[[128.8674947,71.6355368],[128.8684045,71.6358712],[128.8686855,71.6357953],[128.8677757,71.6354609],[128.8674947,71.6355368]]]}},{"type":"Feature","id":"osm-way-223510998","properties":{"buildingId":"osm-way-223510998","osmBuildingId":"osm-way-223510998","osmId":223510998,"building":"yes","levels":null,"height":15.5,"minHeight":null,"roofShape":null,"buildingMaterial":null,"facadeMaterial":null,"name":null,"address":null,"centerLon":128.72167215000002,"centerLat":71.657290325,"source":"OpenStreetMap"},"geometry":{"type":"Polygon","coordinates":[[[128.7213525,71.6573121],[128.7218723,71.6573717],[128.7219918,71.6572686],[128.721472,71.6572089],[128.7213525,71.6573121]]]}},{"type":"Feature","id":"osm-way-223510999","properties":{"buildingId":"osm-way-223510999","osmBuildingId":"osm-way-223510999","osmId":223510999,"building":"yes","levels":null,"height":18,"minHeight":null,"roofShape":null,"buildingMaterial":null,"facadeMaterial":null,"name":null,"address":null,"centerLon":128.8666779,"centerLat":71.6351648,"source":"OpenStreetMap"},"geometry":{"type":"Polygon","coordinates":[[[128.8660123,71.6349978],[128.8670629,71.6354039],[128.8673435,71.6353318],[128.8662929,71.6349257],[128.8660123,71.6349978]]]}},{"type":"Feature","id":"osm-way-223511000","properties":{"buildingId":"osm-way-223511000","osmBuildingId":"osm-way-223511000","osmId":223511000,"building":"yes","levels":null,"height":20.5,"minHeight":null,"roofShape":null,"buildingMaterial":null,"facadeMaterial":null,"name":null,"address":null,"centerLon":128.85732285,"centerLat":71.6356169,"source":"OpenStreetMap"},"geometry":{"type":"Polygon","coordinates":[[[128.8568612,71.6355291],[128.8575219,71.6357748],[128.8577845,71.6357047],[128.8571238,71.635459],[128.8568612,71.6355291]]]}},{"type":"Feature","id":"osm-way-223511001","properties":{"buildingId":"osm-way-223511001","osmBuildingId":"osm-way-223511001","osmId":223511001,"building":"yes","levels":null,"height":23,"minHeight":null,"roofShape":null,"buildingMaterial":null,"facadeMaterial":null,"name":null,"address":null,"centerLon":128.861409375,"centerLat":71.63660949999999,"source":"OpenStreetMap"},"geometry":{"type":"Polygon","coordinates":[[[128.8609546,71.6365152],[128.8616017,71.63677],[128.8618641,71.6367038],[128.8612171,71.636449],[128.8609546,71.6365152]]]}},{"type":"Feature","id":"osm-way-223511002","properties":{"buildingId":"osm-way-223511002","osmBuildingId":"osm-way-223511002","osmId":223511002,"building":"yes","levels":null,"height":25.5,"minHeight":null,"roofShape":null,"buildingMaterial":null,"facadeMaterial":null,"name":null,"address":null,"centerLon":128.85758399999997,"centerLat":71.6363403,"source":"OpenStreetMap"},"geometry":{"type":"Polygon","coordinates":[[[128.8571773,71.6362604],[128.8577422,71.6364828],[128.8579907,71.6364202],[128.8574258,71.6361978],[128.8571773,71.6362604]]]}},{"type":"Feature","id":"osm-way-223511004","properties":{"buildingId":"osm-way-223511004","osmBuildingId":"osm-way-223511004","osmId":223511004,"building":"yes","levels":null,"height":8,"minHeight":null,"roofShape":null,"buildingMaterial":null,"facadeMaterial":null,"name":null,"address":null,"centerLon":128.72260925,"centerLat":71.65738372499999,"source":"OpenStreetMap"},"geometry":{"type":"Polygon","coordinates":[[[128.7222618,71.6574007],[128.7228521,71.6574637],[128.7229567,71.6573668],[128.7223664,71.6573037],[128.7222618,71.6574007]]]}},{"type":"Feature","id":"osm-way-223511005","properties":{"buildingId":"osm-way-223511005","osmBuildingId":"osm-way-223511005","osmId":223511005,"building":"yes","levels":null,"height":10.5,"minHeight":null,"roofShape":null,"buildingMaterial":null,"facadeMaterial":null,"name":null,"address":null,"centerLon":128.8622618,"centerLat":71.63644855,"source":"OpenStreetMap"},"geometry":{"type":"Polygon","coordinates":[[[128.8618584,71.6363825],[128.8624019,71.6365848],[128.8626652,71.6365146],[128.8621217,71.6363123],[128.8618584,71.6363825]]]}},{"type":"Feature","id":"osm-way-223511007","properties":{"buildingId":"osm-way-223511007","osmBuildingId":"osm-way-223511007","osmId":223511007,"building":"residential","levels":null,"height":15.5,"minHeight":null,"roofShape":null,"buildingMaterial":null,"facadeMaterial":null,"name":null,"address":null,"centerLon":128.865163625,"centerLat":71.6379881,"source":"OpenStreetMap"},"geometry":{"type":"Polygon","coordinates":[[[128.8647544,71.6379047],[128.8653502,71.6381299],[128.8655728,71.6380715],[128.8649771,71.6378463],[128.8647544,71.6379047]]]}},{"type":"Feature","id":"osm-way-223511008","properties":{"buildingId":"osm-way-223511008","osmBuildingId":"osm-way-223511008","osmId":223511008,"building":"yes","levels":null,"height":18,"minHeight":null,"roofShape":null,"buildingMaterial":null,"facadeMaterial":null,"name":null,"address":null,"centerLon":128.867341525,"centerLat":71.639344325,"source":"OpenStreetMap"},"geometry":{"type":"Polygon","coordinates":[[[128.8669207,71.6392627],[128.8675055,71.6394912],[128.8677624,71.639426],[128.8671775,71.6391974],[128.8669207,71.6392627]]]}},{"type":"Feature","id":"osm-way-223511009","properties":{"buildingId":"osm-way-223511009","osmBuildingId":"osm-way-223511009","osmId":223511009,"building":"yes","levels":null,"height":20.5,"minHeight":null,"roofShape":null,"buildingMaterial":null,"facadeMaterial":null,"name":null,"address":null,"centerLon":128.849338225,"centerLat":71.6347051,"source":"OpenStreetMap"},"geometry":{"type":"Polygon","coordinates":[[[128.8485254,71.634551],[128.8498906,71.6349481],[128.8501511,71.6348592],[128.8487858,71.6344621],[128.8485254,71.634551]]]}},{"type":"Feature","id":"osm-way-223511010","properties":{"buildingId":"osm-way-223511010","osmBuildingId":"osm-way-223511010","osmId":223511010,"building":"yes","levels":null,"height":23,"minHeight":null,"roofShape":null,"buildingMaterial":null,"facadeMaterial":null,"name":null,"address":null,"centerLon":128.86229029999998,"centerLat":71.63868785000001,"source":"OpenStreetMap"},"geometry":{"type":"Polygon","coordinates":[[[128.8617991,71.6386173],[128.8624598,71.6388493],[128.8627815,71.6387584],[128.8621208,71.6385264],[128.8617991,71.6386173]]]}},{"type":"Feature","id":"osm-way-223511011","properties":{"buildingId":"osm-way-223511011","osmBuildingId":"osm-way-223511011","osmId":223511011,"building":"yes","levels":null,"height":25.5,"minHeight":null,"roofShape":null,"buildingMaterial":null,"facadeMaterial":null,"name":null,"address":null,"centerLon":128.86610919999998,"centerLat":71.6377515,"source":"OpenStreetMap"},"geometry":{"type":"Polygon","coordinates":[[[128.8656751,71.6376761],[128.8662491,71.6379013],[128.8665433,71.6378269],[128.8659693,71.6376017],[128.8656751,71.6376761]]]}},{"type":"Feature","id":"osm-way-223511012","properties":{"buildingId":"osm-way-223511012","osmBuildingId":"osm-way-223511012","osmId":223511012,"building":"yes","levels":null,"height":28,"minHeight":null,"roofShape":null,"buildingMaterial":null,"facadeMaterial":null,"name":null,"address":null,"centerLon":128.85530745,"centerLat":71.63485695,"source":"OpenStreetMap"},"geometry":{"type":"Polygon","coordinates":[[[128.8549625,71.6348334],[128.8553242,71.634968],[128.8556524,71.6348805],[128.8552907,71.6347459],[128.8549625,71.6348334]]]}},{"type":"Feature","id":"osm-way-223511013","properties":{"buildingId":"osm-way-223511013","osmBuildingId":"osm-way-223511013","osmId":223511013,"building":"yes","levels":null,"height":8,"minHeight":null,"roofShape":null,"buildingMaterial":null,"facadeMaterial":null,"name":null,"address":null,"centerLon":128.8502567,"centerLat":71.6344656,"source":"OpenStreetMap"},"geometry":{"type":"Polygon","coordinates":[[[128.8494583,71.6343009],[128.8507794,71.6347172],[128.8510551,71.6346303],[128.849734,71.634214],[128.8494583,71.6343009]]]}},{"type":"Feature","id":"osm-way-223511014","properties":{"buildingId":"osm-way-223511014","osmBuildingId":"osm-way-223511014","osmId":223511014,"building":"yes","levels":null,"height":10.5,"minHeight":null,"roofShape":null,"buildingMaterial":null,"facadeMaterial":null,"name":null,"address":null,"centerLon":128.72407935,"centerLat":71.65719254999999,"source":"OpenStreetMap"},"geometry":{"type":"Polygon","coordinates":[[[128.7236647,71.6572047],[128.7243904,71.6572797],[128.724494,71.6571804],[128.7237683,71.6571054],[128.7236647,71.6572047]]]}},{"type":"Feature","id":"osm-way-223511015","properties":{"buildingId":"osm-way-223511015","osmBuildingId":"osm-way-223511015","osmId":223511015,"building":"yes","levels":null,"height":13,"minHeight":null,"roofShape":null,"buildingMaterial":null,"facadeMaterial":null,"name":null,"address":null,"centerLon":128.72124235,"centerLat":71.6565136,"source":"OpenStreetMap"},"geometry":{"type":"Polygon","coordinates":[[[128.7203499,71.65647],[128.7220395,71.6566472],[128.7221348,71.6565572],[128.7204452,71.65638],[128.7203499,71.65647]]]}},{"type":"Feature","id":"osm-way-223511016","properties":{"buildingId":"osm-way-223511016","osmBuildingId":"osm-way-223511016","osmId":223511016,"building":"residential","levels":null,"height":15.5,"minHeight":null,"roofShape":null,"buildingMaterial":null,"facadeMaterial":null,"name":null,"address":null,"centerLon":128.85759135,"centerLat":71.63414205,"source":"OpenStreetMap"},"geometry":{"type":"Polygon","coordinates":[[[128.8568159,71.6339618],[128.8580996,71.6344],[128.8583668,71.6343223],[128.8570831,71.6338841],[128.8568159,71.6339618]]]}},{"type":"Feature","id":"osm-way-223511017","properties":{"buildingId":"osm-way-223511017","osmBuildingId":"osm-way-223511017","osmId":223511017,"building":"yes","levels":null,"height":18,"minHeight":null,"roofShape":null,"buildingMaterial":null,"facadeMaterial":null,"name":null,"address":null,"centerLon":128.85512949999998,"centerLat":71.6354536,"source":"OpenStreetMap"},"geometry":{"type":"Polygon","coordinates":[[[128.8546669,71.6353616],[128.8553408,71.6356126],[128.8555921,71.6355456],[128.8549182,71.6352946],[128.8546669,71.6353616]]]}},{"type":"Feature","id":"osm-way-223511018","properties":{"buildingId":"osm-way-223511018","osmBuildingId":"osm-way-223511018","osmId":223511018,"building":"yes","levels":null,"height":20.5,"minHeight":null,"roofShape":null,"buildingMaterial":null,"facadeMaterial":null,"name":null,"address":null,"centerLon":128.86640484999998,"centerLat":71.63956955,"source":"OpenStreetMap"},"geometry":{"type":"Polygon","coordinates":[[[128.8656751,71.6393855],[128.8668665,71.6398256],[128.8671346,71.6397536],[128.8659432,71.6393135],[128.8656751,71.6393855]]]}},{"type":"Feature","id":"osm-way-223511019","properties":{"buildingId":"osm-way-223511019","osmBuildingId":"osm-way-223511019","osmId":223511019,"building":"yes","levels":null,"height":23,"minHeight":null,"roofShape":null,"buildingMaterial":null,"facadeMaterial":null,"name":null,"address":null,"centerLon":128.8618735,"centerLat":71.6391886,"source":"OpenStreetMap"},"geometry":{"type":"Polygon","coordinates":[[[128.8614212,71.6391831],[128.8618112,71.6393298],[128.8623258,71.6391941],[128.8619358,71.6390474],[128.8614212,71.6391831]]]}},{"type":"Feature","id":"osm-way-223511020","properties":{"buildingId":"osm-way-223511020","osmBuildingId":"osm-way-223511020","osmId":223511020,"building":"yes","levels":null,"height":25.5,"minHeight":null,"roofShape":null,"buildingMaterial":null,"facadeMaterial":null,"name":"Полярная Геокосмофизическая Обсерватория ИКФИА","address":null,"centerLon":128.85893355000002,"centerLat":71.634613125,"source":"OpenStreetMap"},"geometry":{"type":"Polygon","coordinates":[[[128.8581868,71.634442],[128.8594153,71.6348613],[128.8596803,71.6347843],[128.8584518,71.6343649],[128.8581868,71.634442]]]}},{"type":"Feature","id":"osm-way-223511021","properties":{"buildingId":"osm-way-223511021","osmBuildingId":"osm-way-223511021","osmId":223511021,"building":"residential","levels":null,"height":28,"minHeight":null,"roofShape":null,"buildingMaterial":null,"facadeMaterial":null,"name":null,"address":null,"centerLon":128.8711611,"centerLat":71.637709825,"source":"OpenStreetMap"},"geometry":{"type":"Polygon","coordinates":[[[128.8704624,71.6375431],[128.871513,71.6379627],[128.8718598,71.6378766],[128.8708092,71.6374569],[128.8704624,71.6375431]]]}},{"type":"Feature","id":"osm-way-223511022","properties":{"buildingId":"osm-way-223511022","osmBuildingId":"osm-way-223511022","osmId":223511022,"building":"yes","levels":null,"height":8,"minHeight":null,"roofShape":null,"buildingMaterial":null,"facadeMaterial":null,"name":null,"address":null,"centerLon":128.86906150000002,"centerLat":71.635443025,"source":"OpenStreetMap"},"geometry":{"type":"Polygon","coordinates":[[[128.868329,71.6352679],[128.8694868,71.6356999],[128.869794,71.6356182],[128.8686362,71.6351861],[128.868329,71.6352679]]]}},{"type":"Feature","id":"osm-way-223511023","properties":{"buildingId":"osm-way-223511023","osmBuildingId":"osm-way-223511023","osmId":223511023,"building":"yes","levels":null,"height":10.5,"minHeight":null,"roofShape":null,"buildingMaterial":null,"facadeMaterial":null,"name":null,"address":null,"centerLon":128.86521297500002,"centerLat":71.63913267499998,"source":"OpenStreetMap"},"geometry":{"type":"Polygon","coordinates":[[[128.864777,71.6390395],[128.8653944,71.6392885],[128.8656489,71.6392259],[128.8650316,71.6389768],[128.864777,71.6390395]]]}},{"type":"Feature","id":"osm-way-223511024","properties":{"buildingId":"osm-way-223511024","osmBuildingId":"osm-way-223511024","osmId":223511024,"building":"yes","levels":null,"height":13,"minHeight":null,"roofShape":null,"buildingMaterial":null,"facadeMaterial":null,"name":"Средняя школа № 3","address":null,"centerLon":128.8556191,"centerLat":71.636446175,"source":"OpenStreetMap"},"geometry":{"type":"Polygon","coordinates":[[[128.8545307,71.6362276],[128.8561232,71.6368205],[128.8567075,71.6366648],[128.855115,71.6360718],[128.8545307,71.6362276]]]}},{"type":"Feature","id":"osm-way-223511025","properties":{"buildingId":"osm-way-223511025","osmBuildingId":"osm-way-223511025","osmId":223511025,"building":"yes","levels":null,"height":15.5,"minHeight":null,"roofShape":null,"buildingMaterial":null,"facadeMaterial":null,"name":null,"address":null,"centerLon":128.86601415,"centerLat":71.63430525000001,"source":"OpenStreetMap"},"geometry":{"type":"Polygon","coordinates":[[[128.8652974,71.6341241],[128.8664239,71.6345644],[128.8667309,71.6344864],[128.8656044,71.6340461],[128.8652974,71.6341241]]]}},{"type":"Feature","id":"osm-way-223511026","properties":{"buildingId":"osm-way-223511026","osmBuildingId":"osm-way-223511026","osmId":223511026,"building":"residential","levels":null,"height":18,"minHeight":null,"roofShape":null,"buildingMaterial":null,"facadeMaterial":null,"name":null,"address":null,"centerLon":128.869833825,"centerLat":71.637224675,"source":"OpenStreetMap"},"geometry":{"type":"Polygon","coordinates":[[[128.8692168,71.6370654],[128.8702025,71.6374475],[128.8704508,71.637384],[128.8694652,71.6370018],[128.8692168,71.6370654]]]}},{"type":"Feature","id":"osm-way-223511027","properties":{"buildingId":"osm-way-223511027","osmBuildingId":"osm-way-223511027","osmId":223511027,"building":"yes","levels":null,"height":20.5,"minHeight":null,"roofShape":null,"buildingMaterial":null,"facadeMaterial":null,"name":null,"address":null,"centerLon":128.868756825,"centerLat":71.639336375,"source":"OpenStreetMap"},"geometry":{"type":"Polygon","coordinates":[[[128.8683014,71.6392481],[128.8689218,71.6394966],[128.8692122,71.6394246],[128.8685919,71.6391762],[128.8683014,71.6392481]]]}},{"type":"Feature","id":"osm-way-223511028","properties":{"buildingId":"osm-way-223511028","osmBuildingId":"osm-way-223511028","osmId":223511028,"building":"residential","levels":null,"height":23,"minHeight":null,"roofShape":null,"buildingMaterial":null,"facadeMaterial":null,"name":null,"address":null,"centerLon":128.8707319,"centerLat":71.636068575,"source":"OpenStreetMap"},"geometry":{"type":"Polygon","coordinates":[[[128.8700292,71.635878],[128.8711556,71.6363284],[128.8714346,71.6362592],[128.8703082,71.6358087],[128.8700292,71.635878]]]}},{"type":"Feature","id":"osm-way-223511029","properties":{"buildingId":"osm-way-223511029","osmBuildingId":"osm-way-223511029","osmId":223511029,"building":"yes","levels":null,"height":25.5,"minHeight":null,"roofShape":null,"buildingMaterial":null,"facadeMaterial":null,"name":null,"address":null,"centerLon":128.85858167499998,"centerLat":71.636065325,"source":"OpenStreetMap"},"geometry":{"type":"Polygon","coordinates":[[[128.8581286,71.6359674],[128.8587854,71.6362261],[128.8590347,71.6361632],[128.858378,71.6359046],[128.8581286,71.6359674]]]}},{"type":"Feature","id":"osm-way-223511030","properties":{"buildingId":"osm-way-223511030","osmBuildingId":"osm-way-223511030","osmId":223511030,"building":"yes","levels":null,"height":28,"minHeight":null,"roofShape":null,"buildingMaterial":null,"facadeMaterial":null,"name":null,"address":null,"centerLon":128.85286015,"centerLat":71.63529394999999,"source":"OpenStreetMap"},"geometry":{"type":"Polygon","coordinates":[[[128.8521212,71.6351198],[128.8532829,71.6355524],[128.8535991,71.6354681],[128.8524374,71.6350355],[128.8521212,71.6351198]]]}},{"type":"Feature","id":"osm-way-223511031","properties":{"buildingId":"osm-way-223511031","osmBuildingId":"osm-way-223511031","osmId":223511031,"building":"yes","levels":null,"height":8,"minHeight":null,"roofShape":null,"buildingMaterial":null,"facadeMaterial":null,"name":null,"address":null,"centerLon":128.7248797,"centerLat":71.6576044,"source":"OpenStreetMap"},"geometry":{"type":"Polygon","coordinates":[[[128.724548,71.6576328],[128.7251108,71.6576845],[128.7252114,71.657576],[128.7246486,71.6575243],[128.724548,71.6576328]]]}},{"type":"Feature","id":"osm-way-223511032","properties":{"buildingId":"osm-way-223511032","osmBuildingId":"osm-way-223511032","osmId":223511032,"building":"yes","levels":null,"height":10.5,"minHeight":null,"roofShape":null,"buildingMaterial":null,"facadeMaterial":null,"name":null,"address":null,"centerLon":128.8676327,"centerLat":71.634902725,"source":"OpenStreetMap"},"geometry":{"type":"Polygon","coordinates":[[[128.8668782,71.6347212],[128.8680696,71.6351683],[128.8683872,71.6350842],[128.8671958,71.6346372],[128.8668782,71.6347212]]]}},{"type":"Feature","id":"osm-way-223511033","properties":{"buildingId":"osm-way-223511033","osmBuildingId":"osm-way-223511033","osmId":223511033,"building":"yes","levels":null,"height":13,"minHeight":null,"roofShape":null,"buildingMaterial":null,"facadeMaterial":null,"name":null,"address":null,"centerLon":128.725131525,"centerLat":71.65729995000001,"source":"OpenStreetMap"},"geometry":{"type":"Polygon","coordinates":[[[128.7247733,71.6573202],[128.7253773,71.6573844],[128.7254898,71.6572797],[128.7248857,71.6572155],[128.7247733,71.6573202]]]}},{"type":"Feature","id":"osm-way-223511034","properties":{"buildingId":"osm-way-223511034","osmBuildingId":"osm-way-223511034","osmId":223511034,"building":"yes","levels":null,"height":15.5,"minHeight":null,"roofShape":null,"buildingMaterial":null,"facadeMaterial":null,"name":null,"address":null,"centerLon":128.85990834999998,"centerLat":71.63559860000001,"source":"OpenStreetMap"},"geometry":{"type":"Polygon","coordinates":[[[128.8594612,71.6355162],[128.8600922,71.6357512],[128.8603555,71.635681],[128.8597245,71.635446],[128.8594612,71.6355162]]]}},{"type":"Feature","id":"osm-way-223511035","properties":{"buildingId":"osm-way-223511035","osmBuildingId":"osm-way-223511035","osmId":223511035,"building":"yes","levels":null,"height":18,"minHeight":null,"roofShape":null,"buildingMaterial":null,"facadeMaterial":null,"name":null,"address":null,"centerLon":128.8602575,"centerLat":71.63615734999999,"source":"OpenStreetMap"},"geometry":{"type":"Polygon","coordinates":[[[128.8594459,71.6359288],[128.8607871,71.636457],[128.8610691,71.6363859],[128.8597279,71.6358577],[128.8594459,71.6359288]]]}},{"type":"Feature","id":"osm-way-223511036","properties":{"buildingId":"osm-way-223511036","osmBuildingId":"osm-way-223511036","osmId":223511036,"building":"yes","levels":null,"height":20.5,"minHeight":null,"roofShape":null,"buildingMaterial":null,"facadeMaterial":null,"name":null,"address":null,"centerLon":128.7263341,"centerLat":71.657406325,"source":"OpenStreetMap"},"geometry":{"type":"Polygon","coordinates":[[[128.7258739,71.6574432],[128.7266429,71.6575198],[128.7267943,71.6573695],[128.7260253,71.6572928],[128.7258739,71.6574432]]]}},{"type":"Feature","id":"osm-way-223511037","properties":{"buildingId":"osm-way-223511037","osmBuildingId":"osm-way-223511037","osmId":223511037,"building":"yes","levels":null,"height":23,"minHeight":null,"roofShape":null,"buildingMaterial":null,"facadeMaterial":null,"name":null,"address":null,"centerLon":128.86751585,"centerLat":71.6388716,"source":"OpenStreetMap"},"geometry":{"type":"Polygon","coordinates":[[[128.8671048,71.6387918],[128.8676572,71.639017],[128.8679269,71.6389514],[128.8673745,71.6387262],[128.8671048,71.6387918]]]}},{"type":"Feature","id":"osm-way-223511038","properties":{"buildingId":"osm-way-223511038","osmBuildingId":"osm-way-223511038","osmId":223511038,"building":"residential","levels":null,"height":25.5,"minHeight":null,"roofShape":null,"buildingMaterial":null,"facadeMaterial":null,"name":null,"address":null,"centerLon":128.866982425,"centerLat":71.63807415,"source":"OpenStreetMap"},"geometry":{"type":"Polygon","coordinates":[[[128.8665741,71.6380139],[128.8670939,71.6382118],[128.8673908,71.6381344],[128.8668709,71.6379365],[128.8665741,71.6380139]]]}},{"type":"Feature","id":"osm-way-223511039","properties":{"buildingId":"osm-way-223511039","osmBuildingId":"osm-way-223511039","osmId":223511039,"building":"yes","levels":null,"height":28,"minHeight":null,"roofShape":null,"buildingMaterial":null,"facadeMaterial":null,"name":null,"address":null,"centerLon":128.864951675,"centerLat":71.63845635,"source":"OpenStreetMap"},"geometry":{"type":"Polygon","coordinates":[[[128.8645703,71.6383824],[128.8651444,71.6385837],[128.865333,71.6385303],[128.864759,71.638329],[128.8645703,71.6383824]]]}},{"type":"Feature","id":"osm-way-223511040","properties":{"buildingId":"osm-way-223511040","osmBuildingId":"osm-way-223511040","osmId":223511040,"building":"yes","levels":null,"height":8,"minHeight":null,"roofShape":null,"buildingMaterial":null,"facadeMaterial":null,"name":null,"address":null,"centerLon":128.851813025,"centerLat":71.63424255,"source":"OpenStreetMap"},"geometry":{"type":"Polygon","coordinates":[[[128.8513461,71.6341513],[128.8519932,71.6344061],[128.8522799,71.6343338],[128.8516329,71.634079],[128.8513461,71.6341513]]]}},{"type":"Feature","id":"osm-way-223511041","properties":{"buildingId":"osm-way-223511041","osmBuildingId":"osm-way-223511041","osmId":223511041,"building":"yes","levels":null,"height":10.5,"minHeight":null,"roofShape":null,"buildingMaterial":null,"facadeMaterial":null,"name":null,"address":null,"centerLon":128.722011025,"centerLat":71.6569959,"source":"OpenStreetMap"},"geometry":{"type":"Polygon","coordinates":[[[128.7217206,71.6570138],[128.7221971,71.6570683],[128.7223015,71.656978],[128.7218249,71.6569235],[128.7217206,71.6570138]]]}},{"type":"Feature","id":"osm-way-223511042","properties":{"buildingId":"osm-way-223511042","osmBuildingId":"osm-way-223511042","osmId":223511042,"building":"residential","levels":null,"height":13,"minHeight":null,"roofShape":null,"buildingMaterial":null,"facadeMaterial":null,"name":"Клуб юных моряков","address":null,"centerLon":128.8702605,"centerLat":71.63797285,"source":"OpenStreetMap"},"geometry":{"type":"Polygon","coordinates":[[[128.8695634,71.6377819],[128.870679,71.6382323],[128.8709576,71.6381638],[128.869842,71.6377134],[128.8695634,71.6377819]]]}},{"type":"Feature","id":"osm-way-223511043","properties":{"buildingId":"osm-way-223511043","osmBuildingId":"osm-way-223511043","osmId":223511043,"building":"yes","levels":null,"height":15.5,"minHeight":null,"roofShape":null,"buildingMaterial":null,"facadeMaterial":null,"name":null,"address":null,"centerLon":128.8681075,"centerLat":71.63912095,"source":"OpenStreetMap"},"geometry":{"type":"Polygon","coordinates":[[[128.8678036,71.6390889],[128.8681329,71.6392216],[128.8684114,71.639153],[128.8680821,71.6390203],[128.8678036,71.6390889]]]}},{"type":"Feature","id":"osm-way-223511044","properties":{"buildingId":"osm-way-223511044","osmBuildingId":"osm-way-223511044","osmId":223511044,"building":"yes","levels":null,"height":18,"minHeight":null,"roofShape":null,"buildingMaterial":null,"facadeMaterial":null,"name":null,"address":null,"centerLon":128.85653255,"centerLat":71.635960675,"source":"OpenStreetMap"},"geometry":{"type":"Polygon","coordinates":[[[128.8561894,71.6359129],[128.8566562,71.6360723],[128.8568757,71.6360084],[128.8564089,71.6358491],[128.8561894,71.6359129]]]}},{"type":"Feature","id":"osm-way-223511045","properties":{"buildingId":"osm-way-223511045","osmBuildingId":"osm-way-223511045","osmId":223511045,"building":"yes","levels":null,"height":20.5,"minHeight":null,"roofShape":null,"buildingMaterial":null,"facadeMaterial":null,"name":null,"address":null,"centerLon":128.85429815,"centerLat":71.6344972,"source":"OpenStreetMap"},"geometry":{"type":"Polygon","coordinates":[[[128.8538673,71.6344159],[128.8544553,71.6346475],[128.854729,71.6345785],[128.854141,71.6343469],[128.8538673,71.6344159]]]}},{"type":"Feature","id":"osm-way-223511047","properties":{"buildingId":"osm-way-223511047","osmBuildingId":"osm-way-223511047","osmId":223511047,"building":"yes","levels":null,"height":25.5,"minHeight":null,"roofShape":null,"buildingMaterial":null,"facadeMaterial":null,"name":null,"address":null,"centerLon":128.722918425,"centerLat":71.65707735000001,"source":"OpenStreetMap"},"geometry":{"type":"Polygon","coordinates":[[[128.7225866,71.6570955],[128.7231282,71.6571603],[128.7232502,71.6570592],[128.7227087,71.6569944],[128.7225866,71.6570955]]]}},{"type":"Feature","id":"osm-way-223511048","properties":{"buildingId":"osm-way-223511048","osmBuildingId":"osm-way-223511048","osmId":223511048,"building":"yes","levels":null,"height":28,"minHeight":null,"roofShape":null,"buildingMaterial":null,"facadeMaterial":null,"name":null,"address":null,"centerLon":128.86299474999998,"centerLat":71.6395061,"source":"OpenStreetMap"},"geometry":{"type":"Polygon","coordinates":[[[128.8625525,71.6394184],[128.8632024,71.6396572],[128.863437,71.6395938],[128.8627871,71.639355],[128.8625525,71.6394184]]]}},{"type":"Feature","id":"osm-way-223511049","properties":{"buildingId":"osm-way-223511049","osmBuildingId":"osm-way-223511049","osmId":223511049,"building":"residential","levels":null,"height":8,"minHeight":null,"roofShape":null,"buildingMaterial":null,"facadeMaterial":null,"name":null,"address":null,"centerLon":128.859765525,"centerLat":71.63428795,"source":"OpenStreetMap"},"geometry":{"type":"Polygon","coordinates":[[[128.8589834,71.6340921],[128.860249,71.6345634],[128.8605477,71.6344838],[128.859282,71.6340125],[128.8589834,71.6340921]]]}},{"type":"Feature","id":"osm-way-223511051","properties":{"buildingId":"osm-way-223511051","osmBuildingId":"osm-way-223511051","osmId":223511051,"building":"yes","levels":null,"height":13,"minHeight":null,"roofShape":null,"buildingMaterial":null,"facadeMaterial":null,"name":null,"address":null,"centerLon":128.86614305,"centerLat":71.63890760000001,"source":"OpenStreetMap"},"geometry":{"type":"Polygon","coordinates":[[[128.8656967,71.6388157],[128.8663574,71.6390614],[128.8665894,71.6389995],[128.8659287,71.6387538],[128.8656967,71.6388157]]]}},{"type":"Feature","id":"osm-way-223511052","properties":{"buildingId":"osm-way-223511052","osmBuildingId":"osm-way-223511052","osmId":223511052,"building":"yes","levels":null,"height":15.5,"minHeight":null,"roofShape":null,"buildingMaterial":null,"facadeMaterial":null,"name":null,"address":null,"centerLon":128.864089475,"centerLat":71.6398919,"source":"OpenStreetMap"},"geometry":{"type":"Polygon","coordinates":[[[128.8634885,71.6397576],[128.8643767,71.6401056],[128.8646904,71.6400262],[128.8638023,71.6396782],[128.8634885,71.6397576]]]}},{"type":"Feature","id":"osm-way-223511053","properties":{"buildingId":"osm-way-223511053","osmBuildingId":"osm-way-223511053","osmId":223511053,"building":"residential","levels":null,"height":18,"minHeight":null,"roofShape":null,"buildingMaterial":null,"facadeMaterial":null,"name":null,"address":null,"centerLon":128.8649623,"centerLat":71.63458255,"source":"OpenStreetMap"},"geometry":{"type":"Polygon","coordinates":[[[128.8642151,71.6344176],[128.8653631,71.6348408],[128.8657095,71.6347475],[128.8645615,71.6343243],[128.8642151,71.6344176]]]}},{"type":"Feature","id":"osm-way-231963954","properties":{"buildingId":"osm-way-231963954","osmBuildingId":"osm-way-231963954","osmId":231963954,"building":"yes","levels":null,"height":23,"minHeight":null,"roofShape":null,"buildingMaterial":null,"facadeMaterial":null,"name":null,"address":null,"centerLon":128.86372015,"centerLat":71.6362883,"source":"OpenStreetMap"},"geometry":{"type":"Polygon","coordinates":[[[128.8646523,71.636711],[128.8649325,71.6366333],[128.862788,71.6358656],[128.8625078,71.6359433],[128.8646523,71.636711]]]}},{"type":"Feature","id":"osm-way-231963955","properties":{"buildingId":"osm-way-231963955","osmBuildingId":"osm-way-231963955","osmId":231963955,"building":"yes","levels":null,"height":25.5,"minHeight":null,"roofShape":null,"buildingMaterial":null,"facadeMaterial":null,"name":"Администрация ПГТ Тикси","address":null,"centerLon":128.86519675,"centerLat":71.63621330000001,"source":"OpenStreetMap"},"geometry":{"type":"Polygon","coordinates":[[[128.8655697,71.6364604],[128.8659428,71.6363533],[128.8648238,71.6359662],[128.8644507,71.6360733],[128.8655697,71.6364604]]]}},{"type":"Feature","id":"osm-way-231963957","properties":{"buildingId":"osm-way-231963957","osmBuildingId":"osm-way-231963957","osmId":231963957,"building":"yes","levels":null,"height":8,"minHeight":null,"roofShape":null,"buildingMaterial":null,"facadeMaterial":null,"name":"Администрация МР Булунский улус","address":"улица Трусова, 6","centerLon":128.86654425,"centerLat":71.63670915,"source":"OpenStreetMap"},"geometry":{"type":"Polygon","coordinates":[[[128.8667751,71.6368942],[128.867095,71.6368063],[128.8663134,71.6365241],[128.8659935,71.636612],[128.8667751,71.6368942]]]}},{"type":"Feature","id":"osm-way-231963959","properties":{"buildingId":"osm-way-231963959","osmBuildingId":"osm-way-231963959","osmId":231963959,"building":"yes","levels":null,"height":13,"minHeight":null,"roofShape":null,"buildingMaterial":null,"facadeMaterial":null,"name":null,"address":null,"centerLon":128.86684725,"centerLat":71.6362297,"source":"OpenStreetMap"},"geometry":{"type":"Polygon","coordinates":[[[128.867235,71.6364835],[128.8675758,71.6363929],[128.8664595,71.6359759],[128.8661187,71.6360665],[128.867235,71.6364835]]]}},{"type":"Feature","id":"osm-way-231963961","properties":{"buildingId":"osm-way-231963961","osmBuildingId":"osm-way-231963961","osmId":231963961,"building":"residential","levels":null,"height":18,"minHeight":null,"roofShape":null,"buildingMaterial":null,"facadeMaterial":null,"name":null,"address":null,"centerLon":128.8650578,"centerLat":71.635649825,"source":"OpenStreetMap"},"geometry":{"type":"Polygon","coordinates":[[[128.8644222,71.635512],[128.8646957,71.6354352],[128.8656934,71.6357876],[128.8654199,71.6358645],[128.8644222,71.635512]]]}},{"type":"Feature","id":"osm-way-231963963","properties":{"buildingId":"osm-way-231963963","osmBuildingId":"osm-way-231963963","osmId":231963963,"building":"residential","levels":null,"height":23,"minHeight":null,"roofShape":null,"buildingMaterial":null,"facadeMaterial":null,"name":null,"address":null,"centerLon":128.8629396,"centerLat":71.6348825,"source":"OpenStreetMap"},"geometry":{"type":"Polygon","coordinates":[[[128.8638332,71.635292],[128.8641166,71.6352133],[128.862046,71.634473],[128.8617626,71.6345517],[128.8638332,71.635292]]]}},{"type":"Feature","id":"osm-way-231963964","properties":{"buildingId":"osm-way-231963964","osmBuildingId":"osm-way-231963964","osmId":231963964,"building":"residential","levels":null,"height":25.5,"minHeight":null,"roofShape":null,"buildingMaterial":null,"facadeMaterial":null,"name":null,"address":null,"centerLon":128.862552,"centerLat":71.6352631,"source":"OpenStreetMap"},"geometry":{"type":"Polygon","coordinates":[[[128.8630389,71.6355374],[128.8633448,71.6354538],[128.8620651,71.6349888],[128.8617592,71.6350724],[128.8630389,71.6355374]]]}},{"type":"Feature","id":"osm-way-231963966","properties":{"buildingId":"osm-way-231963966","osmBuildingId":"osm-way-231963966","osmId":231963966,"building":"residential","levels":null,"height":8,"minHeight":null,"roofShape":null,"buildingMaterial":null,"facadeMaterial":null,"name":null,"address":"улица Трусова, 10","centerLon":128.8638148,"centerLat":71.63572092499999,"source":"OpenStreetMap"},"geometry":{"type":"Polygon","coordinates":[[[128.8639746,71.6358657],[128.8642501,71.6357895],[128.863655,71.6355761],[128.8633795,71.6356524],[128.8639746,71.6358657]]]}},{"type":"Feature","id":"osm-way-231963967","properties":{"buildingId":"osm-way-231963967","osmBuildingId":"osm-way-231963967","osmId":231963967,"building":"yes","levels":null,"height":10.5,"minHeight":null,"roofShape":null,"buildingMaterial":null,"facadeMaterial":null,"name":null,"address":null,"centerLon":128.86204945,"centerLat":71.635696725,"source":"OpenStreetMap"},"geometry":{"type":"Polygon","coordinates":[[[128.8622325,71.6358418],[128.8624836,71.6357719],[128.8618664,71.6355517],[128.8616153,71.6356215],[128.8622325,71.6358418]]]}},{"type":"Feature","id":"osm-way-231963970","properties":{"buildingId":"osm-way-231963970","osmBuildingId":"osm-way-231963970","osmId":231963970,"building":"residential","levels":null,"height":18,"minHeight":null,"roofShape":null,"buildingMaterial":null,"facadeMaterial":null,"name":null,"address":null,"centerLon":128.86070125,"centerLat":71.63408855,"source":"OpenStreetMap"},"geometry":{"type":"Polygon","coordinates":[[[128.8610817,71.6343172],[128.8613686,71.6342384],[128.8603208,71.6338599],[128.8600339,71.6339387],[128.8610817,71.6343172]]]}},{"type":"Feature","id":"osm-way-231963972","properties":{"buildingId":"osm-way-231963972","osmBuildingId":"osm-way-231963972","osmId":231963972,"building":"residential","levels":null,"height":23,"minHeight":null,"roofShape":null,"buildingMaterial":null,"facadeMaterial":null,"name":null,"address":null,"centerLon":128.8593398,"centerLat":71.633608875,"source":"OpenStreetMap"},"geometry":{"type":"Polygon","coordinates":[[[128.8597123,71.6338331],[128.860003,71.6337516],[128.8589673,71.6333847],[128.8586766,71.6334661],[128.8597123,71.6338331]]]}},{"type":"Feature","id":"osm-way-231963974","properties":{"buildingId":"osm-way-231963974","osmBuildingId":"osm-way-231963974","osmId":231963974,"building":"residential","levels":null,"height":28,"minHeight":null,"roofShape":null,"buildingMaterial":null,"facadeMaterial":null,"name":null,"address":null,"centerLon":128.858304275,"centerLat":71.633802525,"source":"OpenStreetMap"},"geometry":{"type":"Polygon","coordinates":[[[128.8583585,71.6339702],[128.8588196,71.6338476],[128.85825,71.6336349],[128.857789,71.6337574],[128.8583585,71.6339702]]]}},{"type":"Feature","id":"osm-way-231963976","properties":{"buildingId":"osm-way-231963976","osmBuildingId":"osm-way-231963976","osmId":231963976,"building":"yes","levels":null,"height":10.5,"minHeight":null,"roofShape":null,"buildingMaterial":null,"facadeMaterial":null,"name":null,"address":null,"centerLon":128.85747229999998,"centerLat":71.6334003,"source":"OpenStreetMap"},"geometry":{"type":"Polygon","coordinates":[[[128.8575103,71.633552],[128.8579531,71.6334147],[128.8574343,71.6332486],[128.8569915,71.6333859],[128.8575103,71.633552]]]}},{"type":"Feature","id":"osm-way-231963978","properties":{"buildingId":"osm-way-231963978","osmBuildingId":"osm-way-231963978","osmId":231963978,"building":"yes","levels":null,"height":15.5,"minHeight":null,"roofShape":null,"buildingMaterial":null,"facadeMaterial":null,"name":null,"address":null,"centerLon":128.8564993,"centerLat":71.6337054,"source":"OpenStreetMap"},"geometry":{"type":"Polygon","coordinates":[[[128.8565982,71.633835],[128.8568957,71.633752],[128.8564004,71.6335758],[128.8561029,71.6336588],[128.8565982,71.633835]]]}},{"type":"Feature","id":"osm-way-231963980","properties":{"buildingId":"osm-way-231963980","osmBuildingId":"osm-way-231963980","osmId":231963980,"building":"residential","levels":null,"height":20.5,"minHeight":null,"roofShape":null,"buildingMaterial":null,"facadeMaterial":null,"name":null,"address":null,"centerLon":128.861822025,"centerLat":71.63353,"source":"OpenStreetMap"},"geometry":{"type":"Polygon","coordinates":[[[128.8627178,71.6339605],[128.863014,71.633882],[128.8609262,71.6330995],[128.8606301,71.633178],[128.8627178,71.6339605]]]}},{"type":"Feature","id":"osm-way-231963982","properties":{"buildingId":"osm-way-231963982","osmBuildingId":"osm-way-231963982","osmId":231963982,"building":"yes","levels":null,"height":25.5,"minHeight":null,"roofShape":null,"buildingMaterial":null,"facadeMaterial":null,"name":null,"address":null,"centerLon":128.863284575,"centerLat":71.63344914999999,"source":"OpenStreetMap"},"geometry":{"type":"Polygon","coordinates":[[[128.8635126,71.6336103],[128.8637839,71.633529],[128.8630566,71.633288],[128.8627852,71.6333693],[128.8635126,71.6336103]]]}},{"type":"Feature","id":"osm-way-231963983","properties":{"buildingId":"osm-way-231963983","osmBuildingId":"osm-way-231963983","osmId":231963983,"building":"yes","levels":null,"height":28,"minHeight":null,"roofShape":null,"buildingMaterial":null,"facadeMaterial":null,"name":null,"address":null,"centerLon":128.862022425,"centerLat":71.63303185000001,"source":"OpenStreetMap"},"geometry":{"type":"Polygon","coordinates":[[[128.8622543,71.6331768],[128.8624746,71.6331095],[128.8617906,71.6328869],[128.8615702,71.6329542],[128.8622543,71.6331768]]]}},{"type":"Feature","id":"osm-way-231963985","properties":{"buildingId":"osm-way-231963985","osmBuildingId":"osm-way-231963985","osmId":231963985,"building":"yes","levels":null,"height":10.5,"minHeight":null,"roofShape":null,"buildingMaterial":null,"facadeMaterial":null,"name":null,"address":null,"centerLon":128.86350627500002,"centerLat":71.632882825,"source":"OpenStreetMap"},"geometry":{"type":"Polygon","coordinates":[[[128.8638816,71.6330834],[128.8641574,71.6329929],[128.8631309,71.6326823],[128.8628552,71.6327727],[128.8638816,71.6330834]]]}},{"type":"Feature","id":"osm-way-231963987","properties":{"buildingId":"osm-way-231963987","osmBuildingId":"osm-way-231963987","osmId":231963987,"building":"yes","levels":null,"height":15.5,"minHeight":null,"roofShape":null,"buildingMaterial":null,"facadeMaterial":null,"name":null,"address":null,"centerLon":128.86270055,"centerLat":71.632637,"source":"OpenStreetMap"},"geometry":{"type":"Polygon","coordinates":[[[128.8627631,71.6327425],[128.863034,71.632659],[128.862638,71.6325315],[128.8623671,71.632615],[128.8627631,71.6327425]]]}},{"type":"Feature","id":"osm-way-231963988","properties":{"buildingId":"osm-way-231963988","osmBuildingId":"osm-way-231963988","osmId":231963988,"building":"yes","levels":null,"height":18,"minHeight":null,"roofShape":null,"buildingMaterial":null,"facadeMaterial":null,"name":null,"address":null,"centerLon":128.86192060000002,"centerLat":71.6323889,"source":"OpenStreetMap"},"geometry":{"type":"Polygon","coordinates":[[[128.8621597,71.6325431],[128.8624136,71.6324619],[128.8616815,71.6322347],[128.8614276,71.6323159],[128.8621597,71.6325431]]]}},{"type":"Feature","id":"osm-way-231963990","properties":{"buildingId":"osm-way-231963990","osmBuildingId":"osm-way-231963990","osmId":231963990,"building":"yes","levels":null,"height":23,"minHeight":null,"roofShape":null,"buildingMaterial":null,"facadeMaterial":null,"name":null,"address":null,"centerLon":128.86097035,"centerLat":71.632676,"source":"OpenStreetMap"},"geometry":{"type":"Polygon","coordinates":[[[128.8611873,71.6328336],[128.8614585,71.6327525],[128.8607534,71.6325184],[128.8604822,71.6325995],[128.8611873,71.6328336]]]}},{"type":"Feature","id":"osm-way-231963992","properties":{"buildingId":"osm-way-231963992","osmBuildingId":"osm-way-231963992","osmId":231963992,"building":"yes","levels":null,"height":28,"minHeight":null,"roofShape":null,"buildingMaterial":null,"facadeMaterial":null,"name":null,"address":null,"centerLon":128.86326175,"centerLat":71.632249875,"source":"OpenStreetMap"},"geometry":{"type":"Polygon","coordinates":[[[128.8636634,71.632372],[128.8638158,71.6322708],[128.8628601,71.6321278],[128.8627077,71.6322289],[128.8636634,71.632372]]]}},{"type":"Feature","id":"osm-way-231963994","properties":{"buildingId":"osm-way-231963994","osmBuildingId":"osm-way-231963994","osmId":231963994,"building":"yes","levels":null,"height":10.5,"minHeight":null,"roofShape":null,"buildingMaterial":null,"facadeMaterial":null,"name":null,"address":null,"centerLon":128.85668125,"centerLat":71.63451945,"source":"OpenStreetMap"},"geometry":{"type":"Polygon","coordinates":[[[128.8567457,71.6346837],[128.8571918,71.6345584],[128.8566168,71.6343552],[128.8561707,71.6344805],[128.8567457,71.6346837]]]}},{"type":"Feature","id":"osm-way-231963995","properties":{"buildingId":"osm-way-231963995","osmBuildingId":"osm-way-231963995","osmId":231963995,"building":"yes","levels":null,"height":13,"minHeight":null,"roofShape":null,"buildingMaterial":null,"facadeMaterial":null,"name":null,"address":null,"centerLon":128.85542485000002,"centerLat":71.63428049999999,"source":"OpenStreetMap"},"geometry":{"type":"Polygon","coordinates":[[[128.8556274,71.6344824],[128.8560151,71.6343817],[128.8552223,71.6340786],[128.8548346,71.6341793],[128.8556274,71.6344824]]]}},{"type":"Feature","id":"osm-way-231963997","properties":{"buildingId":"osm-way-231963997","osmBuildingId":"osm-way-231963997","osmId":231963997,"building":"yes","levels":null,"height":18,"minHeight":null,"roofShape":null,"buildingMaterial":null,"facadeMaterial":null,"name":null,"address":null,"centerLon":128.8531961,"centerLat":71.63411140000001,"source":"OpenStreetMap"},"geometry":{"type":"Polygon","coordinates":[[[128.8533134,71.6342347],[128.8535676,71.6341649],[128.8530788,71.6339881],[128.8528246,71.6340579],[128.8533134,71.6342347]]]}},{"type":"Feature","id":"osm-way-231963998","properties":{"buildingId":"osm-way-231963998","osmBuildingId":"osm-way-231963998","osmId":231963998,"building":"yes","levels":null,"height":20.5,"minHeight":null,"roofShape":null,"buildingMaterial":null,"facadeMaterial":null,"name":null,"address":null,"centerLon":128.85260075000002,"centerLat":71.6337495,"source":"OpenStreetMap"},"geometry":{"type":"Polygon","coordinates":[[[128.8528189,71.6339303],[128.8531139,71.6338556],[128.8523826,71.6335687],[128.8520876,71.6336434],[128.8528189,71.6339303]]]}},{"type":"Feature","id":"osm-way-231964000","properties":{"buildingId":"osm-way-231964000","osmBuildingId":"osm-way-231964000","osmId":231964000,"building":"yes","levels":null,"height":25.5,"minHeight":null,"roofShape":null,"buildingMaterial":null,"facadeMaterial":null,"name":null,"address":null,"centerLon":128.85144925,"centerLat":71.633331075,"source":"OpenStreetMap"},"geometry":{"type":"Polygon","coordinates":[[[128.851731,71.63353],[128.8520233,71.6334524],[128.8511675,71.6331322],[128.8508752,71.6332097],[128.851731,71.63353]]]}},{"type":"Feature","id":"osm-way-231964001","properties":{"buildingId":"osm-way-231964001","osmBuildingId":"osm-way-231964001","osmId":231964001,"building":"yes","levels":null,"height":28,"minHeight":null,"roofShape":null,"buildingMaterial":null,"facadeMaterial":null,"name":null,"address":null,"centerLon":128.85191575,"centerLat":71.632853225,"source":"OpenStreetMap"},"geometry":{"type":"Polygon","coordinates":[[[128.8518325,71.6329404],[128.8522034,71.6328445],[128.851999,71.632766],[128.8516281,71.632862],[128.8518325,71.6329404]]]}},{"type":"Feature","id":"osm-way-231964003","properties":{"buildingId":"osm-way-231964003","osmBuildingId":"osm-way-231964003","osmId":231964003,"building":"yes","levels":null,"height":10.5,"minHeight":null,"roofShape":null,"buildingMaterial":null,"facadeMaterial":null,"name":null,"address":null,"centerLon":128.8512175,"centerLat":71.632500525,"source":"OpenStreetMap"},"geometry":{"type":"Polygon","coordinates":[[[128.8513658,71.6326838],[128.851783,71.6325639],[128.8510692,71.6323173],[128.850652,71.6324371],[128.8513658,71.6326838]]]}},{"type":"Feature","id":"osm-way-231964004","properties":{"buildingId":"osm-way-231964004","osmBuildingId":"osm-way-231964004","osmId":231964004,"building":"yes","levels":null,"height":13,"minHeight":null,"roofShape":null,"buildingMaterial":null,"facadeMaterial":null,"name":null,"address":null,"centerLon":128.85286515,"centerLat":71.632351,"source":"OpenStreetMap"},"geometry":{"type":"Polygon","coordinates":[[[128.8522268,71.6322143],[128.8524848,71.6321394],[128.8535035,71.6324877],[128.8532455,71.6325626],[128.8522268,71.6322143]]]}},{"type":"Feature","id":"osm-way-231964006","properties":{"buildingId":"osm-way-231964006","osmBuildingId":"osm-way-231964006","osmId":231964006,"building":"yes","levels":null,"height":18,"minHeight":null,"roofShape":null,"buildingMaterial":null,"facadeMaterial":null,"name":null,"address":null,"centerLon":128.85457765,"centerLat":71.632768275,"source":"OpenStreetMap"},"geometry":{"type":"Polygon","coordinates":[[[128.853832,71.632641],[128.8542517,71.6325216],[128.8553233,71.6328955],[128.8549036,71.633015],[128.853832,71.632641]]]}},{"type":"Feature","id":"osm-way-231964008","properties":{"buildingId":"osm-way-231964008","osmBuildingId":"osm-way-231964008","osmId":231964008,"building":"yes","levels":null,"height":23,"minHeight":null,"roofShape":null,"buildingMaterial":null,"facadeMaterial":null,"name":null,"address":null,"centerLon":128.85550544999998,"centerLat":71.63240257499999,"source":"OpenStreetMap"},"geometry":{"type":"Polygon","coordinates":[[[128.8558328,71.632713],[128.8564786,71.6325163],[128.8551781,71.6320922],[128.8545323,71.6322888],[128.8558328,71.632713]]]}},{"type":"Feature","id":"osm-way-231964010","properties":{"buildingId":"osm-way-231964010","osmBuildingId":"osm-way-231964010","osmId":231964010,"building":"yes","levels":null,"height":28,"minHeight":null,"roofShape":null,"buildingMaterial":null,"facadeMaterial":null,"name":null,"address":null,"centerLon":128.85639625000002,"centerLat":71.63217965,"source":"OpenStreetMap"},"geometry":{"type":"Polygon","coordinates":[[[128.8568217,71.6324445],[128.8572141,71.6323269],[128.8559708,71.6319148],[128.8555784,71.6320324],[128.8568217,71.6324445]]]}},{"type":"Feature","id":"osm-way-231964016","properties":{"buildingId":"osm-way-231964016","osmBuildingId":"osm-way-231964016","osmId":231964016,"building":"yes","levels":null,"height":20.5,"minHeight":null,"roofShape":null,"buildingMaterial":null,"facadeMaterial":null,"name":null,"address":null,"centerLon":128.85639229999998,"centerLat":71.63304872500001,"source":"OpenStreetMap"},"geometry":{"type":"Polygon","coordinates":[[[128.8565098,71.6331852],[128.8567,71.6331516],[128.8562748,71.6329123],[128.8560846,71.6329458],[128.8565098,71.6331852]]]}},{"type":"Feature","id":"osm-way-231964019","properties":{"buildingId":"osm-way-231964019","osmBuildingId":"osm-way-231964019","osmId":231964019,"building":"yes","levels":null,"height":28,"minHeight":null,"roofShape":null,"buildingMaterial":null,"facadeMaterial":null,"name":null,"address":null,"centerLon":128.85559545,"centerLat":71.6332346,"source":"OpenStreetMap"},"geometry":{"type":"Polygon","coordinates":[[[128.8556578,71.633377],[128.8559177,71.6333363],[128.8555331,71.6330922],[128.8552732,71.6331329],[128.8556578,71.633377]]]}},{"type":"Feature","id":"osm-way-231964020","properties":{"buildingId":"osm-way-231964020","osmBuildingId":"osm-way-231964020","osmId":231964020,"building":"yes","levels":null,"height":8,"minHeight":null,"roofShape":null,"buildingMaterial":null,"facadeMaterial":null,"name":null,"address":null,"centerLon":128.857313775,"centerLat":71.63286289999999,"source":"OpenStreetMap"},"geometry":{"type":"Polygon","coordinates":[[[128.8570195,71.6330198],[128.8567799,71.632933],[128.857608,71.632706],[128.8578477,71.6327928],[128.8570195,71.6330198]]]}},{"type":"Feature","id":"osm-way-231964022","properties":{"buildingId":"osm-way-231964022","osmBuildingId":"osm-way-231964022","osmId":231964022,"building":"yes","levels":null,"height":13,"minHeight":null,"roofShape":null,"buildingMaterial":null,"facadeMaterial":null,"name":null,"address":null,"centerLon":128.8610883,"centerLat":71.63602555,"source":"OpenStreetMap"},"geometry":{"type":"Polygon","coordinates":[[[128.8612689,71.6361756],[128.8615423,71.6360983],[128.8609077,71.6358755],[128.8606343,71.6359528],[128.8612689,71.6361756]]]}},{"type":"Feature","id":"osm-way-231964024","properties":{"buildingId":"osm-way-231964024","osmBuildingId":"osm-way-231964024","osmId":231964024,"building":"yes","levels":null,"height":18,"minHeight":null,"roofShape":null,"buildingMaterial":null,"facadeMaterial":null,"name":"Поликлиника","address":null,"centerLon":128.86863525,"centerLat":71.63741834999999,"source":"OpenStreetMap"},"geometry":{"type":"Polygon","coordinates":[[[128.868157,71.6373263],[128.8684346,71.6372535],[128.8691135,71.6375104],[128.8688359,71.6375832],[128.868157,71.6373263]]]}},{"type":"Feature","id":"osm-way-231964027","properties":{"buildingId":"osm-way-231964027","osmBuildingId":"osm-way-231964027","osmId":231964027,"building":"yes","levels":null,"height":25.5,"minHeight":null,"roofShape":null,"buildingMaterial":null,"facadeMaterial":null,"name":null,"address":null,"centerLon":128.8679919,"centerLat":71.637135425,"source":"OpenStreetMap"},"geometry":{"type":"Polygon","coordinates":[[[128.8680441,71.6372843],[128.868445,71.6371809],[128.8679397,71.6369865],[128.8675388,71.63709],[128.8680441,71.6372843]]]}},{"type":"Feature","id":"osm-way-231964342","properties":{"buildingId":"osm-way-231964342","osmBuildingId":"osm-way-231964342","osmId":231964342,"building":"residential","levels":null,"height":25.5,"minHeight":null,"roofShape":null,"buildingMaterial":null,"facadeMaterial":null,"name":null,"address":null,"centerLon":128.8667712,"centerLat":71.63760264999999,"source":"OpenStreetMap"},"geometry":{"type":"Polygon","coordinates":[[[128.8669668,71.6377437],[128.8671605,71.6376957],[128.8665756,71.6374616],[128.8663819,71.6375096],[128.8669668,71.6377437]]]}},{"type":"Feature","id":"osm-way-231964343","properties":{"buildingId":"osm-way-231964343","osmBuildingId":"osm-way-231964343","osmId":231964343,"building":"residential","levels":null,"height":28,"minHeight":null,"roofShape":null,"buildingMaterial":null,"facadeMaterial":null,"name":null,"address":null,"centerLon":128.8670161,"centerLat":71.6374844,"source":"OpenStreetMap"},"geometry":{"type":"Polygon","coordinates":[[[128.8671364,71.637628],[128.8674307,71.6375551],[128.8668958,71.6373408],[128.8666015,71.6374137],[128.8671364,71.637628]]]}},{"type":"Feature","id":"osm-way-231964344","properties":{"buildingId":"osm-way-231964344","osmBuildingId":"osm-way-231964344","osmId":231964344,"building":"yes","levels":null,"height":8,"minHeight":null,"roofShape":null,"buildingMaterial":null,"facadeMaterial":null,"name":"Средняя школа № 1","address":null,"centerLon":128.86849635,"centerLat":71.63789044999999,"source":"OpenStreetMap"},"geometry":{"type":"Polygon","coordinates":[[[128.8688992,71.6381262],[128.8691555,71.6380595],[128.8680935,71.6376547],[128.8678372,71.6377214],[128.8688992,71.6381262]]]}},{"type":"Feature","id":"osm-way-231964345","properties":{"buildingId":"osm-way-231964345","osmBuildingId":"osm-way-231964345","osmId":231964345,"building":"yes","levels":null,"height":10.5,"minHeight":null,"roofShape":null,"buildingMaterial":null,"facadeMaterial":null,"name":null,"address":null,"centerLon":128.86826037499998,"centerLat":71.638546925,"source":"OpenStreetMap"},"geometry":{"type":"Polygon","coordinates":[[[128.8684302,71.6386996],[128.8686984,71.6386313],[128.8680906,71.6383943],[128.8678223,71.6384625],[128.8684302,71.6386996]]]}},{"type":"Feature","id":"osm-way-231964346","properties":{"buildingId":"osm-way-231964346","osmBuildingId":"osm-way-231964346","osmId":231964346,"building":"yes","levels":null,"height":13,"minHeight":null,"roofShape":null,"buildingMaterial":null,"facadeMaterial":null,"name":"Музыкальная школа","address":null,"centerLon":128.8693088,"centerLat":71.63880622500001,"source":"OpenStreetMap"},"geometry":{"type":"Polygon","coordinates":[[[128.8690882,71.638951],[128.8688194,71.638851],[128.8695294,71.6386615],[128.8697982,71.6387614],[128.8690882,71.638951]]]}},{"type":"Feature","id":"osm-way-231964347","properties":{"buildingId":"osm-way-231964347","osmBuildingId":"osm-way-231964347","osmId":231964347,"building":"yes","levels":null,"height":15.5,"minHeight":null,"roofShape":null,"buildingMaterial":null,"facadeMaterial":null,"name":null,"address":null,"centerLon":128.86633685,"centerLat":71.6384182,"source":"OpenStreetMap"},"geometry":{"type":"Polygon","coordinates":[[[128.8665401,71.6385805],[128.8668086,71.6385096],[128.8661336,71.6382559],[128.8658651,71.6383268],[128.8665401,71.6385805]]]}},{"type":"Feature","id":"osm-way-231964348","properties":{"buildingId":"osm-way-231964348","osmBuildingId":"osm-way-231964348","osmId":231964348,"building":"residential","levels":null,"height":18,"minHeight":null,"roofShape":null,"buildingMaterial":null,"facadeMaterial":null,"name":null,"address":null,"centerLon":128.86441355,"centerLat":71.63819005,"source":"OpenStreetMap"},"geometry":{"type":"Polygon","coordinates":[[[128.8644569,71.6383003],[128.8647536,71.6382195],[128.8643702,71.6380798],[128.8640735,71.6381606],[128.8644569,71.6383003]]]}},{"type":"Feature","id":"osm-way-231964349","properties":{"buildingId":"osm-way-231964349","osmBuildingId":"osm-way-231964349","osmId":231964349,"building":"yes","levels":null,"height":20.5,"minHeight":null,"roofShape":null,"buildingMaterial":null,"facadeMaterial":null,"name":null,"address":null,"centerLon":128.86308432500002,"centerLat":71.6383447,"source":"OpenStreetMap"},"geometry":{"type":"Polygon","coordinates":[[[128.8630996,71.6384448],[128.8633963,71.6383643],[128.863069,71.6382446],[128.8627724,71.6383251],[128.8630996,71.6384448]]]}},{"type":"Feature","id":"osm-way-231964351","properties":{"buildingId":"osm-way-231964351","osmBuildingId":"osm-way-231964351","osmId":231964351,"building":"yes","levels":null,"height":25.5,"minHeight":null,"roofShape":null,"buildingMaterial":null,"facadeMaterial":null,"name":null,"address":null,"centerLon":128.87140317499998,"centerLat":71.6390876,"source":"OpenStreetMap"},"geometry":{"type":"Polygon","coordinates":[[[128.8714995,71.639248],[128.871785,71.639198],[128.8713068,71.6389272],[128.8710214,71.6389772],[128.8714995,71.639248]]]}},{"type":"Feature","id":"osm-way-231964352","properties":{"buildingId":"osm-way-231964352","osmBuildingId":"osm-way-231964352","osmId":231964352,"building":"yes","levels":null,"height":28,"minHeight":null,"roofShape":null,"buildingMaterial":null,"facadeMaterial":null,"name":null,"address":null,"centerLon":128.87370214999999,"centerLat":71.638970575,"source":"OpenStreetMap"},"geometry":{"type":"Polygon","coordinates":[[[128.8736869,71.6390676],[128.8739719,71.6390176],[128.8737174,71.6388736],[128.8734324,71.6389235],[128.8736869,71.6390676]]]}},{"type":"Feature","id":"osm-way-231964354","properties":{"buildingId":"osm-way-231964354","osmBuildingId":"osm-way-231964354","osmId":231964354,"building":"yes","levels":null,"height":10.5,"minHeight":null,"roofShape":null,"buildingMaterial":null,"facadeMaterial":null,"name":null,"address":null,"centerLon":128.8728668,"centerLat":71.639071125,"source":"OpenStreetMap"},"geometry":{"type":"Polygon","coordinates":[[[128.8728118,71.6391437],[128.8730854,71.6390997],[128.8729218,71.6389986],[128.8726482,71.6390425],[128.8728118,71.6391437]]]}},{"type":"Feature","id":"osm-way-231964356","properties":{"buildingId":"osm-way-231964356","osmBuildingId":"osm-way-231964356","osmId":231964356,"building":"yes","levels":null,"height":15.5,"minHeight":null,"roofShape":null,"buildingMaterial":null,"facadeMaterial":null,"name":null,"address":null,"centerLon":128.87568885000002,"centerLat":71.63919985000001,"source":"OpenStreetMap"},"geometry":{"type":"Polygon","coordinates":[[[128.8759329,71.6395208],[128.8764552,71.6394249],[128.8754448,71.6388789],[128.8749225,71.6389748],[128.8759329,71.6395208]]]}},{"type":"Feature","id":"osm-way-231964357","properties":{"buildingId":"osm-way-231964357","osmBuildingId":"osm-way-231964357","osmId":231964357,"building":"yes","levels":null,"height":18,"minHeight":null,"roofShape":null,"buildingMaterial":null,"facadeMaterial":null,"name":"Спортзал «Водник»","address":null,"centerLon":128.87439435,"centerLat":71.63842445,"source":"OpenStreetMap"},"geometry":{"type":"Polygon","coordinates":[[[128.874641,71.6385788],[128.8741318,71.6385762],[128.8741477,71.6382701],[128.8746569,71.6382727],[128.874641,71.6385788]]]}},{"type":"Feature","id":"osm-way-231964358","properties":{"buildingId":"osm-way-231964358","osmBuildingId":"osm-way-231964358","osmId":231964358,"building":"yes","levels":null,"height":20.5,"minHeight":null,"roofShape":null,"buildingMaterial":null,"facadeMaterial":null,"name":null,"address":null,"centerLon":128.86381605,"centerLat":71.63867718333334,"source":"OpenStreetMap"},"geometry":{"type":"Polygon","coordinates":[[[128.8639313,71.6388155],[128.8642876,71.638717],[128.8636834,71.6385002],[128.8634286,71.6385706],[128.8638334,71.6387159],[128.863732,71.6387439],[128.8639313,71.6388155]]]}},{"type":"Feature","id":"osm-way-231964359","properties":{"buildingId":"osm-way-231964359","osmBuildingId":"osm-way-231964359","osmId":231964359,"building":"yes","levels":null,"height":23,"minHeight":null,"roofShape":null,"buildingMaterial":null,"facadeMaterial":null,"name":null,"address":null,"centerLon":128.863545775,"centerLat":71.63915779999999,"source":"OpenStreetMap"},"geometry":{"type":"Polygon","coordinates":[[[128.8637364,71.639321],[128.8640112,71.6392513],[128.8633552,71.6389946],[128.8630803,71.6390643],[128.8637364,71.639321]]]}},{"type":"Feature","id":"osm-way-231964451","properties":{"buildingId":"osm-way-231964451","osmBuildingId":"osm-way-231964451","osmId":231964451,"building":"residential","levels":null,"height":28,"minHeight":null,"roofShape":null,"buildingMaterial":null,"facadeMaterial":null,"name":null,"address":null,"centerLon":128.870262325,"centerLat":71.635090675,"source":"OpenStreetMap"},"geometry":{"type":"Polygon","coordinates":[[[128.8705354,71.6353886],[128.8710427,71.6352797],[128.8699893,71.6347927],[128.8694819,71.6349017],[128.8705354,71.6353886]]]}},{"type":"Feature","id":"osm-way-231964452","properties":{"buildingId":"osm-way-231964452","osmBuildingId":"osm-way-231964452","osmId":231964452,"building":"residential","levels":null,"height":8,"minHeight":null,"roofShape":null,"buildingMaterial":null,"facadeMaterial":null,"name":null,"address":null,"centerLon":128.87136465,"centerLat":71.634956575,"source":"OpenStreetMap"},"geometry":{"type":"Polygon","coordinates":[[[128.8716882,71.6352961],[128.8722246,71.6351851],[128.8710411,71.6346171],[128.8705047,71.634728],[128.8716882,71.6352961]]]}},{"type":"Feature","id":"osm-way-231964453","properties":{"buildingId":"osm-way-231964453","osmBuildingId":"osm-way-231964453","osmId":231964453,"building":"yes","levels":null,"height":10.5,"minHeight":null,"roofShape":null,"buildingMaterial":null,"facadeMaterial":null,"name":null,"address":null,"centerLon":128.87195765,"centerLat":71.6345391,"source":"OpenStreetMap"},"geometry":{"type":"Polygon","coordinates":[[[128.8719621,71.6347016],[128.8724264,71.6346069],[128.8719532,71.6343766],[128.8714889,71.6344713],[128.8719621,71.6347016]]]}},{"type":"Feature","id":"osm-way-231964454","properties":{"buildingId":"osm-way-231964454","osmBuildingId":"osm-way-231964454","osmId":231964454,"building":"residential","levels":null,"height":13,"minHeight":null,"roofShape":null,"buildingMaterial":null,"facadeMaterial":null,"name":null,"address":null,"centerLon":128.86873488,"centerLat":71.63444827,"source":"OpenStreetMap"},"geometry":{"type":"Polygon","coordinates":[[[128.869072,71.6348097],[128.8696254,71.6346644],[128.8694383,71.6345936],[128.8692926,71.6346318],[128.8685174,71.6343387],[128.868682,71.6342955],[128.8684921,71.6342236],[128.8682117,71.6342973],[128.8681547,71.6342757],[128.8678626,71.6343524],[128.869072,71.6348097]]]}},{"type":"Feature","id":"osm-way-231964455","properties":{"buildingId":"osm-way-231964455","osmBuildingId":"osm-way-231964455","osmId":231964455,"building":"yes","levels":null,"height":15.5,"minHeight":null,"roofShape":null,"buildingMaterial":null,"facadeMaterial":null,"name":null,"address":null,"centerLon":128.87036669999998,"centerLat":71.63439804999999,"source":"OpenStreetMap"},"geometry":{"type":"Polygon","coordinates":[[[128.8703538,71.6344963],[128.8706585,71.634433],[128.8703796,71.6342998],[128.8700749,71.6343631],[128.8703538,71.6344963]]]}},{"type":"Feature","id":"osm-way-231964456","properties":{"buildingId":"osm-way-231964456","osmBuildingId":"osm-way-231964456","osmId":231964456,"building":"yes","levels":null,"height":18,"minHeight":null,"roofShape":null,"buildingMaterial":null,"facadeMaterial":null,"name":null,"address":null,"centerLon":128.87022560000003,"centerLat":71.63299535,"source":"OpenStreetMap"},"geometry":{"type":"Polygon","coordinates":[[[128.871014,71.6331944],[128.871225,71.6330419],[128.8694372,71.6327963],[128.8692262,71.6329488],[128.871014,71.6331944]]]}},{"type":"Feature","id":"osm-way-231964457","properties":{"buildingId":"osm-way-231964457","osmBuildingId":"osm-way-231964457","osmId":231964457,"building":"yes","levels":null,"height":20.5,"minHeight":null,"roofShape":null,"buildingMaterial":null,"facadeMaterial":null,"name":null,"address":null,"centerLon":128.86679675,"centerLat":71.63248385,"source":"OpenStreetMap"},"geometry":{"type":"Polygon","coordinates":[[[128.8659377,71.6324739],[128.8674068,71.6326747],[128.8676558,71.6324938],[128.8661867,71.632293],[128.8659377,71.6324739]]]}},{"type":"Feature","id":"osm-way-231964458","properties":{"buildingId":"osm-way-231964458","osmBuildingId":"osm-way-231964458","osmId":231964458,"building":"yes","levels":null,"height":23,"minHeight":null,"roofShape":null,"buildingMaterial":null,"facadeMaterial":null,"name":null,"address":null,"centerLon":128.865137425,"centerLat":71.6325316,"source":"OpenStreetMap"},"geometry":{"type":"Polygon","coordinates":[[[128.8653794,71.6326498],[128.8655836,71.6325268],[128.8648954,71.6324134],[128.8646913,71.6325364],[128.8653794,71.6326498]]]}},{"type":"Feature","id":"osm-way-231964459","properties":{"buildingId":"osm-way-231964459","osmBuildingId":"osm-way-231964459","osmId":231964459,"building":"yes","levels":null,"height":25.5,"minHeight":null,"roofShape":null,"buildingMaterial":null,"facadeMaterial":null,"name":null,"address":null,"centerLon":128.865717625,"centerLat":71.632142875,"source":"OpenStreetMap"},"geometry":{"type":"Polygon","coordinates":[[[128.8659377,71.6322235],[128.8660451,71.6321513],[128.8655083,71.6320634],[128.8653794,71.6321333],[128.8659377,71.6322235]]]}},{"type":"Feature","id":"osm-way-231964460","properties":{"buildingId":"osm-way-231964460","osmBuildingId":"osm-way-231964460","osmId":231964460,"building":"yes","levels":null,"height":28,"minHeight":null,"roofShape":null,"buildingMaterial":null,"facadeMaterial":null,"name":null,"address":null,"centerLon":128.86560005,"centerLat":71.6313033,"source":"OpenStreetMap"},"geometry":{"type":"Polygon","coordinates":[[[128.86512,71.631349],[128.8658808,71.6314342],[128.8660801,71.6312576],[128.8653193,71.6311724],[128.86512,71.631349]]]}},{"type":"Feature","id":"osm-way-231964719","properties":{"buildingId":"osm-way-231964719","osmBuildingId":"osm-way-231964719","osmId":231964719,"building":"yes","levels":null,"height":23,"minHeight":null,"roofShape":null,"buildingMaterial":null,"facadeMaterial":null,"name":null,"address":null,"centerLon":128.859339825,"centerLat":71.6313988,"source":"OpenStreetMap"},"geometry":{"type":"Polygon","coordinates":[[[128.8596886,71.6316078],[128.8600045,71.6315078],[128.858991,71.6311898],[128.8586752,71.6312898],[128.8596886,71.6316078]]]}},{"type":"Feature","id":"osm-way-231964720","properties":{"buildingId":"osm-way-231964720","osmBuildingId":"osm-way-231964720","osmId":231964720,"building":"yes","levels":null,"height":25.5,"minHeight":null,"roofShape":null,"buildingMaterial":null,"facadeMaterial":null,"name":null,"address":null,"centerLon":128.8584402,"centerLat":71.6311336,"source":"OpenStreetMap"},"geometry":{"type":"Polygon","coordinates":[[[128.8585586,71.6312208],[128.8587157,71.6311718],[128.8583218,71.6310464],[128.8581647,71.6310954],[128.8585586,71.6312208]]]}},{"type":"Feature","id":"osm-way-231964721","properties":{"buildingId":"osm-way-231964721","osmBuildingId":"osm-way-231964721","osmId":231964721,"building":"yes","levels":null,"height":28,"minHeight":null,"roofShape":null,"buildingMaterial":null,"facadeMaterial":null,"name":null,"address":null,"centerLon":128.85829295,"centerLat":71.63059045,"source":"OpenStreetMap"},"geometry":{"type":"Polygon","coordinates":[[[128.8583568,71.6306993],[128.8586419,71.6306032],[128.8582291,71.6304816],[128.857944,71.6305777],[128.8583568,71.6306993]]]}},{"type":"Feature","id":"osm-way-231964722","properties":{"buildingId":"osm-way-231964722","osmBuildingId":"osm-way-231964722","osmId":231964722,"building":"yes","levels":null,"height":8,"minHeight":null,"roofShape":null,"buildingMaterial":null,"facadeMaterial":null,"name":null,"address":null,"centerLon":128.85644269999997,"centerLat":71.63041765,"source":"OpenStreetMap"},"geometry":{"type":"Polygon","coordinates":[[[128.8565119,71.6305558],[128.856881,71.6304395],[128.8563735,71.6302795],[128.8560044,71.6303958],[128.8565119,71.6305558]]]}},{"type":"Feature","id":"osm-way-231964723","properties":{"buildingId":"osm-way-231964723","osmBuildingId":"osm-way-231964723","osmId":231964723,"building":"yes","levels":null,"height":10.5,"minHeight":null,"roofShape":null,"buildingMaterial":null,"facadeMaterial":null,"name":null,"address":null,"centerLon":128.85458515,"centerLat":71.629987,"source":"OpenStreetMap"},"geometry":{"type":"Polygon","coordinates":[[[128.8548662,71.630168],[128.8551763,71.6300638],[128.8543041,71.629806],[128.853994,71.6299102],[128.8548662,71.630168]]]}},{"type":"Feature","id":"osm-way-231964725","properties":{"buildingId":"osm-way-231964725","osmBuildingId":"osm-way-231964725","osmId":231964725,"building":"yes","levels":null,"height":15.5,"minHeight":null,"roofShape":null,"buildingMaterial":null,"facadeMaterial":null,"name":null,"address":null,"centerLon":128.85627069999998,"centerLat":71.6294358,"source":"OpenStreetMap"},"geometry":{"type":"Polygon","coordinates":[[[128.8565416,71.6296178],[128.85687,71.6295047],[128.8559998,71.6292538],[128.8556714,71.6293669],[128.8565416,71.6296178]]]}},{"type":"Feature","id":"osm-way-231964726","properties":{"buildingId":"osm-way-231964726","osmBuildingId":"osm-way-231964726","osmId":231964726,"building":"yes","levels":null,"height":18,"minHeight":null,"roofShape":null,"buildingMaterial":null,"facadeMaterial":null,"name":null,"address":null,"centerLon":128.85710135,"centerLat":71.6292018,"source":"OpenStreetMap"},"geometry":{"type":"Polygon","coordinates":[[[128.857513,71.6293849],[128.857718,71.629314],[128.8566897,71.6290187],[128.8564847,71.6290896],[128.857513,71.6293849]]]}},{"type":"Feature","id":"osm-way-231964727","properties":{"buildingId":"osm-way-231964727","osmBuildingId":"osm-way-231964727","osmId":231964727,"building":"yes","levels":null,"height":20.5,"minHeight":null,"roofShape":null,"buildingMaterial":null,"facadeMaterial":null,"name":null,"address":null,"centerLon":128.853496625,"centerLat":71.62919977499999,"source":"OpenStreetMap"},"geometry":{"type":"Polygon","coordinates":[[[128.8538526,71.6294315],[128.8542595,71.6292917],[128.8531407,71.6289681],[128.8527337,71.6291078],[128.8538526,71.6294315]]]}},{"type":"Feature","id":"osm-way-231964781","properties":{"buildingId":"osm-way-231964781","osmBuildingId":"osm-way-231964781","osmId":231964781,"building":"yes","levels":null,"height":20.5,"minHeight":null,"roofShape":null,"buildingMaterial":null,"facadeMaterial":null,"name":null,"address":null,"centerLon":128.8540213,"centerLat":71.6350345,"source":"OpenStreetMap"},"geometry":{"type":"Polygon","coordinates":[[[128.8541299,71.6351511],[128.8543706,71.635086],[128.8539127,71.6349179],[128.853672,71.634983],[128.8541299,71.6351511]]]}},{"type":"Feature","id":"osm-way-231964782","properties":{"buildingId":"osm-way-231964782","osmBuildingId":"osm-way-231964782","osmId":231964782,"building":"yes","levels":null,"height":23,"minHeight":null,"roofShape":null,"buildingMaterial":null,"facadeMaterial":null,"name":null,"address":null,"centerLon":128.853216525,"centerLat":71.634734775,"source":"OpenStreetMap"},"geometry":{"type":"Polygon","coordinates":[[[128.8533008,71.6348387],[128.8535344,71.6347731],[128.8531323,71.6346309],[128.8528986,71.6346964],[128.8533008,71.6348387]]]}},{"type":"Feature","id":"osm-way-231965046","properties":{"buildingId":"osm-way-231965046","osmBuildingId":"osm-way-231965046","osmId":231965046,"building":"yes","levels":null,"height":8,"minHeight":null,"roofShape":null,"buildingMaterial":null,"facadeMaterial":null,"name":null,"address":null,"centerLon":128.87184715,"centerLat":71.64015945,"source":"OpenStreetMap"},"geometry":{"type":"Polygon","coordinates":[[[128.8711163,71.6401189],[128.8713999,71.6399729],[128.872578,71.6402],[128.8722944,71.640346],[128.8711163,71.6401189]]]}},{"type":"Feature","id":"osm-way-231965047","properties":{"buildingId":"osm-way-231965047","osmBuildingId":"osm-way-231965047","osmId":231965047,"building":"yes","levels":null,"height":10.5,"minHeight":null,"roofShape":null,"buildingMaterial":null,"facadeMaterial":null,"name":null,"address":null,"centerLon":128.8706323,"centerLat":71.64020815,"source":"OpenStreetMap"},"geometry":{"type":"Polygon","coordinates":[[[128.8707958,71.6402898],[128.8709318,71.6402286],[128.8704688,71.6401265],[128.8703328,71.6401877],[128.8707958,71.6402898]]]}},{"type":"Feature","id":"osm-way-231965048","properties":{"buildingId":"osm-way-231965048","osmBuildingId":"osm-way-231965048","osmId":231965048,"building":"yes","levels":null,"height":13,"minHeight":null,"roofShape":null,"buildingMaterial":null,"facadeMaterial":null,"name":null,"address":null,"centerLon":128.8689044,"centerLat":71.64022935,"source":"OpenStreetMap"},"geometry":{"type":"Polygon","coordinates":[[[128.8692026,71.6403641],[128.8693908,71.6402886],[128.8686062,71.6400946],[128.868418,71.6401701],[128.8692026,71.6403641]]]}},{"type":"Feature","id":"osm-way-231965049","properties":{"buildingId":"osm-way-231965049","osmBuildingId":"osm-way-231965049","osmId":231965049,"building":"yes","levels":null,"height":15.5,"minHeight":null,"roofShape":null,"buildingMaterial":null,"facadeMaterial":null,"name":null,"address":null,"centerLon":128.8676716,"centerLat":71.63994724999999,"source":"OpenStreetMap"},"geometry":{"type":"Polygon","coordinates":[[[128.8678478,71.6400295],[128.867979,71.639969],[128.8674954,71.639865],[128.8673642,71.6399255],[128.8678478,71.6400295]]]}},{"type":"Feature","id":"osm-way-231965050","properties":{"buildingId":"osm-way-231965050","osmBuildingId":"osm-way-231965050","osmId":231965050,"building":"yes","levels":null,"height":18,"minHeight":null,"roofShape":null,"buildingMaterial":null,"facadeMaterial":null,"name":null,"address":null,"centerLon":128.86613665000002,"centerLat":71.640084675,"source":"OpenStreetMap"},"geometry":{"type":"Polygon","coordinates":[[[128.8657905,71.6400718],[128.8660511,71.6399783],[128.8664828,71.6400975],[128.8662222,71.6401911],[128.8657905,71.6400718]]]}},{"type":"Feature","id":"osm-way-231965051","properties":{"buildingId":"osm-way-231965051","osmBuildingId":"osm-way-231965051","osmId":231965051,"building":"yes","levels":null,"height":20.5,"minHeight":null,"roofShape":null,"buildingMaterial":null,"facadeMaterial":null,"name":null,"address":null,"centerLon":128.8652075,"centerLat":71.640156925,"source":"OpenStreetMap"},"geometry":{"type":"Polygon","coordinates":[[[128.8648463,71.6401365],[128.8650867,71.6400478],[128.8655687,71.6401773],[128.8653283,71.6402661],[128.8648463,71.6401365]]]}},{"type":"Feature","id":"osm-way-231965052","properties":{"buildingId":"osm-way-231965052","osmBuildingId":"osm-way-231965052","osmId":231965052,"building":"yes","levels":null,"height":23,"minHeight":null,"roofShape":null,"buildingMaterial":null,"facadeMaterial":null,"name":null,"address":null,"centerLon":128.86691340000002,"centerLat":71.6404985,"source":"OpenStreetMap"},"geometry":{"type":"Polygon","coordinates":[[[128.8670988,71.6406108],[128.8672998,71.6405334],[128.866728,71.6403862],[128.866527,71.6404636],[128.8670988,71.6406108]]]}},{"type":"Feature","id":"osm-way-231965053","properties":{"buildingId":"osm-way-231965053","osmBuildingId":"osm-way-231965053","osmId":231965053,"building":"yes","levels":null,"height":25.5,"minHeight":null,"roofShape":null,"buildingMaterial":null,"facadeMaterial":null,"name":null,"address":null,"centerLon":128.86567935,"centerLat":71.64030629999999,"source":"OpenStreetMap"},"geometry":{"type":"Polygon","coordinates":[[[128.8653851,71.6402739],[128.8655287,71.6402203],[128.8659736,71.6403387],[128.86583,71.6403923],[128.8653851,71.6402739]]]}},{"type":"Feature","id":"osm-way-231965054","properties":{"buildingId":"osm-way-231965054","osmBuildingId":"osm-way-231965054","osmId":231965054,"building":"yes","levels":null,"height":28,"minHeight":null,"roofShape":null,"buildingMaterial":null,"facadeMaterial":null,"name":null,"address":null,"centerLon":128.868131025,"centerLat":71.6407794,"source":"OpenStreetMap"},"geometry":{"type":"Polygon","coordinates":[[[128.86774,71.6407423],[128.8678764,71.6406789],[128.868522,71.6408165],[128.8683857,71.6408799],[128.86774,71.6407423]]]}},{"type":"Feature","id":"osm-way-231965055","properties":{"buildingId":"osm-way-231965055","osmBuildingId":"osm-way-231965055","osmId":231965055,"building":"yes","levels":null,"height":8,"minHeight":null,"roofShape":null,"buildingMaterial":null,"facadeMaterial":null,"name":null,"address":null,"centerLon":128.86856115,"centerLat":71.640385925,"source":"OpenStreetMap"},"geometry":{"type":"Polygon","coordinates":[[[128.868089,71.6403512],[128.8683171,71.6402539],[128.8690333,71.6404207],[128.8688052,71.6405179],[128.868089,71.6403512]]]}},{"type":"Feature","id":"osm-way-231965056","properties":{"buildingId":"osm-way-231965056","osmBuildingId":"osm-way-231965056","osmId":231965056,"building":"yes","levels":null,"height":10.5,"minHeight":null,"roofShape":null,"buildingMaterial":null,"facadeMaterial":null,"name":null,"address":null,"centerLon":128.872156375,"centerLat":71.64102282500001,"source":"OpenStreetMap"},"geometry":{"type":"Polygon","coordinates":[[[128.8710048,71.6408491],[128.871299,71.6407248],[128.873308,71.6411965],[128.8730137,71.6413209],[128.8710048,71.6408491]]]}},{"type":"Feature","id":"osm-way-231965057","properties":{"buildingId":"osm-way-231965057","osmBuildingId":"osm-way-231965057","osmId":231965057,"building":"yes","levels":null,"height":13,"minHeight":null,"roofShape":null,"buildingMaterial":null,"facadeMaterial":null,"name":null,"address":null,"centerLon":128.87237249999998,"centerLat":71.64159855,"source":"OpenStreetMap"},"geometry":{"type":"Polygon","coordinates":[[[128.8719309,71.6415851],[128.8721613,71.6414757],[128.8728141,71.641612],[128.8725837,71.6417214],[128.8719309,71.6415851]]]}},{"type":"Feature","id":"osm-way-231965226","properties":{"buildingId":"osm-way-231965226","osmBuildingId":"osm-way-231965226","osmId":231965226,"building":"yes","levels":null,"height":8,"minHeight":null,"roofShape":null,"buildingMaterial":null,"facadeMaterial":null,"name":null,"address":null,"centerLon":128.86916615,"centerLat":71.64087445,"source":"OpenStreetMap"},"geometry":{"type":"Polygon","coordinates":[[[128.8692634,71.6409478],[128.8694177,71.640881],[128.8690689,71.6408011],[128.8689146,71.6408679],[128.8692634,71.6409478]]]}},{"type":"Feature","id":"osm-way-231967400","properties":{"buildingId":"osm-way-231967400","osmBuildingId":"osm-way-231967400","osmId":231967400,"building":"yes","levels":null,"height":20.5,"minHeight":null,"roofShape":null,"buildingMaterial":null,"facadeMaterial":null,"name":null,"address":null,"centerLon":128.8693313,"centerLat":71.69044815000001,"source":"OpenStreetMap"},"geometry":{"type":"Polygon","coordinates":[[[128.868359,71.6904726],[128.8702648,71.690537],[128.8703036,71.6904237],[128.8683978,71.6903593],[128.868359,71.6904726]]]}},{"type":"Feature","id":"osm-way-231967402","properties":{"buildingId":"osm-way-231967402","osmBuildingId":"osm-way-231967402","osmId":231967402,"building":"yes","levels":null,"height":25.5,"minHeight":null,"roofShape":null,"buildingMaterial":null,"facadeMaterial":null,"name":null,"address":null,"centerLon":128.89074185,"centerLat":71.697655725,"source":"OpenStreetMap"},"geometry":{"type":"Polygon","coordinates":[[[128.8900553,71.6977367],[128.8914739,71.6976694],[128.8914284,71.6975748],[128.8900098,71.697642],[128.8900553,71.6977367]]]}},{"type":"Feature","id":"osm-way-231967403","properties":{"buildingId":"osm-way-231967403","osmBuildingId":"osm-way-231967403","osmId":231967403,"building":"yes","levels":null,"height":28,"minHeight":null,"roofShape":null,"buildingMaterial":null,"facadeMaterial":null,"name":null,"address":null,"centerLon":128.88699173333336,"centerLat":71.698329975,"source":"OpenStreetMap"},"geometry":{"type":"Polygon","coordinates":[[[128.8863606,71.6982393],[128.8864452,71.6984299],[128.8869364,71.6984084],[128.8869581,71.6984571],[128.8871326,71.6984494],[128.8871105,71.6983997],[128.8876128,71.6983777],[128.8875258,71.6981817],[128.887189,71.6981965],[128.8872288,71.6982862],[128.886719,71.6983086],[128.886682,71.6982252],[128.8863606,71.6982393]]]}},{"type":"Feature","id":"osm-way-231967404","properties":{"buildingId":"osm-way-231967404","osmBuildingId":"osm-way-231967404","osmId":231967404,"building":"yes","levels":null,"height":8,"minHeight":null,"roofShape":null,"buildingMaterial":null,"facadeMaterial":null,"name":"Аэропорт Тикси","address":"улица Полярной Авиации, 4","centerLon":128.88834394,"centerLat":71.6985042,"source":"OpenStreetMap"},"geometry":{"type":"Polygon","coordinates":[[[128.8881182,71.6986641],[128.888611,71.6986408],[128.8885197,71.6984503],[128.8884818,71.6983713],[128.887989,71.6983945],[128.8881182,71.6986641]]]}},{"type":"Feature","id":"osm-way-231967405","properties":{"buildingId":"osm-way-231967405","osmBuildingId":"osm-way-231967405","osmId":231967405,"building":"yes","levels":null,"height":10.5,"minHeight":null,"roofShape":null,"buildingMaterial":null,"facadeMaterial":null,"name":null,"address":null,"centerLon":128.88942925,"centerLat":71.69848354999999,"source":"OpenStreetMap"},"geometry":{"type":"Polygon","coordinates":[[[128.8893209,71.6985661],[128.8899333,71.6985403],[128.8898682,71.6983881],[128.8890668,71.698422],[128.8890987,71.6984964],[128.8892876,71.6984884],[128.8893209,71.6985661]]]}},{"type":"Feature","id":"osm-way-231967406","properties":{"buildingId":"osm-way-231967406","osmBuildingId":"osm-way-231967406","osmId":231967406,"building":"yes","levels":null,"height":13,"minHeight":null,"roofShape":null,"buildingMaterial":null,"facadeMaterial":null,"name":null,"address":null,"centerLon":128.8875342,"centerLat":71.698003775,"source":"OpenStreetMap"},"geometry":{"type":"Polygon","coordinates":[[[128.8867801,71.6981056],[128.8883468,71.6980403],[128.8882883,71.697902],[128.8867216,71.6979672],[128.8867801,71.6981056]]]}},{"type":"Feature","id":"osm-way-231967407","properties":{"buildingId":"osm-way-231967407","osmBuildingId":"osm-way-231967407","osmId":231967407,"building":"yes","levels":null,"height":15.5,"minHeight":null,"roofShape":null,"buildingMaterial":null,"facadeMaterial":null,"name":null,"address":null,"centerLon":128.88768155,"centerLat":71.697520225,"source":"OpenStreetMap"},"geometry":{"type":"Polygon","coordinates":[[[128.886806,71.6976378],[128.8886069,71.6975907],[128.8885571,71.6974027],[128.8867562,71.6974497],[128.886806,71.6976378]]]}},{"type":"Feature","id":"osm-way-231967410","properties":{"buildingId":"osm-way-231967410","osmBuildingId":"osm-way-231967410","osmId":231967410,"building":"yes","levels":null,"height":23,"minHeight":null,"roofShape":null,"buildingMaterial":null,"facadeMaterial":null,"name":null,"address":null,"centerLon":128.89153306666665,"centerLat":71.69646413333334,"source":"OpenStreetMap"},"geometry":{"type":"Polygon","coordinates":[[[128.8912422,71.6965778],[128.8919381,71.6965208],[128.8918666,71.6964349],[128.8915574,71.6964602],[128.8914904,71.6963797],[128.8911037,71.6964114],[128.8912422,71.6965778]]]}},{"type":"Feature","id":"osm-way-231967411","properties":{"buildingId":"osm-way-231967411","osmBuildingId":"osm-way-231967411","osmId":231967411,"building":"yes","levels":null,"height":25.5,"minHeight":null,"roofShape":null,"buildingMaterial":null,"facadeMaterial":null,"name":null,"address":null,"centerLon":128.8898368,"centerLat":71.69572085,"source":"OpenStreetMap"},"geometry":{"type":"Polygon","coordinates":[[[128.889851,71.6959269],[128.8901512,71.6959017],[128.8898226,71.6955148],[128.8895224,71.69554],[128.889851,71.6959269]]]}},{"type":"Feature","id":"osm-way-231967412","properties":{"buildingId":"osm-way-231967412","osmBuildingId":"osm-way-231967412","osmId":231967412,"building":"yes","levels":null,"height":28,"minHeight":null,"roofShape":null,"buildingMaterial":null,"facadeMaterial":null,"name":null,"address":null,"centerLon":128.890165975,"centerLat":71.69795105,"source":"OpenStreetMap"},"geometry":{"type":"Polygon","coordinates":[[[128.8897552,71.6980062],[128.890597,71.6979879],[128.8905767,71.6978959],[128.889735,71.6979142],[128.8897552,71.6980062]]]}},{"type":"Feature","id":"osm-way-231967413","properties":{"buildingId":"osm-way-231967413","osmBuildingId":"osm-way-231967413","osmId":231967413,"building":"yes","levels":null,"height":8,"minHeight":null,"roofShape":null,"buildingMaterial":null,"facadeMaterial":null,"name":null,"address":null,"centerLon":128.88994207500002,"centerLat":71.6983116,"source":"OpenStreetMap"},"geometry":{"type":"Polygon","coordinates":[[[128.8894176,71.6983497],[128.8904802,71.6983163],[128.8904665,71.6982735],[128.889404,71.6983069],[128.8894176,71.6983497]]]}},{"type":"Feature","id":"osm-way-231967415","properties":{"buildingId":"osm-way-231967415","osmBuildingId":"osm-way-231967415","osmId":231967415,"building":"yes","levels":null,"height":13,"minHeight":null,"roofShape":null,"buildingMaterial":null,"facadeMaterial":null,"name":null,"address":null,"centerLon":128.88952805,"centerLat":71.698808675,"source":"OpenStreetMap"},"geometry":{"type":"Polygon","coordinates":[[[128.889481,71.6988574],[128.8896593,71.6988385],[128.8895751,71.69876],[128.8893968,71.6987788],[128.889481,71.6988574]]]}},{"type":"Feature","id":"osm-way-231967418","properties":{"buildingId":"osm-way-231967418","osmBuildingId":"osm-way-231967418","osmId":231967418,"building":"yes","levels":null,"height":20.5,"minHeight":null,"roofShape":null,"buildingMaterial":null,"facadeMaterial":null,"name":null,"address":null,"centerLon":128.89044885,"centerLat":71.70293434999999,"source":"OpenStreetMap"},"geometry":{"type":"Polygon","coordinates":[[[128.8900313,71.703019],[128.8909304,71.702973],[128.8908664,71.7028497],[128.8899673,71.7028957],[128.8900313,71.703019]]]}},{"type":"Feature","id":"osm-way-231967419","properties":{"buildingId":"osm-way-231967419","osmBuildingId":"osm-way-231967419","osmId":231967419,"building":"yes","levels":null,"height":23,"minHeight":null,"roofShape":null,"buildingMaterial":null,"facadeMaterial":null,"name":null,"address":null,"centerLon":128.89143465,"centerLat":71.702849475,"source":"OpenStreetMap"},"geometry":{"type":"Polygon","coordinates":[[[128.8909926,71.7029242],[128.8909464,71.7028128],[128.8918767,71.7027747],[128.8919229,71.7028862],[128.8909926,71.7029242]]]}},{"type":"Feature","id":"osm-way-231967421","properties":{"buildingId":"osm-way-231967421","osmBuildingId":"osm-way-231967421","osmId":231967421,"building":"yes","levels":null,"height":28,"minHeight":null,"roofShape":null,"buildingMaterial":null,"facadeMaterial":null,"name":null,"address":null,"centerLon":128.89094715,"centerLat":71.70406750000001,"source":"OpenStreetMap"},"geometry":{"type":"Polygon","coordinates":[[[128.8905231,71.7041704],[128.8914519,71.7041241],[128.8913712,71.7039646],[128.8904424,71.7040109],[128.8905231,71.7041704]]]}},{"type":"Feature","id":"osm-way-231967422","properties":{"buildingId":"osm-way-231967422","osmBuildingId":"osm-way-231967422","osmId":231967422,"building":"yes","levels":null,"height":8,"minHeight":null,"roofShape":null,"buildingMaterial":null,"facadeMaterial":null,"name":null,"address":null,"centerLon":128.88915115,"centerLat":71.703375725,"source":"OpenStreetMap"},"geometry":{"type":"Polygon","coordinates":[[[128.888981,71.7034177],[128.8893477,71.7034042],[128.8893213,71.7033337],[128.8889546,71.7033473],[128.888981,71.7034177]]]}},{"type":"Feature","id":"osm-way-231967423","properties":{"buildingId":"osm-way-231967423","osmBuildingId":"osm-way-231967423","osmId":231967423,"building":"yes","levels":null,"height":10.5,"minHeight":null,"roofShape":null,"buildingMaterial":null,"facadeMaterial":null,"name":null,"address":null,"centerLon":128.88155014999998,"centerLat":71.70427595,"source":"OpenStreetMap"},"geometry":{"type":"Polygon","coordinates":[[[128.8802603,71.7043617],[128.8802318,71.7042803],[128.88284,71.7041902],[128.8828685,71.7042716],[128.8802603,71.7043617]]]}},{"type":"Feature","id":"osm-way-231967424","properties":{"buildingId":"osm-way-231967424","osmBuildingId":"osm-way-231967424","osmId":231967424,"building":"yes","levels":null,"height":13,"minHeight":null,"roofShape":null,"buildingMaterial":null,"facadeMaterial":null,"name":null,"address":null,"centerLon":128.88058105000002,"centerLat":71.7032381,"source":"OpenStreetMap"},"geometry":{"type":"Polygon","coordinates":[[[128.8799472,71.7033613],[128.8812836,71.7033164],[128.8812149,71.7031149],[128.8798785,71.7031598],[128.8799472,71.7033613]]]}},{"type":"Feature","id":"osm-way-231967425","properties":{"buildingId":"osm-way-231967425","osmBuildingId":"osm-way-231967425","osmId":231967425,"building":"yes","levels":null,"height":15.5,"minHeight":null,"roofShape":null,"buildingMaterial":null,"facadeMaterial":null,"name":null,"address":null,"centerLon":128.8803877,"centerLat":71.7027608,"source":"OpenStreetMap"},"geometry":{"type":"Polygon","coordinates":[[[128.8798035,71.702889],[128.8810581,71.7028368],[128.8809719,71.7026326],[128.8797173,71.7026848],[128.8798035,71.702889]]]}},{"type":"Feature","id":"osm-way-231967428","properties":{"buildingId":"osm-way-231967428","osmBuildingId":"osm-way-231967428","osmId":231967428,"building":"yes","levels":null,"height":23,"minHeight":null,"roofShape":null,"buildingMaterial":null,"facadeMaterial":null,"name":null,"address":null,"centerLon":128.882387275,"centerLat":71.702653825,"source":"OpenStreetMap"},"geometry":{"type":"Polygon","coordinates":[[[128.8819228,71.7027288],[128.8828984,71.7026876],[128.8828517,71.7025788],[128.8818762,71.7026201],[128.8819228,71.7027288]]]}},{"type":"Feature","id":"osm-way-232013956","properties":{"buildingId":"osm-way-232013956","osmBuildingId":"osm-way-232013956","osmId":232013956,"building":"yes","levels":null,"height":18,"minHeight":null,"roofShape":null,"buildingMaterial":null,"facadeMaterial":null,"name":null,"address":null,"centerLon":128.862396525,"centerLat":71.631940175,"source":"OpenStreetMap"},"geometry":{"type":"Polygon","coordinates":[[[128.8625348,71.6320226],[128.8626885,71.6319252],[128.8622583,71.6318578],[128.8621045,71.6319551],[128.8625348,71.6320226]]]}},{"type":"Feature","id":"osm-way-232013957","properties":{"buildingId":"osm-way-232013957","osmBuildingId":"osm-way-232013957","osmId":232013957,"building":"yes","levels":null,"height":20.5,"minHeight":null,"roofShape":null,"buildingMaterial":null,"facadeMaterial":null,"name":null,"address":null,"centerLon":128.86276645,"centerLat":71.63164385,"source":"OpenStreetMap"},"geometry":{"type":"Polygon","coordinates":[[[128.8625278,71.6316595],[128.86286,71.6317148],[128.8630051,71.6316282],[128.8626729,71.6315729],[128.8625278,71.6316595]]]}},{"type":"Feature","id":"osm-way-232013958","properties":{"buildingId":"osm-way-232013958","osmBuildingId":"osm-way-232013958","osmId":232013958,"building":"yes","levels":null,"height":23,"minHeight":null,"roofShape":null,"buildingMaterial":null,"facadeMaterial":null,"name":null,"address":null,"centerLon":128.86454799999998,"centerLat":71.63195435,"source":"OpenStreetMap"},"geometry":{"type":"Polygon","coordinates":[[[128.8646859,71.6320193],[128.864796,71.6319548],[128.8644101,71.6318894],[128.8643,71.6319539],[128.8646859,71.6320193]]]}},{"type":"Feature","id":"osm-way-232013959","properties":{"buildingId":"osm-way-232013959","osmBuildingId":"osm-way-232013959","osmId":232013959,"building":"yes","levels":null,"height":25.5,"minHeight":null,"roofShape":null,"buildingMaterial":null,"facadeMaterial":null,"name":null,"address":null,"centerLon":128.86343829999998,"centerLat":71.63098695,"source":"OpenStreetMap"},"geometry":{"type":"Polygon","coordinates":[[[128.8634965,71.6310901],[128.8637688,71.6309987],[128.8633801,71.6308838],[128.8631078,71.6309752],[128.8634965,71.6310901]]]}},{"type":"Feature","id":"osm-way-232013960","properties":{"buildingId":"osm-way-232013960","osmBuildingId":"osm-way-232013960","osmId":232013960,"building":"yes","levels":null,"height":28,"minHeight":null,"roofShape":null,"buildingMaterial":null,"facadeMaterial":null,"name":null,"address":null,"centerLon":128.866128025,"centerLat":71.63185787500001,"source":"OpenStreetMap"},"geometry":{"type":"Polygon","coordinates":[[[128.86626,71.6319285],[128.8663861,71.6318678],[128.865996,71.6317873],[128.86587,71.6318479],[128.86626,71.6319285]]]}},{"type":"Feature","id":"osm-way-232014927","properties":{"buildingId":"osm-way-232014927","osmBuildingId":"osm-way-232014927","osmId":232014927,"building":"yes","levels":null,"height":15.5,"minHeight":null,"roofShape":null,"buildingMaterial":null,"facadeMaterial":null,"name":null,"address":null,"centerLon":128.86584357499999,"centerLat":71.63316355,"source":"OpenStreetMap"},"geometry":{"type":"Polygon","coordinates":[[[128.8660616,71.6332598],[128.8662186,71.6331603],[128.8656256,71.6330673],[128.8654685,71.6331668],[128.8660616,71.6332598]]]}},{"type":"Feature","id":"osm-way-232014928","properties":{"buildingId":"osm-way-232014928","osmBuildingId":"osm-way-232014928","osmId":232014928,"building":"yes","levels":null,"height":18,"minHeight":null,"roofShape":null,"buildingMaterial":null,"facadeMaterial":null,"name":null,"address":null,"centerLon":128.86554870000003,"centerLat":71.63341117499999,"source":"OpenStreetMap"},"geometry":{"type":"Polygon","coordinates":[[[128.8652941,71.6334059],[128.8653875,71.6333489],[128.8658033,71.6334164],[128.8657099,71.6334735],[128.8652941,71.6334059]]]}},{"type":"Feature","id":"osm-way-232014929","properties":{"buildingId":"osm-way-232014929","osmBuildingId":"osm-way-232014929","osmId":232014929,"building":"yes","levels":null,"height":20.5,"minHeight":null,"roofShape":null,"buildingMaterial":null,"facadeMaterial":null,"name":null,"address":null,"centerLon":128.8633936,"centerLat":71.63138555,"source":"OpenStreetMap"},"geometry":{"type":"Polygon","coordinates":[[[128.863807,71.63152],[128.8639689,71.6314324],[128.8629802,71.6312511],[128.8628183,71.6313387],[128.863807,71.63152]]]}},{"type":"Feature","id":"osm-way-232014934","properties":{"buildingId":"osm-way-232014934","osmBuildingId":"osm-way-232014934","osmId":232014934,"building":"yes","levels":null,"height":10.5,"minHeight":null,"roofShape":null,"buildingMaterial":null,"facadeMaterial":null,"name":null,"address":null,"centerLon":128.8544517,"centerLat":71.6316927,"source":"OpenStreetMap"},"geometry":{"type":"Polygon","coordinates":[[[128.8548804,71.6319444],[128.855249,71.6318286],[128.854023,71.631441],[128.8536544,71.6315568],[128.8548804,71.6319444]]]}},{"type":"Feature","id":"osm-way-232014935","properties":{"buildingId":"osm-way-232014935","osmBuildingId":"osm-way-232014935","osmId":232014935,"building":"yes","levels":null,"height":13,"minHeight":null,"roofShape":null,"buildingMaterial":null,"facadeMaterial":null,"name":null,"address":null,"centerLon":128.85141625,"centerLat":71.631462,"source":"OpenStreetMap"},"geometry":{"type":"Polygon","coordinates":[[[128.8515791,71.6315688],[128.8517536,71.6315143],[128.8512534,71.6313552],[128.8510789,71.6314097],[128.8515791,71.6315688]]]}},{"type":"Feature","id":"osm-way-232014936","properties":{"buildingId":"osm-way-232014936","osmBuildingId":"osm-way-232014936","osmId":232014936,"building":"yes","levels":null,"height":15.5,"minHeight":null,"roofShape":null,"buildingMaterial":null,"facadeMaterial":null,"name":null,"address":null,"centerLon":128.85288845999997,"centerLat":71.63327362000001,"source":"OpenStreetMap"},"geometry":{"type":"Polygon","coordinates":[[[128.8525513,71.6332517],[128.8528507,71.6331644],[128.8531674,71.6332722],[128.8530003,71.6333209],[128.8528726,71.6333589],[128.8525513,71.6332517]]]}},{"type":"Feature","id":"osm-way-232014937","properties":{"buildingId":"osm-way-232014937","osmBuildingId":"osm-way-232014937","osmId":232014937,"building":"yes","levels":null,"height":18,"minHeight":null,"roofShape":null,"buildingMaterial":null,"facadeMaterial":null,"name":null,"address":null,"centerLon":128.853298975,"centerLat":71.633334125,"source":"OpenStreetMap"},"geometry":{"type":"Polygon","coordinates":[[[128.853304,71.6334296],[128.8535989,71.6333478],[128.8532927,71.6332382],[128.8530003,71.6333209],[128.853304,71.6334296]]]}},{"type":"Feature","id":"osm-way-232014938","properties":{"buildingId":"osm-way-232014938","osmBuildingId":"osm-way-232014938","osmId":232014938,"building":"yes","levels":null,"height":20.5,"minHeight":null,"roofShape":null,"buildingMaterial":null,"facadeMaterial":null,"name":null,"address":null,"centerLon":128.85389544999998,"centerLat":71.6334572,"source":"OpenStreetMap"},"geometry":{"type":"Polygon","coordinates":[[[128.8534994,71.6334114],[128.8538256,71.6333261],[128.8542915,71.633503],[128.8539653,71.6335883],[128.8534994,71.6334114]]]}},{"type":"Feature","id":"osm-way-232014939","properties":{"buildingId":"osm-way-232014939","osmBuildingId":"osm-way-232014939","osmId":232014939,"building":"yes","levels":null,"height":23,"minHeight":null,"roofShape":null,"buildingMaterial":null,"facadeMaterial":null,"name":null,"address":null,"centerLon":128.85930912499998,"centerLat":71.63278155,"source":"OpenStreetMap"},"geometry":{"type":"Polygon","coordinates":[[[128.8593559,71.6328705],[128.8595905,71.632798],[128.8592624,71.6326926],[128.8590277,71.6327651],[128.8593559,71.6328705]]]}},{"type":"Feature","id":"osm-way-232014940","properties":{"buildingId":"osm-way-232014940","osmBuildingId":"osm-way-232014940","osmId":232014940,"building":"yes","levels":null,"height":25.5,"minHeight":null,"roofShape":null,"buildingMaterial":null,"facadeMaterial":null,"name":null,"address":null,"centerLon":128.8639948,"centerLat":71.63187504999999,"source":"OpenStreetMap"},"geometry":{"type":"Polygon","coordinates":[[[128.8640744,71.6319199],[128.8641579,71.6318752],[128.8639152,71.6318302],[128.8638317,71.6318749],[128.8640744,71.6319199]]]}},{"type":"Feature","id":"osm-way-232014942","properties":{"buildingId":"osm-way-232014942","osmBuildingId":"osm-way-232014942","osmId":232014942,"building":"yes","levels":null,"height":8,"minHeight":null,"roofShape":null,"buildingMaterial":null,"facadeMaterial":null,"name":null,"address":null,"centerLon":128.855792,"centerLat":71.631840575,"source":"OpenStreetMap"},"geometry":{"type":"Polygon","coordinates":[[[128.8556639,71.631895],[128.8560039,71.631852],[128.8559201,71.6317862],[128.8555801,71.6318291],[128.8556639,71.631895]]]}},{"type":"Feature","id":"osm-way-232014943","properties":{"buildingId":"osm-way-232014943","osmBuildingId":"osm-way-232014943","osmId":232014943,"building":"yes","levels":null,"height":10.5,"minHeight":null,"roofShape":null,"buildingMaterial":null,"facadeMaterial":null,"name":null,"address":null,"centerLon":128.857317225,"centerLat":71.63074230000001,"source":"OpenStreetMap"},"geometry":{"type":"Polygon","coordinates":[[[128.8576156,71.6309169],[128.8578616,71.6308418],[128.8570189,71.6305677],[128.8567728,71.6306428],[128.8576156,71.6309169]]]}},{"type":"Feature","id":"osm-way-232015241","properties":{"buildingId":"osm-way-232015241","osmBuildingId":"osm-way-232015241","osmId":232015241,"building":"residential","levels":null,"height":13,"minHeight":null,"roofShape":null,"buildingMaterial":null,"facadeMaterial":null,"name":null,"address":null,"centerLon":128.8725234,"centerLat":71.635492625,"source":"OpenStreetMap"},"geometry":{"type":"Polygon","coordinates":[[[128.8726742,71.6357418],[128.8731741,71.6356419],[128.8723726,71.6352435],[128.8718727,71.6353433],[128.8726742,71.6357418]]]}},{"type":"Feature","id":"osm-way-232015242","properties":{"buildingId":"osm-way-232015242","osmBuildingId":"osm-way-232015242","osmId":232015242,"building":"yes","levels":null,"height":15.5,"minHeight":null,"roofShape":null,"buildingMaterial":null,"facadeMaterial":null,"name":null,"address":null,"centerLon":128.8782633,"centerLat":71.63412605,"source":"OpenStreetMap"},"geometry":{"type":"Polygon","coordinates":[[[128.8783909,71.6344076],[128.8789092,71.6343247],[128.8781357,71.6338445],[128.8776174,71.6339274],[128.8783909,71.6344076]]]}},{"type":"Feature","id":"osm-way-232015243","properties":{"buildingId":"osm-way-232015243","osmBuildingId":"osm-way-232015243","osmId":232015243,"building":"yes","levels":null,"height":18,"minHeight":null,"roofShape":null,"buildingMaterial":null,"facadeMaterial":null,"name":null,"address":null,"centerLon":128.87287362499998,"centerLat":71.636487925,"source":"OpenStreetMap"},"geometry":{"type":"Polygon","coordinates":[[[128.8729027,71.6367128],[128.8734386,71.6366256],[128.8728445,71.6362631],[128.8723087,71.6363502],[128.8729027,71.6367128]]]}},{"type":"Feature","id":"osm-way-232015244","properties":{"buildingId":"osm-way-232015244","osmBuildingId":"osm-way-232015244","osmId":232015244,"building":"yes","levels":null,"height":20.5,"minHeight":null,"roofShape":null,"buildingMaterial":null,"facadeMaterial":null,"name":null,"address":null,"centerLon":128.8739208,"centerLat":71.63640387500001,"source":"OpenStreetMap"},"geometry":{"type":"Polygon","coordinates":[[[128.873949,71.6366022],[128.8744049,71.636531],[128.8738926,71.6362055],[128.8734367,71.6362768],[128.873949,71.6366022]]]}},{"type":"Feature","id":"osm-way-232015245","properties":{"buildingId":"osm-way-232015245","osmBuildingId":"osm-way-232015245","osmId":232015245,"building":"yes","levels":null,"height":23,"minHeight":null,"roofShape":null,"buildingMaterial":null,"facadeMaterial":null,"name":null,"address":null,"centerLon":128.8732248,"centerLat":71.637022175,"source":"OpenStreetMap"},"geometry":{"type":"Polygon","coordinates":[[[128.8732649,71.6371608],[128.8736165,71.6370866],[128.8731847,71.6368835],[128.8728331,71.6369578],[128.8732649,71.6371608]]]}},{"type":"Feature","id":"osm-way-232015246","properties":{"buildingId":"osm-way-232015246","osmBuildingId":"osm-way-232015246","osmId":232015246,"building":"yes","levels":null,"height":25.5,"minHeight":null,"roofShape":null,"buildingMaterial":null,"facadeMaterial":null,"name":"Сбербанк","address":null,"centerLon":128.8720818,"centerLat":71.63681460000001,"source":"OpenStreetMap"},"geometry":{"type":"Polygon","coordinates":[[[128.8720873,71.6369514],[128.8724443,71.6368899],[128.8720763,71.6366778],[128.8717193,71.6367393],[128.8720873,71.6369514]]]}},{"type":"Feature","id":"osm-way-232015247","properties":{"buildingId":"osm-way-232015247","osmBuildingId":"osm-way-232015247","osmId":232015247,"building":"yes","levels":null,"height":28,"minHeight":null,"roofShape":null,"buildingMaterial":null,"facadeMaterial":null,"name":null,"address":null,"centerLon":128.87421765,"centerLat":71.63733525,"source":"OpenStreetMap"},"geometry":{"type":"Polygon","coordinates":[[[128.8741225,71.6374299],[128.8745265,71.6373552],[128.8743128,71.6372406],[128.8739088,71.6373153],[128.8741225,71.6374299]]]}},{"type":"Feature","id":"osm-way-232015248","properties":{"buildingId":"osm-way-232015248","osmBuildingId":"osm-way-232015248","osmId":232015248,"building":"yes","levels":null,"height":8,"minHeight":null,"roofShape":null,"buildingMaterial":null,"facadeMaterial":null,"name":null,"address":null,"centerLon":128.87398672,"centerLat":71.63743658000001,"source":"OpenStreetMap"},"geometry":{"type":"Polygon","coordinates":[[[128.8739088,71.6373153],[128.8736402,71.6373656],[128.8739927,71.6375608],[128.8742694,71.6375113],[128.8741225,71.6374299],[128.8739088,71.6373153]]]}},{"type":"Feature","id":"osm-way-232015249","properties":{"buildingId":"osm-way-232015249","osmBuildingId":"osm-way-232015249","osmId":232015249,"building":"yes","levels":null,"height":10.5,"minHeight":null,"roofShape":null,"buildingMaterial":null,"facadeMaterial":null,"name":null,"address":null,"centerLon":128.87478068571428,"centerLat":71.6375821,"source":"OpenStreetMap"},"geometry":{"type":"Polygon","coordinates":[[[128.8741408,71.637695],[128.8742706,71.6377721],[128.8751633,71.6376212],[128.8751735,71.6375361],[128.8749918,71.6374263],[128.8747785,71.6374613],[128.8749463,71.6375627],[128.8741408,71.637695]]]}},{"type":"Feature","id":"osm-way-232015251","properties":{"buildingId":"osm-way-232015251","osmBuildingId":"osm-way-232015251","osmId":232015251,"building":"yes","levels":null,"height":15.5,"minHeight":null,"roofShape":null,"buildingMaterial":null,"facadeMaterial":null,"name":null,"address":null,"centerLon":128.87396484166666,"centerLat":71.63990858333334,"source":"OpenStreetMap"},"geometry":{"type":"Polygon","coordinates":[[[128.8741502,71.6399086],[128.8741254,71.6399378],[128.8740575,71.6399591],[128.8739648,71.639967],[128.8738722,71.6399591],[128.8738043,71.6399378],[128.8737795,71.6399086],[128.8738043,71.6398794],[128.8738722,71.639858],[128.8739648,71.6398502],[128.8740575,71.639858],[128.8741254,71.6398794],[128.8741502,71.6399086]]]}},{"type":"Feature","id":"osm-way-232016192","properties":{"buildingId":"osm-way-232016192","osmBuildingId":"osm-way-232016192","osmId":232016192,"building":"yes","levels":null,"height":28,"minHeight":null,"roofShape":null,"buildingMaterial":null,"facadeMaterial":null,"name":null,"address":null,"centerLon":128.8730816,"centerLat":71.67557565,"source":"OpenStreetMap"},"geometry":{"type":"Polygon","coordinates":[[[128.8728886,71.675619],[128.8729308,71.6755181],[128.8732746,71.6755323],[128.8732324,71.6756332],[128.8728886,71.675619]]]}},{"type":"Feature","id":"osm-way-232016776","properties":{"buildingId":"osm-way-232016776","osmBuildingId":"osm-way-232016776","osmId":232016776,"building":"yes","levels":null,"height":25.5,"minHeight":null,"roofShape":null,"buildingMaterial":null,"facadeMaterial":null,"name":null,"address":null,"centerLon":128.884465275,"centerLat":71.68930839999999,"source":"OpenStreetMap"},"geometry":{"type":"Polygon","coordinates":[[[128.8844479,71.6895907],[128.8847892,71.6895305],[128.8845949,71.6894218],[128.8851845,71.6893178],[128.8848271,71.6891177],[128.8842108,71.6892264],[128.8839912,71.6891034],[128.8836766,71.6891589],[128.8844479,71.6895907]]]}},{"type":"Feature","id":"osm-way-232016777","properties":{"buildingId":"osm-way-232016777","osmBuildingId":"osm-way-232016777","osmId":232016777,"building":"yes","levels":null,"height":28,"minHeight":null,"roofShape":null,"buildingMaterial":null,"facadeMaterial":null,"name":null,"address":null,"centerLon":128.883349125,"centerLat":71.688850925,"source":"OpenStreetMap"},"geometry":{"type":"Polygon","coordinates":[[[128.883144,71.6888162],[128.8833128,71.6887786],[128.8835542,71.6888857],[128.8833855,71.6889232],[128.883144,71.6888162]]]}},{"type":"Feature","id":"osm-way-232016778","properties":{"buildingId":"osm-way-232016778","osmBuildingId":"osm-way-232016778","osmId":232016778,"building":"yes","levels":null,"height":8,"minHeight":null,"roofShape":null,"buildingMaterial":null,"facadeMaterial":null,"name":null,"address":null,"centerLon":128.883398925,"centerLat":71.688656375,"source":"OpenStreetMap"},"geometry":{"type":"Polygon","coordinates":[[[128.8834625,71.6887201],[128.8835941,71.6886828],[128.8833353,71.6885927],[128.8832038,71.6886299],[128.8834625,71.6887201]]]}},{"type":"Feature","id":"osm-way-232016779","properties":{"buildingId":"osm-way-232016779","osmBuildingId":"osm-way-232016779","osmId":232016779,"building":"yes","levels":null,"height":10.5,"minHeight":null,"roofShape":null,"buildingMaterial":null,"facadeMaterial":null,"name":null,"address":null,"centerLon":128.88028260000002,"centerLat":71.69248505,"source":"OpenStreetMap"},"geometry":{"type":"Polygon","coordinates":[[[128.8799262,71.6926236],[128.8803327,71.6926625],[128.880639,71.6923465],[128.8802325,71.6923076],[128.8799262,71.6926236]]]}},{"type":"Feature","id":"osm-way-232016780","properties":{"buildingId":"osm-way-232016780","osmBuildingId":"osm-way-232016780","osmId":232016780,"building":"yes","levels":null,"height":13,"minHeight":null,"roofShape":null,"buildingMaterial":null,"facadeMaterial":null,"name":null,"address":null,"centerLon":128.88084495,"centerLat":71.6919858,"source":"OpenStreetMap"},"geometry":{"type":"Polygon","coordinates":[[[128.8805274,71.6921014],[128.8809012,71.6921375],[128.8811625,71.6918702],[128.8807887,71.6918341],[128.8805274,71.6921014]]]}},{"type":"Feature","id":"osm-way-232016781","properties":{"buildingId":"osm-way-232016781","osmBuildingId":"osm-way-232016781","osmId":232016781,"building":"yes","levels":null,"height":15.5,"minHeight":null,"roofShape":null,"buildingMaterial":null,"facadeMaterial":null,"name":null,"address":null,"centerLon":128.88162777500003,"centerLat":71.69205120000001,"source":"OpenStreetMap"},"geometry":{"type":"Polygon","coordinates":[[[128.8813791,71.6921801],[128.8816222,71.6922019],[128.8818764,71.6919223],[128.8816334,71.6919005],[128.8813791,71.6921801]]]}},{"type":"Feature","id":"osm-way-232016782","properties":{"buildingId":"osm-way-232016782","osmBuildingId":"osm-way-232016782","osmId":232016782,"building":"yes","levels":null,"height":18,"minHeight":null,"roofShape":null,"buildingMaterial":null,"facadeMaterial":null,"name":null,"address":null,"centerLon":128.871005325,"centerLat":71.6937635,"source":"OpenStreetMap"},"geometry":{"type":"Polygon","coordinates":[[[128.8703503,71.6938683],[128.8716178,71.6938912],[128.8716604,71.6936587],[128.8703928,71.6936358],[128.8703503,71.6938683]]]}},{"type":"Feature","id":"osm-way-232016784","properties":{"buildingId":"osm-way-232016784","osmBuildingId":"osm-way-232016784","osmId":232016784,"building":"yes","levels":null,"height":23,"minHeight":null,"roofShape":null,"buildingMaterial":null,"facadeMaterial":null,"name":null,"address":null,"centerLon":128.85354329999998,"centerLat":71.69332495,"source":"OpenStreetMap"},"geometry":{"type":"Polygon","coordinates":[[[128.8530553,71.6933685],[128.8539894,71.6934008],[128.8540313,71.6932814],[128.8530972,71.6932491],[128.8530553,71.6933685]]]}},{"type":"Feature","id":"osm-way-232016785","properties":{"buildingId":"osm-way-232016785","osmBuildingId":"osm-way-232016785","osmId":232016785,"building":"yes","levels":null,"height":25.5,"minHeight":null,"roofShape":null,"buildingMaterial":null,"facadeMaterial":null,"name":null,"address":null,"centerLon":128.85232755,"centerLat":71.69327512500001,"source":"OpenStreetMap"},"geometry":{"type":"Polygon","coordinates":[[[128.8519893,71.6933115],[128.8526154,71.6933417],[128.8526658,71.6932388],[128.8520397,71.6932085],[128.8519893,71.6933115]]]}},{"type":"Feature","id":"osm-way-232016786","properties":{"buildingId":"osm-way-232016786","osmBuildingId":"osm-way-232016786","osmId":232016786,"building":"yes","levels":null,"height":28,"minHeight":null,"roofShape":null,"buildingMaterial":null,"facadeMaterial":null,"name":null,"address":null,"centerLon":128.85125987499998,"centerLat":71.69142485,"source":"OpenStreetMap"},"geometry":{"type":"Polygon","coordinates":[[[128.8505725,71.6914977],[128.8518911,71.6915371],[128.8519473,71.691352],[128.8506286,71.6913126],[128.8505725,71.6914977]]]}},{"type":"Feature","id":"osm-way-232016787","properties":{"buildingId":"osm-way-232016787","osmBuildingId":"osm-way-232016787","osmId":232016787,"building":"yes","levels":null,"height":8,"minHeight":null,"roofShape":null,"buildingMaterial":null,"facadeMaterial":null,"name":null,"address":null,"centerLon":128.851234875,"centerLat":71.69177397499999,"source":"OpenStreetMap"},"geometry":{"type":"Polygon","coordinates":[[[128.8518426,71.6919198],[128.8505479,71.6918796],[128.8506271,71.6916281],[128.8519219,71.6916684],[128.8518426,71.6919198]]]}},{"type":"Feature","id":"osm-way-232016788","properties":{"buildingId":"osm-way-232016788","osmBuildingId":"osm-way-232016788","osmId":232016788,"building":"yes","levels":null,"height":10.5,"minHeight":null,"roofShape":null,"buildingMaterial":null,"facadeMaterial":null,"name":null,"address":null,"centerLon":128.84924095,"centerLat":71.692620825,"source":"OpenStreetMap"},"geometry":{"type":"Polygon","coordinates":[[[128.8495807,71.6927024],[128.8496275,71.6925634],[128.8489012,71.6925393],[128.8488544,71.6926782],[128.8495807,71.6927024]]]}},{"type":"Feature","id":"osm-way-232016789","properties":{"buildingId":"osm-way-232016789","osmBuildingId":"osm-way-232016789","osmId":232016789,"building":"yes","levels":null,"height":13,"minHeight":null,"roofShape":null,"buildingMaterial":null,"facadeMaterial":null,"name":null,"address":null,"centerLon":128.84727165,"centerLat":71.69256130000001,"source":"OpenStreetMap"},"geometry":{"type":"Polygon","coordinates":[[[128.8462107,71.6926131],[128.8482871,71.6926709],[128.8483326,71.6925095],[128.8462562,71.6924517],[128.8462107,71.6926131]]]}},{"type":"Feature","id":"osm-way-232016790","properties":{"buildingId":"osm-way-232016790","osmBuildingId":"osm-way-232016790","osmId":232016790,"building":"yes","levels":null,"height":15.5,"minHeight":null,"roofShape":null,"buildingMaterial":null,"facadeMaterial":null,"name":null,"address":null,"centerLon":128.84513744166665,"centerLat":71.69294736666666,"source":"OpenStreetMap"},"geometry":{"type":"Polygon","coordinates":[[[128.8453415,71.6929474],[128.8453142,71.6929794],[128.8452395,71.6930029],[128.8451374,71.6930115],[128.8450354,71.6930029],[128.8449607,71.6929794],[128.8449334,71.6929474],[128.8449607,71.6929153],[128.8450354,71.6928918],[128.8451374,71.6928833],[128.8452395,71.6928918],[128.8453142,71.6929153],[128.8453415,71.6929474]]]}},{"type":"Feature","id":"osm-way-232016791","properties":{"buildingId":"osm-way-232016791","osmBuildingId":"osm-way-232016791","osmId":232016791,"building":"yes","levels":null,"height":18,"minHeight":null,"roofShape":null,"buildingMaterial":null,"facadeMaterial":null,"name":null,"address":null,"centerLon":128.8499092,"centerLat":71.693176575,"source":"OpenStreetMap"},"geometry":{"type":"Polygon","coordinates":[[[128.8517359,71.6932974],[128.8517755,71.6931899],[128.8480825,71.6930558],[128.8480429,71.6931632],[128.8517359,71.6932974]]]}},{"type":"Feature","id":"osm-way-232016792","properties":{"buildingId":"osm-way-232016792","osmBuildingId":"osm-way-232016792","osmId":232016792,"building":"yes","levels":null,"height":20.5,"minHeight":null,"roofShape":null,"buildingMaterial":null,"facadeMaterial":null,"name":null,"address":null,"centerLon":128.87824519999998,"centerLat":71.70332915,"source":"OpenStreetMap"},"geometry":{"type":"Polygon","coordinates":[[[128.8772421,71.7034736],[128.8793405,71.7033716],[128.8792483,71.7031847],[128.8771499,71.7032867],[128.8772421,71.7034736]]]}},{"type":"Feature","id":"osm-way-232017691","properties":{"buildingId":"osm-way-232017691","osmBuildingId":"osm-way-232017691","osmId":232017691,"building":"garages","levels":null,"height":18,"minHeight":null,"roofShape":null,"buildingMaterial":null,"facadeMaterial":null,"name":null,"address":null,"centerLon":128.86568640000002,"centerLat":71.635551875,"source":"OpenStreetMap"},"geometry":{"type":"Polygon","coordinates":[[[128.8660734,71.6357255],[128.8661985,71.6356896],[128.8652994,71.6353783],[128.8651743,71.6354141],[128.8660734,71.6357255]]]}},{"type":"Feature","id":"osm-way-232017693","properties":{"buildingId":"osm-way-232017693","osmBuildingId":"osm-way-232017693","osmId":232017693,"building":"yes","levels":null,"height":23,"minHeight":null,"roofShape":null,"buildingMaterial":null,"facadeMaterial":null,"name":null,"address":null,"centerLon":128.8692358,"centerLat":71.63769575,"source":"OpenStreetMap"},"geometry":{"type":"Polygon","coordinates":[[[128.8689446,71.6378294],[128.869671,71.6376093],[128.869527,71.6375621],[128.8688006,71.6377822],[128.8689446,71.6378294]]]}},{"type":"Feature","id":"osm-way-232017694","properties":{"buildingId":"osm-way-232017694","osmBuildingId":"osm-way-232017694","osmId":232017694,"building":"yes","levels":null,"height":25.5,"minHeight":null,"roofShape":null,"buildingMaterial":null,"facadeMaterial":null,"name":null,"address":null,"centerLon":128.86786095,"centerLat":71.63744894999999,"source":"OpenStreetMap"},"geometry":{"type":"Polygon","coordinates":[[[128.867855,71.6374851],[128.8677462,71.6374465],[128.8678669,71.6374128],[128.8679757,71.6374514],[128.867855,71.6374851]]]}},{"type":"Feature","id":"osm-way-232017695","properties":{"buildingId":"osm-way-232017695","osmBuildingId":"osm-way-232017695","osmId":232017695,"building":"yes","levels":null,"height":28,"minHeight":null,"roofShape":null,"buildingMaterial":null,"facadeMaterial":null,"name":null,"address":null,"centerLon":128.874424075,"centerLat":71.63940425,"source":"OpenStreetMap"},"geometry":{"type":"Polygon","coordinates":[[[128.8746399,71.6396378],[128.8749673,71.6395771],[128.8742082,71.6391707],[128.8738809,71.6392314],[128.8746399,71.6396378]]]}},{"type":"Feature","id":"osm-way-232017696","properties":{"buildingId":"osm-way-232017696","osmBuildingId":"osm-way-232017696","osmId":232017696,"building":"yes","levels":null,"height":8,"minHeight":null,"roofShape":null,"buildingMaterial":null,"facadeMaterial":null,"name":"Дизельная електростанция","address":null,"centerLon":128.87481264761905,"centerLat":71.64028445238095,"source":"OpenStreetMap"},"geometry":{"type":"Polygon","coordinates":[[[128.8740316,71.6407064],[128.875162,71.640668],[128.8751077,71.6405096],[128.8747461,71.6405219],[128.8747556,71.6405495],[128.8744775,71.6405589],[128.8744046,71.6403461],[128.8748325,71.6403315],[128.8748495,71.6403813],[128.875212,71.640369],[128.8751606,71.6402188],[128.8753458,71.6402125],[128.8753243,71.6401496],[128.8752045,71.6401537],[128.875173,71.6400616],[128.8751011,71.6400641],[128.8750034,71.6397787],[128.8746654,71.6397902],[128.874765,71.6400807],[128.873821,71.6401128],[128.8739224,71.6404086],[128.8740316,71.6407064]]]}},{"type":"Feature","id":"osm-way-232017697","properties":{"buildingId":"osm-way-232017697","osmBuildingId":"osm-way-232017697","osmId":232017697,"building":"yes","levels":null,"height":10.5,"minHeight":null,"roofShape":null,"buildingMaterial":null,"facadeMaterial":null,"name":null,"address":null,"centerLon":128.8725775,"centerLat":71.64064145,"source":"OpenStreetMap"},"geometry":{"type":"Polygon","coordinates":[[[128.8722306,71.6406376],[128.8727237,71.6407406],[128.8729244,71.6406453],[128.8724313,71.6405423],[128.8722306,71.6406376]]]}},{"type":"Feature","id":"osm-way-232017824","properties":{"buildingId":"osm-way-232017824","osmBuildingId":"osm-way-232017824","osmId":232017824,"building":"yes","levels":null,"height":13,"minHeight":null,"roofShape":null,"buildingMaterial":null,"facadeMaterial":null,"name":null,"address":null,"centerLon":128.876172925,"centerLat":71.6404404,"source":"OpenStreetMap"},"geometry":{"type":"Polygon","coordinates":[[[128.8762313,71.6405279],[128.876303,71.6403609],[128.8761145,71.6403529],[128.8760429,71.6405199],[128.8762313,71.6405279]]]}},{"type":"Feature","id":"osm-way-232017825","properties":{"buildingId":"osm-way-232017825","osmBuildingId":"osm-way-232017825","osmId":232017825,"building":"yes","levels":null,"height":15.5,"minHeight":null,"roofShape":null,"buildingMaterial":null,"facadeMaterial":null,"name":null,"address":null,"centerLon":128.87699644166668,"centerLat":71.64036064166666,"source":"OpenStreetMap"},"geometry":{"type":"Polygon","coordinates":[[[128.877108,71.6403606],[128.8770931,71.6403782],[128.8770522,71.6403911],[128.8769964,71.6403958],[128.8769407,71.6403911],[128.8768998,71.6403782],[128.8768849,71.6403606],[128.8768998,71.6403431],[128.8769407,71.6403302],[128.8769964,71.6403255],[128.8770522,71.6403302],[128.8770931,71.6403431],[128.877108,71.6403606]]]}},{"type":"Feature","id":"osm-way-232017826","properties":{"buildingId":"osm-way-232017826","osmBuildingId":"osm-way-232017826","osmId":232017826,"building":"yes","levels":null,"height":18,"minHeight":null,"roofShape":null,"buildingMaterial":null,"facadeMaterial":null,"name":null,"address":null,"centerLon":128.87625889166665,"centerLat":71.64014229166666,"source":"OpenStreetMap"},"geometry":{"type":"Polygon","coordinates":[[[128.8765235,71.6401423],[128.8764881,71.640184],[128.8763912,71.6402145],[128.8762589,71.6402256],[128.8761266,71.6402145],[128.8760297,71.640184],[128.8759942,71.6401423],[128.8760297,71.6401006],[128.8761266,71.6400701],[128.8762589,71.6400589],[128.8763912,71.6400701],[128.8764881,71.6401006],[128.8765235,71.6401423]]]}},{"type":"Feature","id":"osm-way-232017827","properties":{"buildingId":"osm-way-232017827","osmBuildingId":"osm-way-232017827","osmId":232017827,"building":"yes","levels":null,"height":20.5,"minHeight":null,"roofShape":null,"buildingMaterial":null,"facadeMaterial":null,"name":null,"address":null,"centerLon":128.87036193333333,"centerLat":71.64060866666667,"source":"OpenStreetMap"},"geometry":{"type":"Polygon","coordinates":[[[128.87055,71.6407664],[128.8708994,71.6406084],[128.8699917,71.6404093],[128.8698133,71.64049],[128.8705441,71.6406503],[128.8703731,71.6407276],[128.87055,71.6407664]]]}},{"type":"Feature","id":"osm-way-232037165","properties":{"buildingId":"osm-way-232037165","osmBuildingId":"osm-way-232037165","osmId":232037165,"building":"yes","levels":null,"height":13,"minHeight":null,"roofShape":null,"buildingMaterial":null,"facadeMaterial":null,"name":null,"address":null,"centerLon":128.876621575,"centerLat":71.63437355,"source":"OpenStreetMap"},"geometry":{"type":"Polygon","coordinates":[[[128.8765734,71.6346023],[128.8772614,71.6344827],[128.8766698,71.6341448],[128.8759817,71.6342644],[128.8765734,71.6346023]]]}},{"type":"Feature","id":"osm-way-232037167","properties":{"buildingId":"osm-way-232037167","osmBuildingId":"osm-way-232037167","osmId":232037167,"building":"yes","levels":null,"height":18,"minHeight":null,"roofShape":null,"buildingMaterial":null,"facadeMaterial":null,"name":null,"address":null,"centerLon":128.86898685,"centerLat":71.6337536,"source":"OpenStreetMap"},"geometry":{"type":"Polygon","coordinates":[[[128.8689514,71.633877],[128.8692851,71.6338344],[128.8690223,71.6336302],[128.8686886,71.6336728],[128.8689514,71.633877]]]}},{"type":"Feature","id":"osm-way-232151969","properties":{"buildingId":"osm-way-232151969","osmBuildingId":"osm-way-232151969","osmId":232151969,"building":"yes","levels":null,"height":13,"minHeight":null,"roofShape":null,"buildingMaterial":null,"facadeMaterial":null,"name":null,"address":null,"centerLon":128.86491654999998,"centerLat":71.6398207,"source":"OpenStreetMap"},"geometry":{"type":"Polygon","coordinates":[[[128.8647665,71.6398031],[128.8648842,71.6397713],[128.8650666,71.6398383],[128.8649489,71.6398701],[128.8647665,71.6398031]]]}},{"type":"Feature","id":"osm-way-232151970","properties":{"buildingId":"osm-way-232151970","osmBuildingId":"osm-way-232151970","osmId":232151970,"building":"yes","levels":null,"height":15.5,"minHeight":null,"roofShape":null,"buildingMaterial":null,"facadeMaterial":null,"name":null,"address":null,"centerLon":128.846040375,"centerLat":71.639953625,"source":"OpenStreetMap"},"geometry":{"type":"Polygon","coordinates":[[[128.8458277,71.6400036],[128.8463052,71.6399586],[128.8462531,71.6399037],[128.8457755,71.6399486],[128.8458277,71.6400036]]]}},{"type":"Feature","id":"osm-way-232151971","properties":{"buildingId":"osm-way-232151971","osmBuildingId":"osm-way-232151971","osmId":232151971,"building":"yes","levels":null,"height":18,"minHeight":null,"roofShape":null,"buildingMaterial":null,"facadeMaterial":null,"name":null,"address":null,"centerLon":128.84546680833333,"centerLat":71.63998196666667,"source":"OpenStreetMap"},"geometry":{"type":"Polygon","coordinates":[[[128.8453715,71.6400823],[128.8456927,71.6400326],[128.8456458,71.6400025],[128.8457017,71.6399939],[128.8456732,71.6399755],[128.8455927,71.639988],[128.8455521,71.639962],[128.8454041,71.6399849],[128.8452401,71.6398799],[128.8451651,71.6398915],[128.8453181,71.6399896],[128.8452446,71.6400009],[128.8453715,71.6400823]]]}},{"type":"Feature","id":"osm-way-232151973","properties":{"buildingId":"osm-way-232151973","osmBuildingId":"osm-way-232151973","osmId":232151973,"building":"yes","levels":null,"height":23,"minHeight":null,"roofShape":null,"buildingMaterial":null,"facadeMaterial":null,"name":null,"address":null,"centerLon":128.850303675,"centerLat":71.63298645,"source":"OpenStreetMap"},"geometry":{"type":"Polygon","coordinates":[[[128.8506562,71.6331674],[128.8508492,71.6331111],[128.8499512,71.6328055],[128.8497581,71.6328618],[128.8506562,71.6331674]]]}},{"type":"Feature","id":"osm-way-232151974","properties":{"buildingId":"osm-way-232151974","osmBuildingId":"osm-way-232151974","osmId":232151974,"building":"yes","levels":null,"height":25.5,"minHeight":null,"roofShape":null,"buildingMaterial":null,"facadeMaterial":null,"name":null,"address":null,"centerLon":128.8493776,"centerLat":71.63263785,"source":"OpenStreetMap"},"geometry":{"type":"Polygon","coordinates":[[[128.8493539,71.6327793],[128.8498233,71.6326563],[128.8494013,71.6324964],[128.8489319,71.6326194],[128.8493539,71.6327793]]]}},{"type":"Feature","id":"osm-way-232151975","properties":{"buildingId":"osm-way-232151975","osmBuildingId":"osm-way-232151975","osmId":232151975,"building":"yes","levels":null,"height":28,"minHeight":null,"roofShape":null,"buildingMaterial":null,"facadeMaterial":null,"name":null,"address":null,"centerLon":128.8522419,"centerLat":71.63176035,"source":"OpenStreetMap"},"geometry":{"type":"Polygon","coordinates":[[[128.8523399,71.6318302],[128.8524594,71.631794],[128.8521439,71.6316905],[128.8520244,71.6317267],[128.8523399,71.6318302]]]}},{"type":"Feature","id":"osm-way-232151977","properties":{"buildingId":"osm-way-232151977","osmBuildingId":"osm-way-232151977","osmId":232151977,"building":"yes","levels":null,"height":10.5,"minHeight":null,"roofShape":null,"buildingMaterial":null,"facadeMaterial":null,"name":null,"address":null,"centerLon":128.86185685,"centerLat":71.630432525,"source":"OpenStreetMap"},"geometry":{"type":"Polygon","coordinates":[[[128.8623008,71.6306772],[128.8626022,71.6305884],[128.8614129,71.6301878],[128.8611115,71.6302767],[128.8623008,71.6306772]]]}},{"type":"Feature","id":"osm-way-232151978","properties":{"buildingId":"osm-way-232151978","osmBuildingId":"osm-way-232151978","osmId":232151978,"building":"yes","levels":null,"height":13,"minHeight":null,"roofShape":null,"buildingMaterial":null,"facadeMaterial":null,"name":null,"address":null,"centerLon":128.84627657500002,"centerLat":71.6307714,"source":"OpenStreetMap"},"geometry":{"type":"Polygon","coordinates":[[[128.8461493,71.6309517],[128.8464215,71.6309504],[128.8464039,71.6305911],[128.8461316,71.6305924],[128.8461493,71.6309517]]]}},{"type":"Feature","id":"osm-way-232151979","properties":{"buildingId":"osm-way-232151979","osmBuildingId":"osm-way-232151979","osmId":232151979,"building":"yes","levels":null,"height":15.5,"minHeight":null,"roofShape":null,"buildingMaterial":null,"facadeMaterial":null,"name":null,"address":null,"centerLon":128.846720525,"centerLat":71.63104495,"source":"OpenStreetMap"},"geometry":{"type":"Polygon","coordinates":[[[128.8467158,71.6310798],[128.8468263,71.6310346],[128.8467253,71.6310101],[128.8466147,71.6310553],[128.8467158,71.6310798]]]}},{"type":"Feature","id":"osm-way-232151980","properties":{"buildingId":"osm-way-232151980","osmBuildingId":"osm-way-232151980","osmId":232151980,"building":"yes","levels":null,"height":18,"minHeight":null,"roofShape":null,"buildingMaterial":null,"facadeMaterial":null,"name":null,"address":null,"centerLon":128.8459879,"centerLat":71.63108068333334,"source":"OpenStreetMap"},"geometry":{"type":"Polygon","coordinates":[[[128.8459393,71.6311324],[128.8460859,71.6311783],[128.8463034,71.6311094],[128.8458375,71.6309634],[128.845721,71.6310003],[128.8460403,71.6311003],[128.8459393,71.6311324]]]}},{"type":"Feature","id":"osm-way-232151981","properties":{"buildingId":"osm-way-232151981","osmBuildingId":"osm-way-232151981","osmId":232151981,"building":"yes","levels":null,"height":20.5,"minHeight":null,"roofShape":null,"buildingMaterial":null,"facadeMaterial":null,"name":null,"address":null,"centerLon":128.8510603,"centerLat":71.63431159999999,"source":"OpenStreetMap"},"geometry":{"type":"Polygon","coordinates":[[[128.8510858,71.6343606],[128.8512041,71.6343319],[128.8510348,71.6342626],[128.8509165,71.6342913],[128.8510858,71.6343606]]]}},{"type":"Feature","id":"osm-way-232151982","properties":{"buildingId":"osm-way-232151982","osmBuildingId":"osm-way-232151982","osmId":232151982,"building":"yes","levels":null,"height":23,"minHeight":null,"roofShape":null,"buildingMaterial":null,"facadeMaterial":null,"name":null,"address":null,"centerLon":128.8502589,"centerLat":71.6341748,"source":"OpenStreetMap"},"geometry":{"type":"Polygon","coordinates":[[[128.8501625,71.6341765],[128.850228,71.6342036],[128.8503553,71.6341731],[128.8502898,71.634146],[128.8501625,71.6341765]]]}},{"type":"Feature","id":"osm-way-232151983","properties":{"buildingId":"osm-way-232151983","osmBuildingId":"osm-way-232151983","osmId":232151983,"building":"yes","levels":null,"height":25.5,"minHeight":null,"roofShape":null,"buildingMaterial":null,"facadeMaterial":null,"name":null,"address":null,"centerLon":128.8511598,"centerLat":71.63556009999999,"source":"OpenStreetMap"},"geometry":{"type":"Polygon","coordinates":[[[128.8507785,71.6355074],[128.8510523,71.6354387],[128.8514346,71.6355901],[128.8513728,71.6356056],[128.8511608,71.6356587],[128.8507785,71.6355074]]]}},{"type":"Feature","id":"osm-way-232151984","properties":{"buildingId":"osm-way-232151984","osmBuildingId":"osm-way-232151984","osmId":232151984,"building":"yes","levels":null,"height":28,"minHeight":null,"roofShape":null,"buildingMaterial":null,"facadeMaterial":null,"name":null,"address":null,"centerLon":128.851432075,"centerLat":71.6357224,"source":"OpenStreetMap"},"geometry":{"type":"Polygon","coordinates":[[[128.8513728,71.6356056],[128.8510786,71.6356825],[128.8514913,71.6358392],[128.8517856,71.6357623],[128.8513728,71.6356056]]]}},{"type":"Feature","id":"osm-way-232151985","properties":{"buildingId":"osm-way-232151985","osmBuildingId":"osm-way-232151985","osmId":232151985,"building":"yes","levels":null,"height":8,"minHeight":null,"roofShape":null,"buildingMaterial":null,"facadeMaterial":null,"name":null,"address":null,"centerLon":128.85087692500002,"centerLat":71.63598590000001,"source":"OpenStreetMap"},"geometry":{"type":"Polygon","coordinates":[[[128.8509071,71.6360253],[128.8509962,71.6360011],[128.8508467,71.6359465],[128.8507577,71.6359707],[128.8509071,71.6360253]]]}},{"type":"Feature","id":"osm-way-232151988","properties":{"buildingId":"osm-way-232151988","osmBuildingId":"osm-way-232151988","osmId":232151988,"building":"yes","levels":null,"height":15.5,"minHeight":null,"roofShape":null,"buildingMaterial":null,"facadeMaterial":null,"name":null,"address":null,"centerLon":128.85099947499998,"centerLat":71.63595335,"source":"OpenStreetMap"},"geometry":{"type":"Polygon","coordinates":[[[128.8510179,71.6359921],[128.8508822,71.6359404],[128.850981,71.6359146],[128.8511168,71.6359663],[128.8510179,71.6359921]]]}},{"type":"Feature","id":"osm-way-232151989","properties":{"buildingId":"osm-way-232151989","osmBuildingId":"osm-way-232151989","osmId":232151989,"building":"yes","levels":null,"height":18,"minHeight":null,"roofShape":null,"buildingMaterial":null,"facadeMaterial":null,"name":null,"address":null,"centerLon":128.84227049999998,"centerLat":71.636848125,"source":"OpenStreetMap"},"geometry":{"type":"Polygon","coordinates":[[[128.8420305,71.6368114],[128.8422396,71.6367646],[128.8425105,71.6368849],[128.8423014,71.6369316],[128.8420305,71.6368114]]]}},{"type":"Feature","id":"osm-way-232151990","properties":{"buildingId":"osm-way-232151990","osmBuildingId":"osm-way-232151990","osmId":232151990,"building":"yes","levels":null,"height":20.5,"minHeight":null,"roofShape":null,"buildingMaterial":null,"facadeMaterial":null,"name":null,"address":null,"centerLon":128.8418439,"centerLat":71.63666255,"source":"OpenStreetMap"},"geometry":{"type":"Polygon","coordinates":[[[128.8419288,71.636775],[128.842157,71.6367228],[128.841759,71.6365501],[128.8415308,71.6366023],[128.8419288,71.636775]]]}},{"type":"Feature","id":"osm-way-232151993","properties":{"buildingId":"osm-way-232151993","osmBuildingId":"osm-way-232151993","osmId":232151993,"building":"yes","levels":null,"height":28,"minHeight":null,"roofShape":null,"buildingMaterial":null,"facadeMaterial":null,"name":null,"address":null,"centerLon":128.84102933571427,"centerLat":71.63525820714285,"source":"OpenStreetMap"},"geometry":{"type":"Polygon","coordinates":[[[128.8417066,71.6357042],[128.8420341,71.6356321],[128.8416828,71.6354737],[128.8418851,71.6354292],[128.8417296,71.6353591],[128.8415126,71.6354069],[128.8407593,71.6350673],[128.8409658,71.6350219],[128.8408536,71.6349713],[128.8406535,71.6350154],[128.840529,71.6349593],[128.8396698,71.6351486],[128.8399445,71.6352724],[128.8404844,71.6351535],[128.8417066,71.6357042]]]}},{"type":"Feature","id":"osm-way-232151994","properties":{"buildingId":"osm-way-232151994","osmBuildingId":"osm-way-232151994","osmId":232151994,"building":"yes","levels":null,"height":8,"minHeight":null,"roofShape":null,"buildingMaterial":null,"facadeMaterial":null,"name":null,"address":null,"centerLon":128.8355812,"centerLat":71.63526494999999,"source":"OpenStreetMap"},"geometry":{"type":"Polygon","coordinates":[[[128.8342186,71.6350074],[128.8345841,71.6348752],[128.8369438,71.6355225],[128.8365783,71.6356547],[128.8342186,71.6350074]]]}},{"type":"Feature","id":"osm-way-232151996","properties":{"buildingId":"osm-way-232151996","osmBuildingId":"osm-way-232151996","osmId":232151996,"building":"yes","levels":null,"height":13,"minHeight":null,"roofShape":null,"buildingMaterial":null,"facadeMaterial":null,"name":null,"address":null,"centerLon":128.843434625,"centerLat":71.637333525,"source":"OpenStreetMap"},"geometry":{"type":"Polygon","coordinates":[[[128.8432187,71.6373025],[128.8434322,71.6372588],[128.8436505,71.6373645],[128.8434371,71.6374083],[128.8432187,71.6373025]]]}},{"type":"Feature","id":"osm-way-232152657","properties":{"buildingId":"osm-way-232152657","osmBuildingId":"osm-way-232152657","osmId":232152657,"building":"yes","levels":null,"height":23,"minHeight":null,"roofShape":null,"buildingMaterial":null,"facadeMaterial":null,"name":null,"address":null,"centerLon":128.8701451,"centerLat":71.638403225,"source":"OpenStreetMap"},"geometry":{"type":"Polygon","coordinates":[[[128.869722,71.6383347],[128.8700373,71.6382572],[128.8705682,71.6384718],[128.8702529,71.6385492],[128.869722,71.6383347]]]}},{"type":"Feature","id":"osm-way-232152971","properties":{"buildingId":"osm-way-232152971","osmBuildingId":"osm-way-232152971","osmId":232152971,"building":"yes","levels":null,"height":20.5,"minHeight":null,"roofShape":null,"buildingMaterial":null,"facadeMaterial":null,"name":null,"address":null,"centerLon":128.87280106666665,"centerLat":71.63741048333333,"source":"OpenStreetMap"},"geometry":{"type":"Polygon","coordinates":[[[128.8721736,71.6372827],[128.8727193,71.6371915],[128.8731306,71.637436],[128.8730484,71.6374706],[128.8730694,71.6375073],[128.8726651,71.6375748],[128.8721736,71.6372827]]]}},{"type":"Feature","id":"osm-way-232152972","properties":{"buildingId":"osm-way-232152972","osmBuildingId":"osm-way-232152972","osmId":232152972,"building":"yes","levels":null,"height":23,"minHeight":null,"roofShape":null,"buildingMaterial":null,"facadeMaterial":null,"name":null,"address":null,"centerLon":128.87354585,"centerLat":71.63791845,"source":"OpenStreetMap"},"geometry":{"type":"Polygon","coordinates":[[[128.8735415,71.6380418],[128.8738492,71.6379964],[128.8735502,71.6377951],[128.8732425,71.6378405],[128.8735415,71.6380418]]]}},{"type":"Feature","id":"osm-way-232152974","properties":{"buildingId":"osm-way-232152974","osmBuildingId":"osm-way-232152974","osmId":232152974,"building":"garages","levels":null,"height":28,"minHeight":null,"roofShape":null,"buildingMaterial":null,"facadeMaterial":null,"name":null,"address":null,"centerLon":128.87880285,"centerLat":71.636250525,"source":"OpenStreetMap"},"geometry":{"type":"Polygon","coordinates":[[[128.8786961,71.636414],[128.8790563,71.636397],[128.8789096,71.6360871],[128.8785494,71.636104],[128.8786961,71.636414]]]}},{"type":"Feature","id":"osm-way-232152985","properties":{"buildingId":"osm-way-232152985","osmBuildingId":"osm-way-232152985","osmId":232152985,"building":"yes","levels":null,"height":10.5,"minHeight":null,"roofShape":null,"buildingMaterial":null,"facadeMaterial":null,"name":null,"address":null,"centerLon":128.87993082499997,"centerLat":71.6422826,"source":"OpenStreetMap"},"geometry":{"type":"Polygon","coordinates":[[[128.8798085,71.6422882],[128.8798809,71.642247],[128.8800531,71.642277],[128.8799808,71.6423182],[128.8798085,71.6422882]]]}},{"type":"Feature","id":"osm-way-232154259","properties":{"buildingId":"osm-way-232154259","osmBuildingId":"osm-way-232154259","osmId":232154259,"building":"yes","levels":null,"height":23,"minHeight":null,"roofShape":null,"buildingMaterial":null,"facadeMaterial":null,"name":null,"address":null,"centerLon":128.848943675,"centerLat":71.6882454,"source":"OpenStreetMap"},"geometry":{"type":"Polygon","coordinates":[[[128.8484628,71.6882939],[128.849406,71.6883093],[128.8494246,71.6881969],[128.8484813,71.6881815],[128.8484628,71.6882939]]]}},{"type":"Feature","id":"osm-way-232154261","properties":{"buildingId":"osm-way-232154261","osmBuildingId":"osm-way-232154261","osmId":232154261,"building":"yes","levels":null,"height":28,"minHeight":null,"roofShape":null,"buildingMaterial":null,"facadeMaterial":null,"name":null,"address":null,"centerLon":128.849025875,"centerLat":71.687986675,"source":"OpenStreetMap"},"geometry":{"type":"Polygon","coordinates":[[[128.848534,71.6880343],[128.8494958,71.6880526],[128.8495178,71.6879391],[128.8485559,71.6879207],[128.848534,71.6880343]]]}},{"type":"Feature","id":"osm-way-232154263","properties":{"buildingId":"osm-way-232154263","osmBuildingId":"osm-way-232154263","osmId":232154263,"building":"yes","levels":null,"height":10.5,"minHeight":null,"roofShape":null,"buildingMaterial":null,"facadeMaterial":null,"name":null,"address":null,"centerLon":128.84910045,"centerLat":71.687706475,"source":"OpenStreetMap"},"geometry":{"type":"Polygon","coordinates":[[[128.8485934,71.6877495],[128.8495784,71.6877749],[128.8496075,71.6876635],[128.8486225,71.687638],[128.8485934,71.6877495]]]}},{"type":"Feature","id":"osm-way-232154264","properties":{"buildingId":"osm-way-232154264","osmBuildingId":"osm-way-232154264","osmId":232154264,"building":"yes","levels":null,"height":13,"minHeight":null,"roofShape":null,"buildingMaterial":null,"facadeMaterial":null,"name":null,"address":null,"centerLon":128.8508835,"centerLat":71.687755025,"source":"OpenStreetMap"},"geometry":{"type":"Polygon","coordinates":[[[128.8503982,71.6877885],[128.8513305,71.6878232],[128.8513688,71.6877215],[128.8504365,71.6876869],[128.8503982,71.6877885]]]}},{"type":"Feature","id":"osm-way-232154266","properties":{"buildingId":"osm-way-232154266","osmBuildingId":"osm-way-232154266","osmId":232154266,"building":"yes","levels":null,"height":18,"minHeight":null,"roofShape":null,"buildingMaterial":null,"facadeMaterial":null,"name":null,"address":null,"centerLon":128.850802975,"centerLat":71.68803795,"source":"OpenStreetMap"},"geometry":{"type":"Polygon","coordinates":[[[128.8502951,71.6880782],[128.8503277,71.6879688],[128.8513108,71.6879977],[128.8512783,71.6881071],[128.8502951,71.6880782]]]}},{"type":"Feature","id":"osm-way-232154268","properties":{"buildingId":"osm-way-232154268","osmBuildingId":"osm-way-232154268","osmId":232154268,"building":"yes","levels":null,"height":23,"minHeight":null,"roofShape":null,"buildingMaterial":null,"facadeMaterial":null,"name":null,"address":null,"centerLon":128.85070217499998,"centerLat":71.68827962499999,"source":"OpenStreetMap"},"geometry":{"type":"Polygon","coordinates":[[[128.8502029,71.6883083],[128.8502242,71.688226],[128.8512014,71.688251],[128.8511802,71.6883332],[128.8502029,71.6883083]]]}},{"type":"Feature","id":"osm-way-232154270","properties":{"buildingId":"osm-way-232154270","osmBuildingId":"osm-way-232154270","osmId":232154270,"building":"yes","levels":null,"height":28,"minHeight":null,"roofShape":null,"buildingMaterial":null,"facadeMaterial":null,"name":null,"address":null,"centerLon":128.852716525,"centerLat":71.688082175,"source":"OpenStreetMap"},"geometry":{"type":"Polygon","coordinates":[[[128.8522208,71.6881157],[128.8522479,71.6880213],[128.8532123,71.6880486],[128.8531851,71.6881431],[128.8522208,71.6881157]]]}},{"type":"Feature","id":"osm-way-232154272","properties":{"buildingId":"osm-way-232154272","osmBuildingId":"osm-way-232154272","osmId":232154272,"building":"yes","levels":null,"height":10.5,"minHeight":null,"roofShape":null,"buildingMaterial":null,"facadeMaterial":null,"name":null,"address":null,"centerLon":128.85282135,"centerLat":71.687834575,"source":"OpenStreetMap"},"geometry":{"type":"Polygon","coordinates":[[[128.8523075,71.6878669],[128.8523453,71.6877658],[128.8533352,71.6878022],[128.8532974,71.6879034],[128.8523075,71.6878669]]]}},{"type":"Feature","id":"osm-way-232154274","properties":{"buildingId":"osm-way-232154274","osmBuildingId":"osm-way-232154274","osmId":232154274,"building":"yes","levels":null,"height":15.5,"minHeight":null,"roofShape":null,"buildingMaterial":null,"facadeMaterial":null,"name":null,"address":null,"centerLon":128.85428100000001,"centerLat":71.68788455,"source":"OpenStreetMap"},"geometry":{"type":"Polygon","coordinates":[[[128.8537504,71.6879146],[128.8537898,71.6878147],[128.8548116,71.6878545],[128.8547722,71.6879544],[128.8537504,71.6879146]]]}},{"type":"Feature","id":"osm-way-232154276","properties":{"buildingId":"osm-way-232154276","osmBuildingId":"osm-way-232154276","osmId":232154276,"building":"yes","levels":null,"height":20.5,"minHeight":null,"roofShape":null,"buildingMaterial":null,"facadeMaterial":null,"name":null,"address":null,"centerLon":128.854413375,"centerLat":71.687615425,"source":"OpenStreetMap"},"geometry":{"type":"Polygon","coordinates":[[[128.8538968,71.6876471],[128.853937,71.6875452],[128.8549299,71.6875838],[128.8548898,71.6876856],[128.8538968,71.6876471]]]}},{"type":"Feature","id":"osm-way-232154277","properties":{"buildingId":"osm-way-232154277","osmBuildingId":"osm-way-232154277","osmId":232154277,"building":"yes","levels":null,"height":23,"minHeight":null,"roofShape":null,"buildingMaterial":null,"facadeMaterial":null,"name":null,"address":null,"centerLon":128.85591655,"centerLat":71.687935725,"source":"OpenStreetMap"},"geometry":{"type":"Polygon","coordinates":[[[128.8554089,71.6879642],[128.8554537,71.6878642],[128.8564242,71.6879073],[128.8563794,71.6880072],[128.8554089,71.6879642]]]}},{"type":"Feature","id":"osm-way-232154281","properties":{"buildingId":"osm-way-232154281","osmBuildingId":"osm-way-232154281","osmId":232154281,"building":"yes","levels":null,"height":10.5,"minHeight":null,"roofShape":null,"buildingMaterial":null,"facadeMaterial":null,"name":null,"address":null,"centerLon":128.85860904166668,"centerLat":71.68733007499999,"source":"OpenStreetMap"},"geometry":{"type":"Polygon","coordinates":[[[128.8587903,71.6873301],[128.858766,71.6873585],[128.8586997,71.6873794],[128.858609,71.687387],[128.8585184,71.6873794],[128.8584521,71.6873585],[128.8584278,71.6873301],[128.8584521,71.6873016],[128.8585184,71.6872808],[128.858609,71.6872731],[128.8586997,71.6872808],[128.858766,71.6873016],[128.8587903,71.6873301]]]}},{"type":"Feature","id":"osm-way-232154282","properties":{"buildingId":"osm-way-232154282","osmBuildingId":"osm-way-232154282","osmId":232154282,"building":"yes","levels":null,"height":13,"minHeight":null,"roofShape":null,"buildingMaterial":null,"facadeMaterial":null,"name":null,"address":null,"centerLon":128.8598087,"centerLat":71.6871639,"source":"OpenStreetMap"},"geometry":{"type":"Polygon","coordinates":[[[128.859148,71.6872194],[128.8592427,71.6870433],[128.8604694,71.6871084],[128.8603747,71.6872845],[128.859148,71.6872194]]]}},{"type":"Feature","id":"osm-way-232154544","properties":{"buildingId":"osm-way-232154544","osmBuildingId":"osm-way-232154544","osmId":232154544,"building":"yes","levels":null,"height":15.5,"minHeight":null,"roofShape":null,"buildingMaterial":null,"facadeMaterial":null,"name":null,"address":null,"centerLon":128.87066345,"centerLat":71.6887621125,"source":"OpenStreetMap"},"geometry":{"type":"Polygon","coordinates":[[[128.869961,71.6887504],[128.8700079,71.68864],[128.8713547,71.6886966],[128.8713056,71.6888121],[128.8707837,71.6887902],[128.8707708,71.6888204],[128.8705544,71.6888113],[128.8705695,71.6887759],[128.869961,71.6887504]]]}},{"type":"Feature","id":"osm-way-232154546","properties":{"buildingId":"osm-way-232154546","osmBuildingId":"osm-way-232154546","osmId":232154546,"building":"yes","levels":null,"height":20.5,"minHeight":null,"roofShape":null,"buildingMaterial":null,"facadeMaterial":null,"name":null,"address":null,"centerLon":128.86864847500001,"centerLat":71.68867776249999,"source":"OpenStreetMap"},"geometry":{"type":"Polygon","coordinates":[[[128.8679729,71.68867],[128.8680264,71.6885461],[128.8694359,71.6886061],[128.8693817,71.6887318],[128.868735,71.6887043],[128.8687187,71.6887421],[128.8684501,71.6887306],[128.8684671,71.6886911],[128.8679729,71.68867]]]}},{"type":"Feature","id":"osm-way-232154549","properties":{"buildingId":"osm-way-232154549","osmBuildingId":"osm-way-232154549","osmId":232154549,"building":"yes","levels":null,"height":28,"minHeight":null,"roofShape":null,"buildingMaterial":null,"facadeMaterial":null,"name":null,"address":null,"centerLon":128.87014774166667,"centerLat":71.68729407500001,"source":"OpenStreetMap"},"geometry":{"type":"Polygon","coordinates":[[[128.870371,71.6872941],[128.8703411,71.6873292],[128.8702594,71.6873548],[128.8701477,71.6873642],[128.8700361,71.6873548],[128.8699544,71.6873292],[128.8699245,71.6872941],[128.8699544,71.687259],[128.8700361,71.6872333],[128.8701477,71.6872239],[128.8702594,71.6872333],[128.8703411,71.687259],[128.870371,71.6872941]]]}},{"type":"Feature","id":"osm-way-232154552","properties":{"buildingId":"osm-way-232154552","osmBuildingId":"osm-way-232154552","osmId":232154552,"building":"yes","levels":null,"height":13,"minHeight":null,"roofShape":null,"buildingMaterial":null,"facadeMaterial":null,"name":null,"address":null,"centerLon":128.85962444999998,"centerLat":71.68775282499999,"source":"OpenStreetMap"},"geometry":{"type":"Polygon","coordinates":[[[128.859133,71.6877706],[128.8591717,71.6876902],[128.8601159,71.687735],[128.8600772,71.6878155],[128.859133,71.6877706]]]}},{"type":"Feature","id":"osm-way-232154555","properties":{"buildingId":"osm-way-232154555","osmBuildingId":"osm-way-232154555","osmId":232154555,"building":"yes","levels":null,"height":20.5,"minHeight":null,"roofShape":null,"buildingMaterial":null,"facadeMaterial":null,"name":null,"address":null,"centerLon":128.8659882,"centerLat":71.688507775,"source":"OpenStreetMap"},"geometry":{"type":"Polygon","coordinates":[[[128.8653479,71.688575],[128.866028,71.6886091],[128.866049,71.6885678],[128.8668481,71.6886078],[128.8669087,71.6884885],[128.8656346,71.6884247],[128.8656472,71.6883998],[128.8654421,71.6883895],[128.8653479,71.688575]]]}},{"type":"Feature","id":"osm-way-232154556","properties":{"buildingId":"osm-way-232154556","osmBuildingId":"osm-way-232154556","osmId":232154556,"building":"yes","levels":null,"height":23,"minHeight":null,"roofShape":null,"buildingMaterial":null,"facadeMaterial":null,"name":null,"address":null,"centerLon":128.86399171000002,"centerLat":71.68847337999999,"source":"OpenStreetMap"},"geometry":{"type":"Polygon","coordinates":[[[128.863774,71.6885492],[128.8639691,71.6885581],[128.8639905,71.6885115],[128.8642819,71.6885248],[128.8642962,71.6884937],[128.8643838,71.6884977],[128.8644483,71.6883574],[128.863514,71.688315],[128.8634495,71.688455],[128.8638098,71.6884714],[128.863774,71.6885492]]]}},{"type":"Feature","id":"osm-way-232155623","properties":{"buildingId":"osm-way-232155623","osmBuildingId":"osm-way-232155623","osmId":232155623,"building":"yes","levels":null,"height":13,"minHeight":null,"roofShape":null,"buildingMaterial":null,"facadeMaterial":null,"name":null,"address":null,"centerLon":128.86593015,"centerLat":71.6888436,"source":"OpenStreetMap"},"geometry":{"type":"Polygon","coordinates":[[[128.8651135,71.688871],[128.8651689,71.6887467],[128.8667468,71.6888162],[128.8666914,71.6889405],[128.8651135,71.688871]]]}},{"type":"Feature","id":"osm-way-232155624","properties":{"buildingId":"osm-way-232155624","osmBuildingId":"osm-way-232155624","osmId":232155624,"building":"yes","levels":null,"height":15.5,"minHeight":null,"roofShape":null,"buildingMaterial":null,"facadeMaterial":null,"name":null,"address":null,"centerLon":128.8685189,"centerLat":71.68918587499999,"source":"OpenStreetMap"},"geometry":{"type":"Polygon","coordinates":[[[128.8676209,71.68922],[128.8676697,71.689088],[128.8694169,71.6891518],[128.8693681,71.6892837],[128.8676209,71.68922]]]}},{"type":"Feature","id":"osm-way-232155625","properties":{"buildingId":"osm-way-232155625","osmBuildingId":"osm-way-232155625","osmId":232155625,"building":"yes","levels":null,"height":18,"minHeight":null,"roofShape":null,"buildingMaterial":null,"facadeMaterial":null,"name":null,"address":null,"centerLon":128.87055,"centerLat":71.6890473,"source":"OpenStreetMap"},"geometry":{"type":"Polygon","coordinates":[[[128.8698352,71.6890803],[128.8698821,71.6889607],[128.8712648,71.6890143],[128.8712179,71.6891339],[128.8698352,71.6890803]]]}},{"type":"Feature","id":"osm-way-232155626","properties":{"buildingId":"osm-way-232155626","osmBuildingId":"osm-way-232155626","osmId":232155626,"building":"yes","levels":null,"height":20.5,"minHeight":null,"roofShape":null,"buildingMaterial":null,"facadeMaterial":null,"name":null,"address":null,"centerLon":128.87115455,"centerLat":71.6896131,"source":"OpenStreetMap"},"geometry":{"type":"Polygon","coordinates":[[[128.8708332,71.6896407],[128.8708671,71.6895602],[128.8714759,71.6895855],[128.871442,71.689666],[128.8708332,71.6896407]]]}},{"type":"Feature","id":"osm-way-232155627","properties":{"buildingId":"osm-way-232155627","osmBuildingId":"osm-way-232155627","osmId":232155627,"building":"yes","levels":null,"height":23,"minHeight":null,"roofShape":null,"buildingMaterial":null,"facadeMaterial":null,"name":null,"address":null,"centerLon":128.87132904999999,"centerLat":71.69003315,"source":"OpenStreetMap"},"geometry":{"type":"Polygon","coordinates":[[[128.871044,71.6900616],[128.8712073,71.6899473],[128.8716141,71.6900047],[128.8714508,71.690119],[128.871044,71.6900616]]]}},{"type":"Feature","id":"osm-way-232155628","properties":{"buildingId":"osm-way-232155628","osmBuildingId":"osm-way-232155628","osmId":232155628,"building":"yes","levels":null,"height":25.5,"minHeight":null,"roofShape":null,"buildingMaterial":null,"facadeMaterial":null,"name":null,"address":null,"centerLon":128.876521675,"centerLat":71.690488675,"source":"OpenStreetMap"},"geometry":{"type":"Polygon","coordinates":[[[128.8759218,71.6904339],[128.8762601,71.6903104],[128.8771216,71.6905435],[128.8767832,71.6906669],[128.8759218,71.6904339]]]}},{"type":"Feature","id":"osm-way-232155629","properties":{"buildingId":"osm-way-232155629","osmBuildingId":"osm-way-232155629","osmId":232155629,"building":"yes","levels":null,"height":28,"minHeight":null,"roofShape":null,"buildingMaterial":null,"facadeMaterial":null,"name":null,"address":null,"centerLon":128.876973025,"centerLat":71.69026625000001,"source":"OpenStreetMap"},"geometry":{"type":"Polygon","coordinates":[[[128.8765376,71.6902004],[128.8766787,71.6901458],[128.8774085,71.6903321],[128.8772673,71.6903867],[128.8765376,71.6902004]]]}},{"type":"Feature","id":"osm-way-232155630","properties":{"buildingId":"osm-way-232155630","osmBuildingId":"osm-way-232155630","osmId":232155630,"building":"yes","levels":null,"height":8,"minHeight":null,"roofShape":null,"buildingMaterial":null,"facadeMaterial":null,"name":null,"address":null,"centerLon":128.87745825000002,"centerLat":71.69007992499999,"source":"OpenStreetMap"},"geometry":{"type":"Polygon","coordinates":[[[128.8770189,71.6900203],[128.8771729,71.6899592],[128.8778976,71.6901396],[128.8777436,71.6902006],[128.8770189,71.6900203]]]}},{"type":"Feature","id":"osm-way-232155631","properties":{"buildingId":"osm-way-232155631","osmBuildingId":"osm-way-232155631","osmId":232155631,"building":"yes","levels":null,"height":10.5,"minHeight":null,"roofShape":null,"buildingMaterial":null,"facadeMaterial":null,"name":null,"address":null,"centerLon":128.85030445,"centerLat":71.691096725,"source":"OpenStreetMap"},"geometry":{"type":"Polygon","coordinates":[[[128.849821,71.6911401],[128.8498664,71.6910192],[128.8507879,71.6910534],[128.8507425,71.6911742],[128.849821,71.6911401]]]}},{"type":"Feature","id":"osm-way-232155632","properties":{"buildingId":"osm-way-232155632","osmBuildingId":"osm-way-232155632","osmId":232155632,"building":"yes","levels":null,"height":13,"minHeight":null,"roofShape":null,"buildingMaterial":null,"facadeMaterial":null,"name":null,"address":null,"centerLon":128.850470475,"centerLat":71.69077064999999,"source":"OpenStreetMap"},"geometry":{"type":"Polygon","coordinates":[[[128.8500947,71.6908441],[128.8501513,71.6906743],[128.8508463,71.6906972],[128.8507896,71.690867],[128.8500947,71.6908441]]]}},{"type":"Feature","id":"osm-way-232155637","properties":{"buildingId":"osm-way-232155637","osmBuildingId":"osm-way-232155637","osmId":232155637,"building":"yes","levels":null,"height":25.5,"minHeight":null,"roofShape":null,"buildingMaterial":null,"facadeMaterial":null,"name":null,"address":null,"centerLon":128.850826225,"centerLat":71.69018265,"source":"OpenStreetMap"},"geometry":{"type":"Polygon","coordinates":[[[128.8504466,71.6902276],[128.8511617,71.6902543],[128.8512058,71.6901377],[128.8504908,71.690111],[128.8504466,71.6902276]]]}},{"type":"Feature","id":"osm-way-232155638","properties":{"buildingId":"osm-way-232155638","osmBuildingId":"osm-way-232155638","osmId":232155638,"building":"yes","levels":null,"height":28,"minHeight":null,"roofShape":null,"buildingMaterial":null,"facadeMaterial":null,"name":null,"address":null,"centerLon":128.84964845,"centerLat":71.690136875,"source":"OpenStreetMap"},"geometry":{"type":"Polygon","coordinates":[[[128.849307,71.6901853],[128.8499516,71.6902061],[128.8499899,71.6900884],[128.8493453,71.6900677],[128.849307,71.6901853]]]}},{"type":"Feature","id":"osm-way-232155639","properties":{"buildingId":"osm-way-232155639","osmBuildingId":"osm-way-232155639","osmId":232155639,"building":"yes","levels":null,"height":8,"minHeight":null,"roofShape":null,"buildingMaterial":null,"facadeMaterial":null,"name":null,"address":null,"centerLon":128.8496328,"centerLat":71.6897572,"source":"OpenStreetMap"},"geometry":{"type":"Polygon","coordinates":[[[128.849123,71.6898162],[128.849144,71.6896827],[128.8501426,71.6896982],[128.8501216,71.6898317],[128.849123,71.6898162]]]}},{"type":"Feature","id":"osm-way-232155640","properties":{"buildingId":"osm-way-232155640","osmBuildingId":"osm-way-232155640","osmId":232155640,"building":"yes","levels":null,"height":10.5,"minHeight":null,"roofShape":null,"buildingMaterial":null,"facadeMaterial":null,"name":null,"address":null,"centerLon":128.851533375,"centerLat":71.68981615,"source":"OpenStreetMap"},"geometry":{"type":"Polygon","coordinates":[[[128.8512465,71.6898651],[128.8512952,71.689746],[128.8518203,71.6897672],[128.8517715,71.6898863],[128.8512465,71.6898651]]]}},{"type":"Feature","id":"osm-way-232155641","properties":{"buildingId":"osm-way-232155641","osmBuildingId":"osm-way-232155641","osmId":232155641,"building":"yes","levels":null,"height":13,"minHeight":null,"roofShape":null,"buildingMaterial":null,"facadeMaterial":null,"name":null,"address":null,"centerLon":128.85237575,"centerLat":71.688844625,"source":"OpenStreetMap"},"geometry":{"type":"Polygon","coordinates":[[[128.8520605,71.6889532],[128.8521091,71.6887239],[128.852691,71.688736],[128.8526424,71.6889654],[128.8520605,71.6889532]]]}},{"type":"Feature","id":"osm-way-232155642","properties":{"buildingId":"osm-way-232155642","osmBuildingId":"osm-way-232155642","osmId":232155642,"building":"yes","levels":null,"height":15.5,"minHeight":null,"roofShape":null,"buildingMaterial":null,"facadeMaterial":null,"name":null,"address":null,"centerLon":128.85411995,"centerLat":71.688638075,"source":"OpenStreetMap"},"geometry":{"type":"Polygon","coordinates":[[[128.8535701,71.6887079],[128.8536157,71.68854],[128.8546698,71.6885683],[128.8546242,71.6887361],[128.8535701,71.6887079]]]}},{"type":"Feature","id":"osm-way-232155643","properties":{"buildingId":"osm-way-232155643","osmBuildingId":"osm-way-232155643","osmId":232155643,"building":"yes","levels":null,"height":18,"minHeight":null,"roofShape":null,"buildingMaterial":null,"facadeMaterial":null,"name":null,"address":null,"centerLon":128.854268575,"centerLat":71.688312,"source":"OpenStreetMap"},"geometry":{"type":"Polygon","coordinates":[[[128.853563,71.6883787],[128.8536167,71.6882041],[128.8549741,71.6882453],[128.8549205,71.6884199],[128.853563,71.6883787]]]}},{"type":"Feature","id":"osm-way-232155644","properties":{"buildingId":"osm-way-232155644","osmBuildingId":"osm-way-232155644","osmId":232155644,"building":"yes","levels":null,"height":20.5,"minHeight":null,"roofShape":null,"buildingMaterial":null,"facadeMaterial":null,"name":null,"address":null,"centerLon":128.85558372500003,"centerLat":71.6883878,"source":"OpenStreetMap"},"geometry":{"type":"Polygon","coordinates":[[[128.8551698,71.6884454],[128.8551816,71.6883225],[128.8559976,71.6883302],[128.8559859,71.6884531],[128.8551698,71.6884454]]]}},{"type":"Feature","id":"osm-way-232155645","properties":{"buildingId":"osm-way-232155645","osmBuildingId":"osm-way-232155645","osmId":232155645,"building":"yes","levels":null,"height":23,"minHeight":null,"roofShape":null,"buildingMaterial":null,"facadeMaterial":null,"name":null,"address":null,"centerLon":128.856833875,"centerLat":71.68875890000001,"source":"OpenStreetMap"},"geometry":{"type":"Polygon","coordinates":[[[128.8563378,71.6887946],[128.856347,71.6887123],[128.85733,71.6887232],[128.8573207,71.6888055],[128.8563378,71.6887946]]]}},{"type":"Feature","id":"osm-way-232155646","properties":{"buildingId":"osm-way-232155646","osmBuildingId":"osm-way-232155646","osmId":232155646,"building":"yes","levels":null,"height":25.5,"minHeight":null,"roofShape":null,"buildingMaterial":null,"facadeMaterial":null,"name":null,"address":null,"centerLon":128.847800725,"centerLat":71.68959919999999,"source":"OpenStreetMap"},"geometry":{"type":"Polygon","coordinates":[[[128.8473431,71.689654],[128.8473619,71.6895309],[128.8482583,71.6895444],[128.8482396,71.6896675],[128.8473431,71.689654]]]}},{"type":"Feature","id":"osm-way-232155647","properties":{"buildingId":"osm-way-232155647","osmBuildingId":"osm-way-232155647","osmId":232155647,"building":"yes","levels":null,"height":28,"minHeight":null,"roofShape":null,"buildingMaterial":null,"facadeMaterial":null,"name":null,"address":null,"centerLon":128.85671095,"centerLat":71.68963345,"source":"OpenStreetMap"},"geometry":{"type":"Polygon","coordinates":[[[128.855849,71.6896413],[128.8559283,71.6895197],[128.8575729,71.6896256],[128.8574936,71.6897472],[128.855849,71.6896413]]]}},{"type":"Feature","id":"osm-way-232155648","properties":{"buildingId":"osm-way-232155648","osmBuildingId":"osm-way-232155648","osmId":232155648,"building":"yes","levels":null,"height":8,"minHeight":null,"roofShape":null,"buildingMaterial":null,"facadeMaterial":null,"name":null,"address":null,"centerLon":128.856692,"centerLat":71.688997925,"source":"OpenStreetMap"},"geometry":{"type":"Polygon","coordinates":[[[128.8562584,71.689054],[128.8562638,71.6889379],[128.8571256,71.6889418],[128.8571202,71.689058],[128.8562584,71.689054]]]}},{"type":"Feature","id":"osm-way-232155649","properties":{"buildingId":"osm-way-232155649","osmBuildingId":"osm-way-232155649","osmId":232155649,"building":"yes","levels":null,"height":10.5,"minHeight":null,"roofShape":null,"buildingMaterial":null,"facadeMaterial":null,"name":null,"address":null,"centerLon":128.85840855,"centerLat":71.689012275,"source":"OpenStreetMap"},"geometry":{"type":"Polygon","coordinates":[[[128.8578794,71.6890607],[128.8578852,71.688958],[128.8589377,71.6889638],[128.8589319,71.6890666],[128.8578794,71.6890607]]]}},{"type":"Feature","id":"osm-way-232155652","properties":{"buildingId":"osm-way-232155652","osmBuildingId":"osm-way-232155652","osmId":232155652,"building":"yes","levels":null,"height":18,"minHeight":null,"roofShape":null,"buildingMaterial":null,"facadeMaterial":null,"name":null,"address":null,"centerLon":128.8639124,"centerLat":71.688669475,"source":"OpenStreetMap"},"geometry":{"type":"Polygon","coordinates":[[[128.8637261,71.6886814],[128.8640709,71.6887025],[128.8640987,71.6886575],[128.8637539,71.6886365],[128.8637261,71.6886814]]]}},{"type":"Feature","id":"osm-way-232155653","properties":{"buildingId":"osm-way-232155653","osmBuildingId":"osm-way-232155653","osmId":232155653,"building":"yes","levels":null,"height":20.5,"minHeight":null,"roofShape":null,"buildingMaterial":null,"facadeMaterial":null,"name":null,"address":null,"centerLon":128.86468035000001,"centerLat":71.68887542499999,"source":"OpenStreetMap"},"geometry":{"type":"Polygon","coordinates":[[[128.8645048,71.6890284],[128.8648036,71.6890333],[128.8648559,71.6887225],[128.8645571,71.6887175],[128.8645048,71.6890284]]]}},{"type":"Feature","id":"osm-way-232155654","properties":{"buildingId":"osm-way-232155654","osmBuildingId":"osm-way-232155654","osmId":232155654,"building":"yes","levels":null,"height":23,"minHeight":null,"roofShape":null,"buildingMaterial":null,"facadeMaterial":null,"name":null,"address":null,"centerLon":128.849914625,"centerLat":71.693905075,"source":"OpenStreetMap"},"geometry":{"type":"Polygon","coordinates":[[[128.8490454,71.6939745],[128.8490938,71.6937916],[128.8507838,71.6938356],[128.8507355,71.6940186],[128.8490454,71.6939745]]]}},{"type":"Feature","id":"osm-way-232155655","properties":{"buildingId":"osm-way-232155655","osmBuildingId":"osm-way-232155655","osmId":232155655,"building":"yes","levels":null,"height":25.5,"minHeight":null,"roofShape":null,"buildingMaterial":null,"facadeMaterial":null,"name":null,"address":null,"centerLon":128.85357152499998,"centerLat":71.69434845,"source":"OpenStreetMap"},"geometry":{"type":"Polygon","coordinates":[[[128.8521756,71.694412],[128.8522247,71.6942169],[128.8549674,71.6942849],[128.8549184,71.69448],[128.8521756,71.694412]]]}},{"type":"Feature","id":"osm-way-232155656","properties":{"buildingId":"osm-way-232155656","osmBuildingId":"osm-way-232155656","osmId":232155656,"building":"yes","levels":null,"height":28,"minHeight":null,"roofShape":null,"buildingMaterial":null,"facadeMaterial":null,"name":null,"address":null,"centerLon":128.8535846,"centerLat":71.69404364999998,"source":"OpenStreetMap"},"geometry":{"type":"Polygon","coordinates":[[[128.8517128,71.6940251],[128.8517493,71.6938826],[128.8559059,71.6939877],[128.8558548,71.6941869],[128.8531351,71.6941181],[128.8531497,71.6940615],[128.8517128,71.6940251]]]}},{"type":"Feature","id":"osm-way-232155658","properties":{"buildingId":"osm-way-232155658","osmBuildingId":"osm-way-232155658","osmId":232155658,"building":"yes","levels":null,"height":10.5,"minHeight":null,"roofShape":null,"buildingMaterial":null,"facadeMaterial":null,"name":null,"address":null,"centerLon":128.86058854166666,"centerLat":71.69397059166668,"source":"OpenStreetMap"},"geometry":{"type":"Polygon","coordinates":[[[128.8608033,71.6939706],[128.8607745,71.6940043],[128.8606959,71.694029],[128.8605885,71.694038],[128.8604812,71.694029],[128.8604026,71.6940043],[128.8603738,71.6939706],[128.8604026,71.6939369],[128.8604812,71.6939122],[128.8605885,71.6939031],[128.8606959,71.6939122],[128.8607745,71.6939369],[128.8608033,71.6939706]]]}},{"type":"Feature","id":"osm-way-232155659","properties":{"buildingId":"osm-way-232155659","osmBuildingId":"osm-way-232155659","osmId":232155659,"building":"yes","levels":null,"height":13,"minHeight":null,"roofShape":null,"buildingMaterial":null,"facadeMaterial":null,"name":null,"address":null,"centerLon":128.86305715,"centerLat":71.694114975,"source":"OpenStreetMap"},"geometry":{"type":"Polygon","coordinates":[[[128.8626517,71.6941882],[128.8627027,71.6940191],[128.8634626,71.6940418],[128.8634116,71.6942108],[128.8626517,71.6941882]]]}},{"type":"Feature","id":"osm-way-232155660","properties":{"buildingId":"osm-way-232155660","osmBuildingId":"osm-way-232155660","osmId":232155660,"building":"yes","levels":null,"height":15.5,"minHeight":null,"roofShape":null,"buildingMaterial":null,"facadeMaterial":null,"name":null,"address":null,"centerLon":128.87019576,"centerLat":71.69546882,"source":"OpenStreetMap"},"geometry":{"type":"Polygon","coordinates":[[[128.8694818,71.6955368],[128.8694976,71.6954992],[128.8692664,71.6954896],[128.8693243,71.6953526],[128.8696133,71.6953646],[128.869633,71.695318],[128.8718625,71.6954109],[128.8717889,71.6955853],[128.8707548,71.6955422],[128.870735,71.695589],[128.8694818,71.6955368]]]}},{"type":"Feature","id":"osm-way-232155661","properties":{"buildingId":"osm-way-232155661","osmBuildingId":"osm-way-232155661","osmId":232155661,"building":"yes","levels":null,"height":18,"minHeight":null,"roofShape":null,"buildingMaterial":null,"facadeMaterial":null,"name":null,"address":null,"centerLon":128.871379625,"centerLat":71.6962078,"source":"OpenStreetMap"},"geometry":{"type":"Polygon","coordinates":[[[128.8710083,71.6963434],[128.8708102,71.6962107],[128.8717509,71.6960722],[128.8719491,71.6962049],[128.8710083,71.6963434]]]}},{"type":"Feature","id":"osm-way-232155662","properties":{"buildingId":"osm-way-232155662","osmBuildingId":"osm-way-232155662","osmId":232155662,"building":"yes","levels":null,"height":20.5,"minHeight":null,"roofShape":null,"buildingMaterial":null,"facadeMaterial":null,"name":null,"address":null,"centerLon":128.869662425,"centerLat":71.69624680000001,"source":"OpenStreetMap"},"geometry":{"type":"Polygon","coordinates":[[[128.869862,71.6962468],[128.8698352,71.6962781],[128.8697622,71.6963011],[128.8696624,71.6963095],[128.8695627,71.6963011],[128.8694896,71.6962781],[128.8694629,71.6962468],[128.8694896,71.6962155],[128.8695627,71.6961925],[128.8696624,71.6961841],[128.8697622,71.6961925],[128.8698352,71.6962155],[128.869862,71.6962468]]]}},{"type":"Feature","id":"osm-way-232155663","properties":{"buildingId":"osm-way-232155663","osmBuildingId":"osm-way-232155663","osmId":232155663,"building":"yes","levels":null,"height":23,"minHeight":null,"roofShape":null,"buildingMaterial":null,"facadeMaterial":null,"name":null,"address":null,"centerLon":128.8694085,"centerLat":71.69610898333335,"source":"OpenStreetMap"},"geometry":{"type":"Polygon","coordinates":[[[128.869582,71.696109],[128.8695588,71.6961362],[128.8694953,71.6961562],[128.8694085,71.6961635],[128.8693217,71.6961562],[128.8692582,71.6961362],[128.869235,71.696109],[128.8692582,71.6960817],[128.8693217,71.6960618],[128.8694085,71.6960545],[128.8694953,71.6960618],[128.8695588,71.6960817],[128.869582,71.696109]]]}},{"type":"Feature","id":"osm-way-232155664","properties":{"buildingId":"osm-way-232155664","osmBuildingId":"osm-way-232155664","osmId":232155664,"building":"yes","levels":null,"height":25.5,"minHeight":null,"roofShape":null,"buildingMaterial":null,"facadeMaterial":null,"name":null,"address":null,"centerLon":128.86999364166667,"centerLat":71.6960318,"source":"OpenStreetMap"},"geometry":{"type":"Polygon","coordinates":[[[128.8701835,71.6960318],[128.8701581,71.6960616],[128.8700886,71.6960834],[128.8699936,71.6960914],[128.8698987,71.6960834],[128.8698292,71.6960616],[128.8698038,71.6960318],[128.8698292,71.696002],[128.8698987,71.6959802],[128.8699936,71.6959722],[128.8700886,71.6959802],[128.8701581,71.696002],[128.8701835,71.6960318]]]}},{"type":"Feature","id":"osm-way-232155665","properties":{"buildingId":"osm-way-232155665","osmBuildingId":"osm-way-232155665","osmId":232155665,"building":"yes","levels":null,"height":28,"minHeight":null,"roofShape":null,"buildingMaterial":null,"facadeMaterial":null,"name":null,"address":null,"centerLon":128.872685025,"centerLat":71.69581495,"source":"OpenStreetMap"},"geometry":{"type":"Polygon","coordinates":[[[128.8724667,71.6959024],[128.8730377,71.6958059],[128.8729034,71.6957275],[128.8723323,71.695824],[128.8724667,71.6959024]]]}},{"type":"Feature","id":"osm-way-232155667","properties":{"buildingId":"osm-way-232155667","osmBuildingId":"osm-way-232155667","osmId":232155667,"building":"yes","levels":null,"height":10.5,"minHeight":null,"roofShape":null,"buildingMaterial":null,"facadeMaterial":null,"name":null,"address":null,"centerLon":128.8660076,"centerLat":71.68960981666667,"source":"OpenStreetMap"},"geometry":{"type":"Polygon","coordinates":[[[128.8651496,71.6896874],[128.8652011,71.6895001],[128.8664464,71.6895338],[128.8664403,71.6895557],[128.8664123,71.6896608],[128.8663959,71.6897211],[128.8651496,71.6896874]]]}},{"type":"Feature","id":"osm-way-232155668","properties":{"buildingId":"osm-way-232155668","osmBuildingId":"osm-way-232155668","osmId":232155668,"building":"yes","levels":null,"height":13,"minHeight":null,"roofShape":null,"buildingMaterial":null,"facadeMaterial":null,"name":null,"address":null,"centerLon":128.86666214999997,"centerLat":71.6896145,"source":"OpenStreetMap"},"geometry":{"type":"Polygon","coordinates":[[[128.8669124,71.689568],[128.8664403,71.6895557],[128.8664123,71.6896608],[128.8668836,71.6896735],[128.8669124,71.689568]]]}},{"type":"Feature","id":"osm-way-232155669","properties":{"buildingId":"osm-way-232155669","osmBuildingId":"osm-way-232155669","osmId":232155669,"building":"yes","levels":null,"height":15.5,"minHeight":null,"roofShape":null,"buildingMaterial":null,"facadeMaterial":null,"name":null,"address":null,"centerLon":128.86501420000002,"centerLat":71.6902715,"source":"OpenStreetMap"},"geometry":{"type":"Polygon","coordinates":[[[128.864168,71.6903029],[128.8642139,71.6901796],[128.8658604,71.6902401],[128.8658145,71.6903634],[128.864168,71.6903029]]]}},{"type":"Feature","id":"osm-way-232155670","properties":{"buildingId":"osm-way-232155670","osmBuildingId":"osm-way-232155670","osmId":232155670,"building":"yes","levels":null,"height":18,"minHeight":null,"roofShape":null,"buildingMaterial":null,"facadeMaterial":null,"name":null,"address":null,"centerLon":128.866273375,"centerLat":71.69031670000001,"source":"OpenStreetMap"},"geometry":{"type":"Polygon","coordinates":[[[128.8659835,71.6903566],[128.8660202,71.6902571],[128.8665632,71.6902768],[128.8665266,71.6903763],[128.8659835,71.6903566]]]}},{"type":"Feature","id":"osm-way-232155671","properties":{"buildingId":"osm-way-232155671","osmBuildingId":"osm-way-232155671","osmId":232155671,"building":"yes","levels":null,"height":20.5,"minHeight":null,"roofShape":null,"buildingMaterial":null,"facadeMaterial":null,"name":null,"address":null,"centerLon":128.86752925,"centerLat":71.6903988,"source":"OpenStreetMap"},"geometry":{"type":"Polygon","coordinates":[[[128.8673141,71.6904412],[128.8673428,71.6903446],[128.8677444,71.6903564],[128.8677157,71.690453],[128.8673141,71.6904412]]]}},{"type":"Feature","id":"osm-way-232155672","properties":{"buildingId":"osm-way-232155672","osmBuildingId":"osm-way-232155672","osmId":232155672,"building":"yes","levels":null,"height":23,"minHeight":null,"roofShape":null,"buildingMaterial":null,"facadeMaterial":null,"name":null,"address":null,"centerLon":128.86821600000002,"centerLat":71.69024865,"source":"OpenStreetMap"},"geometry":{"type":"Polygon","coordinates":[[[128.8680097,71.6902857],[128.8680501,71.6901952],[128.8684223,71.6902116],[128.8683819,71.6903021],[128.8680097,71.6902857]]]}},{"type":"Feature","id":"osm-way-232155673","properties":{"buildingId":"osm-way-232155673","osmBuildingId":"osm-way-232155673","osmId":232155673,"building":"yes","levels":null,"height":25.5,"minHeight":null,"roofShape":null,"buildingMaterial":null,"facadeMaterial":null,"name":null,"address":null,"centerLon":128.870113725,"centerLat":71.690095625,"source":"OpenStreetMap"},"geometry":{"type":"Polygon","coordinates":[[[128.8694667,71.6901344],[128.8695099,71.6900129],[128.8707608,71.6900569],[128.8707175,71.6901783],[128.8694667,71.6901344]]]}},{"type":"Feature","id":"osm-way-232155674","properties":{"buildingId":"osm-way-232155674","osmBuildingId":"osm-way-232155674","osmId":232155674,"building":"yes","levels":null,"height":28,"minHeight":null,"roofShape":null,"buildingMaterial":null,"facadeMaterial":null,"name":null,"address":null,"centerLon":128.8700146642857,"centerLat":71.68946689285714,"source":"OpenStreetMap"},"geometry":{"type":"Polygon","coordinates":[[[128.8698674,71.689388],[128.8698462,71.6894419],[128.8694519,71.6894267],[128.8694098,71.6895338],[128.8698634,71.6895514],[128.8698535,71.6895767],[128.8700069,71.6895826],[128.8700159,71.6895596],[128.8707409,71.6895877],[128.8707829,71.6894807],[128.8701211,71.689455],[128.8701439,71.6893971],[128.8701887,71.689283],[128.8699128,71.6892723],[128.8698674,71.689388]]]}},{"type":"Feature","id":"osm-way-232155675","properties":{"buildingId":"osm-way-232155675","osmBuildingId":"osm-way-232155675","osmId":232155675,"building":"yes","levels":null,"height":8,"minHeight":null,"roofShape":null,"buildingMaterial":null,"facadeMaterial":null,"name":null,"address":null,"centerLon":128.87276565,"centerLat":71.688800825,"source":"OpenStreetMap"},"geometry":{"type":"Polygon","coordinates":[[[128.8721235,71.6888316],[128.8721768,71.6887147],[128.8734078,71.6887701],[128.8733545,71.6888869],[128.8721235,71.6888316]]]}},{"type":"Feature","id":"osm-way-232155676","properties":{"buildingId":"osm-way-232155676","osmBuildingId":"osm-way-232155676","osmId":232155676,"building":"yes","levels":null,"height":10.5,"minHeight":null,"roofShape":null,"buildingMaterial":null,"facadeMaterial":null,"name":null,"address":null,"centerLon":128.84813875,"centerLat":71.69011482500001,"source":"OpenStreetMap"},"geometry":{"type":"Polygon","coordinates":[[[128.8479446,71.690173],[128.8482963,71.6901831],[128.8483329,71.6900566],[128.8479812,71.6900466],[128.8479446,71.690173]]]}},{"type":"Feature","id":"osm-way-232155677","properties":{"buildingId":"osm-way-232155677","osmBuildingId":"osm-way-232155677","osmId":232155677,"building":"yes","levels":null,"height":13,"minHeight":null,"roofShape":null,"buildingMaterial":null,"facadeMaterial":null,"name":null,"address":null,"centerLon":128.848250125,"centerLat":71.689919125,"source":"OpenStreetMap"},"geometry":{"type":"Polygon","coordinates":[[[128.8481162,71.6899471],[128.84837,71.6899528],[128.848384,71.6898911],[128.8481303,71.6898855],[128.8481162,71.6899471]]]}},{"type":"Feature","id":"osm-way-232174850","properties":{"buildingId":"osm-way-232174850","osmBuildingId":"osm-way-232174850","osmId":232174850,"building":"yes","levels":null,"height":20.5,"minHeight":null,"roofShape":null,"buildingMaterial":null,"facadeMaterial":null,"name":null,"address":null,"centerLon":128.85965325833334,"centerLat":71.68938853333333,"source":"OpenStreetMap"},"geometry":{"type":"Polygon","coordinates":[[[128.8598662,71.6893885],[128.8598377,71.689422],[128.8597597,71.6894465],[128.8596533,71.6894554],[128.8595468,71.6894465],[128.8594688,71.689422],[128.8594403,71.6893885],[128.8594688,71.6893551],[128.8595468,71.6893306],[128.8596533,71.6893216],[128.8597597,71.6893306],[128.8598377,71.6893551],[128.8598662,71.6893885]]]}},{"type":"Feature","id":"osm-way-232318436","properties":{"buildingId":"osm-way-232318436","osmBuildingId":"osm-way-232318436","osmId":232318436,"building":"yes","levels":null,"height":20.5,"minHeight":null,"roofShape":null,"buildingMaterial":null,"facadeMaterial":null,"name":null,"address":null,"centerLon":128.86988625,"centerLat":71.635284575,"source":"OpenStreetMap"},"geometry":{"type":"Polygon","coordinates":[[[128.8698564,71.6353629],[128.8701061,71.6353222],[128.8699161,71.6352063],[128.8696664,71.6352469],[128.8698564,71.6353629]]]}},{"type":"Feature","id":"osm-way-232318438","properties":{"buildingId":"osm-way-232318438","osmBuildingId":"osm-way-232318438","osmId":232318438,"building":"yes","levels":null,"height":25.5,"minHeight":null,"roofShape":null,"buildingMaterial":null,"facadeMaterial":null,"name":null,"address":null,"centerLon":128.86131195000002,"centerLat":71.637632075,"source":"OpenStreetMap"},"geometry":{"type":"Polygon","coordinates":[[[128.8612898,71.6376651],[128.8614176,71.6376268],[128.8613341,71.6375991],[128.8612063,71.6376373],[128.8612898,71.6376651]]]}},{"type":"Feature","id":"osm-way-232318439","properties":{"buildingId":"osm-way-232318439","osmBuildingId":"osm-way-232318439","osmId":232318439,"building":"yes","levels":null,"height":28,"minHeight":null,"roofShape":null,"buildingMaterial":null,"facadeMaterial":null,"name":null,"address":null,"centerLon":128.86079180000002,"centerLat":71.63766115,"source":"OpenStreetMap"},"geometry":{"type":"Polygon","coordinates":[[[128.8608464,71.6377872],[128.8611879,71.637686],[128.8607372,71.6375351],[128.8603957,71.6376363],[128.8608464,71.6377872]]]}},{"type":"Feature","id":"osm-way-232318440","properties":{"buildingId":"osm-way-232318440","osmBuildingId":"osm-way-232318440","osmId":232318440,"building":"yes","levels":null,"height":8,"minHeight":null,"roofShape":null,"buildingMaterial":null,"facadeMaterial":null,"name":null,"address":null,"centerLon":128.868755,"centerLat":71.63606906666666,"source":"OpenStreetMap"},"geometry":{"type":"Polygon","coordinates":[[[128.868676,71.6361425],[128.8687708,71.6361206],[128.8686809,71.636082],[128.868979,71.636013],[128.8689081,71.6359826],[128.8685152,71.6360737],[128.868676,71.6361425]]]}},{"type":"Feature","id":"osm-way-232318441","properties":{"buildingId":"osm-way-232318441","osmBuildingId":"osm-way-232318441","osmId":232318441,"building":"yes","levels":null,"height":10.5,"minHeight":null,"roofShape":null,"buildingMaterial":null,"facadeMaterial":null,"name":null,"address":null,"centerLon":128.88161257500002,"centerLat":71.641108175,"source":"OpenStreetMap"},"geometry":{"type":"Polygon","coordinates":[[[128.8818168,71.6411716],[128.8818973,71.6411191],[128.8814084,71.6410447],[128.8813278,71.6410973],[128.8818168,71.6411716]]]}},{"type":"Feature","id":"osm-way-232318442","properties":{"buildingId":"osm-way-232318442","osmBuildingId":"osm-way-232318442","osmId":232318442,"building":"yes","levels":null,"height":13,"minHeight":null,"roofShape":null,"buildingMaterial":null,"facadeMaterial":null,"name":null,"address":null,"centerLon":128.88199329999998,"centerLat":71.64104552500001,"source":"OpenStreetMap"},"geometry":{"type":"Polygon","coordinates":[[[128.8819116,71.6410592],[128.8820184,71.6410736],[128.882075,71.6410318],[128.8819682,71.6410175],[128.8819116,71.6410592]]]}},{"type":"Feature","id":"osm-way-232318443","properties":{"buildingId":"osm-way-232318443","osmBuildingId":"osm-way-232318443","osmId":232318443,"building":"yes","levels":null,"height":15.5,"minHeight":null,"roofShape":null,"buildingMaterial":null,"facadeMaterial":null,"name":null,"address":null,"centerLon":128.88204762499998,"centerLat":71.64095965,"source":"OpenStreetMap"},"geometry":{"type":"Polygon","coordinates":[[[128.8819387,71.6409767],[128.8820903,71.6409955],[128.8821565,71.6409426],[128.882005,71.6409238],[128.8819387,71.6409767]]]}},{"type":"Feature","id":"osm-way-232318444","properties":{"buildingId":"osm-way-232318444","osmBuildingId":"osm-way-232318444","osmId":232318444,"building":"yes","levels":null,"height":18,"minHeight":null,"roofShape":null,"buildingMaterial":null,"facadeMaterial":null,"name":null,"address":null,"centerLon":128.881857575,"centerLat":71.64092965,"source":"OpenStreetMap"},"geometry":{"type":"Polygon","coordinates":[[[128.8817806,71.6409426],[128.881872,71.6409567],[128.8819345,71.6409167],[128.8818432,71.6409026],[128.8817806,71.6409426]]]}},{"type":"Feature","id":"osm-way-232318445","properties":{"buildingId":"osm-way-232318445","osmBuildingId":"osm-way-232318445","osmId":232318445,"building":"yes","levels":null,"height":20.5,"minHeight":null,"roofShape":null,"buildingMaterial":null,"facadeMaterial":null,"name":null,"address":null,"centerLon":128.88210664999997,"centerLat":71.64077280000001,"source":"OpenStreetMap"},"geometry":{"type":"Polygon","coordinates":[[[128.8822233,71.6408245],[128.8819059,71.6407777],[128.88199,71.6407211],[128.8823074,71.6407679],[128.8822233,71.6408245]]]}},{"type":"Feature","id":"osm-way-232318446","properties":{"buildingId":"osm-way-232318446","osmBuildingId":"osm-way-232318446","osmId":232318446,"building":"yes","levels":null,"height":23,"minHeight":null,"roofShape":null,"buildingMaterial":null,"facadeMaterial":null,"name":null,"address":null,"centerLon":128.88162612500003,"centerLat":71.6407764,"source":"OpenStreetMap"},"geometry":{"type":"Polygon","coordinates":[[[128.8816677,71.640806],[128.8817254,71.640768],[128.8815845,71.6407468],[128.8815269,71.6407848],[128.8816677,71.640806]]]}},{"type":"Feature","id":"osm-way-232318447","properties":{"buildingId":"osm-way-232318447","osmBuildingId":"osm-way-232318447","osmId":232318447,"building":"yes","levels":null,"height":25.5,"minHeight":null,"roofShape":null,"buildingMaterial":null,"facadeMaterial":null,"name":null,"address":null,"centerLon":128.88148435,"centerLat":71.64097985,"source":"OpenStreetMap"},"geometry":{"type":"Polygon","coordinates":[[[128.8815006,71.6410094],[128.8815699,71.6409666],[128.8814681,71.6409503],[128.8813988,71.6409931],[128.8815006,71.6410094]]]}},{"type":"Feature","id":"osm-way-232318448","properties":{"buildingId":"osm-way-232318448","osmBuildingId":"osm-way-232318448","osmId":232318448,"building":"yes","levels":null,"height":28,"minHeight":null,"roofShape":null,"buildingMaterial":null,"facadeMaterial":null,"name":null,"address":null,"centerLon":128.88149984999998,"centerLat":71.640871525,"source":"OpenStreetMap"},"geometry":{"type":"Polygon","coordinates":[[[128.8816948,71.6409298],[128.8817644,71.6408864],[128.8813049,71.6408133],[128.8812353,71.6408566],[128.8816948,71.6409298]]]}},{"type":"Feature","id":"osm-way-232318449","properties":{"buildingId":"osm-way-232318449","osmBuildingId":"osm-way-232318449","osmId":232318449,"building":"yes","levels":null,"height":8,"minHeight":null,"roofShape":null,"buildingMaterial":null,"facadeMaterial":null,"name":null,"address":null,"centerLon":128.8684344,"centerLat":71.63956565000001,"source":"OpenStreetMap"},"geometry":{"type":"Polygon","coordinates":[[[128.8684445,71.6396715],[128.8686689,71.6396415],[128.8684243,71.6394598],[128.8681999,71.6394898],[128.8684445,71.6396715]]]}},{"type":"Feature","id":"osm-way-232318450","properties":{"buildingId":"osm-way-232318450","osmBuildingId":"osm-way-232318450","osmId":232318450,"building":"yes","levels":null,"height":10.5,"minHeight":null,"roofShape":null,"buildingMaterial":null,"facadeMaterial":null,"name":null,"address":null,"centerLon":128.8692873,"centerLat":71.6378115,"source":"OpenStreetMap"},"geometry":{"type":"Polygon","coordinates":[[[128.8691319,71.6378],[128.8692974,71.6377613],[128.8694427,71.637823],[128.8692772,71.6378617],[128.8691319,71.6378]]]}},{"type":"Feature","id":"osm-way-232318451","properties":{"buildingId":"osm-way-232318451","osmBuildingId":"osm-way-232318451","osmId":232318451,"building":"yes","levels":null,"height":13,"minHeight":null,"roofShape":null,"buildingMaterial":null,"facadeMaterial":null,"name":null,"address":null,"centerLon":128.869421,"centerLat":71.63790725,"source":"OpenStreetMap"},"geometry":{"type":"Polygon","coordinates":[[[128.8691848,71.6379027],[128.8694682,71.6378342],[128.8696572,71.6379118],[128.8693738,71.6379803],[128.8691848,71.6379027]]]}},{"type":"Feature","id":"osm-way-233021829","properties":{"buildingId":"osm-way-233021829","osmBuildingId":"osm-way-233021829","osmId":233021829,"building":"yes","levels":null,"height":15.5,"minHeight":null,"roofShape":null,"buildingMaterial":null,"facadeMaterial":null,"name":null,"address":null,"centerLon":128.72117194999998,"centerLat":71.6569055,"source":"OpenStreetMap"},"geometry":{"type":"Polygon","coordinates":[[[128.7207995,71.6569348],[128.7209326,71.656811],[128.7215444,71.6568762],[128.7214113,71.657],[128.7207995,71.6569348]]]}},{"type":"Feature","id":"osm-way-233021830","properties":{"buildingId":"osm-way-233021830","osmBuildingId":"osm-way-233021830","osmId":233021830,"building":"yes","levels":null,"height":18,"minHeight":null,"roofShape":null,"buildingMaterial":null,"facadeMaterial":null,"name":null,"address":null,"centerLon":128.72267555,"centerLat":71.65656017500001,"source":"OpenStreetMap"},"geometry":{"type":"Polygon","coordinates":[[[128.7224371,71.6565784],[128.7225247,71.6564993],[128.722914,71.656542],[128.7228264,71.656621],[128.7224371,71.6565784]]]}},{"type":"Feature","id":"osm-way-233021831","properties":{"buildingId":"osm-way-233021831","osmBuildingId":"osm-way-233021831","osmId":233021831,"building":"yes","levels":null,"height":20.5,"minHeight":null,"roofShape":null,"buildingMaterial":null,"facadeMaterial":null,"name":null,"address":null,"centerLon":128.72352295000002,"centerLat":71.65665065,"source":"OpenStreetMap"},"geometry":{"type":"Polygon","coordinates":[[[128.7233275,71.6566655],[128.7233874,71.6566039],[128.7237184,71.6566358],[128.7236585,71.6566974],[128.7233275,71.6566655]]]}},{"type":"Feature","id":"osm-way-233021836","properties":{"buildingId":"osm-way-233021836","osmBuildingId":"osm-way-233021836","osmId":233021836,"building":"yes","levels":null,"height":10.5,"minHeight":null,"roofShape":null,"buildingMaterial":null,"facadeMaterial":null,"name":null,"address":null,"centerLon":128.7282319,"centerLat":71.65735487500001,"source":"OpenStreetMap"},"geometry":{"type":"Polygon","coordinates":[[[128.7279283,71.6574355],[128.7281344,71.6572337],[128.7285355,71.6572743],[128.7283294,71.657476],[128.7279283,71.6574355]]]}},{"type":"Feature","id":"osm-way-233021838","properties":{"buildingId":"osm-way-233021838","osmBuildingId":"osm-way-233021838","osmId":233021838,"building":"yes","levels":null,"height":15.5,"minHeight":null,"roofShape":null,"buildingMaterial":null,"facadeMaterial":null,"name":null,"address":null,"centerLon":128.72715347499997,"centerLat":71.65753315,"source":"OpenStreetMap"},"geometry":{"type":"Polygon","coordinates":[[[128.726851,71.6575456],[128.7269385,71.657465],[128.727456,71.6575207],[128.7273684,71.6576013],[128.726851,71.6575456]]]}},{"type":"Feature","id":"osm-way-233021839","properties":{"buildingId":"osm-way-233021839","osmBuildingId":"osm-way-233021839","osmId":233021839,"building":"yes","levels":null,"height":18,"minHeight":null,"roofShape":null,"buildingMaterial":null,"facadeMaterial":null,"name":null,"address":null,"centerLon":128.728513475,"centerLat":71.657705775,"source":"OpenStreetMap"},"geometry":{"type":"Polygon","coordinates":[[[128.7283539,71.6577361],[128.7284436,71.6576514],[128.728673,71.6576754],[128.7285834,71.6577602],[128.7283539,71.6577361]]]}},{"type":"Feature","id":"osm-way-233021840","properties":{"buildingId":"osm-way-233021840","osmBuildingId":"osm-way-233021840","osmId":233021840,"building":"yes","levels":null,"height":20.5,"minHeight":null,"roofShape":null,"buildingMaterial":null,"facadeMaterial":null,"name":null,"address":null,"centerLon":128.72605755,"centerLat":71.65774815,"source":"OpenStreetMap"},"geometry":{"type":"Polygon","coordinates":[[[128.7252397,71.6577616],[128.7254297,71.6575827],[128.7268754,71.6577347],[128.7266854,71.6579136],[128.7252397,71.6577616]]]}},{"type":"Feature","id":"osm-way-233021841","properties":{"buildingId":"osm-way-233021841","osmBuildingId":"osm-way-233021841","osmId":233021841,"building":"yes","levels":null,"height":23,"minHeight":null,"roofShape":null,"buildingMaterial":null,"facadeMaterial":null,"name":null,"address":null,"centerLon":128.72560710000002,"centerLat":71.6580787,"source":"OpenStreetMap"},"geometry":{"type":"Polygon","coordinates":[[[128.7248577,71.6580781],[128.7249908,71.6579445],[128.7263565,71.6580793],[128.7262234,71.6582129],[128.7248577,71.6580781]]]}},{"type":"Feature","id":"osm-way-233021842","properties":{"buildingId":"osm-way-233021842","osmBuildingId":"osm-way-233021842","osmId":233021842,"building":"yes","levels":null,"height":25.5,"minHeight":null,"roofShape":null,"buildingMaterial":null,"facadeMaterial":null,"name":null,"address":null,"centerLon":128.72369705,"centerLat":71.657911725,"source":"OpenStreetMap"},"geometry":{"type":"Polygon","coordinates":[[[128.7232092,71.6579228],[128.7233221,71.6578129],[128.7241849,71.6579007],[128.724072,71.6580105],[128.7232092,71.6579228]]]}},{"type":"Feature","id":"osm-way-233021846","properties":{"buildingId":"osm-way-233021846","osmBuildingId":"osm-way-233021846","osmId":233021846,"building":"yes","levels":null,"height":13,"minHeight":null,"roofShape":null,"buildingMaterial":null,"facadeMaterial":null,"name":null,"address":null,"centerLon":128.72006689,"centerLat":71.65637636,"source":"OpenStreetMap"},"geometry":{"type":"Polygon","coordinates":[[[128.7198588,71.6564123],[128.7199218,71.6563553],[128.7200364,71.6563678],[128.7200807,71.6563277],[128.7201201,71.656332],[128.7200799,71.6563684],[128.7202309,71.656385],[128.7202158,71.6563987],[128.7200882,71.6563847],[128.7200363,71.6564317],[128.7198588,71.6564123]]]}},{"type":"Feature","id":"osm-way-233021852","properties":{"buildingId":"osm-way-233021852","osmBuildingId":"osm-way-233021852","osmId":233021852,"building":"yes","levels":null,"height":28,"minHeight":null,"roofShape":null,"buildingMaterial":null,"facadeMaterial":null,"name":null,"address":null,"centerLon":128.73076775,"centerLat":71.658909525,"source":"OpenStreetMap"},"geometry":{"type":"Polygon","coordinates":[[[128.7302307,71.6589667],[128.7304423,71.6587634],[128.7313048,71.6588524],[128.7310932,71.6590556],[128.7302307,71.6589667]]]}},{"type":"Feature","id":"osm-way-233022218","properties":{"buildingId":"osm-way-233022218","osmBuildingId":"osm-way-233022218","osmId":233022218,"building":"yes","levels":null,"height":20.5,"minHeight":null,"roofShape":null,"buildingMaterial":null,"facadeMaterial":null,"name":null,"address":null,"centerLon":128.723665875,"centerLat":71.66587465,"source":"OpenStreetMap"},"geometry":{"type":"Polygon","coordinates":[[[128.7231535,71.6658014],[128.7232712,71.6657039],[128.7244204,71.6658439],[128.7242918,71.665946],[128.7237818,71.665886],[128.7236344,71.6660081],[128.7233082,71.6659692],[128.7234657,71.6658387],[128.7231535,71.6658014]]]}},{"type":"Feature","id":"osm-way-233022219","properties":{"buildingId":"osm-way-233022219","osmBuildingId":"osm-way-233022219","osmId":233022219,"building":"yes","levels":null,"height":23,"minHeight":null,"roofShape":null,"buildingMaterial":null,"facadeMaterial":null,"name":null,"address":null,"centerLon":128.72467545,"centerLat":71.66593475,"source":"OpenStreetMap"},"geometry":{"type":"Polygon","coordinates":[[[128.7249305,71.6660256],[128.7242918,71.665946],[128.7244204,71.6658439],[128.7250591,71.6659235],[128.7249305,71.6660256]]]}},{"type":"Feature","id":"osm-way-233022220","properties":{"buildingId":"osm-way-233022220","osmBuildingId":"osm-way-233022220","osmId":233022220,"building":"yes","levels":null,"height":25.5,"minHeight":null,"roofShape":null,"buildingMaterial":null,"facadeMaterial":null,"name":null,"address":null,"centerLon":128.7257452,"centerLat":71.6656255,"source":"OpenStreetMap"},"geometry":{"type":"Polygon","coordinates":[[[128.7255944,71.6656441],[128.7256927,71.6655773],[128.725896,71.6656069],[128.7257977,71.6656737],[128.7255944,71.6656441]]]}},{"type":"Feature","id":"osm-way-233022221","properties":{"buildingId":"osm-way-233022221","osmBuildingId":"osm-way-233022221","osmId":233022221,"building":"yes","levels":null,"height":28,"minHeight":null,"roofShape":null,"buildingMaterial":null,"facadeMaterial":null,"name":null,"address":null,"centerLon":128.726785675,"centerLat":71.66527565000001,"source":"OpenStreetMap"},"geometry":{"type":"Polygon","coordinates":[[[128.7264488,71.6652895],[128.7265762,71.6651915],[128.7271225,71.6652618],[128.7269952,71.6653598],[128.7264488,71.6652895]]]}},{"type":"Feature","id":"osm-way-233024522","properties":{"buildingId":"osm-way-233024522","osmBuildingId":"osm-way-233024522","osmId":233024522,"building":"yes","levels":null,"height":20.5,"minHeight":null,"roofShape":null,"buildingMaterial":null,"facadeMaterial":null,"name":null,"address":null,"centerLon":128.74821874999998,"centerLat":71.63405045,"source":"OpenStreetMap"},"geometry":{"type":"Polygon","coordinates":[[[128.74742,71.6341079],[128.7477807,71.6338323],[128.7490175,71.633993],[128.7486568,71.6342686],[128.74742,71.6341079]]]}},{"type":"Feature","id":"osm-way-233024523","properties":{"buildingId":"osm-way-233024523","osmBuildingId":"osm-way-233024523","osmId":233024523,"building":"yes","levels":null,"height":23,"minHeight":null,"roofShape":null,"buildingMaterial":null,"facadeMaterial":null,"name":null,"address":null,"centerLon":128.7894649,"centerLat":71.5925472,"source":"OpenStreetMap"},"geometry":{"type":"Polygon","coordinates":[[[128.7894251,71.592442],[128.7891826,71.5924899],[128.7895047,71.5926524],[128.7897472,71.5926045],[128.7894251,71.592442]]]}},{"type":"Feature","id":"osm-way-233039593","properties":{"buildingId":"osm-way-233039593","osmBuildingId":"osm-way-233039593","osmId":233039593,"building":"yes","levels":null,"height":10.5,"minHeight":null,"roofShape":null,"buildingMaterial":null,"facadeMaterial":null,"name":null,"address":null,"centerLon":128.891277,"centerLat":71.6349831,"source":"OpenStreetMap"},"geometry":{"type":"Polygon","coordinates":[[[128.8910406,71.6351047],[128.8914864,71.6351095],[128.8915134,71.6348615],[128.8910676,71.6348567],[128.8910406,71.6351047]]]}},{"type":"Feature","id":"osm-way-233044008","properties":{"buildingId":"osm-way-233044008","osmBuildingId":"osm-way-233044008","osmId":233044008,"building":"yes","levels":null,"height":23,"minHeight":null,"roofShape":null,"buildingMaterial":null,"facadeMaterial":null,"name":null,"address":null,"centerLon":128.8698919,"centerLat":71.67834479999999,"source":"OpenStreetMap"},"geometry":{"type":"Polygon","coordinates":[[[128.8696656,71.6784093],[128.8698887,71.6782488],[128.8701182,71.6782803],[128.8698951,71.6784408],[128.8696656,71.6784093]]]}},{"type":"Feature","id":"osm-way-233044010","properties":{"buildingId":"osm-way-233044010","osmBuildingId":"osm-way-233044010","osmId":233044010,"building":"yes","levels":null,"height":28,"minHeight":null,"roofShape":null,"buildingMaterial":null,"facadeMaterial":null,"name":null,"address":null,"centerLon":128.8426143375,"centerLat":71.6707513875,"source":"OpenStreetMap"},"geometry":{"type":"Polygon","coordinates":[[[128.8423391,71.6708682],[128.8422087,71.6706512],[128.8428666,71.6706121],[128.8429268,71.6707123],[128.8426641,71.6707279],[128.8427018,71.6707906],[128.8425875,71.6707973],[128.8426201,71.6708515],[128.8423391,71.6708682]]]}},{"type":"Feature","id":"osm-way-233044011","properties":{"buildingId":"osm-way-233044011","osmBuildingId":"osm-way-233044011","osmId":233044011,"building":"yes","levels":null,"height":8,"minHeight":null,"roofShape":null,"buildingMaterial":null,"facadeMaterial":null,"name":null,"address":null,"centerLon":128.861318,"centerLat":71.69562311666668,"source":"OpenStreetMap"},"geometry":{"type":"Polygon","coordinates":[[[128.8615857,71.6956231],[128.8615498,71.6956652],[128.8614519,71.6956959],[128.861318,71.6957072],[128.8611841,71.6956959],[128.8610862,71.6956652],[128.8610503,71.6956231],[128.8610862,71.6955811],[128.8611841,71.6955503],[128.861318,71.695539],[128.8614519,71.6955503],[128.8615498,71.6955811],[128.8615857,71.6956231]]]}},{"type":"Feature","id":"osm-way-233053090","properties":{"buildingId":"osm-way-233053090","osmBuildingId":"osm-way-233053090","osmId":233053090,"building":"yes","levels":null,"height":25.5,"minHeight":null,"roofShape":null,"buildingMaterial":null,"facadeMaterial":null,"name":null,"address":null,"centerLon":128.9104803,"centerLat":71.591256,"source":"OpenStreetMap"},"geometry":{"type":"Polygon","coordinates":[[[128.9101877,71.5912883],[128.9103532,71.5913453],[128.9107729,71.5912237],[128.9106074,71.5911667],[128.9101877,71.5912883]]]}},{"type":"Feature","id":"osm-way-233053093","properties":{"buildingId":"osm-way-233053093","osmBuildingId":"osm-way-233053093","osmId":233053093,"building":"yes","levels":null,"height":10.5,"minHeight":null,"roofShape":null,"buildingMaterial":null,"facadeMaterial":null,"name":null,"address":null,"centerLon":128.9096825,"centerLat":71.59108165,"source":"OpenStreetMap"},"geometry":{"type":"Polygon","coordinates":[[[128.9096639,71.5911229],[128.9098127,71.5910884],[128.9097011,71.5910404],[128.9095523,71.5910749],[128.9096639,71.5911229]]]}},{"type":"Feature","id":"osm-way-233053095","properties":{"buildingId":"osm-way-233053095","osmBuildingId":"osm-way-233053095","osmId":233053095,"building":"yes","levels":null,"height":15.5,"minHeight":null,"roofShape":null,"buildingMaterial":null,"facadeMaterial":null,"name":null,"address":null,"centerLon":128.909460175,"centerLat":71.59064889999999,"source":"OpenStreetMap"},"geometry":{"type":"Polygon","coordinates":[[[128.9092866,71.5906504],[128.9094615,71.5905941],[128.9096337,71.5906474],[128.9094589,71.5907037],[128.9092866,71.5906504]]]}},{"type":"Feature","id":"osm-way-233053099","properties":{"buildingId":"osm-way-233053099","osmBuildingId":"osm-way-233053099","osmId":233053099,"building":"yes","levels":null,"height":25.5,"minHeight":null,"roofShape":null,"buildingMaterial":null,"facadeMaterial":null,"name":null,"address":null,"centerLon":128.90961285,"centerLat":71.59070235,"source":"OpenStreetMap"},"geometry":{"type":"Polygon","coordinates":[[[128.9096575,71.5906609],[128.9094805,71.5907154],[128.9095682,71.5907438],[128.9097452,71.5906893],[128.9096575,71.5906609]]]}},{"type":"Feature","id":"osm-way-233053101","properties":{"buildingId":"osm-way-233053101","osmBuildingId":"osm-way-233053101","osmId":233053101,"building":"yes","levels":null,"height":8,"minHeight":null,"roofShape":null,"buildingMaterial":null,"facadeMaterial":null,"name":null,"address":null,"centerLon":128.9102100166667,"centerLat":71.59088953333334,"source":"OpenStreetMap"},"geometry":{"type":"Polygon","coordinates":[[[128.9100153,71.5908465],[128.9101431,71.5908056],[128.9104429,71.5908989],[128.9102708,71.590954],[128.9101719,71.5909232],[128.9102161,71.590909],[128.9100153,71.5908465]]]}},{"type":"Feature","id":"osm-way-233062834","properties":{"buildingId":"osm-way-233062834","osmBuildingId":"osm-way-233062834","osmId":233062834,"building":"yes","levels":null,"height":18,"minHeight":null,"roofShape":null,"buildingMaterial":null,"facadeMaterial":null,"name":null,"address":null,"centerLon":128.85833845,"centerLat":71.693891925,"source":"OpenStreetMap"},"geometry":{"type":"Polygon","coordinates":[[[128.8598669,71.694031],[128.8599243,71.6938507],[128.85681,71.6937528],[128.8567526,71.6939332],[128.8598669,71.694031]]]}},{"type":"Feature","id":"osm-way-233062836","properties":{"buildingId":"osm-way-233062836","osmBuildingId":"osm-way-233062836","osmId":233062836,"building":"yes","levels":null,"height":23,"minHeight":null,"roofShape":null,"buildingMaterial":null,"facadeMaterial":null,"name":null,"address":null,"centerLon":128.860345825,"centerLat":71.6958111,"source":"OpenStreetMap"},"geometry":{"type":"Polygon","coordinates":[[[128.8601481,71.6958454],[128.8605397,71.6958475],[128.8605435,71.6957768],[128.860152,71.6957747],[128.8601481,71.6958454]]]}},{"type":"Feature","id":"osm-way-233062837","properties":{"buildingId":"osm-way-233062837","osmBuildingId":"osm-way-233062837","osmId":233062837,"building":"yes","levels":null,"height":25.5,"minHeight":null,"roofShape":null,"buildingMaterial":null,"facadeMaterial":null,"name":null,"address":null,"centerLon":128.86018844166668,"centerLat":71.69560564166667,"source":"OpenStreetMap"},"geometry":{"type":"Polygon","coordinates":[[[128.8602914,71.6956056],[128.8602776,71.6956218],[128.8602399,71.6956336],[128.8601884,71.695638],[128.860137,71.6956336],[128.8600993,71.6956218],[128.8600855,71.6956056],[128.8600993,71.6955895],[128.860137,71.6955777],[128.8601884,71.6955733],[128.8602399,71.6955777],[128.8602776,71.6955895],[128.8602914,71.6956056]]]}},{"type":"Feature","id":"osm-way-233062838","properties":{"buildingId":"osm-way-233062838","osmBuildingId":"osm-way-233062838","osmId":233062838,"building":"yes","levels":null,"height":28,"minHeight":null,"roofShape":null,"buildingMaterial":null,"facadeMaterial":null,"name":null,"address":null,"centerLon":128.86052694166665,"centerLat":71.69559524166665,"source":"OpenStreetMap"},"geometry":{"type":"Polygon","coordinates":[[[128.8606379,71.6955952],[128.860623,71.6956127],[128.8605824,71.6956254],[128.8605269,71.6956301],[128.8604715,71.6956254],[128.8604309,71.6956127],[128.860416,71.6955952],[128.8604309,71.6955778],[128.8604715,71.6955651],[128.8605269,71.6955604],[128.8605824,71.6955651],[128.860623,71.6955778],[128.8606379,71.6955952]]]}},{"type":"Feature","id":"osm-way-233062841","properties":{"buildingId":"osm-way-233062841","osmBuildingId":"osm-way-233062841","osmId":233062841,"building":"yes","levels":null,"height":13,"minHeight":null,"roofShape":null,"buildingMaterial":null,"facadeMaterial":null,"name":null,"address":null,"centerLon":128.85355635000002,"centerLat":71.694698325,"source":"OpenStreetMap"},"geometry":{"type":"Polygon","coordinates":[[[128.8544745,71.6947604],[128.8544932,71.6946777],[128.8526382,71.6946363],[128.8526195,71.6947189],[128.8544745,71.6947604]]]}},{"type":"Feature","id":"osm-way-233062842","properties":{"buildingId":"osm-way-233062842","osmBuildingId":"osm-way-233062842","osmId":233062842,"building":"yes","levels":null,"height":15.5,"minHeight":null,"roofShape":null,"buildingMaterial":null,"facadeMaterial":null,"name":null,"address":null,"centerLon":128.85832566250002,"centerLat":71.6946140875,"source":"OpenStreetMap"},"geometry":{"type":"Polygon","coordinates":[[[128.8578848,71.694598],[128.8579116,71.6944995],[128.8587516,71.6945221],[128.8587235,71.6946249],[128.8584369,71.6946171],[128.8584078,71.6947239],[128.8582294,71.6947191],[128.8582597,71.6946081],[128.8578848,71.694598]]]}},{"type":"Feature","id":"osm-way-233062844","properties":{"buildingId":"osm-way-233062844","osmBuildingId":"osm-way-233062844","osmId":233062844,"building":"yes","levels":null,"height":20.5,"minHeight":null,"roofShape":null,"buildingMaterial":null,"facadeMaterial":null,"name":null,"address":null,"centerLon":128.8512567875,"centerLat":71.692753825,"source":"OpenStreetMap"},"geometry":{"type":"Polygon","coordinates":[[[128.8501393,71.6927415],[128.8501904,71.6926028],[128.8521879,71.6926755],[128.8521388,71.6928085],[128.851662,71.6927911],[128.8516479,71.6928294],[128.851038,71.6928072],[128.85105,71.6927746],[128.8501393,71.6927415]]]}},{"type":"Feature","id":"osm-way-233062845","properties":{"buildingId":"osm-way-233062845","osmBuildingId":"osm-way-233062845","osmId":233062845,"building":"yes","levels":null,"height":23,"minHeight":null,"roofShape":null,"buildingMaterial":null,"facadeMaterial":null,"name":null,"address":null,"centerLon":128.852167925,"centerLat":71.6923065,"source":"OpenStreetMap"},"geometry":{"type":"Polygon","coordinates":[[[128.8516622,71.6923502],[128.8517031,71.6922302],[128.8526736,71.6922628],[128.8526328,71.6923828],[128.8516622,71.6923502]]]}},{"type":"Feature","id":"osm-way-233062847","properties":{"buildingId":"osm-way-233062847","osmBuildingId":"osm-way-233062847","osmId":233062847,"building":"yes","levels":null,"height":28,"minHeight":null,"roofShape":null,"buildingMaterial":null,"facadeMaterial":null,"name":null,"address":null,"centerLon":128.85441187499998,"centerLat":71.6918987,"source":"OpenStreetMap"},"geometry":{"type":"Polygon","coordinates":[[[128.8542325,71.6919474],[128.8542593,71.6918417],[128.8545913,71.69185],[128.8545644,71.6919557],[128.8542325,71.6919474]]]}},{"type":"Feature","id":"osm-way-233063259","properties":{"buildingId":"osm-way-233063259","osmBuildingId":"osm-way-233063259","osmId":233063259,"building":"yes","levels":null,"height":23,"minHeight":null,"roofShape":null,"buildingMaterial":null,"facadeMaterial":null,"name":null,"address":null,"centerLon":128.85556315,"centerLat":71.68867875000001,"source":"OpenStreetMap"},"geometry":{"type":"Polygon","coordinates":[[[128.8552464,71.6887414],[128.8552524,71.6886697],[128.8553907,71.6886708],[128.8553947,71.6886224],[128.8557614,71.6886254],[128.8557571,71.6886766],[128.8558541,71.6886774],[128.8558484,71.6887463],[128.8552464,71.6887414]]]}},{"type":"Feature","id":"osm-way-233063261","properties":{"buildingId":"osm-way-233063261","osmBuildingId":"osm-way-233063261","osmId":233063261,"building":"yes","levels":null,"height":28,"minHeight":null,"roofShape":null,"buildingMaterial":null,"facadeMaterial":null,"name":null,"address":null,"centerLon":128.84862955,"centerLat":71.6884603,"source":"OpenStreetMap"},"geometry":{"type":"Polygon","coordinates":[[[128.8488956,71.6884307],[128.848885,71.688498],[128.8483635,71.6884899],[128.8483741,71.6884226],[128.8488956,71.6884307]]]}},{"type":"Feature","id":"osm-way-233063262","properties":{"buildingId":"osm-way-233063262","osmBuildingId":"osm-way-233063262","osmId":233063262,"building":"yes","levels":null,"height":8,"minHeight":null,"roofShape":null,"buildingMaterial":null,"facadeMaterial":null,"name":null,"address":null,"centerLon":128.861136375,"centerLat":71.68760295000001,"source":"OpenStreetMap"},"geometry":{"type":"Polygon","coordinates":[[[128.8609962,71.6876732],[128.8612016,71.6876833],[128.8612766,71.6875327],[128.8610711,71.6875226],[128.8609962,71.6876732]]]}},{"type":"Feature","id":"osm-way-233063266","properties":{"buildingId":"osm-way-233063266","osmBuildingId":"osm-way-233063266","osmId":233063266,"building":"yes","levels":null,"height":18,"minHeight":null,"roofShape":null,"buildingMaterial":null,"facadeMaterial":null,"name":null,"address":null,"centerLon":128.87963522500002,"centerLat":71.69003344999999,"source":"OpenStreetMap"},"geometry":{"type":"Polygon","coordinates":[[[128.8794262,71.6901669],[128.8794363,71.6898985],[128.8798442,71.6899],[128.8798342,71.6901684],[128.8794262,71.6901669]]]}},{"type":"Feature","id":"osm-way-233063267","properties":{"buildingId":"osm-way-233063267","osmBuildingId":"osm-way-233063267","osmId":233063267,"building":"yes","levels":null,"height":20.5,"minHeight":null,"roofShape":null,"buildingMaterial":null,"facadeMaterial":null,"name":null,"address":null,"centerLon":128.87816935,"centerLat":71.69109879999999,"source":"OpenStreetMap"},"geometry":{"type":"Polygon","coordinates":[[[128.8777277,71.6911255],[128.8779006,71.6909855],[128.878611,71.6910721],[128.8784381,71.6912121],[128.8777277,71.6911255]]]}},{"type":"Feature","id":"osm-way-233063268","properties":{"buildingId":"osm-way-233063268","osmBuildingId":"osm-way-233063268","osmId":233063268,"building":"yes","levels":null,"height":23,"minHeight":null,"roofShape":null,"buildingMaterial":null,"facadeMaterial":null,"name":null,"address":null,"centerLon":128.87597597500002,"centerLat":71.6908075,"source":"OpenStreetMap"},"geometry":{"type":"Polygon","coordinates":[[[128.8756549,71.6907909],[128.8757827,71.6907253],[128.876297,71.6908241],[128.8761693,71.6908897],[128.8756549,71.6907909]]]}},{"type":"Feature","id":"osm-way-233063269","properties":{"buildingId":"osm-way-233063269","osmBuildingId":"osm-way-233063269","osmId":233063269,"building":"yes","levels":null,"height":25.5,"minHeight":null,"roofShape":null,"buildingMaterial":null,"facadeMaterial":null,"name":null,"address":null,"centerLon":128.874402375,"centerLat":71.69070045000001,"source":"OpenStreetMap"},"geometry":{"type":"Polygon","coordinates":[[[128.8742025,71.6906732],[128.8742961,71.6906407],[128.8746022,71.6907277],[128.8745087,71.6907602],[128.8742025,71.6906732]]]}},{"type":"Feature","id":"osm-way-233063270","properties":{"buildingId":"osm-way-233063270","osmBuildingId":"osm-way-233063270","osmId":233063270,"building":"yes","levels":null,"height":28,"minHeight":null,"roofShape":null,"buildingMaterial":null,"facadeMaterial":null,"name":null,"address":null,"centerLon":128.875910575,"centerLat":71.691938075,"source":"OpenStreetMap"},"geometry":{"type":"Polygon","coordinates":[[[128.8754944,71.6919645],[128.8755472,71.6918691],[128.8763267,71.6919116],[128.876274,71.6920071],[128.8754944,71.6919645]]]}},{"type":"Feature","id":"osm-way-233063271","properties":{"buildingId":"osm-way-233063271","osmBuildingId":"osm-way-233063271","osmId":233063271,"building":"yes","levels":null,"height":8,"minHeight":null,"roofShape":null,"buildingMaterial":null,"facadeMaterial":null,"name":null,"address":null,"centerLon":128.87619245000002,"centerLat":71.692167925,"source":"OpenStreetMap"},"geometry":{"type":"Polygon","coordinates":[[[128.8758287,71.692237],[128.8759216,71.692065],[128.8765562,71.6920989],[128.8764633,71.6922708],[128.8758287,71.692237]]]}},{"type":"Feature","id":"osm-way-233063273","properties":{"buildingId":"osm-way-233063273","osmBuildingId":"osm-way-233063273","osmId":233063273,"building":"yes","levels":null,"height":13,"minHeight":null,"roofShape":null,"buildingMaterial":null,"facadeMaterial":null,"name":null,"address":null,"centerLon":128.86480285,"centerLat":71.6925463,"source":"OpenStreetMap"},"geometry":{"type":"Polygon","coordinates":[[[128.8646764,71.6925747],[128.8647025,71.692509],[128.8649293,71.6925179],[128.8649032,71.6925836],[128.8646764,71.6925747]]]}},{"type":"Feature","id":"osm-way-233063274","properties":{"buildingId":"osm-way-233063274","osmBuildingId":"osm-way-233063274","osmId":233063274,"building":"yes","levels":null,"height":15.5,"minHeight":null,"roofShape":null,"buildingMaterial":null,"facadeMaterial":null,"name":null,"address":null,"centerLon":128.86485572499998,"centerLat":71.69240295,"source":"OpenStreetMap"},"geometry":{"type":"Polygon","coordinates":[[[128.8646854,71.69243],[128.8647145,71.6923627],[128.865026,71.6923759],[128.864997,71.6924432],[128.8646854,71.69243]]]}},{"type":"Feature","id":"osm-way-233063275","properties":{"buildingId":"osm-way-233063275","osmBuildingId":"osm-way-233063275","osmId":233063275,"building":"yes","levels":null,"height":18,"minHeight":null,"roofShape":null,"buildingMaterial":null,"facadeMaterial":null,"name":null,"address":null,"centerLon":128.8651403,"centerLat":71.69421193333334,"source":"OpenStreetMap"},"geometry":{"type":"Polygon","coordinates":[[[128.8645584,71.6943127],[128.8646005,71.6941692],[128.8651633,71.6941855],[128.8651818,71.6941226],[128.8656992,71.6941376],[128.8656386,71.694344],[128.8645584,71.6943127]]]}},{"type":"Feature","id":"osm-way-233319522","properties":{"buildingId":"osm-way-233319522","osmBuildingId":"osm-way-233319522","osmId":233319522,"building":"yes","levels":null,"height":15.5,"minHeight":null,"roofShape":null,"buildingMaterial":null,"facadeMaterial":null,"name":null,"address":null,"centerLon":128.78843419999998,"centerLat":71.592530975,"source":"OpenStreetMap"},"geometry":{"type":"Polygon","coordinates":[[[128.788334,71.5925349],[128.7883965,71.5925014],[128.7885344,71.5925271],[128.7884719,71.5925605],[128.788334,71.5925349]]]}},{"type":"Feature","id":"osm-way-233319523","properties":{"buildingId":"osm-way-233319523","osmBuildingId":"osm-way-233319523","osmId":233319523,"building":"yes","levels":null,"height":18,"minHeight":null,"roofShape":null,"buildingMaterial":null,"facadeMaterial":null,"name":null,"address":null,"centerLon":128.78645765,"centerLat":71.59195285000001,"source":"OpenStreetMap"},"geometry":{"type":"Polygon","coordinates":[[[128.7864579,71.5919938],[128.786329,71.591948],[128.7864574,71.5919119],[128.7865863,71.5919577],[128.7864579,71.5919938]]]}},{"type":"Feature","id":"osm-way-233319524","properties":{"buildingId":"osm-way-233319524","osmBuildingId":"osm-way-233319524","osmId":233319524,"building":"yes","levels":null,"height":20.5,"minHeight":null,"roofShape":null,"buildingMaterial":null,"facadeMaterial":null,"name":null,"address":null,"centerLon":128.78780589166664,"centerLat":71.59185882499999,"source":"OpenStreetMap"},"geometry":{"type":"Polygon","coordinates":[[[128.7880396,71.5919369],[128.7878226,71.5919826],[128.7879077,71.5920229],[128.7883177,71.5919367],[128.7876608,71.5916254],[128.7873449,71.5916919],[128.7875359,71.5917824],[128.7876354,71.5917615],[128.7878336,71.5918554],[128.7877414,71.5918748],[128.7878577,71.5919299],[128.7879734,71.5919055],[128.7880396,71.5919369]]]}},{"type":"Feature","id":"osm-way-233319525","properties":{"buildingId":"osm-way-233319525","osmBuildingId":"osm-way-233319525","osmId":233319525,"building":"yes","levels":null,"height":23,"minHeight":null,"roofShape":null,"buildingMaterial":null,"facadeMaterial":null,"name":null,"address":null,"centerLon":128.78687671666665,"centerLat":71.59143453333333,"source":"OpenStreetMap"},"geometry":{"type":"Polygon","coordinates":[[[128.7865062,71.5913708],[128.7866797,71.5913339],[128.7869346,71.5914535],[128.7871208,71.5914139],[128.7872053,71.5914535],[128.7870659,71.5914831],[128.7872116,71.5915515],[128.7871285,71.5915692],[128.7867864,71.5914087],[128.7867274,71.5914213],[128.7866161,71.5913692],[128.7865381,71.5913858],[128.7865062,71.5913708]]]}},{"type":"Feature","id":"osm-way-233319526","properties":{"buildingId":"osm-way-233319526","osmBuildingId":"osm-way-233319526","osmId":233319526,"building":"yes","levels":null,"height":25.5,"minHeight":null,"roofShape":null,"buildingMaterial":null,"facadeMaterial":null,"name":null,"address":null,"centerLon":128.78574335,"centerLat":71.591323425,"source":"OpenStreetMap"},"geometry":{"type":"Polygon","coordinates":[[[128.7855748,71.5913195],[128.7857773,71.5912711],[128.7859119,71.5913274],[128.7857094,71.5913757],[128.7855748,71.5913195]]]}},{"type":"Feature","id":"osm-way-233319527","properties":{"buildingId":"osm-way-233319527","osmBuildingId":"osm-way-233319527","osmId":233319527,"building":"yes","levels":null,"height":28,"minHeight":null,"roofShape":null,"buildingMaterial":null,"facadeMaterial":null,"name":null,"address":null,"centerLon":128.785601175,"centerLat":71.59166245,"source":"OpenStreetMap"},"geometry":{"type":"Polygon","coordinates":[[[128.7853419,71.5916719],[128.7856319,71.5917443],[128.7858605,71.591653],[128.7855704,71.5915806],[128.7853419,71.5916719]]]}},{"type":"Feature","id":"osm-way-233319528","properties":{"buildingId":"osm-way-233319528","osmBuildingId":"osm-way-233319528","osmId":233319528,"building":"yes","levels":null,"height":8,"minHeight":null,"roofShape":null,"buildingMaterial":null,"facadeMaterial":null,"name":null,"address":null,"centerLon":128.7864608,"centerLat":71.5906293,"source":"OpenStreetMap"},"geometry":{"type":"Polygon","coordinates":[[[128.7863522,71.5907872],[128.7867007,71.590772],[128.7865694,71.5904714],[128.7862209,71.5904866],[128.7863522,71.5907872]]]}},{"type":"Feature","id":"osm-way-233319529","properties":{"buildingId":"osm-way-233319529","osmBuildingId":"osm-way-233319529","osmId":233319529,"building":"yes","levels":null,"height":10.5,"minHeight":null,"roofShape":null,"buildingMaterial":null,"facadeMaterial":null,"name":null,"address":null,"centerLon":128.785651175,"centerLat":71.59028655,"source":"OpenStreetMap"},"geometry":{"type":"Polygon","coordinates":[[[128.7854885,71.5903598],[128.7853679,71.5902849],[128.7858138,71.5902133],[128.7859345,71.5902882],[128.7854885,71.5903598]]]}},{"type":"Feature","id":"osm-way-233319967","properties":{"buildingId":"osm-way-233319967","osmBuildingId":"osm-way-233319967","osmId":233319967,"building":"yes","levels":null,"height":25.5,"minHeight":null,"roofShape":null,"buildingMaterial":null,"facadeMaterial":null,"name":null,"address":null,"centerLon":128.8404573,"centerLat":71.6247792,"source":"OpenStreetMap"},"geometry":{"type":"Polygon","coordinates":[[[128.8401706,71.6247661],[128.8403226,71.6246983],[128.840744,71.6247923],[128.840592,71.6248601],[128.8401706,71.6247661]]]}},{"type":"Feature","id":"osm-way-233319968","properties":{"buildingId":"osm-way-233319968","osmBuildingId":"osm-way-233319968","osmId":233319968,"building":"yes","levels":null,"height":28,"minHeight":null,"roofShape":null,"buildingMaterial":null,"facadeMaterial":null,"name":null,"address":null,"centerLon":128.83957645,"centerLat":71.624602925,"source":"OpenStreetMap"},"geometry":{"type":"Polygon","coordinates":[[[128.8396494,71.624689],[128.8398586,71.6245971],[128.8395035,71.6245168],[128.8392943,71.6246088],[128.8396494,71.624689]]]}},{"type":"Feature","id":"osm-way-233319970","properties":{"buildingId":"osm-way-233319970","osmBuildingId":"osm-way-233319970","osmId":233319970,"building":"yes","levels":null,"height":10.5,"minHeight":null,"roofShape":null,"buildingMaterial":null,"facadeMaterial":null,"name":null,"address":null,"centerLon":128.86838565,"centerLat":71.6229133125,"source":"OpenStreetMap"},"geometry":{"type":"Polygon","coordinates":[[[128.8682119,71.6230228],[128.8683104,71.6230211],[128.8683006,71.6229668],[128.8684909,71.6229634],[128.868473,71.6228644],[128.8685685,71.6228627],[128.8685571,71.6227992],[128.8681728,71.6228061],[128.8682119,71.6230228]]]}},{"type":"Feature","id":"osm-way-233320719","properties":{"buildingId":"osm-way-233320719","osmBuildingId":"osm-way-233320719","osmId":233320719,"building":"yes","levels":null,"height":15.5,"minHeight":null,"roofShape":null,"buildingMaterial":null,"facadeMaterial":null,"name":null,"address":null,"centerLon":128.7922215333333,"centerLat":71.59613893333334,"source":"OpenStreetMap"},"geometry":{"type":"Polygon","coordinates":[[[128.7918995,71.5960759],[128.7920819,71.5960285],[128.7924667,71.5961761],[128.792384,71.5961976],[128.7922984,71.5961648],[128.7921987,71.5961907],[128.7918995,71.5960759]]]}},{"type":"Feature","id":"osm-way-233320723","properties":{"buildingId":"osm-way-233320723","osmBuildingId":"osm-way-233320723","osmId":233320723,"building":"yes","levels":null,"height":25.5,"minHeight":null,"roofShape":null,"buildingMaterial":null,"facadeMaterial":null,"name":null,"address":null,"centerLon":128.853902575,"centerLat":71.639771075,"source":"OpenStreetMap"},"geometry":{"type":"Polygon","coordinates":[[[128.85352,71.639697],[128.853863,71.6396301],[128.8542852,71.6398452],[128.8539421,71.639912],[128.85352,71.639697]]]}},{"type":"Feature","id":"osm-way-233320724","properties":{"buildingId":"osm-way-233320724","osmBuildingId":"osm-way-233320724","osmId":233320724,"building":"yes","levels":null,"height":28,"minHeight":null,"roofShape":null,"buildingMaterial":null,"facadeMaterial":null,"name":null,"address":null,"centerLon":128.8534724333333,"centerLat":71.63994473333334,"source":"OpenStreetMap"},"geometry":{"type":"Polygon","coordinates":[[[128.8532424,71.6399974],[128.8531301,71.6399392],[128.8536846,71.639833],[128.8538729,71.6399305],[128.8534903,71.6400038],[128.8534143,71.6399645],[128.8532424,71.6399974]]]}},{"type":"Feature","id":"osm-way-233320725","properties":{"buildingId":"osm-way-233320725","osmBuildingId":"osm-way-233320725","osmId":233320725,"building":"yes","levels":null,"height":8,"minHeight":null,"roofShape":null,"buildingMaterial":null,"facadeMaterial":null,"name":null,"address":null,"centerLon":128.8527179625,"centerLat":71.639900625,"source":"OpenStreetMap"},"geometry":{"type":"Polygon","coordinates":[[[128.8527299,71.6399795],[128.8525845,71.6399058],[128.8526415,71.6398946],[128.852542,71.6398442],[128.8526954,71.6398141],[128.8528685,71.6399018],[128.852805,71.6399143],[128.8528769,71.6399507],[128.8527299,71.6399795]]]}},{"type":"Feature","id":"osm-way-233320726","properties":{"buildingId":"osm-way-233320726","osmBuildingId":"osm-way-233320726","osmId":233320726,"building":"yes","levels":null,"height":10.5,"minHeight":null,"roofShape":null,"buildingMaterial":null,"facadeMaterial":null,"name":null,"address":null,"centerLon":128.85508462500002,"centerLat":71.639590425,"source":"OpenStreetMap"},"geometry":{"type":"Polygon","coordinates":[[[128.8548723,71.6395737],[128.8551644,71.6395262],[128.8552969,71.6396072],[128.8550049,71.6396546],[128.8548723,71.6395737]]]}},{"type":"Feature","id":"osm-way-233320727","properties":{"buildingId":"osm-way-233320727","osmBuildingId":"osm-way-233320727","osmId":233320727,"building":"yes","levels":null,"height":13,"minHeight":null,"roofShape":null,"buildingMaterial":null,"facadeMaterial":null,"name":null,"address":null,"centerLon":128.848024925,"centerLat":71.640036275,"source":"OpenStreetMap"},"geometry":{"type":"Polygon","coordinates":[[[128.8477959,71.6400965],[128.8477286,71.6400251],[128.848254,71.639976],[128.8483212,71.6400475],[128.8477959,71.6400965]]]}},{"type":"Feature","id":"osm-way-233323278","properties":{"buildingId":"osm-way-233323278","osmBuildingId":"osm-way-233323278","osmId":233323278,"building":"yes","levels":null,"height":23,"minHeight":null,"roofShape":null,"buildingMaterial":null,"facadeMaterial":null,"name":null,"address":null,"centerLon":128.7469557166667,"centerLat":71.63360996666667,"source":"OpenStreetMap"},"geometry":{"type":"Polygon","coordinates":[[[128.7466682,71.6336517],[128.7468139,71.6336715],[128.7468891,71.6336166],[128.7471802,71.6336562],[128.7473098,71.6335616],[128.7468731,71.6335022],[128.7466682,71.6336517]]]}},{"type":"Feature","id":"osm-way-233323279","properties":{"buildingId":"osm-way-233323279","osmBuildingId":"osm-way-233323279","osmId":233323279,"building":"yes","levels":null,"height":25.5,"minHeight":null,"roofShape":null,"buildingMaterial":null,"facadeMaterial":null,"name":null,"address":null,"centerLon":128.74561885,"centerLat":71.6335619,"source":"OpenStreetMap"},"geometry":{"type":"Polygon","coordinates":[[[128.7454167,71.6335942],[128.7456582,71.6336322],[128.745821,71.6335296],[128.7455795,71.6334916],[128.7454167,71.6335942]]]}},{"type":"Feature","id":"osm-way-233323280","properties":{"buildingId":"osm-way-233323280","osmBuildingId":"osm-way-233323280","osmId":233323280,"building":"yes","levels":null,"height":28,"minHeight":null,"roofShape":null,"buildingMaterial":null,"facadeMaterial":null,"name":null,"address":null,"centerLon":128.74856062499998,"centerLat":71.63352055,"source":"OpenStreetMap"},"geometry":{"type":"Polygon","coordinates":[[[128.7482578,71.6335913],[128.7485555,71.6336393],[128.7488635,71.6334498],[128.7485657,71.6334018],[128.7482578,71.6335913]]]}},{"type":"Feature","id":"osm-way-233323281","properties":{"buildingId":"osm-way-233323281","osmBuildingId":"osm-way-233323281","osmId":233323281,"building":"yes","levels":null,"height":8,"minHeight":null,"roofShape":null,"buildingMaterial":null,"facadeMaterial":null,"name":"TRRS command","address":null,"centerLon":128.75341805,"centerLat":71.63348322499999,"source":"OpenStreetMap"},"geometry":{"type":"Polygon","coordinates":[[[128.7535378,71.6336345],[128.7537869,71.6335871],[128.7532983,71.633332],[128.7530492,71.6333793],[128.7535378,71.6336345]]]}},{"type":"Feature","id":"osm-way-233323282","properties":{"buildingId":"osm-way-233323282","osmBuildingId":"osm-way-233323282","osmId":233323282,"building":"yes","levels":null,"height":10.5,"minHeight":null,"roofShape":null,"buildingMaterial":null,"facadeMaterial":null,"name":"TRRS command","address":null,"centerLon":128.75265215000002,"centerLat":71.63448925,"source":"OpenStreetMap"},"geometry":{"type":"Polygon","coordinates":[[[128.7526609,71.6346649],[128.7529598,71.6346358],[128.7526434,71.6343136],[128.7523445,71.6343427],[128.7526609,71.6346649]]]}},{"type":"Feature","id":"osm-way-233323283","properties":{"buildingId":"osm-way-233323283","osmBuildingId":"osm-way-233323283","osmId":233323283,"building":"yes","levels":null,"height":13,"minHeight":null,"roofShape":null,"buildingMaterial":null,"facadeMaterial":null,"name":null,"address":null,"centerLon":128.75417875833335,"centerLat":71.635436525,"source":"OpenStreetMap"},"geometry":{"type":"Polygon","coordinates":[[[128.7533496,71.635214],[128.7536448,71.6354283],[128.7539362,71.6353885],[128.7541841,71.6355685],[128.7542875,71.6355544],[128.7545288,71.6357296],[128.7549016,71.6356787],[128.7546214,71.6354752],[128.7543959,71.635506],[128.7541005,71.6352915],[128.7542017,71.6352776],[128.753993,71.635126],[128.7533496,71.635214]]]}},{"type":"Feature","id":"osm-way-233323284","properties":{"buildingId":"osm-way-233323284","osmBuildingId":"osm-way-233323284","osmId":233323284,"building":"yes","levels":null,"height":15.5,"minHeight":null,"roofShape":null,"buildingMaterial":null,"facadeMaterial":null,"name":null,"address":null,"centerLon":128.75516367499998,"centerLat":71.63586934166666,"source":"OpenStreetMap"},"geometry":{"type":"Polygon","coordinates":[[[128.7552477,71.6358693],[128.7552365,71.6358826],[128.7552057,71.6358923],[128.7551637,71.6358958],[128.7551216,71.6358923],[128.7550909,71.6358826],[128.7550796,71.6358693],[128.7550909,71.6358561],[128.7551216,71.6358464],[128.7551637,71.6358429],[128.7552057,71.6358464],[128.7552365,71.6358561],[128.7552477,71.6358693]]]}},{"type":"Feature","id":"osm-way-233323285","properties":{"buildingId":"osm-way-233323285","osmBuildingId":"osm-way-233323285","osmId":233323285,"building":"yes","levels":null,"height":18,"minHeight":null,"roofShape":null,"buildingMaterial":null,"facadeMaterial":null,"name":null,"address":null,"centerLon":128.75529906666665,"centerLat":71.63582279999999,"source":"OpenStreetMap"},"geometry":{"type":"Polygon","coordinates":[[[128.7553772,71.6358228],[128.7553667,71.6358351],[128.7553381,71.6358441],[128.7552991,71.6358474],[128.75526,71.6358441],[128.7552314,71.6358351],[128.755221,71.6358228],[128.7552314,71.6358105],[128.75526,71.6358015],[128.7552991,71.6357982],[128.7553381,71.6358015],[128.7553667,71.6358105],[128.7553772,71.6358228]]]}},{"type":"Feature","id":"osm-way-233323286","properties":{"buildingId":"osm-way-233323286","osmBuildingId":"osm-way-233323286","osmId":233323286,"building":"yes","levels":null,"height":20.5,"minHeight":null,"roofShape":null,"buildingMaterial":null,"facadeMaterial":null,"name":"TRRS - Graphite line","address":null,"centerLon":128.751743975,"centerLat":71.634616975,"source":"OpenStreetMap"},"geometry":{"type":"Polygon","coordinates":[[[128.7516325,71.6347453],[128.7521441,71.6346596],[128.7518554,71.6344886],[128.7513439,71.6345744],[128.7516325,71.6347453]]]}},{"type":"Feature","id":"osm-way-233323287","properties":{"buildingId":"osm-way-233323287","osmBuildingId":"osm-way-233323287","osmId":233323287,"building":"yes","levels":null,"height":23,"minHeight":null,"roofShape":null,"buildingMaterial":null,"facadeMaterial":null,"name":"TRRS - Graphite line","address":null,"centerLon":128.751524575,"centerLat":71.63437235,"source":"OpenStreetMap"},"geometry":{"type":"Polygon","coordinates":[[[128.7514177,71.6344962],[128.7511245,71.6343485],[128.7516314,71.6342485],[128.7519247,71.6343962],[128.7514177,71.6344962]]]}},{"type":"Feature","id":"osm-way-233323288","properties":{"buildingId":"osm-way-233323288","osmBuildingId":"osm-way-233323288","osmId":233323288,"building":"yes","levels":null,"height":25.5,"minHeight":null,"roofShape":null,"buildingMaterial":null,"facadeMaterial":null,"name":"TRRS - Ural line","address":null,"centerLon":128.75183900000002,"centerLat":71.6339888,"source":"OpenStreetMap"},"geometry":{"type":"Polygon","coordinates":[[[128.7516814,71.6341301],[128.751787,71.6341053],[128.7518814,71.6341452],[128.7524095,71.6340214],[128.7523281,71.6339869],[128.7524207,71.6339652],[128.7519108,71.6337493],[128.7512994,71.6338927],[128.7513934,71.6339325],[128.7512783,71.6339594],[128.7516814,71.6341301]]]}},{"type":"Feature","id":"osm-way-233323289","properties":{"buildingId":"osm-way-233323289","osmBuildingId":"osm-way-233323289","osmId":233323289,"building":"yes","levels":null,"height":28,"minHeight":null,"roofShape":null,"buildingMaterial":null,"facadeMaterial":null,"name":"TRRS - Ural line","address":null,"centerLon":128.7529382416667,"centerLat":71.6338384,"source":"OpenStreetMap"},"geometry":{"type":"Polygon","coordinates":[[[128.7528628,71.6339947],[128.7527364,71.6340239],[128.7523403,71.6338539],[128.7524702,71.6338239],[128.7523667,71.6337794],[128.7528869,71.6336591],[128.7529398,71.6336818],[128.7531179,71.6336406],[128.75356,71.6338304],[128.7534694,71.6338514],[128.7535599,71.6338902],[128.7529486,71.6340315],[128.7528628,71.6339947]]]}},{"type":"Feature","id":"osm-way-233323290","properties":{"buildingId":"osm-way-233323290","osmBuildingId":"osm-way-233323290","osmId":233323290,"building":"yes","levels":null,"height":8,"minHeight":null,"roofShape":null,"buildingMaterial":null,"facadeMaterial":null,"name":"TRRS - Quartz line","address":null,"centerLon":128.7536114,"centerLat":71.63456325000001,"source":"OpenStreetMap"},"geometry":{"type":"Polygon","coordinates":[[[128.7531459,71.6346161],[128.7534227,71.6344191],[128.7540769,71.6345104],[128.7538001,71.6347074],[128.7531459,71.6346161]]]}},{"type":"Feature","id":"osm-way-233323291","properties":{"buildingId":"osm-way-233323291","osmBuildingId":"osm-way-233323291","osmId":233323291,"building":"yes","levels":null,"height":10.5,"minHeight":null,"roofShape":null,"buildingMaterial":null,"facadeMaterial":null,"name":"TRRS - Quartz line","address":null,"centerLon":128.7534047375,"centerLat":71.6341775625,"source":"OpenStreetMap"},"geometry":{"type":"Polygon","coordinates":[[[128.7531166,71.6342562],[128.7537501,71.6343566],[128.7540601,71.6341623],[128.7534262,71.6340619],[128.7533551,71.6341065],[128.7532415,71.6340885],[128.7530872,71.6341852],[128.7532011,71.6342033],[128.7531166,71.6342562]]]}},{"type":"Feature","id":"osm-way-233323296","properties":{"buildingId":"osm-way-233323296","osmBuildingId":"osm-way-233323296","osmId":233323296,"building":"yes","levels":null,"height":23,"minHeight":null,"roofShape":null,"buildingMaterial":null,"facadeMaterial":null,"name":null,"address":null,"centerLon":128.70663632500003,"centerLat":71.69274545,"source":"OpenStreetMap"},"geometry":{"type":"Polygon","coordinates":[[[128.7063989,71.6927507],[128.7064667,71.692693],[128.7068738,71.6927402],[128.7068059,71.6927979],[128.7063989,71.6927507]]]}},{"type":"Feature","id":"osm-way-233323297","properties":{"buildingId":"osm-way-233323297","osmBuildingId":"osm-way-233323297","osmId":233323297,"building":"yes","levels":null,"height":25.5,"minHeight":null,"roofShape":null,"buildingMaterial":null,"facadeMaterial":null,"name":null,"address":null,"centerLon":128.70722125,"centerLat":71.692813675,"source":"OpenStreetMap"},"geometry":{"type":"Polygon","coordinates":[[[128.7070866,71.6928236],[128.7071552,71.6927755],[128.7073559,71.6928038],[128.7072873,71.6928518],[128.7070866,71.6928236]]]}},{"type":"Feature","id":"osm-way-233323298","properties":{"buildingId":"osm-way-233323298","osmBuildingId":"osm-way-233323298","osmId":233323298,"building":"yes","levels":null,"height":28,"minHeight":null,"roofShape":null,"buildingMaterial":null,"facadeMaterial":null,"name":null,"address":null,"centerLon":128.707217225,"centerLat":71.692392375,"source":"OpenStreetMap"},"geometry":{"type":"Polygon","coordinates":[[[128.7074029,71.6923924],[128.707378,71.6924215],[128.70731,71.6924429],[128.7072172,71.6924507],[128.7071244,71.6924429],[128.7070565,71.6924215],[128.7070316,71.6923924],[128.7070565,71.6923632],[128.7071244,71.6923419],[128.7072172,71.692334],[128.70731,71.6923419],[128.707378,71.6923632],[128.7074029,71.6923924]]]}},{"type":"Feature","id":"osm-way-233323299","properties":{"buildingId":"osm-way-233323299","osmBuildingId":"osm-way-233323299","osmId":233323299,"building":"yes","levels":null,"height":8,"minHeight":null,"roofShape":null,"buildingMaterial":null,"facadeMaterial":null,"name":null,"address":null,"centerLon":128.8903187,"centerLat":71.69648425,"source":"OpenStreetMap"},"geometry":{"type":"Polygon","coordinates":[[[128.8898653,71.6963521],[128.8905,71.6962985],[128.8907721,71.6966164],[128.8901374,71.69667],[128.8898653,71.6963521]]]}},{"type":"Feature","id":"osm-way-233323300","properties":{"buildingId":"osm-way-233323300","osmBuildingId":"osm-way-233323300","osmId":233323300,"building":"yes","levels":null,"height":10.5,"minHeight":null,"roofShape":null,"buildingMaterial":null,"facadeMaterial":null,"name":null,"address":null,"centerLon":128.89018507499998,"centerLat":71.69804612499999,"source":"OpenStreetMap"},"geometry":{"type":"Polygon","coordinates":[[[128.8897471,71.6980227],[128.8906066,71.6980021],[128.8906231,71.6980695],[128.8897635,71.6980902],[128.8897471,71.6980227]]]}},{"type":"Feature","id":"osm-way-233323301","properties":{"buildingId":"osm-way-233323301","osmBuildingId":"osm-way-233323301","osmId":233323301,"building":"yes","levels":null,"height":13,"minHeight":null,"roofShape":null,"buildingMaterial":null,"facadeMaterial":null,"name":null,"address":null,"centerLon":128.88650281666665,"centerLat":71.69778955,"source":"OpenStreetMap"},"geometry":{"type":"Polygon","coordinates":[[[128.8863223,71.697851],[128.8865122,71.6977724],[128.8863928,71.6977439],[128.8864934,71.6977023],[128.8867934,71.6977737],[128.8865028,71.697894],[128.8863223,71.697851]]]}},{"type":"Feature","id":"osm-way-233323302","properties":{"buildingId":"osm-way-233323302","osmBuildingId":"osm-way-233323302","osmId":233323302,"building":"yes","levels":null,"height":15.5,"minHeight":null,"roofShape":null,"buildingMaterial":null,"facadeMaterial":null,"name":null,"address":null,"centerLon":128.88617775,"centerLat":71.698204425,"source":"OpenStreetMap"},"geometry":{"type":"Polygon","coordinates":[[[128.8860845,71.6982315],[128.8862837,71.6982265],[128.886271,71.6981773],[128.8860718,71.6981824],[128.8860845,71.6982315]]]}},{"type":"Feature","id":"osm-way-233323303","properties":{"buildingId":"osm-way-233323303","osmBuildingId":"osm-way-233323303","osmId":233323303,"building":"yes","levels":null,"height":18,"minHeight":null,"roofShape":null,"buildingMaterial":null,"facadeMaterial":null,"name":null,"address":null,"centerLon":128.88615510000002,"centerLat":71.69808610000001,"source":"OpenStreetMap"},"geometry":{"type":"Polygon","coordinates":[[[128.8860596,71.6981077],[128.8862475,71.698109],[128.8862506,71.6980645],[128.8860627,71.6980632],[128.8860596,71.6981077]]]}},{"type":"Feature","id":"osm-way-233323304","properties":{"buildingId":"osm-way-233323304","osmBuildingId":"osm-way-233323304","osmId":233323304,"building":"yes","levels":null,"height":20.5,"minHeight":null,"roofShape":null,"buildingMaterial":null,"facadeMaterial":null,"name":null,"address":null,"centerLon":128.89086450000002,"centerLat":71.69805435,"source":"OpenStreetMap"},"geometry":{"type":"Polygon","coordinates":[[[128.8907095,71.6982173],[128.8910529,71.6982138],[128.8910195,71.6978914],[128.8906761,71.6978949],[128.8907095,71.6982173]]]}},{"type":"Feature","id":"osm-way-233323305","properties":{"buildingId":"osm-way-233323305","osmBuildingId":"osm-way-233323305","osmId":233323305,"building":"yes","levels":null,"height":23,"minHeight":null,"roofShape":null,"buildingMaterial":null,"facadeMaterial":null,"name":null,"address":null,"centerLon":128.8900778,"centerLat":71.69753865,"source":"OpenStreetMap"},"geometry":{"type":"Polygon","coordinates":[[[128.8898979,71.6975844],[128.8898478,71.6975304],[128.8902577,71.6974929],[128.8903078,71.6975469],[128.8898979,71.6975844]]]}},{"type":"Feature","id":"osm-way-233323308","properties":{"buildingId":"osm-way-233323308","osmBuildingId":"osm-way-233323308","osmId":233323308,"building":"yes","levels":null,"height":8,"minHeight":null,"roofShape":null,"buildingMaterial":null,"facadeMaterial":null,"name":null,"address":null,"centerLon":128.91048947500002,"centerLat":71.7055015,"source":"OpenStreetMap"},"geometry":{"type":"Polygon","coordinates":[[[128.9103735,71.7054748],[128.9105726,71.7054647],[128.9106054,71.7055282],[128.9104064,71.7055383],[128.9103735,71.7054748]]]}},{"type":"Feature","id":"osm-way-233323310","properties":{"buildingId":"osm-way-233323310","osmBuildingId":"osm-way-233323310","osmId":233323310,"building":"yes","levels":null,"height":13,"minHeight":null,"roofShape":null,"buildingMaterial":null,"facadeMaterial":null,"name":null,"address":null,"centerLon":128.91774220000002,"centerLat":71.695868475,"source":"OpenStreetMap"},"geometry":{"type":"Polygon","coordinates":[[[128.917633,71.6958923],[128.9176357,71.6958435],[128.9178514,71.6958446],[128.9178487,71.6958935],[128.917633,71.6958923]]]}},{"type":"Feature","id":"osm-way-233323312","properties":{"buildingId":"osm-way-233323312","osmBuildingId":"osm-way-233323312","osmId":233323312,"building":"yes","levels":null,"height":18,"minHeight":null,"roofShape":null,"buildingMaterial":null,"facadeMaterial":null,"name":null,"address":null,"centerLon":128.919097525,"centerLat":71.69587465000001,"source":"OpenStreetMap"},"geometry":{"type":"Polygon","coordinates":[[[128.9189569,71.6959063],[128.918945,71.695849],[128.9192382,71.695843],[128.91925,71.6959003],[128.9189569,71.6959063]]]}},{"type":"Feature","id":"osm-way-233323314","properties":{"buildingId":"osm-way-233323314","osmBuildingId":"osm-way-233323314","osmId":233323314,"building":"yes","levels":null,"height":23,"minHeight":null,"roofShape":null,"buildingMaterial":null,"facadeMaterial":null,"name":null,"address":null,"centerLon":128.9187383,"centerLat":71.6958099,"source":"OpenStreetMap"},"geometry":{"type":"Polygon","coordinates":[[[128.9186634,71.6958315],[128.9186434,71.6957985],[128.9188132,71.6957883],[128.9188332,71.6958213],[128.9186634,71.6958315]]]}},{"type":"Feature","id":"osm-way-233323315","properties":{"buildingId":"osm-way-233323315","osmBuildingId":"osm-way-233323315","osmId":233323315,"building":"yes","levels":null,"height":25.5,"minHeight":null,"roofShape":null,"buildingMaterial":null,"facadeMaterial":null,"name":null,"address":null,"centerLon":128.9129539,"centerLat":71.69706959999999,"source":"OpenStreetMap"},"geometry":{"type":"Polygon","coordinates":[[[128.912755,71.6971416],[128.9127101,71.6970128],[128.9131528,71.6969976],[128.9131977,71.6971264],[128.912755,71.6971416]]]}},{"type":"Feature","id":"osm-way-233323316","properties":{"buildingId":"osm-way-233323316","osmBuildingId":"osm-way-233323316","osmId":233323316,"building":"yes","levels":null,"height":28,"minHeight":null,"roofShape":null,"buildingMaterial":null,"facadeMaterial":null,"name":null,"address":null,"centerLon":128.9121922,"centerLat":71.69741535,"source":"OpenStreetMap"},"geometry":{"type":"Polygon","coordinates":[[[128.9120773,71.697442],[128.9123289,71.6974284],[128.9123071,71.6973887],[128.9120555,71.6974023],[128.9120773,71.697442]]]}},{"type":"Feature","id":"osm-way-233323321","properties":{"buildingId":"osm-way-233323321","osmBuildingId":"osm-way-233323321","osmId":233323321,"building":"yes","levels":null,"height":18,"minHeight":null,"roofShape":null,"buildingMaterial":null,"facadeMaterial":null,"name":null,"address":null,"centerLon":128.9112768,"centerLat":71.70672474999999,"source":"OpenStreetMap"},"geometry":{"type":"Polygon","coordinates":[[[128.9111248,71.7067505],[128.9111185,71.7067031],[128.9114288,71.706699],[128.9114351,71.7067464],[128.9111248,71.7067505]]]}},{"type":"Feature","id":"osm-way-233323322","properties":{"buildingId":"osm-way-233323322","osmBuildingId":"osm-way-233323322","osmId":233323322,"building":"yes","levels":null,"height":20.5,"minHeight":null,"roofShape":null,"buildingMaterial":null,"facadeMaterial":null,"name":null,"address":null,"centerLon":128.9112912,"centerLat":71.7067968,"source":"OpenStreetMap"},"geometry":{"type":"Polygon","coordinates":[[[128.9111538,71.7068293],[128.9111356,71.7067738],[128.9114286,71.7067643],[128.9114468,71.7068198],[128.9111538,71.7068293]]]}},{"type":"Feature","id":"osm-way-233652899","properties":{"buildingId":"osm-way-233652899","osmBuildingId":"osm-way-233652899","osmId":233652899,"building":"garages","levels":null,"height":13,"minHeight":null,"roofShape":null,"buildingMaterial":null,"facadeMaterial":null,"name":null,"address":null,"centerLon":128.858473825,"centerLat":71.63821225,"source":"OpenStreetMap"},"geometry":{"type":"Polygon","coordinates":[[[128.8580864,71.6381022],[128.8582137,71.6380698],[128.8588613,71.6383223],[128.8587339,71.6383547],[128.8580864,71.6381022]]]}},{"type":"Feature","id":"osm-way-233652900","properties":{"buildingId":"osm-way-233652900","osmBuildingId":"osm-way-233652900","osmId":233652900,"building":"garages","levels":null,"height":15.5,"minHeight":null,"roofShape":null,"buildingMaterial":null,"facadeMaterial":null,"name":null,"address":null,"centerLon":128.859473275,"centerLat":71.63858085,"source":"OpenStreetMap"},"geometry":{"type":"Polygon","coordinates":[[[128.8590195,71.6384544],[128.8592122,71.6384087],[128.859927,71.6387073],[128.8597344,71.638753],[128.8590195,71.6384544]]]}},{"type":"Feature","id":"osm-way-237901478","properties":{"buildingId":"osm-way-237901478","osmBuildingId":"osm-way-237901478","osmId":237901478,"building":"yes","levels":null,"height":20.5,"minHeight":null,"roofShape":null,"buildingMaterial":null,"facadeMaterial":null,"name":null,"address":null,"centerLon":128.88785385,"centerLat":71.63737709000002,"source":"OpenStreetMap"},"geometry":{"type":"Polygon","coordinates":[[[128.8881145,71.6373733],[128.8881117,71.6373632],[128.8881045,71.6373527],[128.888094,71.6373433],[128.8880799,71.6373342],[128.8880617,71.6373254],[128.8880399,71.6373175],[128.8880142,71.6373101],[128.8879874,71.6373042],[128.8879574,71.6372992],[128.887925,71.6372955],[128.8878931,71.6372932],[128.8878581,71.6372921],[128.8878234,71.6372925],[128.88779,71.6372942],[128.8877561,71.6372974],[128.8877256,71.6373018],[128.8876957,71.6373076],[128.8876698,71.6373143],[128.8876453,71.6373225],[128.8876257,71.637331],[128.8876088,71.6373408],[128.8875971,71.6373504],[128.8875889,71.637361],[128.8875851,71.6373716],[128.8875862,71.6373842],[128.8875936,71.6373968],[128.8876044,71.6374071],[128.8876179,71.6374159],[128.8876359,71.6374248],[128.887656,71.6374324],[128.8876783,71.6374391],[128.8877048,71.6374454],[128.8877329,71.6374505],[128.8877615,71.6374542],[128.8877925,71.637457],[128.887823,71.6374586],[128.8878554,71.637459],[128.8878877,71.6374581],[128.8879187,71.637456],[128.8879495,71.6374528],[128.8879789,71.6374484],[128.8880035,71.6374435],[128.8880293,71.6374368],[128.8880515,71.6374295],[128.8880709,71.6374213],[128.8880867,71.6374127],[128.8880989,71.6374039],[128.8881082,71.6373938],[128.8881134,71.6373837],[128.8881145,71.6373733]]]}},{"type":"Feature","id":"osm-way-237901479","properties":{"buildingId":"osm-way-237901479","osmBuildingId":"osm-way-237901479","osmId":237901479,"building":"yes","levels":null,"height":23,"minHeight":null,"roofShape":null,"buildingMaterial":null,"facadeMaterial":null,"name":null,"address":null,"centerLon":128.88902966200004,"centerLat":71.635374062,"source":"OpenStreetMap"},"geometry":{"type":"Polygon","coordinates":[[[128.8892903,71.6353703],[128.8892875,71.6353601],[128.8892803,71.6353497],[128.8892699,71.6353403],[128.8892557,71.6353312],[128.8892375,71.6353224],[128.8892157,71.6353144],[128.88919,71.635307],[128.8891632,71.6353011],[128.8891332,71.6352962],[128.8891008,71.6352924],[128.889069,71.6352901],[128.8890339,71.6352891],[128.8889992,71.6352895],[128.8889658,71.6352912],[128.8889319,71.6352944],[128.8889014,71.6352988],[128.8888716,71.6353046],[128.8888456,71.6353112],[128.8888211,71.6353194],[128.8888015,71.635328],[128.8887846,71.6353377],[128.8887729,71.6353474],[128.8887647,71.635358],[128.8887609,71.6353686],[128.888762,71.6353811],[128.8887694,71.6353938],[128.8887802,71.635404],[128.8887937,71.6354129],[128.8888117,71.6354218],[128.8888318,71.6354294],[128.8888542,71.6354361],[128.8888806,71.6354424],[128.8889087,71.6354474],[128.8889373,71.6354512],[128.8889683,71.635454],[128.8889988,71.6354556],[128.8890312,71.635456],[128.8890635,71.6354551],[128.8890945,71.635453],[128.8891253,71.6354498],[128.8891548,71.6354454],[128.8891793,71.6354405],[128.8892051,71.6354338],[128.8892273,71.6354265],[128.8892468,71.6354183],[128.8892625,71.6354097],[128.8892747,71.6354008],[128.889284,71.6353907],[128.8892892,71.6353807],[128.8892903,71.6353703]]]}},{"type":"Feature","id":"osm-way-237901480","properties":{"buildingId":"osm-way-237901480","osmBuildingId":"osm-way-237901480","osmId":237901480,"building":"yes","levels":null,"height":25.5,"minHeight":null,"roofShape":null,"buildingMaterial":null,"facadeMaterial":null,"name":null,"address":null,"centerLon":128.889556864,"centerLat":71.63721556999998,"source":"OpenStreetMap"},"geometry":{"type":"Polygon","coordinates":[[[128.889724,71.6372132],[128.8897221,71.6372066],[128.8897175,71.6372],[128.8897108,71.6371939],[128.8897018,71.6371881],[128.8896901,71.6371824],[128.8896761,71.6371773],[128.8896596,71.6371726],[128.8896425,71.6371688],[128.8896233,71.6371657],[128.8896025,71.6371632],[128.8895821,71.6371618],[128.8895596,71.6371611],[128.8895374,71.6371614],[128.8895159,71.6371625],[128.8894942,71.6371645],[128.8894747,71.6371673],[128.8894555,71.637171],[128.8894389,71.6371753],[128.8894232,71.6371806],[128.8894106,71.637186],[128.8893998,71.6371923],[128.8893923,71.6371985],[128.889387,71.6372053],[128.8893846,71.6372121],[128.8893853,71.6372201],[128.88939,71.6372282],[128.8893969,71.6372348],[128.8894056,71.6372405],[128.8894172,71.6372461],[128.88943,71.637251],[128.8894444,71.6372553],[128.8894613,71.6372593],[128.8894793,71.6372626],[128.8894977,71.637265],[128.8895175,71.6372668],[128.8895371,71.6372678],[128.8895578,71.6372681],[128.8895785,71.6372675],[128.8895984,71.6372662],[128.8896182,71.6372641],[128.889637,71.6372613],[128.8896528,71.6372581],[128.8896693,71.6372539],[128.8896836,71.6372492],[128.889696,71.6372439],[128.8897061,71.6372384],[128.889714,71.6372327],[128.8897199,71.6372263],[128.8897232,71.6372198],[128.889724,71.6372132]]]}},{"type":"Feature","id":"osm-way-237901481","properties":{"buildingId":"osm-way-237901481","osmBuildingId":"osm-way-237901481","osmId":237901481,"building":"yes","levels":null,"height":28,"minHeight":null,"roofShape":null,"buildingMaterial":null,"facadeMaterial":null,"name":null,"address":null,"centerLon":128.88956785600004,"centerLat":71.63740672400002,"source":"OpenStreetMap"},"geometry":{"type":"Polygon","coordinates":[[[128.8896321,71.6374058],[128.8896314,71.6374033],[128.8896296,71.6374007],[128.889627,71.6373984],[128.8896235,71.6373962],[128.889619,71.637394],[128.8896137,71.637392],[128.8896074,71.6373902],[128.8896007,71.6373888],[128.8895934,71.6373875],[128.8895854,71.6373866],[128.8895775,71.6373861],[128.8895689,71.6373858],[128.8895604,71.6373859],[128.8895521,71.6373863],[128.8895438,71.6373871],[128.8895363,71.6373882],[128.8895289,71.6373896],[128.8895225,71.6373912],[128.8895165,71.6373933],[128.8895117,71.6373954],[128.8895075,71.6373978],[128.8895046,71.6374002],[128.8895026,71.6374028],[128.8895016,71.6374054],[128.8895019,71.6374085],[128.8895038,71.6374116],[128.8895064,71.6374141],[128.8895097,71.6374163],[128.8895142,71.6374185],[128.8895191,71.6374203],[128.8895246,71.637422],[128.8895311,71.6374235],[128.8895381,71.6374248],[128.8895451,71.6374257],[128.8895527,71.6374264],[128.8895603,71.6374268],[128.8895682,71.6374269],[128.8895762,71.6374267],[128.8895838,71.6374262],[128.8895914,71.6374254],[128.8895987,71.6374243],[128.8896047,71.6374231],[128.8896111,71.6374214],[128.8896166,71.6374196],[128.8896213,71.6374176],[128.8896252,71.6374155],[128.8896282,71.6374133],[128.8896305,71.6374108],[128.8896318,71.6374083],[128.8896321,71.6374058]]]}},{"type":"Feature","id":"osm-way-237901482","properties":{"buildingId":"osm-way-237901482","osmBuildingId":"osm-way-237901482","osmId":237901482,"building":"yes","levels":null,"height":8,"minHeight":null,"roofShape":null,"buildingMaterial":null,"facadeMaterial":null,"name":null,"address":null,"centerLon":128.88597632,"centerLat":71.636461456,"source":"OpenStreetMap"},"geometry":{"type":"Polygon","coordinates":[[[128.886237,71.6364577],[128.8862341,71.6364475],[128.886227,71.6364371],[128.8862165,71.6364277],[128.8862024,71.6364186],[128.8861841,71.6364098],[128.8861624,71.6364018],[128.8861366,71.6363944],[128.8861098,71.6363885],[128.8860799,71.6363836],[128.8860475,71.6363798],[128.8860156,71.6363775],[128.8859806,71.6363765],[128.8859459,71.6363769],[128.8859124,71.6363786],[128.8858786,71.6363818],[128.8858481,71.6363862],[128.8858182,71.636392],[128.8857923,71.6363986],[128.8857678,71.6364068],[128.8857482,71.6364154],[128.8857313,71.6364251],[128.8857196,71.6364348],[128.8857113,71.6364454],[128.8857075,71.636456],[128.8857087,71.6364685],[128.8857161,71.6364812],[128.8857268,71.6364914],[128.8857403,71.6365003],[128.8857584,71.6365091],[128.8857784,71.6365168],[128.8858008,71.6365235],[128.8858273,71.6365297],[128.8858554,71.6365348],[128.8858839,71.6365386],[128.885915,71.6365414],[128.8859455,71.636543],[128.8859779,71.6365434],[128.8860101,71.6365425],[128.8860412,71.6365404],[128.886072,71.6365372],[128.8861014,71.6365328],[128.886126,71.6365279],[128.8861517,71.6365212],[128.886174,71.6365139],[128.8861934,71.6365057],[128.8862091,71.6364971],[128.8862214,71.6364882],[128.8862307,71.6364781],[128.8862358,71.636468],[128.886237,71.6364577]]]}},{"type":"Feature","id":"osm-way-237901483","properties":{"buildingId":"osm-way-237901483","osmBuildingId":"osm-way-237901483","osmId":237901483,"building":"yes","levels":null,"height":10.5,"minHeight":null,"roofShape":null,"buildingMaterial":null,"facadeMaterial":null,"name":null,"address":null,"centerLon":128.88757589,"centerLat":71.63617204799998,"source":"OpenStreetMap"},"geometry":{"type":"Polygon","coordinates":[[[128.8878366,71.6361683],[128.8878337,71.6361581],[128.8878265,71.6361477],[128.8878161,71.6361383],[128.887802,71.6361292],[128.8877837,71.6361204],[128.887762,71.6361124],[128.8877362,71.636105],[128.8877094,71.6360991],[128.8876795,71.6360942],[128.8876471,71.6360904],[128.8876152,71.6360881],[128.8875802,71.6360871],[128.8875455,71.6360875],[128.887512,71.6360892],[128.8874781,71.6360924],[128.8874476,71.6360967],[128.8874178,71.6361026],[128.8873918,71.6361092],[128.8873674,71.6361174],[128.8873477,71.636126],[128.8873308,71.6361357],[128.8873191,71.6361454],[128.8873109,71.636156],[128.8873071,71.6361666],[128.8873083,71.6361791],[128.8873157,71.6361918],[128.8873264,71.636202],[128.8873399,71.6362109],[128.887358,71.6362197],[128.887378,71.6362274],[128.8874004,71.6362341],[128.8874269,71.6362403],[128.8874549,71.6362454],[128.8874835,71.6362492],[128.8875145,71.636252],[128.887545,71.6362535],[128.8875774,71.636254],[128.8876097,71.636253],[128.8876407,71.636251],[128.8876715,71.6362478],[128.887701,71.6362434],[128.8877256,71.6362384],[128.8877513,71.6362318],[128.8877736,71.6362245],[128.887793,71.6362163],[128.8878087,71.6362077],[128.8878209,71.6361988],[128.8878302,71.6361887],[128.8878354,71.6361786],[128.8878366,71.6361683]]]}},{"type":"Feature","id":"osm-way-237901484","properties":{"buildingId":"osm-way-237901484","osmBuildingId":"osm-way-237901484","osmId":237901484,"building":"yes","levels":null,"height":13,"minHeight":null,"roofShape":null,"buildingMaterial":null,"facadeMaterial":null,"name":null,"address":null,"centerLon":128.88891535200003,"centerLat":71.63474373199998,"source":"OpenStreetMap"},"geometry":{"type":"Polygon","coordinates":[[[128.889176,71.63474],[128.8891732,71.6347298],[128.889166,71.6347194],[128.8891555,71.6347099],[128.8891414,71.6347008],[128.8891232,71.6346921],[128.8891014,71.6346841],[128.8890757,71.6346767],[128.8890489,71.6346708],[128.8890189,71.6346659],[128.8889865,71.6346621],[128.8889547,71.6346598],[128.8889196,71.6346587],[128.8888849,71.6346591],[128.8888515,71.6346609],[128.8888176,71.6346641],[128.8887871,71.6346684],[128.8887572,71.6346742],[128.8887313,71.6346809],[128.8887068,71.6346891],[128.8886872,71.6346976],[128.8886703,71.6347074],[128.8886586,71.6347171],[128.8886504,71.6347277],[128.8886466,71.6347383],[128.8886477,71.6347508],[128.8886551,71.6347634],[128.8886659,71.6347737],[128.8886794,71.6347826],[128.8886974,71.6347914],[128.8887175,71.6347991],[128.8887398,71.6348058],[128.8887663,71.634812],[128.8887944,71.6348171],[128.888823,71.6348209],[128.888854,71.6348237],[128.8888845,71.6348252],[128.8889169,71.6348256],[128.8889492,71.6348247],[128.8889802,71.6348227],[128.889011,71.6348195],[128.8890404,71.6348151],[128.889065,71.6348101],[128.8890908,71.6348035],[128.889113,71.6347962],[128.8891324,71.634788],[128.8891482,71.6347794],[128.8891604,71.6347705],[128.8891697,71.6347604],[128.8891749,71.6347503],[128.889176,71.63474]]]}},{"type":"Feature","id":"osm-way-237901485","properties":{"buildingId":"osm-way-237901485","osmBuildingId":"osm-way-237901485","osmId":237901485,"building":"yes","levels":null,"height":15.5,"minHeight":null,"roofShape":null,"buildingMaterial":null,"facadeMaterial":null,"name":null,"address":null,"centerLon":128.88596015599998,"centerLat":71.63726171600003,"source":"OpenStreetMap"},"geometry":{"type":"Polygon","coordinates":[[[128.8862208,71.637258],[128.886218,71.6372478],[128.8862108,71.6372374],[128.8862004,71.6372279],[128.8861862,71.6372188],[128.886168,71.63721],[128.8861462,71.6372021],[128.8861205,71.6371947],[128.8860937,71.6371888],[128.8860637,71.6371839],[128.8860313,71.6371801],[128.8859995,71.6371778],[128.8859644,71.6371767],[128.8859297,71.6371771],[128.8858963,71.6371789],[128.8858624,71.6371821],[128.8858319,71.6371864],[128.8858021,71.6371922],[128.8857761,71.6371989],[128.8857516,71.6372071],[128.885732,71.6372156],[128.8857151,71.6372254],[128.8857034,71.6372351],[128.8856952,71.6372456],[128.8856914,71.6372562],[128.8856925,71.6372688],[128.8856999,71.6372814],[128.8857107,71.6372917],[128.8857242,71.6373005],[128.8857422,71.6373094],[128.8857623,71.637317],[128.8857846,71.6373238],[128.8858111,71.63733],[128.8858392,71.6373351],[128.8858678,71.6373389],[128.8858988,71.6373416],[128.8859293,71.6373432],[128.8859617,71.6373436],[128.885994,71.6373427],[128.886025,71.6373407],[128.8860558,71.6373375],[128.8860852,71.637333],[128.8861098,71.6373281],[128.8861356,71.6373215],[128.8861578,71.6373142],[128.8861772,71.637306],[128.886193,71.6372973],[128.8862052,71.6372885],[128.8862145,71.6372784],[128.8862197,71.6372683],[128.8862208,71.637258]]]}},{"type":"Feature","id":"osm-way-237901486","properties":{"buildingId":"osm-way-237901486","osmBuildingId":"osm-way-237901486","osmId":237901486,"building":"yes","levels":null,"height":18,"minHeight":null,"roofShape":null,"buildingMaterial":null,"facadeMaterial":null,"name":null,"address":null,"centerLon":128.88775710800002,"centerLat":71.63697122800001,"source":"OpenStreetMap"},"geometry":{"type":"Polygon","coordinates":[[[128.8880178,71.6369675],[128.8880149,71.6369573],[128.8880078,71.6369469],[128.8879973,71.6369374],[128.8879832,71.6369283],[128.8879649,71.6369196],[128.8879432,71.6369116],[128.8879174,71.6369042],[128.8878906,71.6368983],[128.8878607,71.6368934],[128.8878283,71.6368896],[128.8877964,71.6368873],[128.8877614,71.6368862],[128.8877267,71.6368867],[128.8876932,71.6368884],[128.8876594,71.6368916],[128.8876289,71.6368959],[128.887599,71.6369017],[128.887573,71.6369084],[128.8875486,71.6369166],[128.8875289,71.6369251],[128.8875121,71.6369349],[128.8875004,71.6369446],[128.8874921,71.6369552],[128.8874883,71.6369657],[128.8874895,71.6369783],[128.8874969,71.6369909],[128.8875076,71.6370012],[128.8875211,71.6370101],[128.8875392,71.6370189],[128.8875592,71.6370265],[128.8875816,71.6370333],[128.8876081,71.6370395],[128.8876361,71.6370446],[128.8876647,71.6370484],[128.8876958,71.6370512],[128.8877263,71.6370527],[128.8877586,71.6370531],[128.8877909,71.6370522],[128.8878219,71.6370502],[128.8878528,71.637047],[128.8878822,71.6370425],[128.8879068,71.6370376],[128.8879325,71.637031],[128.8879548,71.6370237],[128.8879742,71.6370155],[128.8879899,71.6370069],[128.8880022,71.636998],[128.8880114,71.6369879],[128.8880166,71.6369778],[128.8880178,71.6369675]]]}},{"type":"Feature","id":"osm-way-237901487","properties":{"buildingId":"osm-way-237901487","osmBuildingId":"osm-way-237901487","osmId":237901487,"building":"yes","levels":null,"height":20.5,"minHeight":null,"roofShape":null,"buildingMaterial":null,"facadeMaterial":null,"name":null,"address":null,"centerLon":128.88584533399998,"centerLat":71.63685334199998,"source":"OpenStreetMap"},"geometry":{"type":"Polygon","coordinates":[[[128.886106,71.6368496],[128.8861032,71.6368394],[128.886096,71.636829],[128.8860855,71.6368196],[128.8860714,71.6368104],[128.8860531,71.6368017],[128.8860314,71.6367937],[128.8860057,71.6367863],[128.8859789,71.6367804],[128.8859489,71.6367755],[128.8859165,71.6367717],[128.8858846,71.6367694],[128.8858496,71.6367684],[128.8858149,71.6367688],[128.8857814,71.6367705],[128.8857476,71.6367737],[128.8857171,71.636778],[128.8856872,71.6367839],[128.8856613,71.6367905],[128.8856368,71.6367987],[128.8856172,71.6368072],[128.8856003,71.636817],[128.8855886,71.6368267],[128.8855803,71.6368373],[128.8855765,71.6368479],[128.8855777,71.6368604],[128.8855851,71.6368731],[128.8855959,71.6368833],[128.8856094,71.6368922],[128.8856274,71.636901],[128.8856474,71.6369087],[128.8856698,71.6369154],[128.8856963,71.6369216],[128.8857244,71.6369267],[128.885753,71.6369305],[128.885784,71.6369333],[128.8858145,71.6369348],[128.8858469,71.6369352],[128.8858792,71.6369343],[128.8859102,71.6369323],[128.885941,71.6369291],[128.8859704,71.6369247],[128.885995,71.6369197],[128.8860207,71.6369131],[128.886043,71.6369058],[128.8860624,71.6368976],[128.8860781,71.636889],[128.8860904,71.6368801],[128.8860997,71.63687],[128.8861048,71.6368599],[128.886106,71.6368496]]]}},{"type":"Feature","id":"osm-way-237901488","properties":{"buildingId":"osm-way-237901488","osmBuildingId":"osm-way-237901488","osmId":237901488,"building":"yes","levels":null,"height":23,"minHeight":null,"roofShape":null,"buildingMaterial":null,"facadeMaterial":null,"name":null,"address":null,"centerLon":128.88915002800002,"centerLat":71.635796636,"source":"OpenStreetMap"},"geometry":{"type":"Polygon","coordinates":[[[128.8894107,71.6357929],[128.8894078,71.6357827],[128.8894007,71.6357723],[128.8893902,71.6357628],[128.8893761,71.6357537],[128.8893578,71.635745],[128.8893361,71.635737],[128.8893104,71.6357296],[128.8892836,71.6357237],[128.8892536,71.6357188],[128.8892212,71.635715],[128.8891893,71.6357127],[128.8891543,71.6357116],[128.8891196,71.6357121],[128.8890861,71.6357138],[128.8890523,71.635717],[128.8890218,71.6357213],[128.8889919,71.6357272],[128.888966,71.6357338],[128.8889415,71.635742],[128.8889219,71.6357505],[128.888905,71.6357603],[128.8888933,71.63577],[128.888885,71.6357806],[128.8888812,71.6357912],[128.8888824,71.6358037],[128.8888898,71.6358163],[128.8889005,71.6358266],[128.8889141,71.6358355],[128.8889321,71.6358443],[128.8889521,71.635852],[128.8889745,71.6358587],[128.889001,71.6358649],[128.8890291,71.63587],[128.8890577,71.6358738],[128.8890887,71.6358766],[128.8891192,71.6358781],[128.8891516,71.6358785],[128.8891838,71.6358776],[128.8892149,71.6358756],[128.8892457,71.6358724],[128.8892751,71.635868],[128.8892997,71.635863],[128.8893254,71.6358564],[128.8893477,71.6358491],[128.8893671,71.6358409],[128.8893828,71.6358323],[128.8893951,71.6358234],[128.8894044,71.6358133],[128.8894095,71.6358032],[128.8894107,71.6357929]]]}},{"type":"Feature","id":"osm-way-237901489","properties":{"buildingId":"osm-way-237901489","osmBuildingId":"osm-way-237901489","osmId":237901489,"building":"yes","levels":null,"height":25.5,"minHeight":null,"roofShape":null,"buildingMaterial":null,"facadeMaterial":null,"name":null,"address":null,"centerLon":128.889442542,"centerLat":71.636751518,"source":"OpenStreetMap"},"geometry":{"type":"Polygon","coordinates":[[[128.8896096,71.6367491],[128.8896078,71.6367426],[128.8896032,71.6367359],[128.8895965,71.6367299],[128.8895875,71.636724],[128.8895758,71.6367184],[128.8895618,71.6367133],[128.8895453,71.6367086],[128.8895281,71.6367048],[128.8895089,71.6367016],[128.8894882,71.6366992],[128.8894677,71.6366977],[128.8894453,71.636697],[128.889423,71.6366973],[128.8894016,71.6366984],[128.8893799,71.6367005],[128.8893603,71.6367032],[128.8893412,71.636707],[128.8893246,71.6367112],[128.8893089,71.6367165],[128.8892963,71.636722],[128.8892855,71.6367282],[128.889278,71.6367344],[128.8892727,71.6367412],[128.8892702,71.636748],[128.889271,71.6367561],[128.8892757,71.6367642],[128.8892826,71.6367707],[128.8892913,71.6367764],[128.8893028,71.6367821],[128.8893157,71.636787],[128.88933,71.6367913],[128.889347,71.6367953],[128.889365,71.6367985],[128.8893833,71.636801],[128.8894032,71.6368028],[128.8894228,71.6368038],[128.8894435,71.636804],[128.8894642,71.6368034],[128.8894841,71.6368021],[128.8895039,71.6368001],[128.8895227,71.6367972],[128.8895385,71.6367941],[128.889555,71.6367898],[128.8895693,71.6367851],[128.8895817,71.6367799],[128.8895918,71.6367744],[128.8895996,71.6367687],[128.8896056,71.6367622],[128.8896089,71.6367557],[128.8896096,71.6367491]]]}},{"type":"Feature","id":"osm-way-237901490","properties":{"buildingId":"osm-way-237901490","osmBuildingId":"osm-way-237901490","osmId":237901490,"building":"yes","levels":null,"height":28,"minHeight":null,"roofShape":null,"buildingMaterial":null,"facadeMaterial":null,"name":null,"address":null,"centerLon":128.88749675200003,"centerLat":71.635768926,"source":"OpenStreetMap"},"geometry":{"type":"Polygon","coordinates":[[[128.8877574,71.6357652],[128.8877546,71.635755],[128.8877474,71.6357446],[128.8877369,71.6357351],[128.8877228,71.635726],[128.8877046,71.6357173],[128.8876828,71.6357093],[128.8876571,71.6357019],[128.8876303,71.635696],[128.8876003,71.6356911],[128.8875679,71.6356873],[128.8875361,71.635685],[128.887501,71.6356839],[128.8874663,71.6356843],[128.8874329,71.6356861],[128.887399,71.6356893],[128.8873685,71.6356936],[128.8873386,71.6356994],[128.8873127,71.6357061],[128.8872882,71.6357143],[128.8872686,71.6357228],[128.8872517,71.6357326],[128.88724,71.6357423],[128.8872318,71.6357529],[128.887228,71.6357634],[128.8872291,71.635776],[128.8872365,71.6357886],[128.8872473,71.6357989],[128.8872608,71.6358078],[128.8872788,71.6358166],[128.8872989,71.6358242],[128.8873212,71.635831],[128.8873477,71.6358372],[128.8873758,71.6358423],[128.8874044,71.6358461],[128.8874354,71.6358489],[128.8874659,71.6358504],[128.8874983,71.6358508],[128.8875306,71.6358499],[128.8875616,71.6358479],[128.8875924,71.6358447],[128.8876218,71.6358402],[128.8876464,71.6358353],[128.8876722,71.6358287],[128.8876944,71.6358214],[128.8877138,71.6358132],[128.8877296,71.6358046],[128.8877418,71.6357957],[128.8877511,71.6357856],[128.8877563,71.6357755],[128.8877574,71.6357652]]]}},{"type":"Feature","id":"osm-way-237901491","properties":{"buildingId":"osm-way-237901491","osmBuildingId":"osm-way-237901491","osmId":237901491,"building":"yes","levels":null,"height":8,"minHeight":null,"roofShape":null,"buildingMaterial":null,"facadeMaterial":null,"name":null,"address":null,"centerLon":128.889413852,"centerLat":71.63618452,"source":"OpenStreetMap"},"geometry":{"type":"Polygon","coordinates":[[[128.8896745,71.6361808],[128.8896717,71.6361706],[128.8896645,71.6361602],[128.889654,71.6361507],[128.8896399,71.6361416],[128.8896217,71.6361328],[128.8895999,71.6361249],[128.8895742,71.6361175],[128.8895474,71.6361116],[128.8895174,71.6361067],[128.889485,71.6361029],[128.8894532,71.6361006],[128.8894181,71.6360995],[128.8893834,71.6360999],[128.88935,71.6361017],[128.8893161,71.6361049],[128.8892856,71.6361092],[128.8892557,71.636115],[128.8892298,71.6361217],[128.8892053,71.6361299],[128.8891857,71.6361384],[128.8891688,71.6361482],[128.8891571,71.6361579],[128.8891489,71.6361685],[128.8891451,71.636179],[128.8891462,71.6361916],[128.8891536,71.6362042],[128.8891644,71.6362145],[128.8891779,71.6362233],[128.8891959,71.6362322],[128.889216,71.6362398],[128.8892383,71.6362466],[128.8892648,71.6362528],[128.8892929,71.6362579],[128.8893215,71.6362617],[128.8893525,71.6362645],[128.889383,71.636266],[128.8894154,71.6362664],[128.8894477,71.6362655],[128.8894787,71.6362635],[128.8895095,71.6362603],[128.8895389,71.6362558],[128.8895635,71.6362509],[128.8895893,71.6362443],[128.8896115,71.636237],[128.8896309,71.6362288],[128.8896467,71.6362201],[128.8896589,71.6362113],[128.8896682,71.6362012],[128.8896734,71.6361911],[128.8896745,71.6361808]]]}},{"type":"Feature","id":"osm-way-237901492","properties":{"buildingId":"osm-way-237901492","osmBuildingId":"osm-way-237901492","osmId":237901492,"building":"yes","levels":null,"height":10.5,"minHeight":null,"roofShape":null,"buildingMaterial":null,"facadeMaterial":null,"name":null,"address":null,"centerLon":128.889430808,"centerLat":71.63653458599997,"source":"OpenStreetMap"},"geometry":{"type":"Polygon","coordinates":[[[128.8895979,71.6365322],[128.8895961,71.6365257],[128.8895915,71.636519],[128.8895848,71.6365129],[128.8895757,71.6365071],[128.889564,71.6365015],[128.8895501,71.6364964],[128.8895336,71.6364916],[128.8895164,71.6364878],[128.8894972,71.6364847],[128.8894764,71.6364823],[128.889456,71.6364808],[128.8894335,71.6364801],[128.8894113,71.6364804],[128.8893899,71.6364815],[128.8893681,71.6364835],[128.8893486,71.6364863],[128.8893295,71.6364901],[128.8893128,71.6364943],[128.8892971,71.6364996],[128.8892845,71.636505],[128.8892737,71.6365113],[128.8892662,71.6365175],[128.8892609,71.6365243],[128.8892585,71.6365311],[128.8892593,71.6365391],[128.889264,71.6365472],[128.8892709,71.6365538],[128.8892795,71.6365595],[128.8892911,71.6365652],[128.889304,71.63657],[128.8893183,71.6365744],[128.8893353,71.6365784],[128.8893533,71.6365816],[128.8893716,71.636584],[128.8893915,71.6365858],[128.889411,71.6365868],[128.8894318,71.6365871],[128.8894525,71.6365865],[128.8894724,71.6365852],[128.8894921,71.6365831],[128.889511,71.6365803],[128.8895268,71.6365771],[128.8895433,71.6365729],[128.8895575,71.6365682],[128.88957,71.6365629],[128.88958,71.6365574],[128.8895879,71.6365517],[128.8895938,71.6365453],[128.8895972,71.6365388],[128.8895979,71.6365322]]]}},{"type":"Feature","id":"osm-way-237901493","properties":{"buildingId":"osm-way-237901493","osmBuildingId":"osm-way-237901493","osmId":237901493,"building":"yes","levels":null,"height":13,"minHeight":null,"roofShape":null,"buildingMaterial":null,"facadeMaterial":null,"name":null,"address":null,"centerLon":128.88586985399996,"centerLat":71.63607231600002,"source":"OpenStreetMap"},"geometry":{"type":"Polygon","coordinates":[[[128.8861305,71.6360686],[128.8861277,71.6360584],[128.8861205,71.636048],[128.8861101,71.6360385],[128.8860959,71.6360294],[128.8860777,71.6360206],[128.8860559,71.6360127],[128.8860302,71.6360053],[128.8860034,71.6359994],[128.8859734,71.6359945],[128.885941,71.6359907],[128.8859092,71.6359884],[128.8858741,71.6359873],[128.8858394,71.6359877],[128.885806,71.6359895],[128.8857721,71.6359927],[128.8857416,71.635997],[128.8857117,71.6360028],[128.8856858,71.6360095],[128.8856613,71.6360177],[128.8856417,71.6360262],[128.8856248,71.636036],[128.8856131,71.6360457],[128.8856049,71.6360562],[128.8856011,71.6360668],[128.8856022,71.6360794],[128.8856096,71.636092],[128.8856204,71.6361023],[128.8856339,71.6361111],[128.8856519,71.63612],[128.885672,71.6361276],[128.8856943,71.6361344],[128.8857208,71.6361406],[128.8857489,71.6361457],[128.8857775,71.6361495],[128.8858085,71.6361522],[128.885839,71.6361538],[128.8858714,71.6361542],[128.8859037,71.6361533],[128.8859347,71.6361513],[128.8859655,71.6361481],[128.8859949,71.6361436],[128.8860195,71.6361387],[128.8860453,71.6361321],[128.8860675,71.6361248],[128.8860869,71.6361166],[128.8861027,71.6361079],[128.8861149,71.6360991],[128.8861242,71.636089],[128.8861294,71.6360789],[128.8861305,71.6360686]]]}},{"type":"Feature","id":"osm-way-237901494","properties":{"buildingId":"osm-way-237901494","osmBuildingId":"osm-way-237901494","osmId":237901494,"building":"yes","levels":null,"height":15.5,"minHeight":null,"roofShape":null,"buildingMaterial":null,"facadeMaterial":null,"name":null,"address":null,"centerLon":128.88752149000004,"centerLat":71.63531726400001,"source":"OpenStreetMap"},"geometry":{"type":"Polygon","coordinates":[[[128.8877822,71.6353135],[128.8877793,71.6353033],[128.8877721,71.6352929],[128.8877617,71.6352835],[128.8877476,71.6352744],[128.8877293,71.6352656],[128.8877076,71.6352576],[128.8876818,71.6352503],[128.887655,71.6352443],[128.8876251,71.6352394],[128.8875927,71.6352356],[128.8875608,71.6352333],[128.8875258,71.6352323],[128.8874911,71.6352327],[128.8874576,71.6352344],[128.8874237,71.6352376],[128.8873932,71.635242],[128.8873634,71.6352478],[128.8873374,71.6352544],[128.887313,71.6352626],[128.8872933,71.6352712],[128.8872764,71.6352809],[128.8872647,71.6352906],[128.8872565,71.6353012],[128.8872527,71.6353118],[128.8872539,71.6353243],[128.8872613,71.635337],[128.887272,71.6353472],[128.8872855,71.6353561],[128.8873036,71.635365],[128.8873236,71.6353726],[128.887346,71.6353793],[128.8873725,71.6353856],[128.8874005,71.6353906],[128.8874291,71.6353944],[128.8874601,71.6353972],[128.8874906,71.6353988],[128.887523,71.6353992],[128.8875553,71.6353983],[128.8875863,71.6353962],[128.8876171,71.635393],[128.8876466,71.6353886],[128.8876712,71.6353837],[128.8876969,71.635377],[128.8877192,71.6353697],[128.8877386,71.6353615],[128.8877543,71.6353529],[128.8877665,71.635344],[128.8877758,71.6353339],[128.887781,71.6353239],[128.8877822,71.6353135]]]}},{"type":"Feature","id":"osm-way-237901495","properties":{"buildingId":"osm-way-237901495","osmBuildingId":"osm-way-237901495","osmId":237901495,"building":"yes","levels":null,"height":18,"minHeight":null,"roofShape":null,"buildingMaterial":null,"facadeMaterial":null,"name":null,"address":null,"centerLon":128.889497504,"centerLat":71.63700085599999,"source":"OpenStreetMap"},"geometry":{"type":"Polygon","coordinates":[[[128.8896646,71.6369985],[128.8896628,71.6369919],[128.8896582,71.6369852],[128.8896515,71.6369792],[128.8896424,71.6369734],[128.8896307,71.6369677],[128.8896168,71.6369626],[128.8896003,71.6369579],[128.8895831,71.6369541],[128.8895639,71.636951],[128.8895431,71.6369485],[128.8895227,71.6369471],[128.8895002,71.6369464],[128.889478,71.6369466],[128.8894566,71.6369477],[128.8894348,71.6369498],[128.8894153,71.6369526],[128.8893962,71.6369563],[128.8893795,71.6369606],[128.8893638,71.6369658],[128.8893512,71.6369713],[128.8893404,71.6369776],[128.8893329,71.6369838],[128.8893276,71.6369906],[128.8893252,71.6369973],[128.8893259,71.6370054],[128.8893307,71.6370135],[128.8893376,71.6370201],[128.8893462,71.6370257],[128.8893578,71.6370314],[128.8893707,71.6370363],[128.889385,71.6370406],[128.889402,71.6370446],[128.88942,71.6370479],[128.8894383,71.6370503],[128.8894582,71.6370521],[128.8894777,71.6370531],[128.8894985,71.6370534],[128.8895192,71.6370528],[128.8895391,71.6370515],[128.8895588,71.6370494],[128.8895777,71.6370466],[128.8895934,71.6370434],[128.88961,71.6370392],[128.8896242,71.6370345],[128.8896367,71.6370292],[128.8896467,71.6370237],[128.8896546,71.637018],[128.8896605,71.6370115],[128.8896639,71.6370051],[128.8896646,71.6369985]]]}},{"type":"Feature","id":"osm-way-237901496","properties":{"buildingId":"osm-way-237901496","osmBuildingId":"osm-way-237901496","osmId":237901496,"building":"yes","levels":null,"height":20.5,"minHeight":null,"roofShape":null,"buildingMaterial":null,"facadeMaterial":null,"name":null,"address":null,"centerLon":128.88781168999998,"centerLat":71.63465922399998,"source":"OpenStreetMap"},"geometry":{"type":"Polygon","coordinates":[[[128.8880724,71.6346555],[128.8880695,71.6346453],[128.8880623,71.6346349],[128.8880519,71.6346254],[128.8880378,71.6346163],[128.8880195,71.6346075],[128.8879978,71.6345996],[128.887972,71.6345922],[128.8879452,71.6345863],[128.8879153,71.6345814],[128.8878829,71.6345776],[128.887851,71.6345753],[128.887816,71.6345742],[128.8877813,71.6345746],[128.8877478,71.6345764],[128.8877139,71.6345796],[128.8876834,71.6345839],[128.8876536,71.6345897],[128.8876276,71.6345964],[128.8876032,71.6346046],[128.8875835,71.6346131],[128.8875666,71.6346229],[128.8875549,71.6346326],[128.8875467,71.6346432],[128.8875429,71.6346537],[128.8875441,71.6346663],[128.8875515,71.6346789],[128.8875622,71.6346892],[128.8875757,71.6346981],[128.8875938,71.6347069],[128.8876138,71.6347145],[128.8876362,71.6347213],[128.8876627,71.6347275],[128.8876907,71.6347326],[128.8877193,71.6347364],[128.8877503,71.6347392],[128.8877808,71.6347407],[128.8878132,71.6347411],[128.8878455,71.6347402],[128.8878765,71.6347382],[128.8879073,71.634735],[128.8879368,71.6347305],[128.8879614,71.6347256],[128.8879871,71.634719],[128.8880094,71.6347117],[128.8880288,71.6347035],[128.8880445,71.6346949],[128.8880567,71.634686],[128.888066,71.6346759],[128.8880712,71.6346658],[128.8880724,71.6346555]]]}},{"type":"Feature","id":"osm-way-237901497","properties":{"buildingId":"osm-way-237901497","osmBuildingId":"osm-way-237901497","osmId":237901497,"building":"yes","levels":null,"height":23,"minHeight":null,"roofShape":null,"buildingMaterial":null,"facadeMaterial":null,"name":null,"address":null,"centerLon":128.88766476399996,"centerLat":71.636584746,"source":"OpenStreetMap"},"geometry":{"type":"Polygon","coordinates":[[[128.8879254,71.636581],[128.8879226,71.6365708],[128.8879154,71.6365604],[128.887905,71.636551],[128.8878908,71.6365419],[128.8878726,71.6365331],[128.8878508,71.6365251],[128.8878251,71.6365177],[128.8877983,71.6365118],[128.8877683,71.6365069],[128.8877359,71.6365031],[128.8877041,71.6365008],[128.887669,71.6364998],[128.8876343,71.6365002],[128.8876009,71.6365019],[128.887567,71.6365051],[128.8875365,71.6365094],[128.8875067,71.6365153],[128.8874807,71.6365219],[128.8874562,71.6365301],[128.8874366,71.6365387],[128.8874197,71.6365484],[128.887408,71.6365581],[128.8873998,71.6365687],[128.887396,71.6365793],[128.8873971,71.6365918],[128.8874045,71.6366045],[128.8874153,71.6366147],[128.8874288,71.6366236],[128.8874468,71.6366324],[128.8874669,71.6366401],[128.8874893,71.6366468],[128.8875157,71.636653],[128.8875438,71.6366581],[128.8875724,71.6366619],[128.8876034,71.6366647],[128.8876339,71.6366662],[128.8876663,71.6366666],[128.8876986,71.6366657],[128.8877296,71.6366637],[128.8877604,71.6366605],[128.8877899,71.6366561],[128.8878144,71.6366511],[128.8878402,71.6366445],[128.8878625,71.6366372],[128.8878819,71.636629],[128.8878976,71.6366204],[128.8879098,71.6366115],[128.8879191,71.6366014],[128.8879243,71.6365913],[128.8879254,71.636581]]]}},{"type":"Feature","id":"osm-way-237901498","properties":{"buildingId":"osm-way-237901498","osmBuildingId":"osm-way-237901498","osmId":237901498,"building":"yes","levels":null,"height":25.5,"minHeight":null,"roofShape":null,"buildingMaterial":null,"facadeMaterial":null,"name":null,"address":null,"centerLon":128.88765779600004,"centerLat":71.634961236,"source":"OpenStreetMap"},"geometry":{"type":"Polygon","coordinates":[[[128.8879185,71.6349575],[128.8879156,71.6349473],[128.8879084,71.6349369],[128.887898,71.6349274],[128.8878839,71.6349183],[128.8878656,71.6349096],[128.8878439,71.6349016],[128.8878181,71.6348942],[128.8877913,71.6348883],[128.8877614,71.6348834],[128.887729,71.6348796],[128.8876971,71.6348773],[128.8876621,71.6348762],[128.8876274,71.6348767],[128.8875939,71.6348784],[128.88756,71.6348816],[128.8875296,71.6348859],[128.8874997,71.6348918],[128.8874737,71.6348984],[128.8874493,71.6349066],[128.8874296,71.6349151],[128.8874128,71.6349249],[128.887401,71.6349346],[128.8873928,71.6349452],[128.887389,71.6349558],[128.8873902,71.6349683],[128.8873976,71.6349809],[128.8874083,71.6349912],[128.8874218,71.6350001],[128.8874399,71.6350089],[128.8874599,71.6350166],[128.8874823,71.6350233],[128.8875088,71.6350295],[128.8875368,71.6350346],[128.8875654,71.6350384],[128.8875964,71.6350412],[128.8876269,71.6350427],[128.8876593,71.6350431],[128.8876916,71.6350422],[128.8877226,71.6350402],[128.8877534,71.635037],[128.8877829,71.6350326],[128.8878075,71.6350276],[128.8878332,71.635021],[128.8878555,71.6350137],[128.8878749,71.6350055],[128.8878906,71.6349969],[128.8879029,71.634988],[128.8879121,71.6349779],[128.8879173,71.6349678],[128.8879185,71.6349575]]]}},{"type":"Feature","id":"osm-way-237901499","properties":{"buildingId":"osm-way-237901499","osmBuildingId":"osm-way-237901499","osmId":237901499,"building":"yes","levels":null,"height":28,"minHeight":null,"roofShape":null,"buildingMaterial":null,"facadeMaterial":null,"name":null,"address":null,"centerLon":128.888976902,"centerLat":71.63506236,"source":"OpenStreetMap"},"geometry":{"type":"Polygon","coordinates":[[[128.8892376,71.6350586],[128.8892347,71.6350484],[128.8892275,71.635038],[128.8892171,71.6350286],[128.889203,71.6350195],[128.8891847,71.6350107],[128.889163,71.6350027],[128.8891372,71.6349953],[128.8891104,71.6349894],[128.8890805,71.6349845],[128.8890481,71.6349807],[128.8890162,71.6349784],[128.8889812,71.6349774],[128.8889465,71.6349778],[128.888913,71.6349795],[128.8888792,71.6349827],[128.8888487,71.6349871],[128.8888188,71.6349929],[128.8887928,71.6349995],[128.8887684,71.6350077],[128.8887487,71.6350163],[128.8887319,71.635026],[128.8887201,71.6350357],[128.8887119,71.6350463],[128.8887081,71.6350569],[128.8887093,71.6350694],[128.8887167,71.6350821],[128.8887274,71.6350923],[128.8887409,71.6351012],[128.888759,71.6351101],[128.888779,71.6351177],[128.8888014,71.6351244],[128.8888279,71.6351307],[128.8888559,71.6351357],[128.8888845,71.6351395],[128.8889156,71.6351423],[128.888946,71.6351439],[128.8889784,71.6351443],[128.8890107,71.6351434],[128.8890417,71.6351413],[128.8890726,71.6351381],[128.889102,71.6351337],[128.8891266,71.6351288],[128.8891523,71.6351221],[128.8891746,71.6351148],[128.889194,71.6351066],[128.8892097,71.635098],[128.889222,71.6350891],[128.8892312,71.635079],[128.8892364,71.6350689],[128.8892376,71.6350586]]]}},{"type":"Feature","id":"osm-way-237901734","properties":{"buildingId":"osm-way-237901734","osmBuildingId":"osm-way-237901734","osmId":237901734,"building":"yes","levels":null,"height":8,"minHeight":null,"roofShape":null,"buildingMaterial":null,"facadeMaterial":null,"name":null,"address":null,"centerLon":128.86713685200002,"centerLat":71.67711205599998,"source":"OpenStreetMap"},"geometry":{"type":"Polygon","coordinates":[[[128.8673102,71.6771096],[128.8673083,71.6771028],[128.8673035,71.6770959],[128.8672965,71.6770896],[128.8672871,71.6770836],[128.867275,71.6770778],[128.8672606,71.6770725],[128.8672434,71.6770676],[128.8672256,71.6770637],[128.8672057,71.6770604],[128.8671842,71.6770579],[128.867163,71.6770564],[128.8671397,71.6770557],[128.8671166,71.6770559],[128.8670944,71.6770571],[128.8670719,71.6770592],[128.8670516,71.6770621],[128.8670317,71.677066],[128.8670145,71.6770704],[128.8669982,71.6770758],[128.8669852,71.6770815],[128.8669739,71.677088],[128.8669661,71.6770944],[128.8669607,71.6771014],[128.8669581,71.6771084],[128.8669589,71.6771167],[128.8669638,71.6771251],[128.866971,71.6771319],[128.86698,71.6771378],[128.866992,71.6771437],[128.8670053,71.6771488],[128.8670202,71.6771532],[128.8670378,71.6771574],[128.8670564,71.6771607],[128.8670754,71.6771632],[128.8670961,71.6771651],[128.8671163,71.6771661],[128.8671379,71.6771664],[128.8671593,71.6771658],[128.86718,71.6771644],[128.8672004,71.6771623],[128.86722,71.6771594],[128.8672364,71.6771561],[128.8672535,71.6771517],[128.8672683,71.6771469],[128.8672812,71.6771414],[128.8672916,71.6771357],[128.8672998,71.6771298],[128.8673059,71.6771231],[128.8673094,71.6771164],[128.8673102,71.6771096]]]}},{"type":"Feature","id":"osm-way-237901735","properties":{"buildingId":"osm-way-237901735","osmBuildingId":"osm-way-237901735","osmId":237901735,"building":"yes","levels":null,"height":10.5,"minHeight":null,"roofShape":null,"buildingMaterial":null,"facadeMaterial":null,"name":null,"address":null,"centerLon":128.868685604,"centerLat":71.67474427399999,"source":"OpenStreetMap"},"geometry":{"type":"Polygon","coordinates":[[[128.8688902,71.6747413],[128.868888,71.6747334],[128.8688824,71.6747252],[128.8688742,71.6747178],[128.8688631,71.6747107],[128.8688487,71.6747038],[128.8688317,71.6746976],[128.8688115,71.6746918],[128.8687904,71.6746871],[128.8687669,71.6746833],[128.8687415,71.6746803],[128.8687165,71.6746785],[128.868689,71.6746777],[128.8686617,71.674678],[128.8686354,71.6746794],[128.8686089,71.6746819],[128.8685849,71.6746853],[128.8685615,71.6746898],[128.8685411,71.6746951],[128.8685219,71.6747015],[128.8685065,71.6747082],[128.8684932,71.6747158],[128.868484,71.6747234],[128.8684776,71.6747317],[128.8684746,71.67474],[128.8684755,71.6747498],[128.8684813,71.6747597],[128.8684898,71.6747678],[128.8685004,71.6747747],[128.8685145,71.6747816],[128.8685303,71.6747876],[128.8685478,71.6747929],[128.8685686,71.6747978],[128.8685906,71.6748018],[128.8686131,71.6748047],[128.8686374,71.6748069],[128.8686614,71.6748081],[128.8686868,71.6748084],[128.8687121,71.6748077],[128.8687365,71.6748061],[128.8687607,71.6748036],[128.8687838,71.6748001],[128.8688031,71.6747963],[128.8688233,71.6747911],[128.8688408,71.6747854],[128.868856,71.6747789],[128.8688684,71.6747722],[128.868878,71.6747652],[128.8688853,71.6747573],[128.8688893,71.6747494],[128.8688902,71.6747413]]]}},{"type":"Feature","id":"osm-way-237901736","properties":{"buildingId":"osm-way-237901736","osmBuildingId":"osm-way-237901736","osmId":237901736,"building":"yes","levels":null,"height":13,"minHeight":null,"roofShape":null,"buildingMaterial":null,"facadeMaterial":null,"name":null,"address":null,"centerLon":128.87184781199997,"centerLat":71.67396207399999,"source":"OpenStreetMap"},"geometry":{"type":"Polygon","coordinates":[[[128.8720524,71.6739591],[128.8720502,71.6739512],[128.8720446,71.673943],[128.8720364,71.6739356],[128.8720253,71.6739285],[128.8720109,71.6739216],[128.8719939,71.6739154],[128.8719737,71.6739096],[128.8719526,71.6739049],[128.8719291,71.6739011],[128.8719037,71.6738981],[128.8718787,71.6738963],[128.8718512,71.6738955],[128.8718239,71.6738958],[128.8717977,71.6738972],[128.8717711,71.6738997],[128.8717471,71.6739031],[128.8717237,71.6739076],[128.8717033,71.6739128],[128.8716841,71.6739193],[128.8716687,71.673926],[128.8716554,71.6739336],[128.8716463,71.6739412],[128.8716398,71.6739495],[128.8716368,71.6739578],[128.8716377,71.6739676],[128.8716435,71.6739775],[128.871652,71.6739856],[128.8716626,71.6739925],[128.8716767,71.6739994],[128.8716925,71.6740054],[128.87171,71.6740107],[128.8717308,71.6740156],[128.8717529,71.6740196],[128.8717753,71.6740225],[128.8717996,71.6740247],[128.8718236,71.6740259],[128.871849,71.6740262],[128.8718744,71.6740255],[128.8718987,71.6740239],[128.8719229,71.6740214],[128.871946,71.674018],[128.8719653,71.6740141],[128.8719855,71.6740089],[128.872003,71.6740032],[128.8720182,71.6739967],[128.8720306,71.67399],[128.8720402,71.673983],[128.8720475,71.6739751],[128.8720515,71.6739672],[128.8720524,71.6739591]]]}},{"type":"Feature","id":"osm-way-237901737","properties":{"buildingId":"osm-way-237901737","osmBuildingId":"osm-way-237901737","osmId":237901737,"building":"yes","levels":null,"height":15.5,"minHeight":null,"roofShape":null,"buildingMaterial":null,"facadeMaterial":null,"name":null,"address":null,"centerLon":128.865458,"centerLat":71.67601884600002,"source":"OpenStreetMap"},"geometry":{"type":"Polygon","coordinates":[[[128.8656313,71.6760164],[128.8656294,71.6760096],[128.8656247,71.6760027],[128.8656177,71.6759964],[128.8656083,71.6759904],[128.8655962,71.6759846],[128.8655817,71.6759793],[128.8655646,71.6759744],[128.8655468,71.6759705],[128.8655269,71.6759672],[128.8655053,71.6759647],[128.8654841,71.6759632],[128.8654609,71.6759625],[128.8654378,71.6759627],[128.8654155,71.6759639],[128.865393,71.675966],[128.8653727,71.6759689],[128.8653529,71.6759727],[128.8653356,71.6759772],[128.8653194,71.6759826],[128.8653063,71.6759883],[128.8652951,71.6759947],[128.8652873,71.6760012],[128.8652818,71.6760082],[128.8652793,71.6760152],[128.8652801,71.6760235],[128.865285,71.6760319],[128.8652921,71.6760387],[128.8653011,71.6760446],[128.8653131,71.6760505],[128.8653264,71.6760555],[128.8653413,71.67606],[128.8653589,71.6760641],[128.8653776,71.6760675],[128.8653966,71.67607],[128.8654172,71.6760719],[128.8654375,71.6760729],[128.865459,71.6760732],[128.8654805,71.6760726],[128.8655011,71.6760712],[128.8655216,71.6760691],[128.8655412,71.6760662],[128.8655575,71.6760629],[128.8655746,71.6760585],[128.8655894,71.6760536],[128.8656023,71.6760482],[128.8656128,71.6760425],[128.8656209,71.6760366],[128.8656271,71.6760299],[128.8656305,71.6760232],[128.8656313,71.6760164]]]}},{"type":"Feature","id":"osm-way-237901738","properties":{"buildingId":"osm-way-237901738","osmBuildingId":"osm-way-237901738","osmId":237901738,"building":"yes","levels":null,"height":18,"minHeight":null,"roofShape":null,"buildingMaterial":null,"facadeMaterial":null,"name":null,"address":null,"centerLon":128.87080115999998,"centerLat":71.67381503400001,"source":"OpenStreetMap"},"geometry":{"type":"Polygon","coordinates":[[[128.8710058,71.6738121],[128.8710035,71.6738041],[128.8709979,71.673796],[128.8709897,71.6737886],[128.8709786,71.6737814],[128.8709643,71.6737746],[128.8709472,71.6737683],[128.870927,71.6737625],[128.870906,71.6737579],[128.8708825,71.673754],[128.870857,71.6737511],[128.870832,71.6737493],[128.8708045,71.6737485],[128.8707773,71.6737488],[128.870751,71.6737501],[128.8707244,71.6737526],[128.8707005,71.673756],[128.870677,71.6737606],[128.8706567,71.6737658],[128.8706375,71.6737722],[128.8706221,71.6737789],[128.8706088,71.6737866],[128.8705996,71.6737942],[128.8705931,71.6738024],[128.8705902,71.6738107],[128.8705911,71.6738206],[128.8705969,71.6738305],[128.8706053,71.6738385],[128.8706159,71.6738455],[128.8706301,71.6738524],[128.8706458,71.6738584],[128.8706634,71.6738636],[128.8706842,71.6738685],[128.8707062,71.6738725],[128.8707286,71.6738755],[128.870753,71.6738777],[128.8707769,71.6738789],[128.8708024,71.6738792],[128.8708277,71.6738785],[128.8708521,71.6738769],[128.8708762,71.6738744],[128.8708994,71.6738709],[128.8709187,71.6738671],[128.8709389,71.6738618],[128.8709563,71.6738561],[128.8709716,71.6738497],[128.8709839,71.6738429],[128.8709935,71.673836],[128.8710008,71.6738281],[128.8710049,71.6738202],[128.8710058,71.6738121]]]}},{"type":"Feature","id":"osm-way-237901739","properties":{"buildingId":"osm-way-237901739","osmBuildingId":"osm-way-237901739","osmId":237901739,"building":"yes","levels":null,"height":20.5,"minHeight":null,"roofShape":null,"buildingMaterial":null,"facadeMaterial":null,"name":null,"address":null,"centerLon":128.869979124,"centerLat":71.67575135199996,"source":"OpenStreetMap"},"geometry":{"type":"Polygon","coordinates":[[[128.8701463,71.6757489],[128.8701445,71.6757424],[128.8701399,71.6757358],[128.8701332,71.6757297],[128.8701241,71.6757239],[128.8701124,71.6757183],[128.8700985,71.6757132],[128.870082,71.6757085],[128.8700648,71.6757047],[128.8700456,71.6757015],[128.8700248,71.6756991],[128.8700043,71.6756976],[128.8699819,71.6756969],[128.8699596,71.6756972],[128.8699381,71.6756983],[128.8699164,71.6757004],[128.8698969,71.6757031],[128.8698777,71.6757069],[128.8698611,71.6757111],[128.8698454,71.6757164],[128.8698328,71.6757218],[128.8698219,71.6757281],[128.8698144,71.6757343],[128.8698091,71.6757411],[128.8698067,71.6757478],[128.8698075,71.6757559],[128.8698122,71.675764],[128.8698191,71.6757705],[128.8698278,71.6757762],[128.8698393,71.6757819],[128.8698522,71.6757868],[128.8698665,71.6757911],[128.8698835,71.6757951],[128.8699015,71.6757983],[128.8699199,71.6758007],[128.8699398,71.6758025],[128.8699593,71.6758035],[128.8699801,71.6758038],[128.8700008,71.6758032],[128.8700207,71.6758019],[128.8700405,71.6757998],[128.8700594,71.675797],[128.8700751,71.6757939],[128.8700916,71.6757896],[128.8701059,71.6757849],[128.8701184,71.6757797],[128.8701285,71.6757742],[128.8701363,71.6757685],[128.8701423,71.675762],[128.8701456,71.6757556],[128.8701463,71.6757489]]]}},{"type":"Feature","id":"osm-way-237901740","properties":{"buildingId":"osm-way-237901740","osmBuildingId":"osm-way-237901740","osmId":237901740,"building":"yes","levels":null,"height":23,"minHeight":null,"roofShape":null,"buildingMaterial":null,"facadeMaterial":null,"name":null,"address":null,"centerLon":128.86719037599997,"centerLat":71.67533540199999,"source":"OpenStreetMap"},"geometry":{"type":"Polygon","coordinates":[[[128.867395,71.6753325],[128.8673928,71.6753245],[128.8673871,71.6753163],[128.8673789,71.6753089],[128.8673678,71.6753018],[128.8673535,71.6752949],[128.8673364,71.6752887],[128.8673162,71.6752829],[128.8672952,71.6752783],[128.8672717,71.6752744],[128.8672463,71.6752715],[128.8672212,71.6752697],[128.8671937,71.6752688],[128.8671665,71.6752691],[128.8671402,71.6752705],[128.8671136,71.675273],[128.8670897,71.6752764],[128.8670663,71.675281],[128.8670459,71.6752862],[128.8670267,71.6752926],[128.8670113,71.6752993],[128.866998,71.6753069],[128.8669888,71.6753145],[128.8669824,71.6753228],[128.8669794,71.6753311],[128.8669803,71.6753409],[128.8669861,71.6753508],[128.8669945,71.6753589],[128.8670051,71.6753658],[128.8670193,71.6753728],[128.867035,71.6753787],[128.8670526,71.675384],[128.8670734,71.6753889],[128.8670954,71.6753929],[128.8671179,71.6753958],[128.8671422,71.675398],[128.8671662,71.6753992],[128.8671916,71.6753996],[128.8672169,71.6753989],[128.8672413,71.6753973],[128.8672655,71.6753947],[128.8672886,71.6753913],[128.8673079,71.6753874],[128.8673281,71.6753822],[128.8673456,71.6753765],[128.8673608,71.6753701],[128.8673731,71.6753633],[128.8673827,71.6753564],[128.86739,71.6753485],[128.8673941,71.6753406],[128.867395,71.6753325]]]}},{"type":"Feature","id":"osm-way-237901741","properties":{"buildingId":"osm-way-237901741","osmBuildingId":"osm-way-237901741","osmId":237901741,"building":"yes","levels":null,"height":25.5,"minHeight":null,"roofShape":null,"buildingMaterial":null,"facadeMaterial":null,"name":null,"address":null,"centerLon":128.86612838400004,"centerLat":71.676778024,"source":"OpenStreetMap"},"geometry":{"type":"Polygon","coordinates":[[[128.8663017,71.6767755],[128.8662998,71.6767688],[128.866295,71.6767619],[128.8662881,71.6767556],[128.8662787,71.6767496],[128.8662665,71.6767437],[128.8662521,71.6767385],[128.866235,71.6767336],[128.8662172,71.6767296],[128.8661972,71.6767264],[128.8661757,71.6767239],[128.8661545,71.6767223],[128.8661312,71.6767216],[128.8661081,71.6767219],[128.8660859,71.676723],[128.8660634,71.6767252],[128.8660431,71.6767281],[128.8660233,71.6767319],[128.866006,71.6767363],[128.8659897,71.6767418],[128.8659767,71.6767474],[128.8659655,71.6767539],[128.8659577,71.6767603],[128.8659522,71.6767674],[128.8659497,71.6767744],[128.8659504,71.6767827],[128.8659554,71.6767911],[128.8659625,71.6767979],[128.8659715,71.6768038],[128.8659835,71.6768097],[128.8659968,71.6768147],[128.8660117,71.6768192],[128.8660293,71.6768233],[128.866048,71.6768267],[128.866067,71.6768292],[128.8660876,71.676831],[128.8661079,71.6768321],[128.8661294,71.6768324],[128.8661509,71.6768318],[128.8661715,71.6768304],[128.866192,71.6768283],[128.8662115,71.6768253],[128.8662279,71.6768221],[128.866245,71.6768177],[128.8662598,71.6768128],[128.8662727,71.6768074],[128.8662832,71.6768017],[128.8662913,71.6767958],[128.8662975,71.6767891],[128.8663009,71.6767824],[128.8663017,71.6767755]]]}},{"type":"Feature","id":"osm-way-237901742","properties":{"buildingId":"osm-way-237901742","osmBuildingId":"osm-way-237901742","osmId":237901742,"building":"yes","levels":null,"height":28,"minHeight":null,"roofShape":null,"buildingMaterial":null,"facadeMaterial":null,"name":null,"address":null,"centerLon":128.86916596999998,"centerLat":71.67452922000001,"source":"OpenStreetMap"},"geometry":{"type":"Polygon","coordinates":[[[128.8693706,71.6745263],[128.8693684,71.6745183],[128.8693627,71.6745101],[128.8693545,71.6745028],[128.8693434,71.6744956],[128.8693291,71.6744887],[128.869312,71.6744825],[128.8692918,71.6744767],[128.8692708,71.6744721],[128.8692473,71.6744682],[128.8692218,71.6744653],[128.8691968,71.6744635],[128.8691693,71.6744626],[128.8691421,71.674463],[128.8691158,71.6744643],[128.8690892,71.6744668],[128.8690653,71.6744702],[128.8690419,71.6744748],[128.8690215,71.67448],[128.8690023,71.6744864],[128.8689869,71.6744931],[128.8689736,71.6745008],[128.8689644,71.6745083],[128.868958,71.6745166],[128.868955,71.6745249],[128.8689559,71.6745348],[128.8689617,71.6745447],[128.8689701,71.6745527],[128.8689807,71.6745596],[128.8689949,71.6745666],[128.8690106,71.6745726],[128.8690282,71.6745778],[128.869049,71.6745827],[128.869071,71.6745867],[128.8690935,71.6745897],[128.8691178,71.6745918],[128.8691417,71.6745931],[128.8691672,71.6745934],[128.8691925,71.6745927],[128.8692169,71.6745911],[128.8692411,71.6745886],[128.8692642,71.6745851],[128.8692835,71.6745812],[128.8693037,71.674576],[128.8693211,71.6745703],[128.8693364,71.6745639],[128.8693487,71.6745571],[128.8693583,71.6745502],[128.8693656,71.6745423],[128.8693697,71.6745344],[128.8693706,71.6745263]]]}},{"type":"Feature","id":"osm-way-237901743","properties":{"buildingId":"osm-way-237901743","osmBuildingId":"osm-way-237901743","osmId":237901743,"building":"yes","levels":null,"height":8,"minHeight":null,"roofShape":null,"buildingMaterial":null,"facadeMaterial":null,"name":null,"address":null,"centerLon":128.86952546,"centerLat":71.67601152800002,"source":"OpenStreetMap"},"geometry":{"type":"Polygon","coordinates":[[[128.8697301,71.6760086],[128.8697278,71.6760006],[128.8697222,71.6759925],[128.869714,71.6759851],[128.8697029,71.6759779],[128.8696886,71.6759711],[128.8696715,71.6759648],[128.8696513,71.675959],[128.8696303,71.6759544],[128.8696068,71.6759505],[128.8695813,71.6759476],[128.8695563,71.6759458],[128.8695288,71.675945],[128.8695016,71.6759453],[128.8694753,71.6759466],[128.8694487,71.6759491],[128.8694248,71.6759525],[128.8694013,71.6759571],[128.869381,71.6759623],[128.8693618,71.6759687],[128.8693464,71.6759754],[128.8693331,71.6759831],[128.8693239,71.6759907],[128.8693174,71.6759989],[128.8693145,71.6760072],[128.8693154,71.6760171],[128.8693212,71.676027],[128.8693296,71.676035],[128.8693402,71.6760419],[128.8693544,71.6760489],[128.8693701,71.6760549],[128.8693877,71.6760601],[128.8694085,71.676065],[128.8694305,71.676069],[128.8694529,71.676072],[128.8694773,71.6760741],[128.8695012,71.6760754],[128.8695267,71.6760757],[128.869552,71.676075],[128.8695764,71.6760734],[128.8696005,71.6760709],[128.8696237,71.6760674],[128.869643,71.6760635],[128.8696632,71.6760583],[128.8696806,71.6760526],[128.8696959,71.6760462],[128.8697082,71.6760394],[128.8697178,71.6760325],[128.8697251,71.6760246],[128.8697292,71.6760167],[128.8697301,71.6760086]]]}},{"type":"Feature","id":"osm-way-237901744","properties":{"buildingId":"osm-way-237901744","osmBuildingId":"osm-way-237901744","osmId":237901744,"building":"yes","levels":null,"height":10.5,"minHeight":null,"roofShape":null,"buildingMaterial":null,"facadeMaterial":null,"name":null,"address":null,"centerLon":128.86641732400003,"centerLat":71.67654861399998,"source":"OpenStreetMap"},"geometry":{"type":"Polygon","coordinates":[[[128.866622,71.6765457],[128.8666197,71.6765377],[128.8666141,71.6765295],[128.8666059,71.6765221],[128.8665948,71.676515],[128.8665805,71.6765081],[128.8665634,71.6765019],[128.8665432,71.6764961],[128.8665221,71.6764915],[128.8664986,71.6764876],[128.8664732,71.6764847],[128.8664482,71.6764829],[128.8664207,71.676482],[128.8663934,71.6764824],[128.8663672,71.6764837],[128.8663406,71.6764862],[128.8663167,71.6764896],[128.8662932,71.6764942],[128.8662728,71.6764994],[128.8662536,71.6765058],[128.8662382,71.6765125],[128.866225,71.6765202],[128.8662158,71.6765277],[128.8662093,71.676536],[128.8662063,71.6765443],[128.8662072,71.6765542],[128.866213,71.6765641],[128.8662215,71.6765721],[128.8662321,71.676579],[128.8662463,71.676586],[128.866262,71.6765919],[128.8662795,71.6765972],[128.8663003,71.6766021],[128.8663224,71.6766061],[128.8663448,71.676609],[128.8663692,71.6766112],[128.8663931,71.6766125],[128.8664185,71.6766128],[128.8664439,71.6766121],[128.8664682,71.6766105],[128.8664924,71.676608],[128.8665155,71.6766045],[128.8665348,71.6766006],[128.866555,71.6765954],[128.8665725,71.6765897],[128.8665877,71.6765833],[128.8666001,71.6765765],[128.8666097,71.6765696],[128.866617,71.6765617],[128.866621,71.6765538],[128.866622,71.6765457]]]}},{"type":"Feature","id":"osm-way-237901745","properties":{"buildingId":"osm-way-237901745","osmBuildingId":"osm-way-237901745","osmId":237901745,"building":"yes","levels":null,"height":13,"minHeight":null,"roofShape":null,"buildingMaterial":null,"facadeMaterial":null,"name":null,"address":null,"centerLon":128.871392876,"centerLat":71.674209144,"source":"OpenStreetMap"},"geometry":{"type":"Polygon","coordinates":[[[128.8715975,71.6742062],[128.8715953,71.6741982],[128.8715896,71.6741901],[128.8715814,71.6741827],[128.8715703,71.6741755],[128.871556,71.6741687],[128.8715389,71.6741624],[128.8715187,71.6741566],[128.8714977,71.674152],[128.8714742,71.6741482],[128.8714488,71.6741452],[128.8714237,71.6741434],[128.8713962,71.6741426],[128.871369,71.6741429],[128.8713427,71.6741442],[128.8713161,71.6741467],[128.8712922,71.6741501],[128.8712688,71.6741547],[128.8712484,71.6741599],[128.8712292,71.6741663],[128.8712138,71.674173],[128.8712005,71.6741807],[128.8711913,71.6741883],[128.8711849,71.6741966],[128.8711819,71.6742048],[128.8711828,71.6742147],[128.8711886,71.6742246],[128.871197,71.6742326],[128.8712076,71.6742396],[128.8712218,71.6742465],[128.8712375,71.6742525],[128.8712551,71.6742578],[128.8712759,71.6742626],[128.8712979,71.6742666],[128.8713204,71.6742696],[128.8713447,71.6742718],[128.8713687,71.674273],[128.8713941,71.6742733],[128.8714194,71.6742726],[128.8714438,71.674271],[128.871468,71.6742685],[128.8714911,71.674265],[128.8715104,71.6742612],[128.8715306,71.674256],[128.8715481,71.6742502],[128.8715633,71.6742438],[128.8715756,71.6742371],[128.8715852,71.6742301],[128.8715925,71.6742222],[128.8715966,71.6742143],[128.8715975,71.6742062]]]}},{"type":"Feature","id":"osm-way-237901746","properties":{"buildingId":"osm-way-237901746","osmBuildingId":"osm-way-237901746","osmId":237901746,"building":"yes","levels":null,"height":15.5,"minHeight":null,"roofShape":null,"buildingMaterial":null,"facadeMaterial":null,"name":null,"address":null,"centerLon":128.867817106,"centerLat":71.67672863599996,"source":"OpenStreetMap"},"geometry":{"type":"Polygon","coordinates":[[[128.8680217,71.6767257],[128.8680195,71.6767177],[128.8680139,71.6767096],[128.8680057,71.6767022],[128.8679946,71.676695],[128.8679802,71.6766882],[128.8679632,71.6766819],[128.867943,71.6766761],[128.8679219,71.6766715],[128.8678984,71.6766677],[128.867873,71.6766647],[128.867848,71.6766629],[128.8678205,71.6766621],[128.8677932,71.6766624],[128.867767,71.6766637],[128.8677404,71.6766662],[128.8677164,71.6766696],[128.867693,71.6766742],[128.8676726,71.6766794],[128.8676534,71.6766858],[128.867638,71.6766925],[128.8676247,71.6767002],[128.8676155,71.6767078],[128.8676091,71.6767161],[128.8676061,71.6767243],[128.867607,71.6767342],[128.8676128,71.6767441],[128.8676213,71.6767521],[128.8676319,71.6767591],[128.867646,71.676766],[128.8676618,71.676772],[128.8676793,71.6767772],[128.8677001,71.6767821],[128.8677221,71.6767861],[128.8677446,71.6767891],[128.8677689,71.6767913],[128.8677929,71.6767925],[128.8678183,71.6767928],[128.8678436,71.6767921],[128.867868,71.6767905],[128.8678922,71.676788],[128.8679153,71.6767845],[128.8679346,71.6767806],[128.8679548,71.6767754],[128.8679723,71.6767697],[128.8679875,71.6767633],[128.8679999,71.6767565],[128.8680095,71.6767496],[128.8680168,71.6767417],[128.8680208,71.6767338],[128.8680217,71.6767257]]]}},{"type":"Feature","id":"osm-way-237901747","properties":{"buildingId":"osm-way-237901747","osmBuildingId":"osm-way-237901747","osmId":237901747,"building":"yes","levels":null,"height":18,"minHeight":null,"roofShape":null,"buildingMaterial":null,"facadeMaterial":null,"name":null,"address":null,"centerLon":128.870906142,"centerLat":71.674474212,"source":"OpenStreetMap"},"geometry":{"type":"Polygon","coordinates":[[[128.8711108,71.6744713],[128.8711085,71.6744633],[128.8711029,71.6744551],[128.8710947,71.6744477],[128.8710836,71.6744406],[128.8710693,71.6744337],[128.8710522,71.6744275],[128.871032,71.6744217],[128.871011,71.6744171],[128.8709874,71.6744132],[128.870962,71.6744103],[128.870937,71.6744085],[128.8709095,71.6744076],[128.8708823,71.674408],[128.870856,71.6744093],[128.8708294,71.6744118],[128.8708055,71.6744152],[128.870782,71.6744198],[128.8707617,71.674425],[128.8707424,71.6744314],[128.870727,71.6744381],[128.8707138,71.6744457],[128.8707046,71.6744533],[128.8706981,71.6744616],[128.8706951,71.6744699],[128.8706961,71.6744798],[128.8707019,71.6744897],[128.8707103,71.6744977],[128.8707209,71.6745046],[128.8707351,71.6745116],[128.8707508,71.6745175],[128.8707684,71.6745228],[128.8707892,71.6745277],[128.8708112,71.6745317],[128.8708336,71.6745346],[128.870858,71.6745368],[128.8708819,71.6745381],[128.8709073,71.6745384],[128.8709327,71.6745377],[128.870957,71.6745361],[128.8709812,71.6745336],[128.8710043,71.6745301],[128.8710236,71.6745262],[128.8710438,71.674521],[128.8710613,71.6745153],[128.8710766,71.6745089],[128.8710889,71.6745021],[128.8710985,71.6744952],[128.8711058,71.6744873],[128.8711099,71.6744794],[128.8711108,71.6744713]]]}},{"type":"Feature","id":"osm-way-237901748","properties":{"buildingId":"osm-way-237901748","osmBuildingId":"osm-way-237901748","osmId":237901748,"building":"yes","levels":null,"height":20.5,"minHeight":null,"roofShape":null,"buildingMaterial":null,"facadeMaterial":null,"name":null,"address":null,"centerLon":128.864371748,"centerLat":71.67646660199998,"source":"OpenStreetMap"},"geometry":{"type":"Polygon","coordinates":[[[128.8645764,71.6764637],[128.8645741,71.6764557],[128.8645685,71.6764475],[128.8645603,71.6764401],[128.8645492,71.676433],[128.8645349,71.6764261],[128.8645178,71.6764199],[128.8644976,71.6764141],[128.8644766,71.6764095],[128.864453,71.6764056],[128.8644276,71.6764027],[128.8644026,71.6764009],[128.8643751,71.6764],[128.8643479,71.6764004],[128.8643216,71.6764017],[128.864295,71.6764042],[128.8642711,71.6764076],[128.8642476,71.6764122],[128.8642273,71.6764174],[128.864208,71.6764238],[128.8641926,71.6764305],[128.8641794,71.6764381],[128.8641702,71.6764457],[128.8641637,71.676454],[128.8641608,71.6764623],[128.8641617,71.6764721],[128.8641675,71.676482],[128.8641759,71.6764901],[128.8641865,71.676497],[128.8642007,71.676504],[128.8642164,71.6765099],[128.864234,71.6765152],[128.8642548,71.6765201],[128.8642768,71.6765241],[128.8642992,71.676527],[128.8643236,71.6765292],[128.8643475,71.6765304],[128.864373,71.6765308],[128.8643983,71.6765301],[128.8644226,71.6765284],[128.8644468,71.6765259],[128.8644699,71.6765225],[128.8644892,71.6765186],[128.8645095,71.6765134],[128.8645269,71.6765077],[128.8645422,71.6765013],[128.8645545,71.6764945],[128.8645641,71.6764876],[128.8645714,71.6764797],[128.8645755,71.6764718],[128.8645764,71.6764637]]]}},{"type":"Feature","id":"osm-way-237901750","properties":{"buildingId":"osm-way-237901750","osmBuildingId":"osm-way-237901750","osmId":237901750,"building":"yes","levels":null,"height":25.5,"minHeight":null,"roofShape":null,"buildingMaterial":null,"facadeMaterial":null,"name":null,"address":null,"centerLon":128.87200410799997,"centerLat":71.674909882,"source":"OpenStreetMap"},"geometry":{"type":"Polygon","coordinates":[[[128.8721502,71.6749078],[128.8721486,71.6749021],[128.8721446,71.6748963],[128.8721388,71.674891],[128.8721308,71.6748859],[128.8721206,71.674881],[128.8721084,71.6748765],[128.872094,71.6748724],[128.872079,71.6748691],[128.8720622,71.6748663],[128.872044,71.6748642],[128.8720261,71.6748629],[128.8720065,71.6748623],[128.8719871,71.6748626],[128.8719683,71.6748635],[128.8719493,71.6748653],[128.8719322,71.6748678],[128.8719155,71.674871],[128.8719009,71.6748747],[128.8718872,71.6748793],[128.8718762,71.6748841],[128.8718667,71.6748896],[128.8718602,71.674895],[128.8718556,71.6749009],[128.8718534,71.6749068],[128.8718541,71.6749138],[128.8718582,71.6749209],[128.8718643,71.6749266],[128.8718718,71.6749316],[128.8718819,71.6749366],[128.8718932,71.6749408],[128.8719057,71.6749446],[128.8719206,71.6749481],[128.8719363,71.6749509],[128.8719523,71.674953],[128.8719697,71.6749546],[128.8719868,71.6749555],[128.872005,71.6749557],[128.8720231,71.6749552],[128.8720405,71.6749541],[128.8720577,71.6749523],[128.8720742,71.6749498],[128.872088,71.674947],[128.8721025,71.6749433],[128.8721149,71.6749392],[128.8721258,71.6749346],[128.8721346,71.6749298],[128.8721415,71.6749249],[128.8721467,71.6749192],[128.8721496,71.6749136],[128.8721502,71.6749078]]]}},{"type":"Feature","id":"osm-way-237901755","properties":{"buildingId":"osm-way-237901755","osmBuildingId":"osm-way-237901755","osmId":237901755,"building":"yes","levels":null,"height":15.5,"minHeight":null,"roofShape":null,"buildingMaterial":null,"facadeMaterial":null,"name":null,"address":null,"centerLon":128.86324817,"centerLat":71.67692044000002,"source":"OpenStreetMap"},"geometry":{"type":"Polygon","coordinates":[[[128.8634528,71.6769175],[128.8634506,71.6769095],[128.8634449,71.6769014],[128.8634367,71.676894],[128.8634256,71.6768868],[128.8634113,71.67688],[128.8633942,71.6768737],[128.863374,71.6768679],[128.863353,71.6768633],[128.8633295,71.6768595],[128.863304,71.6768565],[128.863279,71.6768547],[128.8632515,71.6768539],[128.8632243,71.6768542],[128.863198,71.6768555],[128.8631714,71.676858],[128.8631475,71.6768615],[128.8631241,71.676866],[128.8631037,71.6768712],[128.8630845,71.6768776],[128.8630691,71.6768843],[128.8630558,71.676892],[128.8630466,71.6768996],[128.8630402,71.6769079],[128.8630372,71.6769161],[128.8630381,71.676926],[128.8630439,71.6769359],[128.8630523,71.6769439],[128.8630629,71.6769509],[128.8630771,71.6769578],[128.8630928,71.6769638],[128.8631104,71.676969],[128.8631312,71.6769739],[128.8631532,71.6769779],[128.8631757,71.6769809],[128.8632,71.6769831],[128.8632239,71.6769843],[128.8632494,71.6769846],[128.8632747,71.6769839],[128.8632991,71.6769823],[128.8633233,71.6769798],[128.8633464,71.6769763],[128.8633657,71.6769725],[128.8633859,71.6769672],[128.8634033,71.6769615],[128.8634186,71.6769551],[128.8634309,71.6769483],[128.8634405,71.6769414],[128.8634478,71.6769335],[128.8634519,71.6769256],[128.8634528,71.6769175]]]}},{"type":"Feature","id":"osm-way-237901756","properties":{"buildingId":"osm-way-237901756","osmBuildingId":"osm-way-237901756","osmId":237901756,"building":"yes","levels":null,"height":18,"minHeight":null,"roofShape":null,"buildingMaterial":null,"facadeMaterial":null,"name":null,"address":null,"centerLon":128.86610138400002,"centerLat":71.67578686999998,"source":"OpenStreetMap"},"geometry":{"type":"Polygon","coordinates":[[[128.8662747,71.6757844],[128.8662728,71.6757776],[128.866268,71.6757707],[128.8662611,71.6757645],[128.8662517,71.6757584],[128.8662395,71.6757526],[128.8662251,71.6757473],[128.866208,71.6757424],[128.8661902,71.6757385],[128.8661702,71.6757352],[128.8661487,71.6757327],[128.8661275,71.6757312],[128.8661042,71.6757305],[128.8660811,71.6757308],[128.8660589,71.6757319],[128.8660364,71.675734],[128.8660161,71.6757369],[128.8659963,71.6757408],[128.865979,71.6757452],[128.8659627,71.6757506],[128.8659497,71.6757563],[128.8659385,71.6757628],[128.8659307,71.6757692],[128.8659252,71.6757762],[128.8659227,71.6757832],[128.8659234,71.6757916],[128.8659284,71.6757999],[128.8659355,71.6758068],[128.8659445,71.6758126],[128.8659565,71.6758185],[128.8659698,71.6758236],[128.8659847,71.675828],[128.8660023,71.6758322],[128.866021,71.6758356],[128.86604,71.6758381],[128.8660606,71.6758399],[128.8660809,71.6758409],[128.8661024,71.6758412],[128.8661239,71.6758406],[128.8661445,71.6758393],[128.866165,71.6758371],[128.8661845,71.6758342],[128.8662009,71.6758309],[128.866218,71.6758265],[128.8662328,71.6758217],[128.8662457,71.6758162],[128.8662562,71.6758105],[128.8662643,71.6758046],[128.8662705,71.6757979],[128.8662739,71.6757912],[128.8662747,71.6757844]]]}},{"type":"Feature","id":"osm-way-237901757","properties":{"buildingId":"osm-way-237901757","osmBuildingId":"osm-way-237901757","osmId":237901757,"building":"yes","levels":null,"height":20.5,"minHeight":null,"roofShape":null,"buildingMaterial":null,"facadeMaterial":null,"name":null,"address":null,"centerLon":128.87163477600004,"centerLat":71.67572871800002,"source":"OpenStreetMap"},"geometry":{"type":"Polygon","coordinates":[[[128.8717809,71.6757266],[128.8717793,71.6757209],[128.8717753,71.6757151],[128.8717694,71.6757098],[128.8717615,71.6757047],[128.8717513,71.6756998],[128.8717391,71.6756954],[128.8717247,71.6756912],[128.8717096,71.6756879],[128.8716928,71.6756852],[128.8716747,71.6756831],[128.8716568,71.6756818],[128.8716372,71.6756812],[128.8716177,71.6756814],[128.871599,71.6756824],[128.87158,71.6756842],[128.8715629,71.6756866],[128.8715461,71.6756898],[128.8715316,71.6756936],[128.8715179,71.6756982],[128.8715069,71.6757029],[128.8714974,71.6757084],[128.8714908,71.6757138],[128.8714862,71.6757197],[128.8714841,71.6757257],[128.8714847,71.6757327],[128.8714889,71.6757397],[128.8714949,71.6757455],[128.8715025,71.6757504],[128.8715126,71.6757554],[128.8715238,71.6757597],[128.8715364,71.6757634],[128.8715512,71.6757669],[128.871567,71.6757698],[128.871583,71.6757719],[128.8716004,71.6757734],[128.8716175,71.6757743],[128.8716356,71.6757745],[128.8716537,71.675774],[128.8716711,71.6757729],[128.8716884,71.6757711],[128.8717049,71.6757686],[128.8717187,71.6757659],[128.8717331,71.6757621],[128.8717456,71.6757581],[128.8717565,71.6757535],[128.8717653,71.6757486],[128.8717721,71.6757437],[128.8717774,71.675738],[128.8717803,71.6757324],[128.8717809,71.6757266]]]}},{"type":"Feature","id":"osm-way-237901758","properties":{"buildingId":"osm-way-237901758","osmBuildingId":"osm-way-237901758","osmId":237901758,"building":"yes","levels":null,"height":23,"minHeight":null,"roofShape":null,"buildingMaterial":null,"facadeMaterial":null,"name":null,"address":null,"centerLon":128.86815113399996,"centerLat":71.67497732800001,"source":"OpenStreetMap"},"geometry":{"type":"Polygon","coordinates":[[[128.8683558,71.6749744],[128.8683535,71.6749664],[128.8683479,71.6749583],[128.8683397,71.6749509],[128.8683286,71.6749437],[128.8683143,71.6749368],[128.8682972,71.6749306],[128.868277,71.6749248],[128.868256,71.6749202],[128.8682324,71.6749163],[128.868207,71.6749134],[128.868182,71.6749116],[128.8681545,71.6749108],[128.8681272,71.6749111],[128.868101,71.6749124],[128.8680744,71.6749149],[128.8680505,71.6749183],[128.868027,71.6749229],[128.8680066,71.6749281],[128.8679874,71.6749345],[128.867972,71.6749412],[128.8679588,71.6749489],[128.8679496,71.6749565],[128.8679431,71.6749647],[128.8679401,71.674973],[128.8679411,71.6749829],[128.8679468,71.6749928],[128.8679553,71.6750008],[128.8679659,71.6750077],[128.8679801,71.6750147],[128.8679958,71.6750207],[128.8680134,71.6750259],[128.8680341,71.6750308],[128.8680562,71.6750348],[128.8680786,71.6750378],[128.868103,71.67504],[128.8681269,71.6750412],[128.8681523,71.6750415],[128.8681777,71.6750408],[128.868202,71.6750392],[128.8682262,71.6750367],[128.8682493,71.6750332],[128.8682686,71.6750293],[128.8682888,71.6750241],[128.8683063,71.6750184],[128.8683216,71.675012],[128.8683339,71.6750052],[128.8683435,71.6749983],[128.8683508,71.6749904],[128.8683549,71.6749825],[128.8683558,71.6749744]]]}},{"type":"Feature","id":"osm-way-237901759","properties":{"buildingId":"osm-way-237901759","osmBuildingId":"osm-way-237901759","osmId":237901759,"building":"yes","levels":null,"height":25.5,"minHeight":null,"roofShape":null,"buildingMaterial":null,"facadeMaterial":null,"name":null,"address":null,"centerLon":128.86900372200006,"centerLat":71.67623756799999,"source":"OpenStreetMap"},"geometry":{"type":"Polygon","coordinates":[[[128.8692083,71.6762346],[128.8692061,71.6762267],[128.8692005,71.6762185],[128.8691923,71.6762111],[128.8691812,71.676204],[128.8691669,71.6761971],[128.8691498,71.6761909],[128.8691296,71.6761851],[128.8691085,71.6761804],[128.869085,71.6761766],[128.8690596,71.6761736],[128.8690346,71.6761718],[128.8690071,71.676171],[128.8689798,71.6761713],[128.8689536,71.6761727],[128.868927,71.6761752],[128.8689031,71.6761786],[128.8688796,71.6761831],[128.8688592,71.6761883],[128.86884,71.6761948],[128.8688246,71.6762015],[128.8688114,71.6762091],[128.8688022,71.6762167],[128.8687957,71.676225],[128.8687927,71.6762333],[128.8687936,71.6762431],[128.8687994,71.676253],[128.8688079,71.676261],[128.8688185,71.676268],[128.8688327,71.6762749],[128.8688484,71.6762809],[128.8688659,71.6762862],[128.8688867,71.6762911],[128.8689088,71.676295],[128.8689312,71.676298],[128.8689556,71.6763002],[128.8689795,71.6763014],[128.8690049,71.6763017],[128.8690303,71.676301],[128.8690546,71.6762994],[128.8690788,71.6762969],[128.8691019,71.6762934],[128.8691212,71.6762896],[128.8691414,71.6762844],[128.8691589,71.6762787],[128.8691741,71.6762722],[128.8691865,71.6762655],[128.8691961,71.6762585],[128.8692034,71.6762506],[128.8692074,71.6762427],[128.8692083,71.6762346]]]}},{"type":"Feature","id":"osm-way-237901760","properties":{"buildingId":"osm-way-237901760","osmBuildingId":"osm-way-237901760","osmId":237901760,"building":"yes","levels":null,"height":28,"minHeight":null,"roofShape":null,"buildingMaterial":null,"facadeMaterial":null,"name":null,"address":null,"centerLon":128.866636834,"centerLat":71.67555144999999,"source":"OpenStreetMap"},"geometry":{"type":"Polygon","coordinates":[[[128.8668415,71.6755485],[128.8668392,71.6755405],[128.8668336,71.6755324],[128.8668254,71.675525],[128.8668143,71.6755178],[128.8668,71.675511],[128.8667829,71.6755047],[128.8667627,71.6754989],[128.8667417,71.6754943],[128.8667181,71.6754905],[128.8666927,71.6754875],[128.8666677,71.6754857],[128.8666402,71.6754849],[128.8666129,71.6754852],[128.8665867,71.6754865],[128.8665601,71.675489],[128.8665362,71.6754925],[128.8665127,71.675497],[128.8664923,71.6755022],[128.8664731,71.6755087],[128.8664577,71.6755153],[128.8664445,71.675523],[128.8664353,71.6755306],[128.8664288,71.6755389],[128.8664258,71.6755472],[128.8664268,71.675557],[128.8664325,71.6755669],[128.866441,71.6755749],[128.8664516,71.6755819],[128.8664658,71.6755888],[128.8664815,71.6755948],[128.8664991,71.6756001],[128.8665198,71.6756049],[128.8665419,71.6756089],[128.8665643,71.6756119],[128.8665887,71.6756141],[128.8666126,71.6756153],[128.866638,71.6756156],[128.8666634,71.6756149],[128.8666877,71.6756133],[128.8667119,71.6756108],[128.866735,71.6756073],[128.8667543,71.6756035],[128.8667745,71.6755983],[128.866792,71.6755925],[128.8668073,71.6755861],[128.8668196,71.6755794],[128.8668292,71.6755724],[128.8668365,71.6755645],[128.8668406,71.6755566],[128.8668415,71.6755485]]]}},{"type":"Feature","id":"osm-way-237901761","properties":{"buildingId":"osm-way-237901761","osmBuildingId":"osm-way-237901761","osmId":237901761,"building":"yes","levels":null,"height":8,"minHeight":null,"roofShape":null,"buildingMaterial":null,"facadeMaterial":null,"name":null,"address":null,"centerLon":128.86742317600002,"centerLat":71.676937044,"source":"OpenStreetMap"},"geometry":{"type":"Polygon","coordinates":[[[128.8675965,71.6769345],[128.8675946,71.6769278],[128.8675898,71.6769209],[128.8675829,71.6769146],[128.8675735,71.6769086],[128.8675613,71.6769028],[128.8675469,71.6768975],[128.8675298,71.6768926],[128.8675119,71.6768887],[128.867492,71.6768854],[128.8674705,71.6768829],[128.8674493,71.6768814],[128.867426,71.6768807],[128.8674029,71.6768809],[128.8673807,71.6768821],[128.8673582,71.6768842],[128.8673379,71.6768871],[128.8673181,71.6768909],[128.8673008,71.6768954],[128.8672845,71.6769008],[128.8672715,71.6769065],[128.8672602,71.6769129],[128.8672525,71.6769194],[128.867247,71.6769264],[128.8672445,71.6769334],[128.8672452,71.6769417],[128.8672501,71.6769501],[128.8672573,71.6769569],[128.8672663,71.6769628],[128.8672783,71.6769687],[128.8672916,71.6769737],[128.8673065,71.6769782],[128.8673241,71.6769823],[128.8673427,71.6769857],[128.8673618,71.6769882],[128.8673824,71.6769901],[128.8674027,71.6769911],[128.8674242,71.6769914],[128.8674457,71.6769908],[128.8674663,71.6769894],[128.8674868,71.6769873],[128.8675063,71.6769844],[128.8675227,71.6769811],[128.8675398,71.6769767],[128.8675546,71.6769718],[128.8675675,71.6769664],[128.867578,71.6769607],[128.8675861,71.6769548],[128.8675923,71.6769481],[128.8675957,71.6769414],[128.8675965,71.6769345]]]}},{"type":"Feature","id":"osm-way-237901762","properties":{"buildingId":"osm-way-237901762","osmBuildingId":"osm-way-237901762","osmId":237901762,"building":"yes","levels":null,"height":10.5,"minHeight":null,"roofShape":null,"buildingMaterial":null,"facadeMaterial":null,"name":null,"address":null,"centerLon":128.86810785,"centerLat":71.677209736,"source":"OpenStreetMap"},"geometry":{"type":"Polygon","coordinates":[[[128.8682472,71.6772077],[128.8682457,71.6772023],[128.8682419,71.6771967],[128.8682363,71.6771917],[128.8682287,71.6771868],[128.868219,71.6771822],[128.8682073,71.6771779],[128.8681936,71.677174],[128.8681793,71.6771708],[128.8681632,71.6771682],[128.8681459,71.6771662],[128.8681289,71.677165],[128.8681101,71.6771644],[128.8680916,71.6771646],[128.8680737,71.6771655],[128.8680556,71.6771672],[128.8680393,71.6771696],[128.8680233,71.6771727],[128.8680094,71.6771762],[128.8679963,71.6771806],[128.8679858,71.6771851],[128.8679768,71.6771904],[128.8679706,71.6771955],[128.8679662,71.6772012],[128.8679641,71.6772068],[128.8679647,71.6772135],[128.8679687,71.6772203],[128.8679745,71.6772257],[128.8679817,71.6772305],[128.8679913,71.6772352],[128.868002,71.6772393],[128.868014,71.6772428],[128.8680282,71.6772462],[128.8680432,71.6772489],[128.8680585,71.6772509],[128.868075,71.6772524],[128.8680914,71.6772532],[128.8681087,71.6772534],[128.8681259,71.677253],[128.8681425,71.6772519],[128.868159,71.6772502],[128.8681747,71.6772478],[128.8681879,71.6772452],[128.8682016,71.6772416],[128.8682136,71.6772377],[128.8682239,71.6772333],[128.8682323,71.6772287],[128.8682389,71.677224],[128.8682439,71.6772186],[128.8682466,71.6772132],[128.8682472,71.6772077]]]}},{"type":"Feature","id":"osm-way-237901763","properties":{"buildingId":"osm-way-237901763","osmBuildingId":"osm-way-237901763","osmId":237901763,"building":"yes","levels":null,"height":13,"minHeight":null,"roofShape":null,"buildingMaterial":null,"facadeMaterial":null,"name":null,"address":null,"centerLon":128.86951272999997,"centerLat":71.67522037999998,"source":"OpenStreetMap"},"geometry":{"type":"Polygon","coordinates":[[[128.8697174,71.6752174],[128.8697151,71.6752095],[128.8697095,71.6752013],[128.8697013,71.6751939],[128.8696902,71.6751868],[128.8696759,71.6751799],[128.8696588,71.6751737],[128.8696386,71.6751679],[128.8696176,71.6751633],[128.869594,71.6751594],[128.8695686,71.6751564],[128.8695436,71.6751546],[128.8695161,71.6751538],[128.8694888,71.6751541],[128.8694626,71.6751555],[128.869436,71.675158],[128.8694121,71.6751614],[128.8693886,71.675166],[128.8693682,71.6751712],[128.869349,71.6751776],[128.8693336,71.6751843],[128.8693204,71.6751919],[128.8693112,71.6751995],[128.8693047,71.6752078],[128.8693017,71.6752161],[128.8693026,71.6752259],[128.8693084,71.6752358],[128.8693169,71.6752439],[128.8693275,71.6752508],[128.8693417,71.6752577],[128.8693574,71.6752637],[128.869375,71.675269],[128.8693957,71.6752739],[128.8694178,71.6752779],[128.8694402,71.6752808],[128.8694646,71.675283],[128.8694885,71.6752842],[128.8695139,71.6752845],[128.8695393,71.6752838],[128.8695636,71.6752822],[128.8695878,71.6752797],[128.8696109,71.6752763],[128.8696302,71.6752724],[128.8696504,71.6752672],[128.8696679,71.6752615],[128.8696832,71.675255],[128.8696955,71.6752483],[128.8697051,71.6752413],[128.8697124,71.6752334],[128.8697164,71.6752255],[128.8697174,71.6752174]]]}},{"type":"Feature","id":"osm-way-237901764","properties":{"buildingId":"osm-way-237901764","osmBuildingId":"osm-way-237901764","osmId":237901764,"building":"yes","levels":null,"height":15.5,"minHeight":null,"roofShape":null,"buildingMaterial":null,"facadeMaterial":null,"name":null,"address":null,"centerLon":128.86998405199998,"centerLat":71.67494099799998,"source":"OpenStreetMap"},"geometry":{"type":"Polygon","coordinates":[[[128.8701574,71.6749385],[128.8701555,71.6749318],[128.8701507,71.6749248],[128.8701437,71.6749186],[128.8701343,71.6749125],[128.8701222,71.6749067],[128.8701078,71.6749014],[128.8700906,71.6748965],[128.8700728,71.6748926],[128.8700529,71.6748893],[128.8700314,71.6748868],[128.8700102,71.6748853],[128.8699869,71.6748846],[128.8699638,71.6748849],[128.8699416,71.674886],[128.8699191,71.6748882],[128.8698988,71.674891],[128.8698789,71.6748949],[128.8698617,71.6748993],[128.8698454,71.6749048],[128.8698324,71.6749104],[128.8698211,71.6749169],[128.8698133,71.6749233],[128.8698079,71.6749303],[128.8698053,71.6749374],[128.8698061,71.6749457],[128.869811,71.6749541],[128.8698182,71.6749609],[128.8698272,71.6749668],[128.8698392,71.6749726],[128.8698525,71.6749777],[128.8698674,71.6749822],[128.869885,71.6749863],[128.8699036,71.6749897],[128.8699226,71.6749922],[128.8699433,71.674994],[128.8699635,71.6749951],[128.8699851,71.6749953],[128.8700065,71.6749947],[128.8700272,71.6749934],[128.8700476,71.6749913],[128.8700672,71.6749883],[128.8700836,71.6749851],[128.8701007,71.6749806],[128.8701155,71.6749758],[128.8701284,71.6749704],[128.8701388,71.6749646],[128.870147,71.6749588],[128.8701531,71.6749521],[128.8701566,71.6749454],[128.8701574,71.6749385]]]}},{"type":"Feature","id":"osm-way-237901765","properties":{"buildingId":"osm-way-237901765","osmBuildingId":"osm-way-237901765","osmId":237901765,"building":"yes","levels":null,"height":18,"minHeight":null,"roofShape":null,"buildingMaterial":null,"facadeMaterial":null,"name":null,"address":null,"centerLon":128.86570258,"centerLat":71.67699323000001,"source":"OpenStreetMap"},"geometry":{"type":"Polygon","coordinates":[[[128.8658759,71.6769907],[128.865874,71.676984],[128.8658692,71.6769771],[128.8658623,71.6769708],[128.8658529,71.6769648],[128.8658407,71.6769589],[128.8658263,71.6769537],[128.8658092,71.6769488],[128.8657913,71.6769448],[128.8657714,71.6769416],[128.8657499,71.6769391],[128.8657287,71.6769376],[128.8657054,71.6769368],[128.8656823,71.6769371],[128.8656601,71.6769383],[128.8656376,71.6769404],[128.8656173,71.6769433],[128.8655975,71.6769471],[128.8655802,71.6769515],[128.8655639,71.676957],[128.8655509,71.6769626],[128.8655397,71.6769691],[128.8655319,71.6769755],[128.8655264,71.6769826],[128.8655239,71.6769896],[128.8655246,71.6769979],[128.8655296,71.6770063],[128.8655367,71.6770131],[128.8655457,71.677019],[128.8655577,71.6770249],[128.865571,71.6770299],[128.8655859,71.6770344],[128.8656035,71.6770385],[128.8656221,71.6770419],[128.8656412,71.6770444],[128.8656618,71.6770463],[128.8656821,71.6770473],[128.8657036,71.6770476],[128.8657251,71.677047],[128.8657457,71.6770456],[128.8657662,71.6770435],[128.8657857,71.6770405],[128.8658021,71.6770373],[128.8658192,71.6770329],[128.865834,71.677028],[128.8658469,71.6770226],[128.8658574,71.6770169],[128.8658655,71.677011],[128.8658717,71.6770043],[128.8658751,71.6769976],[128.8658759,71.6769907]]]}},{"type":"Feature","id":"osm-way-237901766","properties":{"buildingId":"osm-way-237901766","osmBuildingId":"osm-way-237901766","osmId":237901766,"building":"yes","levels":null,"height":20.5,"minHeight":null,"roofShape":null,"buildingMaterial":null,"facadeMaterial":null,"name":null,"address":null,"centerLon":128.86753603200003,"centerLat":71.67761973,"source":"OpenStreetMap"},"geometry":{"type":"Polygon","coordinates":[[[128.8676754,71.6776177],[128.8676739,71.6776123],[128.8676701,71.6776067],[128.8676645,71.6776017],[128.8676569,71.6775968],[128.8676472,71.6775922],[128.8676355,71.6775879],[128.8676218,71.677584],[128.8676074,71.6775808],[128.8675914,71.6775782],[128.8675741,71.6775762],[128.8675571,71.677575],[128.8675383,71.6775744],[128.8675198,71.6775746],[128.8675019,71.6775755],[128.8674838,71.6775772],[128.8674675,71.6775796],[128.8674515,71.6775827],[128.8674376,71.6775862],[128.8674245,71.6775906],[128.867414,71.6775951],[128.867405,71.6776003],[128.8673987,71.6776055],[128.8673943,71.6776112],[128.8673923,71.6776168],[128.8673929,71.6776235],[128.8673969,71.6776302],[128.8674026,71.6776357],[128.8674099,71.6776405],[128.8674195,71.6776452],[128.8674302,71.6776492],[128.8674422,71.6776528],[128.8674563,71.6776562],[128.8674714,71.6776589],[128.8674866,71.6776609],[128.8675032,71.6776624],[128.8675195,71.6776632],[128.8675369,71.6776634],[128.8675541,71.677663],[128.8675707,71.6776619],[128.8675872,71.6776602],[128.8676029,71.6776578],[128.8676161,71.6776552],[128.8676298,71.6776516],[128.8676417,71.6776477],[128.8676521,71.6776433],[128.8676605,71.6776387],[128.8676671,71.677634],[128.867672,71.6776286],[128.8676748,71.6776232],[128.8676754,71.6776177]]]}},{"type":"Feature","id":"osm-way-237901767","properties":{"buildingId":"osm-way-237901767","osmBuildingId":"osm-way-237901767","osmId":237901767,"building":"yes","levels":null,"height":23,"minHeight":null,"roofShape":null,"buildingMaterial":null,"facadeMaterial":null,"name":null,"address":null,"centerLon":128.871360322,"centerLat":71.67585743400002,"source":"OpenStreetMap"},"geometry":{"type":"Polygon","coordinates":[[[128.8715065,71.6758553],[128.8715049,71.6758496],[128.8715008,71.6758438],[128.871495,71.6758385],[128.8714871,71.6758334],[128.8714768,71.6758285],[128.8714646,71.6758241],[128.8714502,71.6758199],[128.8714352,71.6758166],[128.8714184,71.6758139],[128.8714002,71.6758118],[128.8713824,71.6758105],[128.8713627,71.6758099],[128.8713433,71.6758101],[128.8713245,71.6758111],[128.8713055,71.6758129],[128.8712884,71.6758153],[128.8712717,71.6758186],[128.8712571,71.6758223],[128.8712434,71.6758269],[128.8712324,71.6758316],[128.871223,71.6758371],[128.8712164,71.6758425],[128.8712118,71.6758484],[128.8712096,71.6758544],[128.8712103,71.6758614],[128.8712144,71.6758685],[128.8712205,71.6758742],[128.871228,71.6758792],[128.8712382,71.6758841],[128.8712494,71.6758884],[128.8712619,71.6758921],[128.8712768,71.6758956],[128.8712925,71.6758985],[128.8713085,71.6759006],[128.8713259,71.6759022],[128.871343,71.675903],[128.8713612,71.6759033],[128.8713793,71.6759027],[128.8713967,71.6759016],[128.8714139,71.6758998],[128.8714305,71.6758973],[128.8714442,71.6758946],[128.8714587,71.6758909],[128.8714711,71.6758868],[128.871482,71.6758822],[128.8714908,71.6758774],[128.8714977,71.6758724],[128.8715029,71.6758668],[128.8715058,71.6758611],[128.8715065,71.6758553]]]}},{"type":"Feature","id":"osm-way-237901768","properties":{"buildingId":"osm-way-237901768","osmBuildingId":"osm-way-237901768","osmId":237901768,"building":"yes","levels":null,"height":25.5,"minHeight":null,"roofShape":null,"buildingMaterial":null,"facadeMaterial":null,"name":null,"address":null,"centerLon":128.86843427000002,"centerLat":71.6764506,"source":"OpenStreetMap"},"geometry":{"type":"Polygon","coordinates":[[[128.8686389,71.6764477],[128.8686367,71.6764397],[128.868631,71.6764315],[128.8686228,71.6764241],[128.8686117,71.676417],[128.8685974,71.6764101],[128.8685803,71.6764039],[128.8685601,71.6763981],[128.8685391,71.6763935],[128.8685156,71.6763896],[128.8684901,71.6763867],[128.8684651,71.6763849],[128.8684376,71.676384],[128.8684104,71.6763843],[128.8683841,71.6763857],[128.8683575,71.6763882],[128.8683336,71.6763916],[128.8683102,71.6763962],[128.8682898,71.6764014],[128.8682706,71.6764078],[128.8682552,71.6764145],[128.8682419,71.6764221],[128.8682327,71.6764297],[128.8682263,71.676438],[128.8682233,71.6764463],[128.8682242,71.6764561],[128.86823,71.676466],[128.8682384,71.6764741],[128.868249,71.676481],[128.8682632,71.676488],[128.8682789,71.6764939],[128.8682965,71.6764992],[128.8683173,71.6765041],[128.8683393,71.6765081],[128.8683618,71.676511],[128.8683861,71.6765132],[128.86841,71.6765144],[128.8684355,71.6765148],[128.8684608,71.6765141],[128.8684852,71.6765124],[128.8685094,71.6765099],[128.8685325,71.6765065],[128.8685518,71.6765026],[128.868572,71.6764974],[128.8685894,71.6764917],[128.8686047,71.6764853],[128.868617,71.6764785],[128.8686266,71.6764716],[128.8686339,71.6764637],[128.868638,71.6764558],[128.8686389,71.6764477]]]}},{"type":"Feature","id":"osm-way-237901769","properties":{"buildingId":"osm-way-237901769","osmBuildingId":"osm-way-237901769","osmId":237901769,"building":"yes","levels":null,"height":28,"minHeight":null,"roofShape":null,"buildingMaterial":null,"facadeMaterial":null,"name":null,"address":null,"centerLon":128.86781948599997,"centerLat":71.67741607200001,"source":"OpenStreetMap"},"geometry":{"type":"Polygon","coordinates":[[[128.8679589,71.6774141],[128.8679573,71.6774086],[128.8679535,71.6774031],[128.8679479,71.677398],[128.8679404,71.6773932],[128.8679306,71.6773885],[128.867919,71.6773843],[128.8679052,71.6773803],[128.8678909,71.6773772],[128.8678749,71.6773745],[128.8678575,71.6773725],[128.8678405,71.6773713],[128.8678218,71.6773707],[128.8678032,71.6773709],[128.8677853,71.6773719],[128.8677672,71.6773736],[128.8677509,71.6773759],[128.8677349,71.677379],[128.8677211,71.6773825],[128.867708,71.6773869],[128.8676975,71.6773915],[128.8676884,71.6773967],[128.8676822,71.6774018],[128.8676778,71.6774075],[128.8676758,71.6774131],[128.8676764,71.6774198],[128.8676803,71.6774266],[128.8676861,71.6774321],[128.8676933,71.6774368],[128.8677029,71.6774415],[128.8677137,71.6774456],[128.8677256,71.6774492],[128.8677398,71.6774525],[128.8677548,71.6774552],[128.8677701,71.6774572],[128.8677867,71.6774587],[128.867803,71.6774596],[128.8678203,71.6774598],[128.8678376,71.6774593],[128.8678542,71.6774582],[128.8678706,71.6774565],[128.8678864,71.6774541],[128.8678995,71.6774515],[128.8679133,71.6774479],[128.8679252,71.6774441],[128.8679356,71.6774397],[128.867944,71.6774351],[128.8679505,71.6774304],[128.8679555,71.677425],[128.8679582,71.6774196],[128.8679589,71.6774141]]]}},{"type":"Feature","id":"osm-way-237901770","properties":{"buildingId":"osm-way-237901770","osmBuildingId":"osm-way-237901770","osmId":237901770,"building":"yes","levels":null,"height":8,"minHeight":null,"roofShape":null,"buildingMaterial":null,"facadeMaterial":null,"name":null,"address":null,"centerLon":128.87026670799997,"centerLat":71.67404410200001,"source":"OpenStreetMap"},"geometry":{"type":"Polygon","coordinates":[[[128.8704713,71.6740412],[128.8704691,71.6740332],[128.8704635,71.674025],[128.8704553,71.6740176],[128.8704442,71.6740105],[128.8704298,71.6740036],[128.8704128,71.6739974],[128.8703926,71.6739916],[128.8703715,71.673987],[128.870348,71.6739831],[128.8703226,71.6739802],[128.8702976,71.6739784],[128.8702701,71.6739775],[128.8702428,71.6739778],[128.8702166,71.6739792],[128.87019,71.6739817],[128.870166,71.6739851],[128.8701426,71.6739897],[128.8701222,71.6739949],[128.870103,71.6740013],[128.8700876,71.674008],[128.8700743,71.6740156],[128.8700651,71.6740232],[128.8700587,71.6740315],[128.8700557,71.6740398],[128.8700566,71.6740496],[128.8700624,71.6740595],[128.8700709,71.6740676],[128.8700815,71.6740745],[128.8700956,71.6740815],[128.8701114,71.6740874],[128.8701289,71.6740927],[128.8701497,71.6740976],[128.8701717,71.6741016],[128.8701942,71.6741045],[128.8702185,71.6741067],[128.8702425,71.6741079],[128.8702679,71.6741083],[128.8702933,71.6741076],[128.8703176,71.674106],[128.8703418,71.6741034],[128.8703649,71.6741],[128.8703842,71.6740961],[128.8704044,71.6740909],[128.8704219,71.6740852],[128.8704371,71.6740788],[128.8704495,71.674072],[128.8704591,71.6740651],[128.8704664,71.6740572],[128.8704704,71.6740493],[128.8704713,71.6740412]]]}},{"type":"Feature","id":"osm-way-237901771","properties":{"buildingId":"osm-way-237901771","osmBuildingId":"osm-way-237901771","osmId":237901771,"building":"yes","levels":null,"height":10.5,"minHeight":null,"roofShape":null,"buildingMaterial":null,"facadeMaterial":null,"name":null,"address":null,"centerLon":128.86381502000003,"centerLat":71.676696632,"source":"OpenStreetMap"},"geometry":{"type":"Polygon","coordinates":[[[128.8640196,71.6766937],[128.8640174,71.6766857],[128.8640118,71.6766776],[128.8640036,71.6766702],[128.8639925,71.676663],[128.8639782,71.6766562],[128.8639611,71.6766499],[128.8639409,71.6766441],[128.8639198,71.6766395],[128.8638963,71.6766357],[128.8638709,71.6766327],[128.8638459,71.6766309],[128.8638184,71.6766301],[128.8637911,71.6766304],[128.8637649,71.6766317],[128.8637383,71.6766342],[128.8637144,71.6766376],[128.8636909,71.6766422],[128.8636705,71.6766474],[128.8636513,71.6766538],[128.8636359,71.6766605],[128.8636227,71.6766682],[128.8636135,71.6766758],[128.863607,71.6766841],[128.863604,71.6766923],[128.8636049,71.6767022],[128.8636107,71.6767121],[128.8636192,71.6767201],[128.8636298,71.676727],[128.8636439,71.676734],[128.8636597,71.67674],[128.8636772,71.6767452],[128.863698,71.6767501],[128.8637201,71.6767541],[128.8637425,71.6767571],[128.8637669,71.6767592],[128.8637908,71.6767605],[128.8638162,71.6767608],[128.8638416,71.6767601],[128.8638659,71.6767585],[128.8638901,71.676756],[128.8639132,71.6767525],[128.8639325,71.6767486],[128.8639527,71.6767434],[128.8639702,71.6767377],[128.8639854,71.6767313],[128.8639978,71.6767245],[128.8640074,71.6767176],[128.8640147,71.6767097],[128.8640187,71.6767018],[128.8640196,71.6766937]]]}},{"type":"Feature","id":"osm-way-237901772","properties":{"buildingId":"osm-way-237901772","osmBuildingId":"osm-way-237901772","osmId":237901772,"building":"yes","levels":null,"height":13,"minHeight":null,"roofShape":null,"buildingMaterial":null,"facadeMaterial":null,"name":null,"address":null,"centerLon":128.869659072,"centerLat":71.674304166,"source":"OpenStreetMap"},"geometry":{"type":"Polygon","coordinates":[[[128.8698637,71.6743012],[128.8698615,71.6742933],[128.8698558,71.6742851],[128.8698476,71.6742777],[128.8698365,71.6742706],[128.8698222,71.6742637],[128.8698051,71.6742574],[128.8697849,71.6742517],[128.8697639,71.674247],[128.8697404,71.6742432],[128.8697149,71.6742402],[128.8696899,71.6742384],[128.8696624,71.6742376],[128.8696352,71.6742379],[128.8696089,71.6742393],[128.8695823,71.6742418],[128.8695584,71.6742452],[128.869535,71.6742497],[128.8695146,71.6742549],[128.8694954,71.6742614],[128.86948,71.6742681],[128.8694667,71.6742757],[128.8694575,71.6742833],[128.8694511,71.6742916],[128.8694481,71.6742999],[128.869449,71.6743097],[128.8694548,71.6743196],[128.8694632,71.6743276],[128.8694738,71.6743346],[128.869488,71.6743415],[128.8695037,71.6743475],[128.8695213,71.6743528],[128.8695421,71.6743577],[128.8695641,71.6743616],[128.8695866,71.6743646],[128.8696109,71.6743668],[128.8696348,71.674368],[128.8696603,71.6743683],[128.8696856,71.6743676],[128.86971,71.674366],[128.8697342,71.6743635],[128.8697573,71.67436],[128.8697766,71.6743562],[128.8697968,71.674351],[128.8698143,71.6743453],[128.8698295,71.6743388],[128.8698418,71.6743321],[128.8698514,71.6743251],[128.8698587,71.6743172],[128.8698628,71.6743093],[128.8698637,71.6743012]]]}},{"type":"Feature","id":"osm-way-237901773","properties":{"buildingId":"osm-way-237901773","osmBuildingId":"osm-way-237901773","osmId":237901773,"building":"yes","levels":null,"height":15.5,"minHeight":null,"roofShape":null,"buildingMaterial":null,"facadeMaterial":null,"name":null,"address":null,"centerLon":128.86688497400002,"centerLat":71.67632757799998,"source":"OpenStreetMap"},"geometry":{"type":"Polygon","coordinates":[[[128.8670896,71.6763246],[128.8670874,71.6763167],[128.8670817,71.6763085],[128.8670735,71.6763011],[128.8670624,71.676294],[128.8670481,71.6762871],[128.867031,71.6762809],[128.8670108,71.6762751],[128.8669898,71.6762705],[128.8669663,71.6762666],[128.8669408,71.6762636],[128.8669158,71.6762618],[128.8668883,71.676261],[128.8668611,71.6762613],[128.8668348,71.6762627],[128.8668082,71.6762652],[128.8667843,71.6762686],[128.8667609,71.6762732],[128.8667405,71.6762784],[128.8667213,71.6762848],[128.8667059,71.6762915],[128.8666926,71.6762991],[128.8666834,71.6763067],[128.866677,71.676315],[128.866674,71.6763233],[128.8666749,71.6763331],[128.8666807,71.676343],[128.8666891,71.6763511],[128.8666997,71.676358],[128.8667139,71.6763649],[128.8667296,71.6763709],[128.8667472,71.6763762],[128.866768,71.6763811],[128.86679,71.6763851],[128.8668125,71.676388],[128.8668368,71.6763902],[128.8668608,71.6763914],[128.8668862,71.6763917],[128.8669115,71.676391],[128.8669359,71.6763894],[128.8669601,71.6763869],[128.8669832,71.6763834],[128.8670025,71.6763796],[128.8670227,71.6763744],[128.8670402,71.6763687],[128.8670554,71.6763622],[128.8670677,71.6763555],[128.8670773,71.6763485],[128.8670846,71.6763406],[128.8670887,71.6763327],[128.8670896,71.6763246]]]}},{"type":"Feature","id":"osm-way-237901774","properties":{"buildingId":"osm-way-237901774","osmBuildingId":"osm-way-237901774","osmId":237901774,"building":"yes","levels":null,"height":18,"minHeight":null,"roofShape":null,"buildingMaterial":null,"facadeMaterial":null,"name":null,"address":null,"centerLon":128.86490912399998,"centerLat":71.67624374400002,"source":"OpenStreetMap"},"geometry":{"type":"Polygon","coordinates":[[[128.8650824,71.6762412],[128.8650805,71.6762345],[128.8650758,71.6762276],[128.8650688,71.6762213],[128.8650594,71.6762153],[128.8650473,71.6762095],[128.8650328,71.6762042],[128.8650157,71.6761993],[128.8649979,71.6761954],[128.864978,71.6761921],[128.8649564,71.6761896],[128.8649353,71.6761881],[128.864912,71.6761874],[128.8648889,71.6761876],[128.8648667,71.6761888],[128.8648441,71.6761909],[128.8648239,71.6761938],[128.864804,71.6761976],[128.8647868,71.6762021],[128.8647705,71.6762075],[128.8647574,71.6762132],[128.8647462,71.6762196],[128.8647384,71.6762261],[128.864733,71.6762331],[128.8647304,71.6762401],[128.8647312,71.6762484],[128.8647361,71.6762568],[128.8647433,71.6762636],[128.8647522,71.6762695],[128.8647642,71.6762754],[128.8647776,71.6762804],[128.8647924,71.6762849],[128.86481,71.676289],[128.8648287,71.6762924],[128.8648477,71.6762949],[128.8648683,71.6762968],[128.8648886,71.6762978],[128.8649101,71.6762981],[128.8649316,71.6762975],[128.8649522,71.6762961],[128.8649727,71.676294],[128.8649923,71.6762911],[128.8650086,71.6762878],[128.8650258,71.6762834],[128.8650406,71.6762785],[128.8650535,71.6762731],[128.8650639,71.6762674],[128.8650721,71.6762615],[128.8650782,71.6762548],[128.8650817,71.6762481],[128.8650824,71.6762412]]]}},{"type":"Feature","id":"osm-way-237901944","properties":{"buildingId":"osm-way-237901944","osmBuildingId":"osm-way-237901944","osmId":237901944,"building":"yes","levels":null,"height":15.5,"minHeight":null,"roofShape":null,"buildingMaterial":null,"facadeMaterial":null,"name":null,"address":null,"centerLon":128.866220222,"centerLat":71.683584222,"source":"OpenStreetMap"},"geometry":{"type":"Polygon","coordinates":[[[128.8664254,71.6835813],[128.8664232,71.6835733],[128.8664175,71.6835651],[128.8664093,71.6835577],[128.8663982,71.6835505],[128.8663838,71.6835437],[128.8663667,71.6835374],[128.8663464,71.6835316],[128.8663253,71.683527],[128.8663017,71.6835231],[128.8662762,71.6835201],[128.8662512,71.6835183],[128.8662236,71.6835175],[128.8661963,71.6835178],[128.8661699,71.6835192],[128.8661433,71.6835217],[128.8661193,71.6835251],[128.8660958,71.6835297],[128.8660753,71.6835349],[128.8660561,71.6835413],[128.8660406,71.683548],[128.8660273,71.6835557],[128.8660181,71.6835633],[128.8660116,71.6835716],[128.8660087,71.6835799],[128.8660096,71.6835898],[128.8660154,71.6835997],[128.8660239,71.6836078],[128.8660345,71.6836147],[128.8660487,71.6836217],[128.8660645,71.6836277],[128.8660821,71.6836329],[128.8661029,71.6836378],[128.866125,71.6836418],[128.8661475,71.6836448],[128.8661719,71.683647],[128.8661959,71.6836482],[128.8662214,71.6836485],[128.8662468,71.6836478],[128.8662713,71.6836462],[128.8662955,71.6836437],[128.8663187,71.6836402],[128.866338,71.6836364],[128.8663583,71.6836311],[128.8663758,71.6836254],[128.8663911,71.683619],[128.8664035,71.6836122],[128.8664131,71.6836052],[128.8664204,71.6835973],[128.8664245,71.6835894],[128.8664254,71.6835813]]]}},{"type":"Feature","id":"osm-way-237901945","properties":{"buildingId":"osm-way-237901945","osmBuildingId":"osm-way-237901945","osmId":237901945,"building":"yes","levels":null,"height":18,"minHeight":null,"roofShape":null,"buildingMaterial":null,"facadeMaterial":null,"name":null,"address":null,"centerLon":128.868973116,"centerLat":71.68426705400002,"source":"OpenStreetMap"},"geometry":{"type":"Polygon","coordinates":[[[128.8691783,71.6842641],[128.869176,71.6842561],[128.8691704,71.6842479],[128.8691622,71.6842405],[128.8691511,71.6842334],[128.8691367,71.6842265],[128.8691196,71.6842202],[128.8690993,71.6842144],[128.8690782,71.6842098],[128.8690546,71.6842059],[128.8690291,71.684203],[128.8690041,71.6842012],[128.8689765,71.6842003],[128.8689492,71.6842007],[128.8689228,71.684202],[128.8688962,71.6842045],[128.8688722,71.6842079],[128.8688487,71.6842125],[128.8688282,71.6842177],[128.868809,71.6842242],[128.8687935,71.6842309],[128.8687802,71.6842385],[128.868771,71.6842461],[128.8687645,71.6842544],[128.8687615,71.6842628],[128.8687625,71.6842726],[128.8687683,71.6842825],[128.8687767,71.6842906],[128.8687874,71.6842975],[128.8688016,71.6843045],[128.8688174,71.6843105],[128.868835,71.6843158],[128.8688558,71.6843207],[128.8688779,71.6843247],[128.8689004,71.6843276],[128.8689248,71.6843298],[128.8689488,71.684331],[128.8689743,71.6843314],[128.8689997,71.6843307],[128.8690242,71.684329],[128.8690484,71.6843265],[128.8690716,71.6843231],[128.8690909,71.6843192],[128.8691112,71.684314],[128.8691287,71.6843082],[128.869144,71.6843018],[128.8691564,71.684295],[128.869166,71.6842881],[128.8691733,71.6842802],[128.8691774,71.6842722],[128.8691783,71.6842641]]]}},{"type":"Feature","id":"osm-way-237901946","properties":{"buildingId":"osm-way-237901946","osmBuildingId":"osm-way-237901946","osmId":237901946,"building":"yes","levels":null,"height":20.5,"minHeight":null,"roofShape":null,"buildingMaterial":null,"facadeMaterial":null,"name":null,"address":null,"centerLon":128.86686011199998,"centerLat":71.68374191599999,"source":"OpenStreetMap"},"geometry":{"type":"Polygon","coordinates":[[[128.8670342,71.6837394],[128.8670322,71.6837326],[128.8670275,71.6837257],[128.8670205,71.6837194],[128.867011,71.6837134],[128.8669989,71.6837075],[128.8669843,71.6837022],[128.8669672,71.6836973],[128.8669493,71.6836933],[128.8669293,71.6836901],[128.8669076,71.6836876],[128.8668864,71.683686],[128.866863,71.6836853],[128.8668398,71.6836856],[128.8668175,71.6836867],[128.8667948,71.6836889],[128.8667745,71.6836918],[128.8667545,71.6836956],[128.8667372,71.6837001],[128.8667209,71.6837055],[128.8667078,71.6837112],[128.8666965,71.6837177],[128.8666887,71.6837242],[128.8666832,71.6837312],[128.8666807,71.6837383],[128.8666814,71.6837466],[128.8666864,71.683755],[128.8666935,71.6837619],[128.8667026,71.6837678],[128.8667146,71.6837737],[128.866728,71.6837788],[128.8667429,71.6837832],[128.8667606,71.6837874],[128.8667793,71.6837908],[128.8667984,71.6837933],[128.8668191,71.6837952],[128.8668395,71.6837962],[128.8668611,71.6837965],[128.8668827,71.6837959],[128.8669034,71.6837945],[128.866924,71.6837924],[128.8669436,71.6837894],[128.86696,71.6837861],[128.8669772,71.6837817],[128.8669921,71.6837768],[128.8670051,71.6837714],[128.8670156,71.6837656],[128.8670237,71.6837597],[128.8670299,71.683753],[128.8670334,71.6837463],[128.8670342,71.6837394]]]}},{"type":"Feature","id":"osm-way-237901947","properties":{"buildingId":"osm-way-237901947","osmBuildingId":"osm-way-237901947","osmId":237901947,"building":"yes","levels":null,"height":23,"minHeight":null,"roofShape":null,"buildingMaterial":null,"facadeMaterial":null,"name":null,"address":null,"centerLon":128.86804321,"centerLat":71.68370864400002,"source":"OpenStreetMap"},"geometry":{"type":"Polygon","coordinates":[[[128.8682484,71.6837057],[128.8682461,71.6836977],[128.8682405,71.6836895],[128.8682323,71.6836821],[128.8682211,71.683675],[128.8682068,71.6836681],[128.8681897,71.6836618],[128.8681694,71.683656],[128.8681483,71.6836514],[128.8681247,71.6836475],[128.8680992,71.6836446],[128.8680741,71.6836428],[128.8680466,71.6836419],[128.8680193,71.6836422],[128.8679929,71.6836436],[128.8679663,71.6836461],[128.8679423,71.6836495],[128.8679188,71.6836541],[128.8678983,71.6836593],[128.8678791,71.6836658],[128.8678636,71.6836725],[128.8678503,71.6836801],[128.8678411,71.6836877],[128.8678346,71.683696],[128.8678316,71.6837043],[128.8678326,71.6837142],[128.8678384,71.6837241],[128.8678468,71.6837322],[128.8678575,71.6837391],[128.8678717,71.6837461],[128.8678875,71.6837521],[128.8679051,71.6837574],[128.8679259,71.6837623],[128.867948,71.6837663],[128.8679705,71.6837692],[128.8679949,71.6837714],[128.8680189,71.6837726],[128.8680444,71.683773],[128.8680698,71.6837722],[128.8680942,71.6837706],[128.8681185,71.6837681],[128.8681417,71.6837646],[128.868161,71.6837608],[128.8681813,71.6837556],[128.8681988,71.6837498],[128.8682141,71.6837434],[128.8682265,71.6837366],[128.8682361,71.6837297],[128.8682434,71.6837217],[128.8682475,71.6837138],[128.8682484,71.6837057]]]}},{"type":"Feature","id":"osm-way-237901948","properties":{"buildingId":"osm-way-237901948","osmBuildingId":"osm-way-237901948","osmId":237901948,"building":"yes","levels":null,"height":25.5,"minHeight":null,"roofShape":null,"buildingMaterial":null,"facadeMaterial":null,"name":null,"address":null,"centerLon":128.86946107799997,"centerLat":71.684052952,"source":"OpenStreetMap"},"geometry":{"type":"Polygon","coordinates":[[[128.8696663,71.68405],[128.869664,71.684042],[128.8696584,71.6840338],[128.8696501,71.6840264],[128.869639,71.6840193],[128.8696247,71.6840124],[128.8696075,71.6840061],[128.8695873,71.6840003],[128.8695662,71.6839957],[128.8695426,71.6839918],[128.8695171,71.6839889],[128.869492,71.6839871],[128.8694645,71.6839862],[128.8694371,71.6839866],[128.8694108,71.6839879],[128.8693841,71.6839904],[128.8693601,71.6839938],[128.8693366,71.6839984],[128.8693162,71.6840036],[128.8692969,71.6840101],[128.8692815,71.6840168],[128.8692682,71.6840244],[128.869259,71.684032],[128.8692525,71.6840403],[128.8692495,71.6840487],[128.8692504,71.6840585],[128.8692562,71.6840684],[128.8692647,71.6840765],[128.8692753,71.6840834],[128.8692895,71.6840904],[128.8693053,71.6840964],[128.8693229,71.6841017],[128.8693438,71.6841066],[128.8693659,71.6841106],[128.8693884,71.6841135],[128.8694128,71.6841157],[128.8694368,71.6841169],[128.8694623,71.6841173],[128.8694877,71.6841166],[128.8695121,71.6841149],[128.8695364,71.6841124],[128.8695595,71.684109],[128.8695789,71.6841051],[128.8695992,71.6840999],[128.8696167,71.6840941],[128.869632,71.6840877],[128.8696443,71.6840809],[128.869654,71.684074],[128.8696613,71.684066],[128.8696653,71.6840581],[128.8696663,71.68405]]]}},{"type":"Feature","id":"osm-way-237901949","properties":{"buildingId":"osm-way-237901949","osmBuildingId":"osm-way-237901949","osmId":237901949,"building":"yes","levels":null,"height":28,"minHeight":null,"roofShape":null,"buildingMaterial":null,"facadeMaterial":null,"name":null,"address":null,"centerLon":128.868742936,"centerLat":71.68387791,"source":"OpenStreetMap"},"geometry":{"type":"Polygon","coordinates":[[[128.8689481,71.683875],[128.8689459,71.683867],[128.8689402,71.6838588],[128.868932,71.6838514],[128.8689209,71.6838442],[128.8689065,71.6838373],[128.8688894,71.6838311],[128.8688691,71.6838253],[128.868848,71.6838207],[128.8688245,71.6838168],[128.868799,71.6838138],[128.8687739,71.683812],[128.8687463,71.6838112],[128.868719,71.6838115],[128.8686927,71.6838129],[128.868666,71.6838154],[128.868642,71.6838188],[128.8686185,71.6838234],[128.8685981,71.6838286],[128.8685788,71.683835],[128.8685633,71.6838417],[128.8685501,71.6838494],[128.8685408,71.683857],[128.8685344,71.6838653],[128.8685314,71.6838736],[128.8685323,71.6838835],[128.8685381,71.6838934],[128.8685466,71.6839014],[128.8685572,71.6839084],[128.8685714,71.6839153],[128.8685872,71.6839213],[128.8686048,71.6839266],[128.8686256,71.6839315],[128.8686477,71.6839355],[128.8686702,71.6839385],[128.8686946,71.6839407],[128.8687186,71.6839419],[128.8687441,71.6839422],[128.8687696,71.6839415],[128.868794,71.6839399],[128.8688182,71.6839374],[128.8688414,71.6839339],[128.8688607,71.68393],[128.868881,71.6839248],[128.8688985,71.6839191],[128.8689138,71.6839126],[128.8689262,71.6839059],[128.8689358,71.6838989],[128.8689431,71.683891],[128.8689472,71.6838831],[128.8689481,71.683875]]]}},{"type":"Feature","id":"osm-way-237901950","properties":{"buildingId":"osm-way-237901950","osmBuildingId":"osm-way-237901950","osmId":237901950,"building":"yes","levels":null,"height":8,"minHeight":null,"roofShape":null,"buildingMaterial":null,"facadeMaterial":null,"name":null,"address":null,"centerLon":128.86825447599998,"centerLat":71.68406723800001,"source":"OpenStreetMap"},"geometry":{"type":"Polygon","coordinates":[[[128.8684285,71.6840647],[128.8684266,71.684058],[128.8684218,71.684051],[128.8684149,71.6840447],[128.8684054,71.6840387],[128.8683932,71.6840328],[128.8683787,71.6840275],[128.8683615,71.6840226],[128.8683436,71.6840187],[128.8683236,71.6840154],[128.868302,71.6840129],[128.8682807,71.6840113],[128.8682573,71.6840106],[128.8682342,71.6840109],[128.8682118,71.6840121],[128.8681892,71.6840142],[128.8681689,71.6840171],[128.8681489,71.684021],[128.8681316,71.6840254],[128.8681152,71.6840309],[128.8681021,71.6840365],[128.8680909,71.684043],[128.8680831,71.6840495],[128.8680776,71.6840565],[128.868075,71.6840636],[128.8680758,71.6840719],[128.8680807,71.6840804],[128.8680879,71.6840872],[128.8680969,71.6840931],[128.868109,71.684099],[128.8681224,71.6841041],[128.8681373,71.6841086],[128.868155,71.6841127],[128.8681737,71.6841161],[128.8681928,71.6841186],[128.8682135,71.6841205],[128.8682339,71.6841215],[128.8682555,71.6841218],[128.8682771,71.6841212],[128.8682978,71.6841198],[128.8683183,71.6841177],[128.868338,71.6841147],[128.8683544,71.6841115],[128.8683716,71.684107],[128.8683865,71.6841022],[128.8683994,71.6840967],[128.8684099,71.684091],[128.8684181,71.6840851],[128.8684243,71.6840783],[128.8684277,71.6840716],[128.8684285,71.6840647]]]}},{"type":"Feature","id":"osm-way-237901951","properties":{"buildingId":"osm-way-237901951","osmBuildingId":"osm-way-237901951","osmId":237901951,"building":"yes","levels":null,"height":10.5,"minHeight":null,"roofShape":null,"buildingMaterial":null,"facadeMaterial":null,"name":null,"address":null,"centerLon":128.867762396,"centerLat":71.68332092199998,"source":"OpenStreetMap"},"geometry":{"type":"Polygon","coordinates":[[[128.8679676,71.683318],[128.8679653,71.68331],[128.8679597,71.6833018],[128.8679515,71.6832944],[128.8679403,71.6832872],[128.867926,71.6832804],[128.8679089,71.6832741],[128.8678886,71.6832683],[128.8678675,71.6832637],[128.8678439,71.6832598],[128.8678184,71.6832568],[128.8677933,71.683255],[128.8677658,71.6832542],[128.8677384,71.6832545],[128.8677121,71.6832559],[128.8676855,71.6832584],[128.8676615,71.6832618],[128.8676379,71.6832664],[128.8676175,71.6832716],[128.8675982,71.683278],[128.8675828,71.6832847],[128.8675695,71.6832924],[128.8675603,71.6833],[128.8675538,71.6833083],[128.8675508,71.6833166],[128.8675517,71.6833265],[128.8675576,71.6833364],[128.867566,71.6833445],[128.8675767,71.6833514],[128.8675909,71.6833584],[128.8676066,71.6833644],[128.8676242,71.6833696],[128.8676451,71.6833745],[128.8676672,71.6833785],[128.8676897,71.6833815],[128.8677141,71.6833837],[128.8677381,71.6833849],[128.8677636,71.6833852],[128.867789,71.6833845],[128.8678134,71.6833829],[128.8678377,71.6833804],[128.8678609,71.6833769],[128.8678802,71.6833731],[128.8679005,71.6833678],[128.867918,71.6833621],[128.8679333,71.6833557],[128.8679456,71.6833489],[128.8679553,71.6833419],[128.8679626,71.683334],[128.8679667,71.6833261],[128.8679676,71.683318]]]}},{"type":"Feature","id":"osm-way-237901952","properties":{"buildingId":"osm-way-237901952","osmBuildingId":"osm-way-237901952","osmId":237901952,"building":"yes","levels":null,"height":13,"minHeight":null,"roofShape":null,"buildingMaterial":null,"facadeMaterial":null,"name":null,"address":null,"centerLon":128.867311254,"centerLat":71.68352056999998,"source":"OpenStreetMap"},"geometry":{"type":"Polygon","coordinates":[[[128.8675164,71.6835176],[128.8675142,71.6835096],[128.8675085,71.6835015],[128.8675003,71.683494],[128.8674892,71.6834869],[128.8674748,71.68348],[128.8674577,71.6834738],[128.8674375,71.683468],[128.8674164,71.6834633],[128.8673928,71.6834594],[128.8673673,71.6834565],[128.8673422,71.6834547],[128.8673146,71.6834538],[128.8672873,71.6834542],[128.867261,71.6834555],[128.8672343,71.683458],[128.8672103,71.6834614],[128.8671868,71.683466],[128.8671664,71.6834712],[128.8671471,71.6834777],[128.8671317,71.6834844],[128.8671184,71.683492],[128.8671092,71.6834996],[128.8671027,71.683508],[128.8670997,71.6835163],[128.8671006,71.6835261],[128.8671064,71.683536],[128.8671149,71.6835441],[128.8671255,71.6835511],[128.8671397,71.683558],[128.8671555,71.683564],[128.8671731,71.6835693],[128.8671939,71.6835742],[128.867216,71.6835782],[128.8672385,71.6835811],[128.867263,71.6835833],[128.867287,71.6835846],[128.8673125,71.6835849],[128.8673379,71.6835842],[128.8673623,71.6835826],[128.8673865,71.68358],[128.8674097,71.6835766],[128.8674291,71.6835727],[128.8674493,71.6835675],[128.8674669,71.6835618],[128.8674821,71.6835553],[128.8674945,71.6835485],[128.8675041,71.6835416],[128.8675114,71.6835337],[128.8675155,71.6835257],[128.8675164,71.6835176]]]}},{"type":"Feature","id":"osm-way-237901953","properties":{"buildingId":"osm-way-237901953","osmBuildingId":"osm-way-237901953","osmId":237901953,"building":"yes","levels":null,"height":15.5,"minHeight":null,"roofShape":null,"buildingMaterial":null,"facadeMaterial":null,"name":null,"address":null,"centerLon":128.870036522,"centerLat":71.68420195400002,"source":"OpenStreetMap"},"geometry":{"type":"Polygon","coordinates":[[[128.8702417,71.684199],[128.8702395,71.684191],[128.8702338,71.6841828],[128.8702256,71.6841754],[128.8702145,71.6841683],[128.8702001,71.6841614],[128.870183,71.6841551],[128.8701627,71.6841493],[128.8701416,71.6841447],[128.870118,71.6841408],[128.8700925,71.6841379],[128.8700675,71.6841361],[128.8700399,71.6841352],[128.8700126,71.6841356],[128.8699862,71.6841369],[128.8699596,71.6841394],[128.8699356,71.6841428],[128.8699121,71.6841474],[128.8698916,71.6841526],[128.8698724,71.6841591],[128.8698569,71.6841658],[128.8698436,71.6841734],[128.8698344,71.684181],[128.8698279,71.6841893],[128.869825,71.6841977],[128.8698259,71.6842075],[128.8698317,71.6842174],[128.8698402,71.6842255],[128.8698508,71.6842324],[128.869865,71.6842394],[128.8698808,71.6842454],[128.8698984,71.6842507],[128.8699192,71.6842556],[128.8699413,71.6842596],[128.8699638,71.6842625],[128.8699882,71.6842647],[128.8700122,71.6842659],[128.8700377,71.6842663],[128.8700631,71.6842656],[128.8700876,71.6842639],[128.8701118,71.6842614],[128.870135,71.684258],[128.8701543,71.6842541],[128.8701746,71.6842489],[128.8701921,71.6842431],[128.8702074,71.6842367],[128.8702198,71.6842299],[128.8702294,71.684223],[128.8702367,71.6842151],[128.8702408,71.6842071],[128.8702417,71.684199]]]}},{"type":"Feature","id":"osm-way-237901954","properties":{"buildingId":"osm-way-237901954","osmBuildingId":"osm-way-237901954","osmId":237901954,"building":"yes","levels":null,"height":18,"minHeight":null,"roofShape":null,"buildingMaterial":null,"facadeMaterial":null,"name":null,"address":null,"centerLon":128.86757365000003,"centerLat":71.683902504,"source":"OpenStreetMap"},"geometry":{"type":"Polygon","coordinates":[[[128.8677788,71.6838996],[128.8677766,71.6838916],[128.8677709,71.6838834],[128.8677627,71.683876],[128.8677516,71.6838688],[128.8677372,71.6838619],[128.8677201,71.6838557],[128.8676998,71.6838499],[128.8676788,71.6838452],[128.8676552,71.6838414],[128.8676297,71.6838384],[128.8676046,71.6838366],[128.867577,71.6838358],[128.8675497,71.6838361],[128.8675234,71.6838374],[128.8674967,71.68384],[128.8674727,71.6838434],[128.8674492,71.6838479],[128.8674288,71.6838532],[128.8674095,71.6838596],[128.8673941,71.6838663],[128.8673808,71.683874],[128.8673716,71.6838816],[128.8673651,71.6838899],[128.8673621,71.6838982],[128.867363,71.6839081],[128.8673688,71.683918],[128.8673773,71.683926],[128.8673879,71.683933],[128.8674021,71.6839399],[128.8674179,71.6839459],[128.8674355,71.6839512],[128.8674563,71.6839561],[128.8674784,71.6839601],[128.8675009,71.6839631],[128.8675254,71.6839653],[128.8675494,71.6839665],[128.8675749,71.6839668],[128.8676003,71.6839661],[128.8676247,71.6839645],[128.8676489,71.683962],[128.8676721,71.6839585],[128.8676915,71.6839546],[128.8677117,71.6839494],[128.8677292,71.6839437],[128.8677445,71.6839372],[128.8677569,71.6839305],[128.8677665,71.6839235],[128.8677738,71.6839156],[128.8677779,71.6839077],[128.8677788,71.6838996]]]}},{"type":"Feature","id":"osm-way-237901955","properties":{"buildingId":"osm-way-237901955","osmBuildingId":"osm-way-237901955","osmId":237901955,"building":"yes","levels":null,"height":20.5,"minHeight":null,"roofShape":null,"buildingMaterial":null,"facadeMaterial":null,"name":null,"address":null,"centerLon":128.86953832200004,"centerLat":71.68439976000002,"source":"OpenStreetMap"},"geometry":{"type":"Polygon","coordinates":[[[128.8697435,71.6843968],[128.8697413,71.6843888],[128.8697356,71.6843806],[128.8697274,71.6843732],[128.8697163,71.6843661],[128.8697019,71.6843592],[128.8696848,71.6843529],[128.8696645,71.6843471],[128.8696434,71.6843425],[128.8696198,71.6843386],[128.8695943,71.6843357],[128.8695693,71.6843339],[128.8695417,71.684333],[128.8695144,71.6843334],[128.869488,71.6843347],[128.8694614,71.6843372],[128.8694374,71.6843406],[128.8694139,71.6843452],[128.8693934,71.6843504],[128.8693742,71.6843569],[128.8693587,71.6843636],[128.8693454,71.6843712],[128.8693362,71.6843788],[128.8693297,71.6843872],[128.8693268,71.6843955],[128.8693277,71.6844053],[128.8693335,71.6844152],[128.869342,71.6844233],[128.8693526,71.6844303],[128.8693668,71.6844372],[128.8693826,71.6844432],[128.8694002,71.6844485],[128.869421,71.6844534],[128.8694431,71.6844574],[128.8694656,71.6844603],[128.86949,71.6844625],[128.869514,71.6844637],[128.8695395,71.6844641],[128.8695649,71.6844634],[128.8695894,71.6844618],[128.8696136,71.6844592],[128.8696368,71.6844558],[128.8696561,71.6844519],[128.8696764,71.6844467],[128.8696939,71.6844409],[128.8697092,71.6844345],[128.8697216,71.6844277],[128.8697312,71.6844208],[128.8697385,71.6844129],[128.8697426,71.6844049],[128.8697435,71.6843968]]]}},{"type":"Feature","id":"osm-way-237901956","properties":{"buildingId":"osm-way-237901956","osmBuildingId":"osm-way-237901956","osmId":237901956,"building":"yes","levels":null,"height":23,"minHeight":null,"roofShape":null,"buildingMaterial":null,"facadeMaterial":null,"name":null,"address":null,"centerLon":128.86702995599998,"centerLat":71.684125108,"source":"OpenStreetMap"},"geometry":{"type":"Polygon","coordinates":[[[128.867204,71.6841226],[128.8672021,71.6841158],[128.8671973,71.6841089],[128.8671903,71.6841026],[128.8671809,71.6840965],[128.8671687,71.6840907],[128.8671542,71.6840854],[128.867137,71.6840805],[128.8671191,71.6840765],[128.8670991,71.6840733],[128.8670775,71.6840707],[128.8670562,71.6840692],[128.8670328,71.6840685],[128.8670096,71.6840688],[128.8669873,71.6840699],[128.8669647,71.6840721],[128.8669443,71.684075],[128.8669244,71.6840788],[128.8669071,71.6840833],[128.8668907,71.6840887],[128.8668776,71.6840944],[128.8668663,71.6841009],[128.8668585,71.6841074],[128.866853,71.6841144],[128.8668505,71.6841215],[128.8668513,71.6841298],[128.8668562,71.6841382],[128.8668634,71.6841451],[128.8668724,71.684151],[128.8668845,71.6841569],[128.8668978,71.6841619],[128.8669128,71.6841664],[128.8669305,71.6841706],[128.8669492,71.684174],[128.8669683,71.6841765],[128.866989,71.6841783],[128.8670094,71.6841794],[128.867031,71.6841797],[128.8670525,71.6841791],[128.8670732,71.6841777],[128.8670938,71.6841756],[128.8671135,71.6841726],[128.8671299,71.6841693],[128.8671471,71.6841649],[128.8671619,71.68416],[128.8671749,71.6841546],[128.8671854,71.6841488],[128.8671936,71.6841429],[128.8671998,71.6841362],[128.8672032,71.6841295],[128.867204,71.6841226]]]}},{"type":"Feature","id":"osm-way-237901957","properties":{"buildingId":"osm-way-237901957","osmBuildingId":"osm-way-237901957","osmId":237901957,"building":"yes","levels":null,"height":25.5,"minHeight":null,"roofShape":null,"buildingMaterial":null,"facadeMaterial":null,"name":null,"address":null,"centerLon":128.866371656,"centerLat":71.68398911800001,"source":"OpenStreetMap"},"geometry":{"type":"Polygon","coordinates":[[[128.8665457,71.6839866],[128.8665438,71.6839798],[128.866539,71.6839729],[128.866532,71.6839666],[128.8665226,71.6839606],[128.8665104,71.6839547],[128.8664959,71.6839494],[128.8664787,71.6839445],[128.8664608,71.6839406],[128.8664408,71.6839373],[128.8664192,71.6839348],[128.8663979,71.6839332],[128.8663745,71.6839325],[128.8663513,71.6839328],[128.866329,71.6839339],[128.8663064,71.6839361],[128.866286,71.683939],[128.8662661,71.6839428],[128.8662488,71.6839473],[128.8662324,71.6839527],[128.8662193,71.6839584],[128.866208,71.6839649],[128.8662002,71.6839714],[128.8661947,71.6839784],[128.8661922,71.6839855],[128.866193,71.6839938],[128.8661979,71.6840022],[128.8662051,71.6840091],[128.8662141,71.684015],[128.8662262,71.6840209],[128.8662395,71.684026],[128.8662545,71.6840304],[128.8662722,71.6840346],[128.8662909,71.684038],[128.86631,71.6840405],[128.8663307,71.6840424],[128.8663511,71.6840434],[128.8663727,71.6840437],[128.8663942,71.6840431],[128.8664149,71.6840417],[128.8664355,71.6840396],[128.8664552,71.6840366],[128.8664716,71.6840333],[128.8664888,71.6840289],[128.8665036,71.684024],[128.8665166,71.6840186],[128.8665271,71.6840128],[128.8665353,71.6840069],[128.8665415,71.6840002],[128.8665449,71.6839935],[128.8665457,71.6839866]]]}},{"type":"Feature","id":"osm-way-237901958","properties":{"buildingId":"osm-way-237901958","osmBuildingId":"osm-way-237901958","osmId":237901958,"building":"yes","levels":null,"height":28,"minHeight":null,"roofShape":null,"buildingMaterial":null,"facadeMaterial":null,"name":null,"address":null,"centerLon":128.87010096800003,"centerLat":71.683791108,"source":"OpenStreetMap"},"geometry":{"type":"Polygon","coordinates":[[[128.8703061,71.6837882],[128.8703039,71.6837802],[128.8702983,71.683772],[128.87029,71.6837646],[128.8702789,71.6837574],[128.8702645,71.6837505],[128.8702474,71.6837443],[128.8702272,71.6837385],[128.8702061,71.6837338],[128.8701825,71.68373],[128.870157,71.683727],[128.8701319,71.6837252],[128.8701043,71.6837244],[128.870077,71.6837247],[128.8700507,71.6837261],[128.870024,71.6837286],[128.87,71.683732],[128.8699765,71.6837366],[128.8699561,71.6837418],[128.8699368,71.6837482],[128.8699214,71.6837549],[128.8699081,71.6837626],[128.8698989,71.6837702],[128.8698924,71.6837785],[128.8698894,71.6837868],[128.8698903,71.6837967],[128.8698961,71.6838066],[128.8699046,71.6838146],[128.8699152,71.6838216],[128.8699294,71.6838285],[128.8699452,71.6838345],[128.8699628,71.6838398],[128.8699837,71.6838447],[128.8700058,71.6838487],[128.8700283,71.6838517],[128.8700527,71.6838539],[128.8700767,71.6838551],[128.8701022,71.6838554],[128.8701276,71.6838547],[128.870152,71.6838531],[128.8701763,71.6838506],[128.8701994,71.6838471],[128.8702188,71.6838432],[128.870239,71.683838],[128.8702566,71.6838323],[128.8702718,71.6838258],[128.8702842,71.6838191],[128.8702939,71.6838121],[128.8703012,71.6838042],[128.8703052,71.6837963],[128.8703061,71.6837882]]]}},{"type":"Feature","id":"osm-way-237901959","properties":{"buildingId":"osm-way-237901959","osmBuildingId":"osm-way-237901959","osmId":237901959,"building":"yes","levels":null,"height":8,"minHeight":null,"roofShape":null,"buildingMaterial":null,"facadeMaterial":null,"name":null,"address":null,"centerLon":128.86854038,"centerLat":71.68346993400002,"source":"OpenStreetMap"},"geometry":{"type":"Polygon","coordinates":[[[128.8687456,71.683467],[128.8687433,71.683459],[128.8687377,71.6834508],[128.8687295,71.6834434],[128.8687183,71.6834363],[128.868704,71.6834294],[128.8686868,71.6834231],[128.8686666,71.6834173],[128.8686455,71.6834127],[128.8686219,71.6834088],[128.8685964,71.6834059],[128.8685713,71.683404],[128.8685438,71.6834032],[128.8685164,71.6834035],[128.8684901,71.6834049],[128.8684634,71.6834074],[128.8684394,71.6834108],[128.8684159,71.6834154],[128.8683955,71.6834206],[128.8683762,71.683427],[128.8683608,71.6834337],[128.8683475,71.6834414],[128.8683383,71.683449],[128.8683318,71.6834573],[128.8683288,71.6834656],[128.8683297,71.6834755],[128.8683355,71.6834854],[128.868344,71.6834935],[128.8683546,71.6835004],[128.8683688,71.6835074],[128.8683846,71.6835134],[128.8684022,71.6835187],[128.8684231,71.6835236],[128.8684452,71.6835275],[128.8684677,71.6835305],[128.8684921,71.6835327],[128.8685161,71.6835339],[128.8685416,71.6835342],[128.868567,71.6835335],[128.8685914,71.6835319],[128.8686157,71.6835294],[128.8686388,71.6835259],[128.8686582,71.6835221],[128.8686785,71.6835169],[128.868696,71.6835111],[128.8687113,71.6835047],[128.8687236,71.6834979],[128.8687333,71.683491],[128.8687406,71.683483],[128.8687446,71.6834751],[128.8687456,71.683467]]]}},{"type":"Feature","id":"osm-way-237901960","properties":{"buildingId":"osm-way-237901960","osmBuildingId":"osm-way-237901960","osmId":237901960,"building":"yes","levels":null,"height":10.5,"minHeight":null,"roofShape":null,"buildingMaterial":null,"facadeMaterial":null,"name":null,"address":null,"centerLon":128.86932757600005,"centerLat":71.68361750400003,"source":"OpenStreetMap"},"geometry":{"type":"Polygon","coordinates":[[[128.8695328,71.6836146],[128.8695305,71.6836066],[128.8695249,71.6835984],[128.8695166,71.683591],[128.8695055,71.6835838],[128.8694912,71.6835769],[128.869474,71.6835707],[128.8694538,71.6835649],[128.8694327,71.6835602],[128.8694091,71.6835564],[128.8693836,71.6835534],[128.8693585,71.6835516],[128.8693309,71.6835508],[128.8693036,71.6835511],[128.8692773,71.6835524],[128.8692506,71.683555],[128.8692266,71.6835584],[128.8692031,71.6835629],[128.8691827,71.6835682],[128.8691634,71.6835746],[128.869148,71.6835813],[128.8691347,71.683589],[128.8691255,71.6835966],[128.869119,71.6836049],[128.869116,71.6836132],[128.8691169,71.6836231],[128.8691227,71.683633],[128.8691312,71.683641],[128.8691418,71.683648],[128.869156,71.6836549],[128.8691718,71.6836609],[128.8691894,71.6836662],[128.8692103,71.6836711],[128.8692324,71.6836751],[128.8692549,71.6836781],[128.8692793,71.6836803],[128.8693033,71.6836815],[128.8693288,71.6836818],[128.8693542,71.6836811],[128.8693786,71.6836795],[128.8694029,71.683677],[128.869426,71.6836735],[128.8694454,71.6836696],[128.8694657,71.6836644],[128.8694832,71.6836587],[128.8694985,71.6836522],[128.8695108,71.6836455],[128.8695205,71.6836385],[128.8695278,71.6836306],[128.8695318,71.6836227],[128.8695328,71.6836146]]]}},{"type":"Feature","id":"osm-way-237901961","properties":{"buildingId":"osm-way-237901961","osmBuildingId":"osm-way-237901961","osmId":237901961,"building":"yes","levels":null,"height":13,"minHeight":null,"roofShape":null,"buildingMaterial":null,"facadeMaterial":null,"name":null,"address":null,"centerLon":128.87069021800002,"centerLat":71.68395169600001,"source":"OpenStreetMap"},"geometry":{"type":"Polygon","coordinates":[[[128.8708954,71.6839487],[128.8708932,71.6839408],[128.8708875,71.6839326],[128.8708793,71.6839252],[128.8708682,71.683918],[128.8708538,71.6839111],[128.8708367,71.6839049],[128.8708164,71.6838991],[128.8707953,71.6838944],[128.8707717,71.6838906],[128.8707462,71.6838876],[128.8707212,71.6838858],[128.8706936,71.683885],[128.8706663,71.6838853],[128.8706399,71.6838866],[128.8706133,71.6838891],[128.8705893,71.6838926],[128.8705658,71.6838971],[128.8705453,71.6839024],[128.8705261,71.6839088],[128.8705106,71.6839155],[128.8704973,71.6839232],[128.8704881,71.6839308],[128.8704816,71.6839391],[128.8704786,71.6839474],[128.8704796,71.6839572],[128.8704854,71.6839672],[128.8704938,71.6839752],[128.8705045,71.6839822],[128.8705187,71.6839891],[128.8705345,71.6839951],[128.8705521,71.6840004],[128.8705729,71.6840053],[128.870595,71.6840093],[128.8706175,71.6840123],[128.8706419,71.6840144],[128.8706659,71.6840157],[128.8706914,71.684016],[128.8707168,71.6840153],[128.8707413,71.6840137],[128.8707655,71.6840112],[128.8707887,71.6840077],[128.870808,71.6840038],[128.8708283,71.6839986],[128.8708458,71.6839929],[128.8708611,71.6839864],[128.8708735,71.6839797],[128.8708831,71.6839727],[128.8708904,71.6839648],[128.8708945,71.6839569],[128.8708954,71.6839487]]]}},{"type":"Feature","id":"osm-way-237901962","properties":{"buildingId":"osm-way-237901962","osmBuildingId":"osm-way-237901962","osmId":237901962,"building":"yes","levels":null,"height":15.5,"minHeight":null,"roofShape":null,"buildingMaterial":null,"facadeMaterial":null,"name":null,"address":null,"centerLon":128.86701202200004,"centerLat":71.68313574400003,"source":"OpenStreetMap"},"geometry":{"type":"Polygon","coordinates":[[[128.8672172,71.6831328],[128.867215,71.6831248],[128.8672093,71.6831166],[128.8672011,71.6831092],[128.86719,71.6831021],[128.8671756,71.6830952],[128.8671585,71.6830889],[128.8671382,71.6830831],[128.8671171,71.6830785],[128.8670935,71.6830746],[128.867068,71.6830717],[128.867043,71.6830699],[128.8670154,71.683069],[128.8669881,71.6830693],[128.8669617,71.6830707],[128.8669351,71.6830732],[128.8669111,71.6830766],[128.8668876,71.6830812],[128.8668671,71.6830864],[128.8668479,71.6830929],[128.8668324,71.6830996],[128.8668191,71.6831072],[128.8668099,71.6831148],[128.8668034,71.6831231],[128.8668005,71.6831314],[128.8668014,71.6831413],[128.8668072,71.6831512],[128.8668157,71.6831593],[128.8668263,71.6831662],[128.8668405,71.6831732],[128.8668563,71.6831792],[128.8668739,71.6831845],[128.8668947,71.6831894],[128.8669168,71.6831934],[128.8669393,71.6831963],[128.8669637,71.6831985],[128.8669877,71.6831997],[128.8670132,71.6832001],[128.8670386,71.6831993],[128.8670631,71.6831977],[128.8670873,71.6831952],[128.8671105,71.6831917],[128.8671298,71.6831879],[128.8671501,71.6831827],[128.8671676,71.6831769],[128.8671829,71.6831705],[128.8671953,71.6831637],[128.8672049,71.6831568],[128.8672122,71.6831488],[128.8672163,71.6831409],[128.8672172,71.6831328]]]}},{"type":"Feature","id":"osm-way-237901963","properties":{"buildingId":"osm-way-237901963","osmBuildingId":"osm-way-237901963","osmId":237901963,"building":"yes","levels":null,"height":18,"minHeight":null,"roofShape":null,"buildingMaterial":null,"facadeMaterial":null,"name":null,"address":null,"centerLon":128.86660692200002,"centerLat":71.683364322,"source":"OpenStreetMap"},"geometry":{"type":"Polygon","coordinates":[[[128.8668121,71.6833614],[128.8668099,71.6833534],[128.8668042,71.6833452],[128.866796,71.6833378],[128.8667849,71.6833306],[128.8667705,71.6833238],[128.8667534,71.6833175],[128.8667331,71.6833117],[128.866712,71.6833071],[128.8666884,71.6833032],[128.8666629,71.6833002],[128.8666379,71.6832984],[128.8666103,71.6832976],[128.866583,71.6832979],[128.8665566,71.6832993],[128.86653,71.6833018],[128.866506,71.6833052],[128.8664825,71.6833098],[128.866462,71.683315],[128.8664428,71.6833214],[128.8664273,71.6833281],[128.866414,71.6833358],[128.8664048,71.6833434],[128.8663983,71.6833517],[128.8663954,71.68336],[128.8663963,71.6833699],[128.8664021,71.6833798],[128.8664106,71.6833879],[128.8664212,71.6833948],[128.8664354,71.6834018],[128.8664512,71.6834078],[128.8664688,71.683413],[128.8664896,71.6834179],[128.8665117,71.6834219],[128.8665342,71.6834249],[128.8665586,71.6834271],[128.8665826,71.6834283],[128.8666081,71.6834286],[128.8666335,71.6834279],[128.866658,71.6834263],[128.8666822,71.6834238],[128.8667054,71.6834203],[128.8667247,71.6834165],[128.866745,71.6834112],[128.8667625,71.6834055],[128.8667778,71.6833991],[128.8667902,71.6833923],[128.8667998,71.6833853],[128.8668071,71.6833774],[128.8668112,71.6833695],[128.8668121,71.6833614]]]}},{"type":"Feature","id":"osm-way-237901964","properties":{"buildingId":"osm-way-237901964","osmBuildingId":"osm-way-237901964","osmId":237901964,"building":"yes","levels":null,"height":20.5,"minHeight":null,"roofShape":null,"buildingMaterial":null,"facadeMaterial":null,"name":null,"address":null,"centerLon":128.86569494999995,"centerLat":71.68386181,"source":"OpenStreetMap"},"geometry":{"type":"Polygon","coordinates":[[[128.865869,71.6838593],[128.8658671,71.6838525],[128.8658623,71.6838456],[128.8658553,71.6838393],[128.8658459,71.6838332],[128.8658337,71.6838274],[128.8658192,71.6838221],[128.865802,71.6838172],[128.8657841,71.6838132],[128.8657641,71.68381],[128.8657425,71.6838074],[128.8657212,71.6838059],[128.8656978,71.6838052],[128.8656746,71.6838055],[128.8656523,71.6838066],[128.8656297,71.6838088],[128.8656093,71.6838117],[128.8655894,71.6838155],[128.8655721,71.68382],[128.8655557,71.6838254],[128.8655426,71.6838311],[128.8655313,71.6838376],[128.8655235,71.6838441],[128.865518,71.6838511],[128.8655155,71.6838582],[128.8655163,71.6838665],[128.8655212,71.6838749],[128.8655284,71.6838818],[128.8655374,71.6838877],[128.8655494,71.6838936],[128.8655628,71.6838987],[128.8655778,71.6839031],[128.8655954,71.6839073],[128.8656142,71.6839107],[128.8656333,71.6839132],[128.865654,71.683915],[128.8656743,71.6839161],[128.865696,71.6839164],[128.8657175,71.6839158],[128.8657382,71.6839144],[128.8657588,71.6839123],[128.8657785,71.6839093],[128.8657949,71.683906],[128.8658121,71.6839016],[128.8658269,71.6838967],[128.8658399,71.6838913],[128.8658504,71.6838855],[128.8658586,71.6838796],[128.8658648,71.6838729],[128.8658682,71.6838662],[128.865869,71.6838593]]]}},{"type":"Feature","id":"osm-way-237902148","properties":{"buildingId":"osm-way-237902148","osmBuildingId":"osm-way-237902148","osmId":237902148,"building":"yes","levels":null,"height":8,"minHeight":null,"roofShape":null,"buildingMaterial":null,"facadeMaterial":null,"name":null,"address":null,"centerLon":128.890674716,"centerLat":71.70624292399998,"source":"OpenStreetMap"},"geometry":{"type":"Polygon","coordinates":[[[128.8908804,71.70624],[128.8908781,71.706232],[128.8908725,71.7062238],[128.8908642,71.7062164],[128.8908531,71.7062092],[128.8908387,71.7062023],[128.8908215,71.706196],[128.8908012,71.7061902],[128.8907801,71.7061856],[128.8907564,71.7061817],[128.8907309,71.7061788],[128.8907057,71.706177],[128.8906781,71.7061761],[128.8906507,71.7061764],[128.8906243,71.7061778],[128.8905976,71.7061803],[128.8905735,71.7061837],[128.89055,71.7061883],[128.8905295,71.7061935],[128.8905102,71.7062],[128.8904947,71.7062067],[128.8904814,71.7062144],[128.8904721,71.706222],[128.8904657,71.7062303],[128.8904627,71.7062386],[128.8904636,71.7062485],[128.8904694,71.7062584],[128.8904779,71.7062665],[128.8904885,71.7062734],[128.8905028,71.7062804],[128.8905186,71.7062864],[128.8905362,71.7062917],[128.8905571,71.7062966],[128.8905793,71.7063006],[128.8906018,71.7063036],[128.8906263,71.7063058],[128.8906504,71.706307],[128.8906759,71.7063073],[128.8907014,71.7063066],[128.8907259,71.706305],[128.8907502,71.7063025],[128.8907734,71.706299],[128.8907928,71.7062951],[128.8908131,71.7062899],[128.8908307,71.7062841],[128.890846,71.7062777],[128.8908584,71.7062709],[128.890868,71.706264],[128.8908754,71.706256],[128.8908794,71.7062481],[128.8908804,71.70624]]]}},{"type":"Feature","id":"osm-way-237902158","properties":{"buildingId":"osm-way-237902158","osmBuildingId":"osm-way-237902158","osmId":237902158,"building":"yes","levels":null,"height":10.5,"minHeight":null,"roofShape":null,"buildingMaterial":null,"facadeMaterial":null,"name":null,"address":null,"centerLon":128.891515464,"centerLat":71.706215564,"source":"OpenStreetMap"},"geometry":{"type":"Polygon","coordinates":[[[128.8917211,71.7062126],[128.8917189,71.7062046],[128.8917132,71.7061964],[128.891705,71.706189],[128.8916938,71.7061819],[128.8916794,71.706175],[128.8916623,71.7061687],[128.891642,71.7061629],[128.8916208,71.7061582],[128.8915972,71.7061544],[128.8915716,71.7061514],[128.8915465,71.7061496],[128.8915188,71.7061488],[128.8914915,71.7061491],[128.8914651,71.7061504],[128.8914383,71.706153],[128.8914143,71.7061564],[128.8913907,71.706161],[128.8913703,71.7061662],[128.8913509,71.7061726],[128.8913355,71.7061793],[128.8913221,71.706187],[128.8913129,71.7061946],[128.8913064,71.7062029],[128.8913034,71.7062113],[128.8913043,71.7062211],[128.8913102,71.7062311],[128.8913186,71.7062391],[128.8913293,71.7062461],[128.8913435,71.7062531],[128.8913594,71.7062591],[128.891377,71.7062643],[128.8913979,71.7062692],[128.89142,71.7062732],[128.8914426,71.7062762],[128.8914671,71.7062784],[128.8914911,71.7062796],[128.8915167,71.7062799],[128.8915421,71.7062792],[128.8915666,71.7062776],[128.8915909,71.7062751],[128.8916142,71.7062716],[128.8916335,71.7062678],[128.8916539,71.7062625],[128.8916714,71.7062568],[128.8916867,71.7062503],[128.8916991,71.7062436],[128.8917088,71.7062366],[128.8917161,71.7062287],[128.8917202,71.7062207],[128.8917211,71.7062126]]]}},{"type":"Feature","id":"osm-way-237902180","properties":{"buildingId":"osm-way-237902180","osmBuildingId":"osm-way-237902180","osmId":237902180,"building":"yes","levels":null,"height":20.5,"minHeight":null,"roofShape":null,"buildingMaterial":null,"facadeMaterial":null,"name":null,"address":null,"centerLon":128.89086027,"centerLat":71.70677644199998,"source":"OpenStreetMap"},"geometry":{"type":"Polygon","coordinates":[[[128.8910659,71.7067735],[128.8910637,71.7067655],[128.891058,71.7067573],[128.8910498,71.7067499],[128.8910386,71.7067427],[128.8910242,71.7067358],[128.8910071,71.7067296],[128.8909868,71.7067238],[128.8909656,71.7067191],[128.890942,71.7067153],[128.8909164,71.7067123],[128.8908913,71.7067105],[128.8908636,71.7067096],[128.8908363,71.70671],[128.8908099,71.7067113],[128.8907832,71.7067138],[128.8907591,71.7067173],[128.8907355,71.7067218],[128.8907151,71.7067271],[128.8906957,71.7067335],[128.8906803,71.7067402],[128.8906669,71.7067479],[128.8906577,71.7067555],[128.8906512,71.7067638],[128.8906482,71.7067721],[128.8906491,71.706782],[128.890655,71.7067919],[128.8906634,71.7068],[128.8906741,71.706807],[128.8906883,71.7068139],[128.8907042,71.7068199],[128.8907218,71.7068252],[128.8907427,71.7068301],[128.8907648,71.7068341],[128.8907874,71.7068371],[128.8908119,71.7068393],[128.8908359,71.7068405],[128.8908615,71.7068408],[128.890887,71.7068401],[128.8909114,71.7068385],[128.8909357,71.706836],[128.890959,71.7068325],[128.8909784,71.7068286],[128.8909987,71.7068234],[128.8910162,71.7068177],[128.8910315,71.7068112],[128.8910439,71.7068044],[128.8910536,71.7067975],[128.8910609,71.7067896],[128.891065,71.7067816],[128.8910659,71.7067735]]]}},{"type":"Feature","id":"osm-way-237902202","properties":{"buildingId":"osm-way-237902202","osmBuildingId":"osm-way-237902202","osmId":237902202,"building":"yes","levels":null,"height":8,"minHeight":null,"roofShape":null,"buildingMaterial":null,"facadeMaterial":null,"name":null,"address":null,"centerLon":128.89058286400004,"centerLat":71.706504606,"source":"OpenStreetMap"},"geometry":{"type":"Polygon","coordinates":[[[128.8907885,71.7065016],[128.8907863,71.7064937],[128.8907806,71.7064855],[128.8907724,71.706478],[128.8907612,71.7064709],[128.8907468,71.706464],[128.8907297,71.7064577],[128.8907094,71.7064519],[128.8906882,71.7064473],[128.8906646,71.7064434],[128.890639,71.7064404],[128.8906139,71.7064386],[128.8905862,71.7064378],[128.8905589,71.7064381],[128.8905325,71.7064395],[128.8905057,71.706442],[128.8904817,71.7064454],[128.8904581,71.70645],[128.8904377,71.7064552],[128.8904183,71.7064617],[128.8904029,71.7064684],[128.8903895,71.706476],[128.8903803,71.7064837],[128.8903738,71.706492],[128.8903708,71.7065003],[128.8903717,71.7065102],[128.8903776,71.7065201],[128.890386,71.7065282],[128.8903967,71.7065351],[128.8904109,71.7065421],[128.8904268,71.7065481],[128.8904444,71.7065534],[128.8904653,71.7065583],[128.8904874,71.7065623],[128.89051,71.7065652],[128.8905345,71.7065674],[128.8905585,71.7065687],[128.8905841,71.706569],[128.8906095,71.7065683],[128.890634,71.7065667],[128.8906583,71.7065641],[128.8906816,71.7065607],[128.8907009,71.7065568],[128.8907213,71.7065516],[128.8907388,71.7065458],[128.8907541,71.7065394],[128.8907665,71.7065326],[128.8907762,71.7065256],[128.8907835,71.7065177],[128.8907876,71.7065098],[128.8907885,71.7065016]]]}},{"type":"Feature","id":"osm-way-237902207","properties":{"buildingId":"osm-way-237902207","osmBuildingId":"osm-way-237902207","osmId":237902207,"building":"yes","levels":null,"height":20.5,"minHeight":null,"roofShape":null,"buildingMaterial":null,"facadeMaterial":null,"name":null,"address":null,"centerLon":128.89160495200002,"centerLat":71.70648168800001,"source":"OpenStreetMap"},"geometry":{"type":"Polygon","coordinates":[[[128.8918106,71.7064787],[128.8918084,71.7064707],[128.8918027,71.7064625],[128.8917945,71.7064551],[128.8917833,71.706448],[128.8917689,71.7064411],[128.8917518,71.7064348],[128.8917314,71.706429],[128.8917103,71.7064244],[128.8916867,71.7064205],[128.8916611,71.7064175],[128.891636,71.7064157],[128.8916083,71.7064149],[128.8915809,71.7064152],[128.8915546,71.7064166],[128.8915278,71.7064191],[128.8915038,71.7064225],[128.8914802,71.7064271],[128.8914597,71.7064323],[128.8914404,71.7064387],[128.891425,71.7064455],[128.8914116,71.7064531],[128.8914024,71.7064607],[128.8913959,71.7064691],[128.8913929,71.7064774],[128.8913938,71.7064872],[128.8913996,71.7064972],[128.8914081,71.7065052],[128.8914188,71.7065122],[128.891433,71.7065192],[128.8914488,71.7065252],[128.8914665,71.7065305],[128.8914874,71.7065354],[128.8915095,71.7065394],[128.8915321,71.7065423],[128.8915566,71.7065445],[128.8915806,71.7065457],[128.8916062,71.7065461],[128.8916316,71.7065454],[128.8916561,71.7065437],[128.8916804,71.7065412],[128.8917036,71.7065377],[128.891723,71.7065339],[128.8917434,71.7065287],[128.8917609,71.7065229],[128.8917762,71.7065165],[128.8917886,71.7065097],[128.8917983,71.7065027],[128.8918056,71.7064948],[128.8918097,71.7064869],[128.8918106,71.7064787]]]}},{"type":"Feature","id":"osm-way-237902228","properties":{"buildingId":"osm-way-237902228","osmBuildingId":"osm-way-237902228","osmId":237902228,"building":"yes","levels":null,"height":28,"minHeight":null,"roofShape":null,"buildingMaterial":null,"facadeMaterial":null,"name":null,"address":null,"centerLon":128.89165913,"centerLat":71.706755934,"source":"OpenStreetMap"},"geometry":{"type":"Polygon","coordinates":[[[128.8918648,71.706753],[128.8918625,71.706745],[128.8918569,71.7067368],[128.8918486,71.7067294],[128.8918375,71.7067222],[128.8918231,71.7067153],[128.8918059,71.7067091],[128.8917856,71.7067033],[128.8917645,71.7066986],[128.8917408,71.7066947],[128.8917153,71.7066918],[128.8916901,71.70669],[128.8916625,71.7066891],[128.8916351,71.7066895],[128.8916087,71.7066908],[128.891582,71.7066933],[128.8915579,71.7066967],[128.8915344,71.7067013],[128.8915139,71.7067065],[128.8914946,71.706713],[128.8914791,71.7067197],[128.8914658,71.7067274],[128.8914566,71.706735],[128.8914501,71.7067433],[128.8914471,71.7067516],[128.891448,71.7067615],[128.8914538,71.7067714],[128.8914623,71.7067795],[128.891473,71.7067865],[128.8914872,71.7067934],[128.891503,71.7067994],[128.8915207,71.7068047],[128.8915416,71.7068096],[128.8915637,71.7068136],[128.8915863,71.7068166],[128.8916107,71.7068188],[128.8916348,71.70682],[128.8916603,71.7068203],[128.8916858,71.7068196],[128.8917103,71.706818],[128.8917346,71.7068155],[128.8917578,71.706812],[128.8917772,71.7068081],[128.8917975,71.7068029],[128.8918151,71.7067972],[128.8918304,71.7067907],[128.8918428,71.7067839],[128.8918525,71.706777],[128.8918598,71.706769],[128.8918639,71.7067611],[128.8918648,71.706753]]]}},{"type":"Feature","id":"osm-way-246680243","properties":{"buildingId":"osm-way-246680243","osmBuildingId":"osm-way-246680243","osmId":246680243,"building":"yes","levels":null,"height":28,"minHeight":null,"roofShape":null,"buildingMaterial":null,"facadeMaterial":null,"name":null,"address":null,"centerLon":128.85992275,"centerLat":71.6330129,"source":"OpenStreetMap"},"geometry":{"type":"Polygon","coordinates":[[[128.8600125,71.6331422],[128.8595346,71.6329623],[128.859833,71.6328836],[128.8603109,71.6330635],[128.8600125,71.6331422]]]}},{"type":"Feature","id":"osm-way-254615898","properties":{"buildingId":"osm-way-254615898","osmBuildingId":"osm-way-254615898","osmId":254615898,"building":"yes","levels":null,"height":15.5,"minHeight":null,"roofShape":null,"buildingMaterial":null,"facadeMaterial":null,"name":null,"address":null,"centerLon":128.85927965,"centerLat":71.63078254999999,"source":"OpenStreetMap"},"geometry":{"type":"Polygon","coordinates":[[[128.8590546,71.6309078],[128.8588735,71.6308484],[128.8595047,71.6306573],[128.8596858,71.6307167],[128.8590546,71.6309078]]]}},{"type":"Feature","id":"osm-way-254615899","properties":{"buildingId":"osm-way-254615899","osmBuildingId":"osm-way-254615899","osmId":254615899,"building":"yes","levels":null,"height":18,"minHeight":null,"roofShape":null,"buildingMaterial":null,"facadeMaterial":null,"name":null,"address":null,"centerLon":128.86775225,"centerLat":71.63292255,"source":"OpenStreetMap"},"geometry":{"type":"Polygon","coordinates":[[[128.8675464,71.6329512],[128.8676783,71.6328556],[128.8679581,71.6328939],[128.8678262,71.6329895],[128.8675464,71.6329512]]]}},{"type":"Feature","id":"osm-way-254615900","properties":{"buildingId":"osm-way-254615900","osmBuildingId":"osm-way-254615900","osmId":254615900,"building":"yes","levels":null,"height":20.5,"minHeight":null,"roofShape":null,"buildingMaterial":null,"facadeMaterial":null,"name":null,"address":null,"centerLon":128.8681109,"centerLat":71.63298995000001,"source":"OpenStreetMap"},"geometry":{"type":"Polygon","coordinates":[[[128.8678861,71.6329977],[128.8679854,71.6329307],[128.8683357,71.6329822],[128.8682364,71.6330492],[128.8678861,71.6329977]]]}},{"type":"Feature","id":"osm-way-254615901","properties":{"buildingId":"osm-way-254615901","osmBuildingId":"osm-way-254615901","osmId":254615901,"building":"yes","levels":null,"height":23,"minHeight":null,"roofShape":null,"buildingMaterial":null,"facadeMaterial":null,"name":null,"address":null,"centerLon":128.868464475,"centerLat":71.63304579999999,"source":"OpenStreetMap"},"geometry":{"type":"Polygon","coordinates":[[[128.8685262,71.6330976],[128.8682954,71.6330608],[128.8684028,71.632994],[128.8686335,71.6330308],[128.8685262,71.6330976]]]}},{"type":"Feature","id":"osm-way-254615902","properties":{"buildingId":"osm-way-254615902","osmBuildingId":"osm-way-254615902","osmId":254615902,"building":"yes","levels":null,"height":25.5,"minHeight":null,"roofShape":null,"buildingMaterial":null,"facadeMaterial":null,"name":null,"address":null,"centerLon":128.871369775,"centerLat":71.632785175,"source":"OpenStreetMap"},"geometry":{"type":"Polygon","coordinates":[[[128.8715348,71.6328508],[128.8711059,71.6327754],[128.8712047,71.6327196],[128.8716337,71.6327949],[128.8715348,71.6328508]]]}},{"type":"Feature","id":"osm-way-254615903","properties":{"buildingId":"osm-way-254615903","osmBuildingId":"osm-way-254615903","osmId":254615903,"building":"yes","levels":null,"height":28,"minHeight":null,"roofShape":null,"buildingMaterial":null,"facadeMaterial":null,"name":null,"address":null,"centerLon":128.85741885,"centerLat":71.63249975,"source":"OpenStreetMap"},"geometry":{"type":"Polygon","coordinates":[[[128.8572153,71.6325913],[128.8570925,71.6325436],[128.8576224,71.6324082],[128.8577452,71.6324559],[128.8572153,71.6325913]]]}},{"type":"Feature","id":"osm-way-254617182","properties":{"buildingId":"osm-way-254617182","osmBuildingId":"osm-way-254617182","osmId":254617182,"building":"yes","levels":null,"height":8,"minHeight":null,"roofShape":null,"buildingMaterial":null,"facadeMaterial":null,"name":null,"address":null,"centerLon":128.8893554,"centerLat":71.699176,"source":"OpenStreetMap"},"geometry":{"type":"Polygon","coordinates":[[[128.8891949,71.6992184],[128.8891792,71.6991403],[128.8895159,71.6991336],[128.8895316,71.6992117],[128.8891949,71.6992184]]]}},{"type":"Feature","id":"osm-way-411926584","properties":{"buildingId":"osm-way-411926584","osmBuildingId":"osm-way-411926584","osmId":411926584,"building":"yes","levels":null,"height":18,"minHeight":null,"roofShape":null,"buildingMaterial":null,"facadeMaterial":null,"name":null,"address":null,"centerLon":128.8634752,"centerLat":71.699987725,"source":"OpenStreetMap"},"geometry":{"type":"Polygon","coordinates":[[[128.8633149,71.700008],[128.8635389,71.7000382],[128.8636355,71.6999674],[128.8634115,71.6999373],[128.8633149,71.700008]]]}},{"type":"Feature","id":"osm-way-411926585","properties":{"buildingId":"osm-way-411926585","osmBuildingId":"osm-way-411926585","osmId":411926585,"building":"yes","levels":null,"height":20.5,"minHeight":null,"roofShape":null,"buildingMaterial":null,"facadeMaterial":null,"name":null,"address":null,"centerLon":128.8298704,"centerLat":71.696109425,"source":"OpenStreetMap"},"geometry":{"type":"Polygon","coordinates":[[[128.8301521,71.696206],[128.8302753,71.6961409],[128.8295887,71.6960128],[128.8294655,71.696078],[128.8301521,71.696206]]]}},{"type":"Feature","id":"osm-way-411926586","properties":{"buildingId":"osm-way-411926586","osmBuildingId":"osm-way-411926586","osmId":411926586,"building":"yes","levels":null,"height":23,"minHeight":null,"roofShape":null,"buildingMaterial":null,"facadeMaterial":null,"name":null,"address":null,"centerLon":128.8322801,"centerLat":71.694924775,"source":"OpenStreetMap"},"geometry":{"type":"Polygon","coordinates":[[[128.8321155,71.6949441],[128.832432,71.6949526],[128.8324447,71.6949054],[128.8321282,71.694897],[128.8321155,71.6949441]]]}},{"type":"Feature","id":"osm-way-411926587","properties":{"buildingId":"osm-way-411926587","osmBuildingId":"osm-way-411926587","osmId":411926587,"building":"yes","levels":null,"height":25.5,"minHeight":null,"roofShape":null,"buildingMaterial":null,"facadeMaterial":null,"name":null,"address":null,"centerLon":128.84655650000002,"centerLat":71.6938471,"source":"OpenStreetMap"},"geometry":{"type":"Polygon","coordinates":[[[128.8462883,71.6938709],[128.8468033,71.6938877],[128.8468247,71.6938233],[128.8463097,71.6938065],[128.8462883,71.6938709]]]}},{"type":"Feature","id":"osm-way-411926588","properties":{"buildingId":"osm-way-411926588","osmBuildingId":"osm-way-411926588","osmId":411926588,"building":"yes","levels":null,"height":28,"minHeight":null,"roofShape":null,"buildingMaterial":null,"facadeMaterial":null,"name":null,"address":null,"centerLon":128.8294895,"centerLat":71.69625435,"source":"OpenStreetMap"},"geometry":{"type":"Polygon","coordinates":[[[128.829841,71.696361],[128.8299534,71.6963027],[128.829138,71.6961477],[128.8290256,71.696206],[128.829841,71.696361]]]}},{"type":"Feature","id":"osm-way-411926589","properties":{"buildingId":"osm-way-411926589","osmBuildingId":"osm-way-411926589","osmId":411926589,"building":"yes","levels":null,"height":8,"minHeight":null,"roofShape":null,"buildingMaterial":null,"facadeMaterial":null,"name":null,"address":null,"centerLon":128.881528,"centerLat":71.701679125,"source":"OpenStreetMap"},"geometry":{"type":"Polygon","coordinates":[[[128.8809853,71.7017513],[128.8820904,71.7017345],[128.8820707,71.7016069],[128.8809656,71.7016238],[128.8809853,71.7017513]]]}},{"type":"Feature","id":"osm-way-411926590","properties":{"buildingId":"osm-way-411926590","osmBuildingId":"osm-way-411926590","osmId":411926590,"building":"yes","levels":null,"height":10.5,"minHeight":null,"roofShape":null,"buildingMaterial":null,"facadeMaterial":null,"name":null,"address":null,"centerLon":128.867781275,"centerLat":71.6969388,"source":"OpenStreetMap"},"geometry":{"type":"Polygon","coordinates":[[[128.8675958,71.6969726],[128.867982,71.6969625],[128.8679668,71.696905],[128.8675805,71.6969151],[128.8675958,71.6969726]]]}},{"type":"Feature","id":"osm-way-411926591","properties":{"buildingId":"osm-way-411926591","osmBuildingId":"osm-way-411926591","osmId":411926591,"building":"yes","levels":null,"height":13,"minHeight":null,"roofShape":null,"buildingMaterial":null,"facadeMaterial":null,"name":null,"address":null,"centerLon":128.82933685,"centerLat":71.6956757,"source":"OpenStreetMap"},"geometry":{"type":"Polygon","coordinates":[[[128.8295209,71.6956699],[128.8292029,71.6956356],[128.8291528,71.6956815],[128.8294708,71.6957158],[128.8295209,71.6956699]]]}},{"type":"Feature","id":"osm-way-411926593","properties":{"buildingId":"osm-way-411926593","osmBuildingId":"osm-way-411926593","osmId":411926593,"building":"yes","levels":null,"height":18,"minHeight":null,"roofShape":null,"buildingMaterial":null,"facadeMaterial":null,"name":null,"address":null,"centerLon":128.82993932,"centerLat":71.69575604,"source":"OpenStreetMap"},"geometry":{"type":"Polygon","coordinates":[[[128.830592,71.6958623],[128.8306689,71.6957895],[128.8295209,71.6956699],[128.8294708,71.6957158],[128.829444,71.6957427],[128.830592,71.6958623]]]}},{"type":"Feature","id":"osm-way-490873259","properties":{"buildingId":"osm-way-490873259","osmBuildingId":"osm-way-490873259","osmId":490873259,"building":"yes","levels":null,"height":13,"minHeight":null,"roofShape":null,"buildingMaterial":null,"facadeMaterial":null,"name":null,"address":null,"centerLon":128.860566525,"centerLat":71.69026821874999,"source":"OpenStreetMap"},"geometry":{"type":"Polygon","coordinates":[[[128.8605665,71.6902438],[128.8605963,71.6902456],[128.8606215,71.6902509],[128.8606384,71.6902589],[128.8606443,71.6902682],[128.8606384,71.6902776],[128.8606215,71.6902855],[128.8605963,71.6902908],[128.8605665,71.6902927],[128.8605368,71.6902908],[128.8605115,71.6902855],[128.8604947,71.6902776],[128.8604887,71.6902682],[128.8604947,71.6902589],[128.8605115,71.6902509],[128.8605368,71.6902456],[128.8605665,71.6902438]]]}},{"type":"Feature","id":"osm-way-531553965","properties":{"buildingId":"osm-way-531553965","osmBuildingId":"osm-way-531553965","osmId":531553965,"building":"yes","levels":null,"height":23,"minHeight":null,"roofShape":null,"buildingMaterial":null,"facadeMaterial":null,"name":null,"address":null,"centerLon":128.888079375,"centerLat":71.69311392499999,"source":"OpenStreetMap"},"geometry":{"type":"Polygon","coordinates":[[[128.8879627,71.6931889],[128.8878975,71.6930531],[128.8881961,71.693039],[128.8882612,71.6931747],[128.8879627,71.6931889]]]}},{"type":"Feature","id":"osm-way-620820544","properties":{"buildingId":"osm-way-620820544","osmBuildingId":"osm-way-620820544","osmId":620820544,"building":"yes","levels":null,"height":18,"minHeight":null,"roofShape":null,"buildingMaterial":null,"facadeMaterial":null,"name":"Культурно-спортивный комплекс","address":null,"centerLon":128.85798012499998,"centerLat":71.635137,"source":"OpenStreetMap"},"geometry":{"type":"Polygon","coordinates":[[[128.8575435,71.6347901],[128.8568843,71.6349856],[128.8578501,71.6353088],[128.8579549,71.6352777],[128.8582947,71.6353915],[128.8587904,71.6352444],[128.8582322,71.6350577],[128.8582909,71.6350402],[128.8575435,71.6347901]]]}},{"type":"Feature","id":"osm-way-620830296","properties":{"buildingId":"osm-way-620830296","osmBuildingId":"osm-way-620830296","osmId":620830296,"building":"yes","levels":null,"height":8,"minHeight":null,"roofShape":null,"buildingMaterial":null,"facadeMaterial":null,"name":"Церковь Серафима Вырицкого и Николая Чудотворца","address":null,"centerLon":128.86294949999998,"centerLat":71.63699837499999,"source":"OpenStreetMap"},"geometry":{"type":"Polygon","coordinates":[[[128.8630407,71.6368911],[128.8627188,71.6369147],[128.8628583,71.637104],[128.8631802,71.6370837],[128.8630407,71.6368911]]]}},{"type":"Feature","id":"osm-way-642919814","properties":{"buildingId":"osm-way-642919814","osmBuildingId":"osm-way-642919814","osmId":642919814,"building":"yes","levels":null,"height":28,"minHeight":null,"roofShape":null,"buildingMaterial":null,"facadeMaterial":null,"name":null,"address":null,"centerLon":128.885183025,"centerLat":71.70223635,"source":"OpenStreetMap"},"geometry":{"type":"Polygon","coordinates":[[[128.8852941,71.7022762],[128.8852439,71.702187],[128.885072,71.7021965],[128.8851221,71.7022857],[128.8852941,71.7022762]]]}},{"type":"Feature","id":"osm-way-642919815","properties":{"buildingId":"osm-way-642919815","osmBuildingId":"osm-way-642919815","osmId":642919815,"building":"yes","levels":null,"height":8,"minHeight":null,"roofShape":null,"buildingMaterial":null,"facadeMaterial":null,"name":null,"address":null,"centerLon":128.8860185,"centerLat":71.70223552499999,"source":"OpenStreetMap"},"geometry":{"type":"Polygon","coordinates":[[[128.8862017,71.7023148],[128.886085,71.7021398],[128.8858353,71.7021562],[128.885952,71.7023313],[128.8862017,71.7023148]]]}},{"type":"Feature","id":"osm-way-642919816","properties":{"buildingId":"osm-way-642919816","osmBuildingId":"osm-way-642919816","osmId":642919816,"building":"yes","levels":null,"height":10.5,"minHeight":null,"roofShape":null,"buildingMaterial":null,"facadeMaterial":null,"name":null,"address":null,"centerLon":128.8927884,"centerLat":71.70512747500001,"source":"OpenStreetMap"},"geometry":{"type":"Polygon","coordinates":[[[128.8928467,71.7050748],[128.8929102,71.7051681],[128.8927301,71.7051802],[128.8926666,71.7050868],[128.8928467,71.7050748]]]}},{"type":"Feature","id":"osm-way-697172048","properties":{"buildingId":"osm-way-697172048","osmBuildingId":"osm-way-697172048","osmId":697172048,"building":"yes","levels":null,"height":28,"minHeight":null,"roofShape":null,"buildingMaterial":null,"facadeMaterial":null,"name":null,"address":null,"centerLon":128.8889903,"centerLat":71.63788389999999,"source":"OpenStreetMap"},"geometry":{"type":"Polygon","coordinates":[[[128.8888954,71.6379222],[128.8888793,71.6378502],[128.8890852,71.6378456],[128.8891013,71.6379176],[128.8888954,71.6379222]]]}},{"type":"Feature","id":"osm-way-729390745","properties":{"buildingId":"osm-way-729390745","osmBuildingId":"osm-way-729390745","osmId":729390745,"building":"yes","levels":null,"height":10.5,"minHeight":null,"roofShape":null,"buildingMaterial":null,"facadeMaterial":null,"name":null,"address":null,"centerLon":128.85049005000002,"centerLat":71.6323272,"source":"OpenStreetMap"},"geometry":{"type":"Polygon","coordinates":[[[128.850198,71.6323417],[128.850393,71.6324152],[128.8507821,71.6323127],[128.8505871,71.6322392],[128.850198,71.6323417]]]}},{"type":"Feature","id":"osm-way-736807598","properties":{"buildingId":"osm-way-736807598","osmBuildingId":"osm-way-736807598","osmId":736807598,"building":"yes","levels":null,"height":28,"minHeight":null,"roofShape":null,"buildingMaterial":null,"facadeMaterial":null,"name":null,"address":null,"centerLon":128.89075559999998,"centerLat":71.69731105,"source":"OpenStreetMap"},"geometry":{"type":"Polygon","coordinates":[[[128.8904643,71.6972556],[128.8904997,71.6973817],[128.8910469,71.6973665],[128.8910115,71.6972404],[128.8904643,71.6972556]]]}},{"type":"Feature","id":"osm-way-746641928","properties":{"buildingId":"osm-way-746641928","osmBuildingId":"osm-way-746641928","osmId":746641928,"building":"yes","levels":null,"height":13,"minHeight":null,"roofShape":null,"buildingMaterial":null,"facadeMaterial":null,"name":null,"address":null,"centerLon":128.7398242,"centerLat":71.697330275,"source":"OpenStreetMap"},"geometry":{"type":"Polygon","coordinates":[[[128.7400081,71.6974781],[128.7403289,71.6973375],[128.7396403,71.6971825],[128.7393195,71.697323],[128.7400081,71.6974781]]]}},{"type":"Feature","id":"osm-way-762284263","properties":{"buildingId":"osm-way-762284263","osmBuildingId":"osm-way-762284263","osmId":762284263,"building":"garages","levels":null,"height":18,"minHeight":null,"roofShape":null,"buildingMaterial":null,"facadeMaterial":null,"name":null,"address":null,"centerLon":128.8492324,"centerLat":71.636675325,"source":"OpenStreetMap"},"geometry":{"type":"Polygon","coordinates":[[[128.8498782,71.6370028],[128.8483774,71.6363995],[128.8485866,71.6363479],[128.8500874,71.6369511],[128.8498782,71.6370028]]]}},{"type":"Feature","id":"osm-way-775228437","properties":{"buildingId":"osm-way-775228437","osmBuildingId":"osm-way-775228437","osmId":775228437,"building":"yes","levels":null,"height":8,"minHeight":null,"roofShape":null,"buildingMaterial":null,"facadeMaterial":null,"name":null,"address":null,"centerLon":128.8197661,"centerLat":71.6904896,"source":"OpenStreetMap"},"geometry":{"type":"Polygon","coordinates":[[[128.8200267,71.6905172],[128.8198084,71.690575],[128.8195055,71.690462],[128.8197238,71.6904042],[128.8200267,71.6905172]]]}},{"type":"Feature","id":"osm-way-775228438","properties":{"buildingId":"osm-way-775228438","osmBuildingId":"osm-way-775228438","osmId":775228438,"building":"yes","levels":null,"height":10.5,"minHeight":null,"roofShape":null,"buildingMaterial":null,"facadeMaterial":null,"name":null,"address":null,"centerLon":128.8205716631579,"centerLat":71.69072346842106,"source":"OpenStreetMap"},"geometry":{"type":"Polygon","coordinates":[[[128.8202371,71.6906936],[128.8202877,71.6906607],[128.8203707,71.6906352],[128.8204763,71.6906201],[128.8205921,71.6906171],[128.8207042,71.6906266],[128.8207914,71.6906451],[128.8208562,71.6906712],[128.8208923,71.6907022],[128.8208961,71.6907353],[128.8208673,71.6907671],[128.8208087,71.6907945],[128.820726,71.690815],[128.8206272,71.6908264],[128.8205221,71.6908277],[128.8204108,71.6908173],[128.8203174,71.6907956],[128.8202529,71.6907653],[128.8202251,71.6907299],[128.8202371,71.6906936]]]}},{"type":"Feature","id":"osm-way-775228439","properties":{"buildingId":"osm-way-775228439","osmBuildingId":"osm-way-775228439","osmId":775228439,"building":"yes","levels":null,"height":13,"minHeight":null,"roofShape":null,"buildingMaterial":null,"facadeMaterial":null,"name":null,"address":null,"centerLon":128.82242155789473,"centerLat":71.69114792105263,"source":"OpenStreetMap"},"geometry":{"type":"Polygon","coordinates":[[[128.822087,71.691118],[128.8221376,71.6910852],[128.8222206,71.6910597],[128.8223262,71.6910445],[128.822442,71.6910415],[128.8225541,71.6910511],[128.8226413,71.6910696],[128.8227061,71.6910956],[128.8227421,71.6911267],[128.822746,71.6911597],[128.8227172,71.6911915],[128.8226586,71.691219],[128.8225759,71.6912394],[128.8224771,71.6912509],[128.822372,71.6912522],[128.8222607,71.6912418],[128.8221673,71.6912201],[128.8221028,71.6911897],[128.822075,71.6911543],[128.822087,71.691118]]]}},{"type":"Feature","id":"osm-way-784916131","properties":{"buildingId":"osm-way-784916131","osmBuildingId":"osm-way-784916131","osmId":784916131,"building":"yes","levels":null,"height":18,"minHeight":null,"roofShape":null,"buildingMaterial":null,"facadeMaterial":null,"name":null,"address":null,"centerLon":128.866621,"centerLat":71.63414785,"source":"OpenStreetMap"},"geometry":{"type":"Polygon","coordinates":[[[128.8666546,71.6341903],[128.8664837,71.6341543],[128.8665874,71.6341054],[128.8667583,71.6341414],[128.8666546,71.6341903]]]}},{"type":"Feature","id":"osm-way-860003941","properties":{"buildingId":"osm-way-860003941","osmBuildingId":"osm-way-860003941","osmId":860003941,"building":"yes","levels":null,"height":18,"minHeight":null,"roofShape":null,"buildingMaterial":null,"facadeMaterial":null,"name":null,"address":null,"centerLon":128.89093309999998,"centerLat":71.7013101,"source":"OpenStreetMap"},"geometry":{"type":"Polygon","coordinates":[[[128.8907459,71.701374],[128.8911563,71.7013614],[128.8911203,71.7012462],[128.8907099,71.7012588],[128.8907459,71.701374]]]}},{"type":"Feature","id":"osm-way-860007499","properties":{"buildingId":"osm-way-860007499","osmBuildingId":"osm-way-860007499","osmId":860007499,"building":"yes","levels":null,"height":25.5,"minHeight":null,"roofShape":null,"buildingMaterial":null,"facadeMaterial":null,"name":null,"address":null,"centerLon":128.88752777999997,"centerLat":71.70166342000002,"source":"OpenStreetMap"},"geometry":{"type":"Polygon","coordinates":[[[128.887646,71.7016458],[128.8874221,71.7016469],[128.8874235,71.7016753],[128.8874998,71.7016749],[128.8876475,71.7016742],[128.887646,71.7016458]]]}},{"type":"Feature","id":"osm-way-1072651432","properties":{"buildingId":"osm-way-1072651432","osmBuildingId":"osm-way-1072651432","osmId":1072651432,"building":"yes","levels":null,"height":18,"minHeight":null,"roofShape":null,"buildingMaterial":null,"facadeMaterial":null,"name":null,"address":null,"centerLon":128.82533668333335,"centerLat":71.65425156666667,"source":"OpenStreetMap"},"geometry":{"type":"Polygon","coordinates":[[[128.8252314,71.6543541],[128.8248398,71.654053],[128.825267,71.653998],[128.8257529,71.6543715],[128.8255116,71.6544026],[128.8254174,71.6543302],[128.8252314,71.6543541]]]}},{"type":"Feature","id":"osm-way-1072651433","properties":{"buildingId":"osm-way-1072651433","osmBuildingId":"osm-way-1072651433","osmId":1072651433,"building":"yes","levels":null,"height":20.5,"minHeight":null,"roofShape":null,"buildingMaterial":null,"facadeMaterial":null,"name":null,"address":null,"centerLon":128.82586128333335,"centerLat":71.65458700833334,"source":"OpenStreetMap"},"geometry":{"type":"Polygon","coordinates":[[[128.8269231,71.6548824],[128.8259918,71.6545279],[128.8255683,71.654638],[128.8254472,71.6545919],[128.8253393,71.65462],[128.8251445,71.6545459],[128.8253081,71.6545033],[128.8255205,71.6545842],[128.8258893,71.6544882],[128.8258378,71.6544686],[128.8261396,71.6543901],[128.8272259,71.6548036],[128.8269231,71.6548824]]]}},{"type":"Feature","id":"osm-way-1072651438","properties":{"buildingId":"osm-way-1072651438","osmBuildingId":"osm-way-1072651438","osmId":1072651438,"building":"yes","levels":null,"height":10.5,"minHeight":null,"roofShape":null,"buildingMaterial":null,"facadeMaterial":null,"name":null,"address":null,"centerLon":128.8941282,"centerLat":71.677278375,"source":"OpenStreetMap"},"geometry":{"type":"Polygon","coordinates":[[[128.8939378,71.6773479],[128.8939136,71.6772122],[128.8943213,71.6772071],[128.8943401,71.6773463],[128.8939378,71.6773479]]]}},{"type":"Feature","id":"osm-way-1072651447","properties":{"buildingId":"osm-way-1072651447","osmBuildingId":"osm-way-1072651447","osmId":1072651447,"building":"yes","levels":null,"height":10.5,"minHeight":null,"roofShape":null,"buildingMaterial":null,"facadeMaterial":null,"name":null,"address":null,"centerLon":128.73798205,"centerLat":71.6515234,"source":"OpenStreetMap"},"geometry":{"type":"Polygon","coordinates":[[[128.7378614,71.6515987],[128.7379182,71.6514415],[128.7381027,71.6514481],[128.7380459,71.6516053],[128.7378614,71.6515987]]]}},{"type":"Feature","id":"osm-way-1081390296","properties":{"buildingId":"osm-way-1081390296","osmBuildingId":"osm-way-1081390296","osmId":1081390296,"building":"yes","levels":null,"height":15.5,"minHeight":null,"roofShape":null,"buildingMaterial":null,"facadeMaterial":null,"name":"диспетчерская","address":null,"centerLon":128.890625575,"centerLat":71.6439898,"source":"OpenStreetMap"},"geometry":{"type":"Polygon","coordinates":[[[128.8903753,71.6440383],[128.8905145,71.6440755],[128.8908758,71.6439413],[128.8907367,71.6439041],[128.8903753,71.6440383]]]}},{"type":"Feature","id":"osm-way-1081390297","properties":{"buildingId":"osm-way-1081390297","osmBuildingId":"osm-way-1081390297","osmId":1081390297,"building":"yes","levels":null,"height":18,"minHeight":null,"roofShape":null,"buildingMaterial":null,"facadeMaterial":null,"name":"управление порта","address":null,"centerLon":128.88198542499998,"centerLat":71.642282875,"source":"OpenStreetMap"},"geometry":{"type":"Polygon","coordinates":[[[128.8820499,71.6423829],[128.8816954,71.6423285],[128.8819209,71.6421828],[128.8822755,71.6422373],[128.8820499,71.6423829]]]}},{"type":"Feature","id":"osm-way-1097660056","properties":{"buildingId":"osm-way-1097660056","osmBuildingId":"osm-way-1097660056","osmId":1097660056,"building":"yes","levels":null,"height":18,"minHeight":null,"roofShape":null,"buildingMaterial":null,"facadeMaterial":null,"name":"Храм Спаса Нерукотворного","address":null,"centerLon":128.854734775,"centerLat":71.69139315,"source":"OpenStreetMap"},"geometry":{"type":"Polygon","coordinates":[[[128.8549283,71.6913673],[128.8545565,71.6913581],[128.8545413,71.691419],[128.854913,71.6914282],[128.8549283,71.6913673]]]}},{"type":"Feature","id":"osm-way-1097660057","properties":{"buildingId":"osm-way-1097660057","osmBuildingId":"osm-way-1097660057","osmId":1097660057,"building":"yes","levels":null,"height":20.5,"minHeight":null,"roofShape":null,"buildingMaterial":null,"facadeMaterial":null,"name":null,"address":null,"centerLon":128.886967975,"centerLat":71.697098225,"source":"OpenStreetMap"},"geometry":{"type":"Polygon","coordinates":[[[128.8857716,71.6970593],[128.8880929,71.6969646],[128.8881643,71.6971371],[128.8858431,71.6972319],[128.8857716,71.6970593]]]}},{"type":"Feature","id":"osm-way-1097660058","properties":{"buildingId":"osm-way-1097660058","osmBuildingId":"osm-way-1097660058","osmId":1097660058,"building":"yes","levels":null,"height":23,"minHeight":null,"roofShape":null,"buildingMaterial":null,"facadeMaterial":null,"name":null,"address":null,"centerLon":128.857472575,"centerLat":71.69317125,"source":"OpenStreetMap"},"geometry":{"type":"Polygon","coordinates":[[[128.8593089,71.6931],[128.8557305,71.6929827],[128.8556448,71.6932457],[128.8592061,71.6933566],[128.8593089,71.6931]]]}},{"type":"Feature","id":"osm-way-1097660059","properties":{"buildingId":"osm-way-1097660059","osmBuildingId":"osm-way-1097660059","osmId":1097660059,"building":"yes","levels":null,"height":25.5,"minHeight":null,"roofShape":null,"buildingMaterial":null,"facadeMaterial":null,"name":null,"address":null,"centerLon":128.858649175,"centerLat":71.692533575,"source":"OpenStreetMap"},"geometry":{"type":"Polygon","coordinates":[[[128.859587,71.6924739],[128.8577669,71.6924173],[128.8577114,71.6925932],[128.8595314,71.6926499],[128.859587,71.6924739]]]}},{"type":"Feature","id":"osm-way-1097660060","properties":{"buildingId":"osm-way-1097660060","osmBuildingId":"osm-way-1097660060","osmId":1097660060,"building":"yes","levels":null,"height":28,"minHeight":null,"roofShape":null,"buildingMaterial":null,"facadeMaterial":null,"name":null,"address":null,"centerLon":128.862751125,"centerLat":71.69287154999999,"source":"OpenStreetMap"},"geometry":{"type":"Polygon","coordinates":[[[128.8639302,71.6928239],[128.8616183,71.692761],[128.8615789,71.6929167],[128.8638771,71.6929846],[128.8639302,71.6928239]]]}},{"type":"Feature","id":"osm-way-1097660061","properties":{"buildingId":"osm-way-1097660061","osmBuildingId":"osm-way-1097660061","osmId":1097660061,"building":"yes","levels":null,"height":8,"minHeight":null,"roofShape":null,"buildingMaterial":null,"facadeMaterial":null,"name":null,"address":null,"centerLon":128.862666525,"centerLat":71.69318502499999,"source":"OpenStreetMap"},"geometry":{"type":"Polygon","coordinates":[[[128.863838,71.6931435],[128.861554,71.6930748],[128.861502,71.6932257],[128.8637721,71.6932961],[128.863838,71.6931435]]]}},{"type":"Feature","id":"osm-way-1326195625","properties":{"buildingId":"osm-way-1326195625","osmBuildingId":"osm-way-1326195625","osmId":1326195625,"building":"yes","levels":null,"height":18,"minHeight":null,"roofShape":null,"buildingMaterial":null,"facadeMaterial":null,"name":null,"address":null,"centerLon":128.85450211666668,"centerLat":71.63085720000001,"source":"OpenStreetMap"},"geometry":{"type":"Polygon","coordinates":[[[128.8536017,71.6306719],[128.8546754,71.6309988],[128.8548087,71.6309553],[128.85494,71.6309953],[128.8550959,71.6309444],[128.853891,71.6305775],[128.8536017,71.6306719]]]}},{"type":"Feature","id":"osm-way-1326195626","properties":{"buildingId":"osm-way-1326195626","osmBuildingId":"osm-way-1326195626","osmId":1326195626,"building":"yes","levels":null,"height":20.5,"minHeight":null,"roofShape":null,"buildingMaterial":null,"facadeMaterial":null,"name":null,"address":null,"centerLon":128.85530915,"centerLat":71.63104555,"source":"OpenStreetMap"},"geometry":{"type":"Polygon","coordinates":[[[128.8557137,71.631255],[128.8560078,71.6311591],[128.8551958,71.6309118],[128.8550959,71.6309444],[128.85494,71.6309953],[128.8549017,71.6310077],[128.8557137,71.631255]]]}},{"type":"Feature","id":"osm-way-1326195627","properties":{"buildingId":"osm-way-1326195627","osmBuildingId":"osm-way-1326195627","osmId":1326195627,"building":"yes","levels":null,"height":23,"minHeight":null,"roofShape":null,"buildingMaterial":null,"facadeMaterial":null,"name":null,"address":null,"centerLon":128.85657255,"centerLat":71.631467,"source":"OpenStreetMap"},"geometry":{"type":"Polygon","coordinates":[[[128.8557619,71.6313277],[128.8570386,71.6317182],[128.8573832,71.6316063],[128.8561065,71.6312158],[128.8557619,71.6313277]]]}},{"type":"Feature","id":"osm-way-1326195628","properties":{"buildingId":"osm-way-1326195628","osmBuildingId":"osm-way-1326195628","osmId":1326195628,"building":"yes","levels":null,"height":25.5,"minHeight":null,"roofShape":null,"buildingMaterial":null,"facadeMaterial":null,"name":null,"address":null,"centerLon":128.86029050000002,"centerLat":71.6303129,"source":"OpenStreetMap"},"geometry":{"type":"Polygon","coordinates":[[[128.8601446,71.6303193],[128.8603538,71.6303548],[128.8604364,71.6303065],[128.8602272,71.630271],[128.8601446,71.6303193]]]}},{"type":"Feature","id":"osm-way-1326195629","properties":{"buildingId":"osm-way-1326195629","osmBuildingId":"osm-way-1326195629","osmId":1326195629,"building":"yes","levels":null,"height":28,"minHeight":null,"roofShape":null,"buildingMaterial":null,"facadeMaterial":null,"name":null,"address":null,"centerLon":128.857466825,"centerLat":71.6301169,"source":"OpenStreetMap"},"geometry":{"type":"Polygon","coordinates":[[[128.8569474,71.630075],[128.8575911,71.6302813],[128.8579863,71.6301588],[128.8573425,71.6299525],[128.8569474,71.630075]]]}},{"type":"Feature","id":"osm-way-1326195631","properties":{"buildingId":"osm-way-1326195631","osmBuildingId":"osm-way-1326195631","osmId":1326195631,"building":"yes","levels":null,"height":10.5,"minHeight":null,"roofShape":null,"buildingMaterial":null,"facadeMaterial":null,"name":null,"address":null,"centerLon":128.8742659,"centerLat":71.635329775,"source":"OpenStreetMap"},"geometry":{"type":"Polygon","coordinates":[[[128.8740331,71.6352999],[128.8740857,71.635385],[128.8744987,71.6353596],[128.8744461,71.6352746],[128.8740331,71.6352999]]]}},{"type":"Feature","id":"osm-way-1326195632","properties":{"buildingId":"osm-way-1326195632","osmBuildingId":"osm-way-1326195632","osmId":1326195632,"building":"yes","levels":null,"height":13,"minHeight":null,"roofShape":null,"buildingMaterial":null,"facadeMaterial":null,"name":null,"address":null,"centerLon":128.874155075,"centerLat":71.6351229,"source":"OpenStreetMap"},"geometry":{"type":"Polygon","coordinates":[[[128.8739687,71.6350819],[128.8740142,71.6351791],[128.8743415,71.6351639],[128.8742959,71.6350667],[128.8739687,71.6350819]]]}},{"type":"Feature","id":"osm-way-1326195633","properties":{"buildingId":"osm-way-1326195633","osmBuildingId":"osm-way-1326195633","osmId":1326195633,"building":"yes","levels":null,"height":15.5,"minHeight":null,"roofShape":null,"buildingMaterial":null,"facadeMaterial":null,"name":null,"address":null,"centerLon":128.876708575,"centerLat":71.6350941,"source":"OpenStreetMap"},"geometry":{"type":"Polygon","coordinates":[[[128.8766134,71.6351715],[128.8769486,71.6351283],[128.8768038,71.6350167],[128.8764685,71.6350599],[128.8766134,71.6351715]]]}},{"type":"Feature","id":"osm-way-1326195634","properties":{"buildingId":"osm-way-1326195634","osmBuildingId":"osm-way-1326195634","osmId":1326195634,"building":"yes","levels":null,"height":18,"minHeight":null,"roofShape":null,"buildingMaterial":null,"facadeMaterial":null,"name":null,"address":null,"centerLon":128.88153152499999,"centerLat":71.63712685,"source":"OpenStreetMap"},"geometry":{"type":"Polygon","coordinates":[[[128.8813448,71.6370914],[128.8813481,71.637164],[128.8817183,71.6371623],[128.8817149,71.6370897],[128.8813448,71.6370914]]]}},{"type":"Feature","id":"osm-way-1326195635","properties":{"buildingId":"osm-way-1326195635","osmBuildingId":"osm-way-1326195635","osmId":1326195635,"building":"yes","levels":null,"height":20.5,"minHeight":null,"roofShape":null,"buildingMaterial":null,"facadeMaterial":null,"name":null,"address":null,"centerLon":128.8797085,"centerLat":71.63661735,"source":"OpenStreetMap"},"geometry":{"type":"Polygon","coordinates":[[[128.8795531,71.6365726],[128.8795582,71.6366638],[128.8798639,71.6366621],[128.8798588,71.6365709],[128.8795531,71.6365726]]]}},{"type":"Feature","id":"osm-way-1326195636","properties":{"buildingId":"osm-way-1326195636","osmBuildingId":"osm-way-1326195636","osmId":1326195636,"building":"yes","levels":null,"height":23,"minHeight":null,"roofShape":null,"buildingMaterial":null,"facadeMaterial":null,"name":null,"address":null,"centerLon":128.88135820000002,"centerLat":71.63679145,"source":"OpenStreetMap"},"geometry":{"type":"Polygon","coordinates":[[[128.8806313,71.6367213],[128.8806313,71.6368616],[128.8820851,71.6368616],[128.8820851,71.6367213],[128.8806313,71.6367213]]]}},{"type":"Feature","id":"osm-way-1326195637","properties":{"buildingId":"osm-way-1326195637","osmBuildingId":"osm-way-1326195637","osmId":1326195637,"building":"yes","levels":null,"height":25.5,"minHeight":null,"roofShape":null,"buildingMaterial":null,"facadeMaterial":null,"name":null,"address":null,"centerLon":128.849988725,"centerLat":71.635919625,"source":"OpenStreetMap"},"geometry":{"type":"Polygon","coordinates":[[[128.8496894,71.6359405],[128.8498696,71.6360086],[128.8502881,71.6358988],[128.8501078,71.6358306],[128.8496894,71.6359405]]]}},{"type":"Feature","id":"osm-way-1326195638","properties":{"buildingId":"osm-way-1326195638","osmBuildingId":"osm-way-1326195638","osmId":1326195638,"building":"yes","levels":null,"height":28,"minHeight":null,"roofShape":null,"buildingMaterial":null,"facadeMaterial":null,"name":null,"address":null,"centerLon":128.853160925,"centerLat":71.636472,"source":"OpenStreetMap"},"geometry":{"type":"Polygon","coordinates":[[[128.8529187,71.6364593],[128.8531349,71.6365489],[128.8534031,71.6364847],[128.853187,71.6363951],[128.8529187,71.6364593]]]}},{"type":"Feature","id":"osm-way-1326198250","properties":{"buildingId":"osm-way-1326198250","osmBuildingId":"osm-way-1326198250","osmId":1326198250,"building":"yes","levels":null,"height":10.5,"minHeight":null,"roofShape":null,"buildingMaterial":null,"facadeMaterial":null,"name":null,"address":null,"centerLon":128.8845548,"centerLat":71.68880245,"source":"OpenStreetMap"},"geometry":{"type":"Polygon","coordinates":[[[128.8845366,71.6888794],[128.8847661,71.6888418],[128.884573,71.6887255],[128.8843435,71.6887631],[128.8845366,71.6888794]]]}},{"type":"Feature","id":"osm-way-1326198251","properties":{"buildingId":"osm-way-1326198251","osmBuildingId":"osm-way-1326198251","osmId":1326198251,"building":"yes","levels":null,"height":13,"minHeight":null,"roofShape":null,"buildingMaterial":null,"facadeMaterial":null,"name":null,"address":null,"centerLon":128.872300625,"centerLat":71.690878325,"source":"OpenStreetMap"},"geometry":{"type":"Polygon","coordinates":[[[128.8720161,71.6910164],[128.8724886,71.6910318],[128.8725852,71.6907403],[128.8721126,71.6907248],[128.8720161,71.6910164]]]}},{"type":"Feature","id":"osm-way-1326198252","properties":{"buildingId":"osm-way-1326198252","osmBuildingId":"osm-way-1326198252","osmId":1326198252,"building":"yes","levels":null,"height":15.5,"minHeight":null,"roofShape":null,"buildingMaterial":null,"facadeMaterial":null,"name":null,"address":null,"centerLon":128.8735132,"centerLat":71.69152435,"source":"OpenStreetMap"},"geometry":{"type":"Polygon","coordinates":[[[128.8731748,71.6916921],[128.8737604,71.6917071],[128.8738516,71.6913566],[128.873266,71.6913416],[128.8731748,71.6916921]]]}},{"type":"Feature","id":"osm-way-1326198253","properties":{"buildingId":"osm-way-1326198253","osmBuildingId":"osm-way-1326198253","osmId":1326198253,"building":"yes","levels":null,"height":18,"minHeight":null,"roofShape":null,"buildingMaterial":null,"facadeMaterial":null,"name":null,"address":null,"centerLon":128.8720871,"centerLat":71.691585475,"source":"OpenStreetMap"},"geometry":{"type":"Polygon","coordinates":[[[128.8711846,71.6916449],[128.8729334,71.6917005],[128.8729896,71.6915261],[128.8712408,71.6914704],[128.8711846,71.6916449]]]}},{"type":"Feature","id":"osm-way-1326198254","properties":{"buildingId":"osm-way-1326198254","osmBuildingId":"osm-way-1326198254","osmId":1326198254,"building":"yes","levels":null,"height":20.5,"minHeight":null,"roofShape":null,"buildingMaterial":null,"facadeMaterial":null,"name":null,"address":null,"centerLon":128.86830415,"centerLat":71.69200934999999,"source":"OpenStreetMap"},"geometry":{"type":"Polygon","coordinates":[[[128.8671505,71.6920578],[128.8694304,71.6921016],[128.8694578,71.6919609],[128.8671779,71.6919171],[128.8671505,71.6920578]]]}},{"type":"Feature","id":"osm-way-1326198255","properties":{"buildingId":"osm-way-1326198255","osmBuildingId":"osm-way-1326198255","osmId":1326198255,"building":"yes","levels":null,"height":23,"minHeight":null,"roofShape":null,"buildingMaterial":null,"facadeMaterial":null,"name":null,"address":null,"centerLon":128.86848035,"centerLat":71.69234135,"source":"OpenStreetMap"},"geometry":{"type":"Polygon","coordinates":[[[128.8675851,71.6923998],[128.8693446,71.6924352],[128.8693756,71.6922829],[128.8676161,71.6922475],[128.8675851,71.6923998]]]}},{"type":"Feature","id":"osm-way-1326198256","properties":{"buildingId":"osm-way-1326198256","osmBuildingId":"osm-way-1326198256","osmId":1326198256,"building":"yes","levels":null,"height":25.5,"minHeight":null,"roofShape":null,"buildingMaterial":null,"facadeMaterial":null,"name":null,"address":null,"centerLon":128.86804245000002,"centerLat":71.693029,"source":"OpenStreetMap"},"geometry":{"type":"Polygon","coordinates":[[[128.8669038,71.6930739],[128.8691461,71.6931278],[128.8691811,71.6929841],[128.8669388,71.6929302],[128.8669038,71.6930739]]]}},{"type":"Feature","id":"osm-way-1537947641","properties":{"buildingId":"osm-way-1537947641","osmBuildingId":"osm-way-1537947641","osmId":1537947641,"building":"yes","levels":null,"height":13,"minHeight":null,"roofShape":null,"buildingMaterial":null,"facadeMaterial":null,"name":null,"address":null,"centerLon":128.863774375,"centerLat":71.63751582500001,"source":"OpenStreetMap"},"geometry":{"type":"Polygon","coordinates":[[[128.8639532,71.6376605],[128.8633394,71.6374428],[128.8635955,71.6373712],[128.8642094,71.6375888],[128.8639532,71.6376605]]]}},{"type":"Feature","id":"osm-way-1537979713","properties":{"buildingId":"osm-way-1537979713","osmBuildingId":"osm-way-1537979713","osmId":1537979713,"building":"yes","levels":null,"height":25.5,"minHeight":null,"roofShape":null,"buildingMaterial":null,"facadeMaterial":null,"name":null,"address":null,"centerLon":128.87126965000002,"centerLat":71.69203627499999,"source":"OpenStreetMap"},"geometry":{"type":"Polygon","coordinates":[[[128.8711582,71.6920693],[128.8713608,71.6920749],[128.8713811,71.6920033],[128.8711785,71.6919976],[128.8711582,71.6920693]]]}}]}
