{"type":"FeatureCollection","properties":{"cityId":"tiksi","cityName":"Тикси","source":"OpenStreetMap via Overpass API","osmBaseTimestamp":"2026-08-31T14:46:06Z","generatedAt":"2026-08-31T14:48:11.757Z","attribution":"© OpenStreetMap contributors","license":"ODbL","layer":"map-context"},"features":[{"type":"Feature","id":"osm-context-23956047","properties":{"osmId":23956047,"kind":"coastline","landuse":null,"natural":"coastline","water":null,"waterway":null,"leisure":null,"amenity":null,"railway":null,"name":"остров Бруснева","source":"OpenStreetMap"},"geometry":{"type":"LineString","coordinates":[[129.0438625,71.6477505],[129.0439403,71.6475934],[129.0440342,71.6475149],[129.0441629,71.6474811],[129.0443346,71.6474718],[129.0444955,71.647503],[129.0446833,71.6475883],[129.0449569,71.6476914],[129.0454316,71.6478332],[129.0459788,71.6480815],[129.0464723,71.648345],[129.0466762,71.6484464],[129.0469444,71.6485376],[129.0474862,71.6486541],[129.0478295,71.6486929],[129.0480655,71.6486896],[129.0483016,71.6486372],[129.048441,71.6486068],[129.048543,71.6486119],[129.048779,71.6486575],[129.0491277,71.6487402],[129.0493852,71.6487808],[129.0495944,71.6488027],[129.0497553,71.6488331],[129.0498841,71.648877],[129.0500826,71.6489851],[129.0505063,71.6492047],[129.0511876,71.649453],[129.0520513,71.6496556],[129.0529579,71.6498009],[129.0541273,71.6499545],[129.0549374,71.6500289],[129.0555811,71.6500761],[129.0560961,71.6500863],[129.0563804,71.6500795],[129.0566164,71.6500778],[129.0567559,71.650093],[129.0568793,71.6501437],[129.0572226,71.650343],[129.0581882,71.650934],[129.0587836,71.6513427],[129.0592825,71.6516129],[129.0597063,71.6517632],[129.0601408,71.6518595],[129.0606719,71.6519793],[129.0618682,71.6523188],[129.0637082,71.6528186],[129.0646577,71.6530499],[129.0651083,71.6531327],[129.0655374,71.6532036],[129.0657467,71.6532661],[129.0658379,71.653315],[129.0658378,71.6533758],[129.0658593,71.6535261],[129.0661061,71.6537608],[129.0663689,71.6539229],[129.0668195,71.6540326],[129.067356,71.6540934],[129.0676135,71.6541795],[129.0677369,71.6542572],[129.0677261,71.6545003],[129.0676618,71.6547401],[129.067533,71.6549461],[129.0673184,71.6551993],[129.0672058,71.6554306],[129.0671682,71.6556349],[129.0672433,71.6561651],[129.0671897,71.6564419],[129.0669751,71.6567762],[129.0665245,71.6573046],[129.0663528,71.657492],[129.0660793,71.6576169],[129.0657252,71.65773],[129.0653497,71.6578651],[129.0650922,71.6580001],[129.0648884,71.6582196],[129.0647328,71.6584931],[129.0644324,71.6587767],[129.0638906,71.6590636],[129.0632737,71.6592645],[129.0626889,71.6593843],[129.0619808,71.6594907],[129.0614605,71.6596021],[129.0610421,71.6597776],[129.0605593,71.6601017],[129.0600979,71.6603448],[129.0594864,71.660544],[129.0584832,71.6608225],[129.057979,71.6609406],[129.0574425,71.6610216],[129.0567291,71.6610993],[129.0562355,71.66116],[129.0556991,71.661241],[129.0531993,71.6616512],[129.0517241,71.6619162],[129.0509301,71.6620444],[129.050324,71.662198],[129.0485269,71.6627752],[129.0481245,71.6629187],[129.0478724,71.6630706],[129.0476793,71.6632174],[129.0473628,71.6633288],[129.0468639,71.663425],[129.0458393,71.6635684],[129.0451419,71.6636494],[129.0444928,71.6636899],[129.0441334,71.663722],[129.0438706,71.6637777],[129.0435433,71.6639228],[129.0431571,71.664046],[129.0427118,71.6641388],[129.0422612,71.6641895],[129.041875,71.6642536],[129.0415209,71.6643565],[129.0411991,71.6644038],[129.0408719,71.6644021],[129.0405393,71.6643667],[129.0399599,71.6643025],[129.0395951,71.6642857],[129.0391552,71.6642671],[129.0389031,71.6642519],[129.0386295,71.6641928],[129.0382594,71.6641034],[129.0378302,71.6640291],[129.0373903,71.6639701],[129.0371865,71.6639329],[129.0367842,71.6638266],[129.0359098,71.6635954],[129.035368,71.6635077],[129.0347403,71.6634722],[129.0340108,71.6635279],[129.0332544,71.6636747],[129.0322995,71.663965],[129.0314627,71.6642823],[129.0308136,71.6645084],[129.0303093,71.6646772],[129.0300465,71.6647885],[129.0298265,71.6648915],[129.029451,71.6651058],[129.0289682,71.6652661],[129.028759,71.6653269],[129.0285712,71.6653538],[129.0283245,71.6653387],[129.0280187,71.6653235],[129.0277612,71.665342],[129.0270263,71.6654298],[129.0268654,71.6654483],[129.0267312,71.6654467],[129.0265113,71.665445],[129.025889,71.6654568],[129.0255511,71.6654602],[129.025197,71.6654095],[129.0244782,71.6652762],[129.0237808,71.665175],[129.0229198,71.6651125],[129.0224558,71.6650746],[129.0222761,71.6650552],[129.0222412,71.6650425],[129.022252,71.6650256],[129.0223861,71.6649927],[129.0226623,71.6649311],[129.0229306,71.6648425],[129.0231693,71.6647396],[129.023577,71.6645624],[129.0240222,71.6643464],[129.0243441,71.6641169],[129.0245104,71.6638823],[129.0246016,71.6635752],[129.0248483,71.6631533],[129.0249342,71.6629777],[129.0249181,71.6628765],[129.0248215,71.6627719],[129.0247625,71.6626706],[129.0247357,71.6625322],[129.0248644,71.6624073],[129.0251595,71.6621339],[129.0255189,71.6617541],[129.0258139,71.6615617],[129.0263021,71.6613035],[129.0266186,71.661106],[129.0269565,71.6607971],[129.0270799,71.6606773],[129.0272033,71.6606081],[129.0274125,71.6605186],[129.0276325,71.6603735],[129.0277934,71.6602165],[129.0278631,71.6599599],[129.0278846,71.6598283],[129.0279007,71.6597287],[129.0279436,71.6596257],[129.0280455,71.6594958],[129.0283513,71.6591413],[129.0287107,71.6586551],[129.0289253,71.6584222],[129.0290594,71.6583243],[129.0293169,71.658223],[129.0295637,71.6581267],[129.0297729,71.6579951],[129.0299499,71.657725],[129.0300572,71.6576152],[129.0303093,71.6574954],[129.0306258,71.6573367],[129.0309209,71.6570868],[129.031291,71.6565702],[129.0314948,71.6562495],[129.0315485,71.6560806],[129.0315378,71.6558612],[129.0315592,71.6557497],[129.0316343,71.6556518],[129.0317899,71.6555421],[129.032557,71.6551622],[129.0333617,71.654784],[129.0341234,71.6544092],[129.0348422,71.6539837],[129.0357864,71.6533859],[129.0365374,71.6528828],[129.037739,71.6522512],[129.0386939,71.6517548],[129.0391391,71.6514913],[129.0397668,71.651113],[129.0402871,71.6507449],[129.0408504,71.6503463],[129.041934,71.6496742],[129.0425885,71.6492233],[129.0430283,71.6489226],[129.0433556,71.648698],[129.0436292,71.6484312],[129.043833,71.6481001],[129.0438625,71.6477505]]}},{"type":"Feature","id":"osm-context-23975578","properties":{"osmId":23975578,"kind":"coastline","landuse":null,"natural":"coastline","water":null,"waterway":null,"leisure":null,"amenity":null,"railway":null,"name":null,"source":"OpenStreetMap"},"geometry":{"type":"LineString","coordinates":[[128.967905,71.6915084],[128.9683556,71.6916567],[128.9683342,71.6917376],[128.9687633,71.6917983],[128.9697933,71.691778],[128.9706516,71.6917241],[128.9715099,71.6918455],[128.972218,71.6919398],[128.9730763,71.6920881],[128.9728403,71.692196],[128.9720893,71.6923173],[128.9713597,71.6923982],[128.9705658,71.692533],[128.9703083,71.6927419],[128.9697504,71.6927419],[128.9689994,71.6927352],[128.968699,71.6927621],[128.9681625,71.692816],[128.9672828,71.6927756],[128.9666605,71.6927756],[128.9660167,71.6928632],[128.964858,71.6928026],[128.9638281,71.6926678],[128.9629912,71.6925869],[128.9626694,71.6924656],[128.9625835,71.6923173],[128.9625621,71.6921016],[128.9623689,71.6918926],[128.9617896,71.6918185],[128.9614033,71.6916095],[128.9609098,71.6915017],[128.9605665,71.6914612],[128.9602875,71.6915219],[128.9601803,71.6916904],[128.9605236,71.6920274],[128.9607596,71.6922229],[128.9608669,71.692351],[128.9607167,71.6924386],[128.9604378,71.692479],[128.9604374,71.6926751],[128.9603623,71.6927258],[128.9599938,71.6927671],[128.9595834,71.6927969],[128.9588753,71.6927919],[128.9574291,71.6931316],[128.95681,71.6934787],[128.9562993,71.6938701],[128.9555799,71.6944706],[128.9555413,71.6951634],[128.9556432,71.6956001],[128.9560756,71.6958413],[128.9563267,71.6965048],[128.9561314,71.6969297],[128.9565209,71.6972413],[128.9567848,71.6977764],[128.9570101,71.6982369],[128.9572955,71.6984876],[128.9578008,71.6989191],[128.9582257,71.6992341],[128.9585722,71.6993123],[128.9591693,71.6993106],[128.9595405,71.6993677],[128.9596859,71.6993435],[128.96007,71.6993606],[128.9603371,71.699399],[128.9604524,71.699475],[128.9606745,71.699494],[128.9608499,71.6995313],[128.9607641,71.6996221],[128.9604524,71.699732],[128.9601043,71.6998174],[128.9598532,71.6998323],[128.9596333,71.6999091],[128.9595351,71.6999547],[128.9598688,71.6999012],[128.9599814,71.699933],[128.9603671,71.6998855],[128.9607244,71.6998417],[128.9609242,71.6997776],[128.9612217,71.6997326],[128.9614292,71.6996633],[128.961639,71.6996266],[128.9620575,71.6995297],[128.962359,71.6994683],[128.962522,71.6994219],[128.962735,71.6994068],[128.9628546,71.6993551],[128.9630338,71.6993696],[128.9632704,71.699351],[128.9639801,71.6992429],[128.9645262,71.6991715],[128.9648749,71.6990979],[128.9649559,71.6990249],[128.9651576,71.6989936],[128.9650953,71.6989601],[128.9651576,71.6989104],[128.9652026,71.6988282],[128.9652847,71.6987347],[128.9656479,71.6986089],[128.9659805,71.6985246],[128.9662342,71.6985081],[128.966334,71.6984598],[128.9660572,71.6984276],[128.9660191,71.6983944],[128.9657434,71.698354],[128.9655384,71.6983242],[128.9652101,71.6983744],[128.9648287,71.6984281],[128.9645085,71.6984827],[128.9643229,71.6984785],[128.9644613,71.6984247],[128.9644607,71.698387],[128.9647054,71.6983307],[128.9648931,71.6982703],[128.9651538,71.6982767],[128.9653233,71.6983073],[128.9653813,71.6982298],[128.9654923,71.6982041],[128.9656795,71.6982101],[128.9658464,71.6982891],[128.9660239,71.6983191],[128.966209,71.6983302],[128.9664053,71.6983629],[128.9665818,71.6983616],[128.9666027,71.6984111],[128.9670309,71.6983397],[128.9672325,71.69828],[128.9673865,71.6981963],[128.9673843,71.6981323],[128.9671483,71.698102],[128.9667964,71.6980838],[128.9664997,71.6980476],[128.9664525,71.6979932],[128.9664563,71.6978746],[128.9665056,71.6977726],[128.9667926,71.6976463],[128.9671096,71.6976325],[128.9673266,71.6975944],[128.9676775,71.6976204],[128.9681496,71.6976926],[128.9685387,71.6976926],[128.9688258,71.6977647],[128.9689853,71.6978348],[128.9692724,71.697939],[128.9696233,71.6980091],[128.9699168,71.6981273],[128.9698721,71.6982355],[128.9700508,71.6983918],[128.9701401,71.69855],[128.9706915,71.6987483],[128.9710704,71.6988673],[128.9716118,71.6989382],[128.972072,71.699026],[128.9720359,71.6991223],[128.972108,71.699196],[128.9717562,71.6993263],[128.9715216,71.6994651],[128.9716028,71.6997343],[128.9714674,71.6999184],[128.971702,71.7000912],[128.9720449,71.7001535],[128.9730283,71.7001932],[128.9740208,71.7002924],[128.974905,71.7004],[128.9750404,71.7005417],[128.9758614,71.7006861],[128.9756449,71.7009071],[128.9757532,71.7012725],[128.9761592,71.7016068],[128.9765291,71.70174],[128.9765381,71.7018136],[128.9768449,71.7018306],[128.9771246,71.7019354],[128.9774223,71.7019977],[128.9778554,71.7021054],[128.9783787,71.7021592],[128.9787306,71.7022385],[128.978487,71.7023688],[128.978487,71.702434],[128.978487,71.7024906],[128.9780088,71.7025444],[128.9770614,71.7025614],[128.9766735,71.7026096],[128.9761682,71.7026719],[128.9753111,71.7027739],[128.9749141,71.7028957],[128.9734163,71.7030543],[128.971502,71.7025584],[128.9708885,71.7022694],[128.9695351,71.7020825],[128.969084,71.7020768],[128.9689035,71.7022581],[128.969102,71.7024224],[128.9696073,71.702496],[128.9700043,71.7026717],[128.9705817,71.7028586],[128.9700994,71.7031299],[128.9709385,71.7033168],[128.9717235,71.7034046],[128.971949,71.7034556],[128.971949,71.7035406],[128.9721566,71.7036511],[128.9730137,71.7037304],[128.9735821,71.7037502],[128.9739521,71.7038805],[128.9743107,71.7039426],[128.9745994,71.7038774],[128.9750234,71.7037557],[128.9755558,71.7037217],[128.9761603,71.7036452],[128.976855,71.7035885],[128.9779377,71.7035942],[128.9788219,71.7036169],[128.9792731,71.7036225],[128.9797422,71.7036112],[128.9802565,71.7035914],[128.9805994,71.703597],[128.9808159,71.7037132],[128.9806986,71.7038605],[128.9807528,71.7040191],[128.9807979,71.704104],[128.980031,71.7043505],[128.9798866,71.7044383],[128.9799588,71.7046648],[128.9803828,71.7049056],[128.9806355,71.7049707],[128.9809693,71.705033],[128.9814565,71.7053389],[128.9814836,71.7055853],[128.9814204,71.7057269],[128.9816009,71.7058091],[128.9817633,71.7059535],[128.9819979,71.7060385],[128.9822235,71.7060894],[128.9826746,71.706047],[128.9831347,71.706081],[128.9835498,71.7062027],[128.9839558,71.7063273],[128.9841633,71.706401],[128.9844611,71.7064633],[128.9844611,71.7065851],[128.9843979,71.706653],[128.9844791,71.706738],[128.9841272,71.706806],[128.9840009,71.7067578],[128.9837122,71.7068484],[128.9833062,71.7069051],[128.9827829,71.7069957],[128.982449,71.707024],[128.9822054,71.7070014],[128.9822144,71.7071742],[128.9827468,71.707228],[128.9840641,71.707245],[128.9848129,71.7071118],[128.9859498,71.7069277],[128.9865543,71.7067748],[128.9868881,71.7066474],[128.9866626,71.7065992],[128.9859588,71.7066445],[128.9855979,71.7066729],[128.9852731,71.7066644],[128.9850656,71.706602],[128.9848761,71.7064095],[128.9847317,71.7061064],[128.9848941,71.7058062],[128.9851468,71.7055683],[128.9853092,71.705203],[128.9853362,71.7048574],[128.9853723,71.7045544],[128.9854716,71.7044326],[128.9853362,71.7039738],[128.9854896,71.7039114],[128.9860129,71.7038633],[128.9863558,71.7037953],[128.9865814,71.7037415],[128.986852,71.7037302],[128.9871768,71.703631],[128.9879618,71.7036905],[128.9882686,71.70375],[128.9889453,71.7038321],[128.9889362,71.7039426],[128.9890716,71.7040219],[128.9893874,71.704087],[128.9898205,71.7042853],[128.9901092,71.7043363],[128.9902535,71.7044383],[128.9908941,71.7045176],[128.9911017,71.7045997],[128.9913092,71.7047328],[128.9920761,71.7050897],[128.9930325,71.7055797],[128.993222,71.7057354],[128.9929032,71.7059075],[128.9923024,71.7060423],[128.992002,71.706379],[128.9916677,71.7067568],[128.9916677,71.7069771],[128.9917698,71.7070172],[128.9923185,71.706869],[128.9927778,71.7067368],[128.9928416,71.7065646],[128.9928033,71.7063603],[128.9931479,71.706132],[128.9943856,71.7059278],[128.9950363,71.7058437],[128.9957636,71.7058757],[128.9962868,71.7058156],[128.9967079,71.7058316],[128.9973331,71.7058477],[128.9975628,71.7057155],[128.9972821,71.7056114],[128.99718,71.7054431],[128.9974224,71.705367],[128.9978435,71.705363],[128.9982263,71.705383],[128.9986601,71.7052629],[128.9993364,71.7052789],[129.0004337,71.7054351],[129.0012504,71.7055553],[129.0017097,71.7055553],[129.0020415,71.7055593],[129.0022584,71.7056033],[129.0025774,71.7055913],[129.0027815,71.7056674],[129.0030367,71.7057956],[129.0031516,71.7057716],[129.0030112,71.7056234],[129.0027688,71.7055513],[129.0028453,71.7054752],[129.0026412,71.705371],[129.0024625,71.7052709],[129.0022967,71.7050706],[129.0019266,71.7047622],[129.001697,71.7045059],[129.0016587,71.7043296],[129.001429,71.7041814],[129.0015183,71.7039691],[129.0015821,71.703905],[129.0022711,71.7039371],[129.0025519,71.7037929],[129.0030495,71.7037047],[129.0036365,71.7035725],[129.0041724,71.7033963],[129.0046317,71.7032601],[129.0053846,71.7031479],[129.006316,71.7031199],[129.0071582,71.7029877],[129.0075537,71.7029116],[129.0080769,71.7028275],[129.0081024,71.7027514],[129.0089318,71.7026192],[129.0094294,71.7025831],[129.0099653,71.7024709],[129.0108458,71.7024309],[129.0116496,71.7023187],[129.0119814,71.7023307],[129.0124407,71.7023548],[129.0129129,71.7021945],[129.0131043,71.7020543],[129.0129639,71.701858],[129.0125301,71.7017378],[129.0121345,71.7016417],[129.0118666,71.7016177],[129.01179,71.7013292],[129.0115093,71.7010808],[129.0108458,71.7008044],[129.009876,71.7004799],[129.0090977,71.7002275],[129.0087276,71.7000231],[129.0076686,71.6998549],[129.007592,71.6997427],[129.0063895,71.6992342],[129.0061854,71.699138],[129.0061088,71.6989777],[129.0056877,71.6989297],[129.0054453,71.6987574],[129.0054453,71.698549],[129.0048073,71.6982886],[129.0039907,71.6978759],[129.0039217,71.6976245],[129.0042114,71.697419]]}},{"type":"Feature","id":"osm-context-119180249","properties":{"osmId":119180249,"kind":"area","landuse":"industrial","natural":null,"water":null,"waterway":null,"leisure":null,"amenity":null,"railway":null,"name":"Нефтебаза","source":"OpenStreetMap"},"geometry":{"type":"Polygon","coordinates":[[[128.868963,71.6784335],[128.8727386,71.6769101],[128.873554,71.6756419],[128.8744552,71.6737933],[128.8707216,71.6731321],[128.8606408,71.6771954],[128.868963,71.6784335]]]}},{"type":"Feature","id":"osm-context-140362358","properties":{"osmId":140362358,"kind":"waterway","landuse":null,"natural":null,"water":null,"waterway":"stream","leisure":null,"amenity":null,"railway":null,"name":null,"source":"OpenStreetMap"},"geometry":{"type":"LineString","coordinates":[[128.8831254,71.7076959],[128.8836221,71.7079198],[128.8837691,71.7082245],[128.8836189,71.7084165],[128.8836315,71.7084824],[128.8836618,71.7086421],[128.8837294,71.7088862],[128.88369,71.7089941],[128.8836114,71.7092095],[128.8838796,71.7094586],[128.8841446,71.7095478],[128.8849708,71.7098542],[128.8852175,71.7100091],[128.8858645,71.7101724],[128.8862153,71.7102684],[128.8863762,71.7103492],[128.8862722,71.7104586],[128.8861434,71.7105529],[128.8862368,71.7108206],[128.8864942,71.711036],[128.8867442,71.7112431],[128.8867947,71.7114131],[128.8869373,71.7116572],[128.8873526,71.711908],[128.8878064,71.7121622]]}},{"type":"Feature","id":"osm-context-140362361","properties":{"osmId":140362361,"kind":"area","landuse":null,"natural":"water","water":null,"waterway":null,"leisure":null,"amenity":null,"railway":null,"name":null,"source":"OpenStreetMap"},"geometry":{"type":"Polygon","coordinates":[[[128.8837262,71.7085646],[128.8838442,71.7085949],[128.8838904,71.7086404],[128.8839301,71.7087431],[128.8838442,71.708834],[128.883812,71.7089148],[128.88369,71.7089941],[128.8836436,71.708967],[128.883576,71.7089216],[128.8835899,71.7088626],[128.8836114,71.7088323],[128.8835578,71.7087246],[128.8835438,71.7086623],[128.8835792,71.7086034],[128.883547,71.7085326],[128.883576,71.7084703],[128.8836189,71.7084165],[128.8837369,71.708467],[128.8837906,71.7085175],[128.8837262,71.7085646]]]}},{"type":"Feature","id":"osm-context-140362362","properties":{"osmId":140362362,"kind":"area","landuse":null,"natural":"water","water":null,"waterway":null,"leisure":null,"amenity":null,"railway":null,"name":null,"source":"OpenStreetMap"},"geometry":{"type":"Polygon","coordinates":[[[128.8779111,71.7072901],[128.8779358,71.707248],[128.8780538,71.7072076],[128.8782223,71.7071924],[128.8784154,71.7072227],[128.8786868,71.7072379],[128.8788123,71.7072295],[128.8791449,71.707216],[128.8793059,71.707253],[128.8791771,71.7073069],[128.8789733,71.707317],[128.8786224,71.7073187],[128.8783832,71.7073339],[128.8781472,71.707317],[128.8779111,71.7072901]]]}},{"type":"Feature","id":"osm-context-140365365","properties":{"osmId":140365365,"kind":"area","landuse":null,"natural":"water","water":null,"waterway":null,"leisure":null,"amenity":null,"railway":null,"name":null,"source":"OpenStreetMap"},"geometry":{"type":"Polygon","coordinates":[[[128.854394,71.7068489],[128.8542384,71.7067933],[128.854099,71.7067209],[128.8540346,71.7066788],[128.8539863,71.7066131],[128.8539005,71.7065391],[128.8538254,71.7064784],[128.8537664,71.7064431],[128.853875,71.7064768],[128.8539501,71.7065341],[128.8540145,71.7065812],[128.8540399,71.7066199],[128.8540882,71.7066401],[128.854111,71.7066183],[128.8540936,71.7065778],[128.8541097,71.7065525],[128.8541754,71.7065644],[128.8542331,71.706598],[128.8543524,71.70662],[128.8544262,71.7066519],[128.854453,71.7067041],[128.8544865,71.7067462],[128.8545603,71.7067866],[128.8546139,71.7068371],[128.8546957,71.7068692],[128.8545388,71.7068337],[128.8544423,71.7068219],[128.854394,71.7068489]]]}},{"type":"Feature","id":"osm-context-140857913","properties":{"osmId":140857913,"kind":"area","landuse":null,"natural":"water","water":null,"waterway":null,"leisure":null,"amenity":null,"railway":null,"name":null,"source":"OpenStreetMap"},"geometry":{"type":"Polygon","coordinates":[[[128.9162723,71.7096975],[128.9162455,71.7097194],[128.9162705,71.7097405],[128.9161919,71.7097834],[128.9160363,71.70978],[128.9159719,71.7097615],[128.9159558,71.7097447],[128.9158861,71.7097497],[128.9158754,71.7097699],[128.9157949,71.709748],[128.915811,71.7097295],[128.9157198,71.7097295],[128.9156447,71.7097329],[128.9156554,71.709711],[128.9157305,71.7097026],[128.9158807,71.7097009],[128.9159719,71.7097009],[128.9160095,71.7096874],[128.9159827,71.7096605],[128.916149,71.7096083],[128.9161597,71.7095915],[128.9162026,71.7095831],[128.9162831,71.7095696],[128.9164762,71.7095275],[128.9165942,71.7094989],[128.9166532,71.7094534],[128.9167176,71.7094164],[128.916841,71.7094113],[128.9169804,71.7093743],[128.9170448,71.7093356],[128.9173023,71.7092211],[128.9175383,71.7091554],[128.9177315,71.7090948],[128.9179943,71.7090376],[128.9181713,71.7089787],[128.9183484,71.7089265],[128.9186381,71.7088625],[128.9188151,71.7088372],[128.9188526,71.7088457],[128.9188902,71.7088254],[128.9189814,71.7088137],[128.919153,71.7088103],[128.9193032,71.7087935],[128.9194373,71.7087951],[128.9197056,71.7087901],[128.9198236,71.7087682],[128.919947,71.7087665],[128.9200596,71.7087463],[128.9202313,71.7087463],[128.920301,71.7087413],[128.920478,71.7087345],[128.9205692,71.7087362],[128.9207785,71.7087446],[128.9210842,71.7087463],[128.9212773,71.7087514],[128.9213954,71.7087665],[128.9215563,71.7087648],[128.9217011,71.7087598],[128.9217958,71.7087792],[128.9219211,71.708785],[128.9219533,71.7087817],[128.9219962,71.7087951],[128.9220069,71.7088137],[128.9220445,71.708812],[128.9221123,71.7088129],[128.9221177,71.7088297],[128.9221625,71.708844],[128.9222268,71.7088423],[128.9222537,71.7088608],[128.9223162,71.7088752],[128.922343,71.708887],[128.9222483,71.7088928],[128.9222054,71.7089029],[128.922141,71.7089281],[128.922082,71.708945],[128.9219211,71.7089416],[128.9217494,71.7089585],[128.9216529,71.7089753],[128.9215563,71.7089871],[128.9215241,71.7090056],[128.9214329,71.7089904],[128.921272,71.7089686],[128.921095,71.7089517],[128.9210306,71.7089382],[128.9208911,71.7089517],[128.9207892,71.7089349],[128.920639,71.7089113],[128.9205424,71.7088911],[128.920006,71.70895],[128.9198129,71.7089736],[128.9196197,71.7090174],[128.9194964,71.7090662],[128.9193569,71.7090999],[128.9191101,71.7091234],[128.9189385,71.7091453],[128.9188473,71.7091992],[128.9187292,71.7092447],[128.9185147,71.7092665],[128.9181499,71.7093322],[128.9179246,71.709381],[128.9177797,71.7094484],[128.9177261,71.7094837],[128.9176456,71.7095157],[128.9174793,71.7095376],[128.9173238,71.7095881],[128.9172809,71.7096201],[128.9172433,71.7096588],[128.9171575,71.7096841],[128.9170234,71.7096841],[128.9169161,71.7096992],[128.9168946,71.7097295],[128.9167873,71.7097312],[128.9167337,71.7097076],[128.9167283,71.7096773],[128.9166586,71.7096588],[128.9165406,71.7096655],[128.9163743,71.7096773],[128.9162723,71.7096975]]]}},{"type":"Feature","id":"osm-context-140859279","properties":{"osmId":140859279,"kind":"area","landuse":null,"natural":"water","water":null,"waterway":null,"leisure":null,"amenity":null,"railway":null,"name":null,"source":"OpenStreetMap"},"geometry":{"type":"Polygon","coordinates":[[[128.9253007,71.7058301],[128.92529,71.705857],[128.9252095,71.7058705],[128.9250915,71.705884],[128.9250218,71.7058873],[128.9248823,71.7058907],[128.9248018,71.7058958],[128.9246945,71.7059092],[128.924598,71.7059092],[128.9245497,71.7059025],[128.9245478,71.7058865],[128.9244746,71.7058705],[128.9244263,71.705852],[128.9243619,71.705825],[128.9243619,71.7057914],[128.924378,71.7057509],[128.9244102,71.7057206],[128.9244727,71.7056827],[128.9245175,71.7056449],[128.924598,71.7056213],[128.9247356,71.7055952],[128.924834,71.7055708],[128.9249038,71.7055506],[128.9249716,71.7055245],[128.925054,71.705495],[128.9252023,71.705484],[128.9253919,71.7054815],[128.9255797,71.7054748],[128.925746,71.7054748],[128.9258694,71.7054782],[128.9259391,71.7055203],[128.9260196,71.7055472],[128.9261268,71.7055506],[128.9262234,71.7055741],[128.9262878,71.7056263],[128.92632,71.7056667],[128.9262502,71.7057189],[128.9261537,71.7057509],[128.9260786,71.7057644],[128.9259927,71.7057779],[128.9259284,71.705793],[128.9258103,71.7057964],[128.925746,71.705793],[128.9256601,71.7057863],[128.9256172,71.7057678],[128.9255475,71.7057644],[128.9255046,71.7057745],[128.9254617,71.7057981],[128.9254509,71.7058149],[128.9253705,71.7058233],[128.9253275,71.7058149],[128.9253007,71.7058301]]]}},{"type":"Feature","id":"osm-context-140859298","properties":{"osmId":140859298,"kind":"area","landuse":null,"natural":"water","water":null,"waterway":null,"leisure":null,"amenity":null,"railway":null,"name":null,"source":"OpenStreetMap"},"geometry":{"type":"Polygon","coordinates":[[[128.9116483,71.7087176],[128.9116966,71.7086991],[128.9117395,71.7086856],[128.9117609,71.7086587],[128.9118521,71.7086284],[128.9119004,71.7085998],[128.9119541,71.7085897],[128.9118682,71.7085526],[128.9117663,71.708524],[128.911659,71.7084886],[128.9114927,71.7084701],[128.9114015,71.708455],[128.9113371,71.7084381],[128.9112835,71.7084162],[128.9111977,71.7084011],[128.9111387,71.7084028],[128.9110636,71.7084112],[128.9110046,71.7084011],[128.910908,71.7084095],[128.9108812,71.7084331],[128.9108847,71.7084626],[128.9108919,71.7084954],[128.9108954,71.7085317],[128.9109544,71.7085704],[128.9110743,71.7086166],[128.9110797,71.7086368],[128.9111548,71.7086486],[128.9111762,71.7086418],[128.911246,71.7086671],[128.911203,71.708694],[128.9112835,71.7086957],[128.9113264,71.7086856],[128.911423,71.708689],[128.9114747,71.7087051],[128.9115123,71.7087185],[128.9116483,71.7087176]]]}},{"type":"Feature","id":"osm-context-140859304","properties":{"osmId":140859304,"kind":"area","landuse":null,"natural":"water","water":null,"waterway":null,"leisure":null,"amenity":null,"railway":null,"name":null,"source":"OpenStreetMap"},"geometry":{"type":"Polygon","coordinates":[[[128.91031,71.7077445],[128.9103475,71.7077159],[128.9103744,71.7076931],[128.9104307,71.7076864],[128.9104716,71.7076789],[128.9105031,71.707662],[128.9105574,71.7076444],[128.9105997,71.7076224],[128.9105735,71.7076031],[128.9106479,71.7075921],[128.9107096,71.7075888],[128.910782,71.7075896],[128.9108471,71.7075821],[128.9108893,71.7075601],[128.9109001,71.7075416],[128.9108813,71.7075189],[128.9108652,71.7075037],[128.9109081,71.7074726],[128.9109135,71.7074557],[128.9109269,71.7074381],[128.9109758,71.7074221],[128.9109913,71.7074035],[128.910951,71.7073791],[128.9109349,71.7073556],[128.9109618,71.7073278],[128.9109618,71.7072983],[128.9109215,71.7072874],[128.9108759,71.7072562],[128.9108062,71.707236],[128.9107794,71.7072065],[128.9107525,71.7071931],[128.9106935,71.707172],[128.910603,71.7071536],[128.9105728,71.70714],[128.9104877,71.707125],[128.9103904,71.7071274],[128.9103288,71.7071392],[128.91031,71.7071232],[128.9102349,71.7071215],[128.9101866,71.7071266],[128.9100934,71.7071014],[128.9100076,71.7070854],[128.9098949,71.7071006],[128.909852,71.7071393],[128.9097843,71.7071914],[128.9097823,71.7072302],[128.9097923,71.7073],[128.9098218,71.7073825],[128.9098406,71.7074111],[128.9098916,71.7074094],[128.9099586,71.7074086],[128.9099378,71.70746],[128.9099217,71.707487],[128.9099378,71.7075105],[128.9100015,71.7075627],[128.9100263,71.7075973],[128.9100739,71.7076334],[128.9100692,71.7076705],[128.9100632,71.7076999],[128.9101336,71.7077227],[128.9101792,71.7077395],[128.91031,71.7077445]]]}},{"type":"Feature","id":"osm-context-140859861","properties":{"osmId":140859861,"kind":"area","landuse":null,"natural":"water","water":null,"waterway":null,"leisure":null,"amenity":null,"railway":null,"name":null,"source":"OpenStreetMap"},"geometry":{"type":"Polygon","coordinates":[[[128.9305739,71.7056129],[128.9304451,71.7056113],[128.9303325,71.7056163],[128.9302252,71.7056298],[128.9301233,71.7056601],[128.9300911,71.705687],[128.9300804,71.7057072],[128.930016,71.7057072],[128.930016,71.7057274],[128.9299463,71.7057123],[128.9298765,71.705714],[128.9297102,71.7057409],[128.9296459,71.7057527],[128.9295225,71.7057864],[128.9294527,71.7058015],[128.9293562,71.7058133],[128.929265,71.7058352],[128.9291845,71.7058706],[128.9291826,71.7058984],[128.9291201,71.7059211],[128.9289914,71.7059666],[128.9289485,71.7059986],[128.9288626,71.7060255],[128.9288036,71.7060777],[128.9287822,71.7061114],[128.9287232,71.7061383],[128.9285891,71.7061703],[128.9285622,71.7062023],[128.9285569,71.7062292],[128.9285247,71.7062528],[128.9285282,71.7062823],[128.928573,71.7063134],[128.9286194,71.706321],[128.9286749,71.7063033],[128.9287554,71.7062915],[128.9288358,71.7062814],[128.9288787,71.706305],[128.9289949,71.7063951],[128.9290611,71.7064598],[128.9290182,71.7064683],[128.9290128,71.7064952],[128.9290646,71.7065281],[128.9290665,71.7065558],[128.9290807,71.7065837],[128.9290504,71.7066131],[128.9290485,71.7066493],[128.9290182,71.7066703],[128.9290236,71.7066956],[128.9290324,71.70671],[128.9291255,71.7066973],[128.9291845,71.7066939],[128.929265,71.7066821],[128.9293133,71.7066703],[128.9294045,71.7066518],[128.9294956,71.7066501],[128.929619,71.7066518],[128.9296512,71.706635],[128.9296995,71.7066215],[128.9297853,71.7066198],[128.9298336,71.7065945],[128.9298872,71.706539],[128.9299677,71.7064986],[128.9299784,71.7064582],[128.9300375,71.7064177],[128.9300911,71.7063874],[128.9301555,71.7063606],[128.9302359,71.7063437],[128.9303164,71.7063117],[128.9303325,71.7062831],[128.9304183,71.7062629],[128.930413,71.7062276],[128.9303754,71.706204],[128.9303271,71.7061838],[128.9304076,71.7061787],[128.930531,71.7061905],[128.9306436,71.706172],[128.930767,71.706172],[128.9308636,71.7061737],[128.9310084,71.7061737],[128.931105,71.7061669],[128.931223,71.7061484],[128.931282,71.7061147],[128.9313893,71.7060912],[128.9314215,71.7060575],[128.9314679,71.7059977],[128.931484,71.7059573],[128.9315805,71.7059287],[128.9316682,71.7059261],[128.9317844,71.7059253],[128.9318273,71.7059186],[128.9317487,71.7058975],[128.9316843,71.7058891],[128.9316682,71.7058655],[128.9317415,71.7058478],[128.9318327,71.7058411],[128.9317916,71.7058184],[128.9317165,71.7058066],[128.9316629,71.7058133],[128.9315878,71.7057948],[128.9315449,71.7058049],[128.9314858,71.7058116],[128.9313786,71.7058049],[128.9313088,71.7057982],[128.9312391,71.7057796],[128.9311264,71.7057763],[128.9310782,71.7057695],[128.9310782,71.7057544],[128.9311372,71.7057477],[128.9311353,71.7057266],[128.931046,71.7057123],[128.9311085,71.705703],[128.9310996,71.7056904],[128.9310621,71.7056752],[128.9310782,71.7056567],[128.9309762,71.7056635],[128.9309172,71.7056719],[128.9308582,71.7056584],[128.9308349,71.7056172],[128.9307456,71.7056096],[128.9306383,71.7056045],[128.9305739,71.7056129]]]}},{"type":"Feature","id":"osm-context-141026809","properties":{"osmId":141026809,"kind":"area","landuse":null,"natural":"water","water":null,"waterway":null,"leisure":null,"amenity":null,"railway":null,"name":null,"source":"OpenStreetMap"},"geometry":{"type":"Polygon","coordinates":[[[128.8081423,71.7050792],[128.8080938,71.7050724],[128.8080187,71.7050858],[128.807965,71.7050656],[128.8080401,71.7050488],[128.8080865,71.7050233],[128.8080168,71.7050047],[128.8078792,71.7050016],[128.8077754,71.7049896],[128.8076627,71.704966],[128.8076539,71.7049376],[128.8076861,71.704904],[128.8075466,71.704909],[128.8075144,71.7049258],[128.8074339,71.7049208],[128.8074106,71.7049306],[128.807314,71.7049306],[128.8072945,71.7049174],[128.8072033,71.7048821],[128.8072301,71.7048635],[128.8072462,71.7048467],[128.8073106,71.7048299],[128.8074106,71.704806],[128.807357,71.704806],[128.8072068,71.7048145],[128.8070745,71.7048198],[128.8070316,71.7047979],[128.8070209,71.7047575],[128.8070799,71.7047372],[128.8071925,71.7047187],[128.8073696,71.7047036],[128.8073964,71.7046884],[128.8073696,71.7046295],[128.8073642,71.7046042],[128.8074232,71.7045688],[128.8074911,71.7045433],[128.8074876,71.7045217],[128.8074803,71.7044878],[128.8074374,71.7044642],[128.8073355,71.7044389],[128.8073033,71.7044271],[128.8072604,71.7044002],[128.8072121,71.7043935],[128.8071907,71.7043783],[128.8071711,71.7043651],[128.8070853,71.7043651],[128.8071282,71.7043466],[128.8072033,71.7043264],[128.8071979,71.7043011],[128.8071764,71.7042758],[128.8071604,71.7042523],[128.8071228,71.7042017],[128.8071209,71.7041611],[128.8070619,71.7041358],[128.8069994,71.7041074],[128.8069546,71.7040786],[128.8068688,71.704055],[128.8067883,71.704023],[128.8066936,71.7040199],[128.8066829,71.7039946],[128.8065223,71.7039778],[128.8063828,71.7039374],[128.8062733,71.7039051],[128.8060824,71.7039071],[128.8059965,71.7039071],[128.8056639,71.7039071],[128.8054923,71.7039172],[128.8053421,71.7040014],[128.8052241,71.7040553],[128.8051168,71.7040856],[128.8049344,71.7041597],[128.8048378,71.70419],[128.8046018,71.7042271],[128.8044301,71.7043315],[128.8043336,71.7043786],[128.8040975,71.7044123],[128.8038079,71.7044426],[128.8036684,71.7044696],[128.8035611,71.7045369],[128.8035611,71.7045976],[128.8035075,71.7046481],[128.8033894,71.7046784],[128.8033143,71.7047592],[128.8032714,71.7048299],[128.8032929,71.7048771],[128.8031856,71.7049209],[128.803089,71.7049714],[128.8031212,71.7050388],[128.8031212,71.7050859],[128.8032607,71.7051533],[128.8034002,71.7051903],[128.803486,71.705224],[128.8035718,71.7052307],[128.8037328,71.7052913],[128.80384,71.7053217],[128.803883,71.7053722],[128.8039881,71.7054072],[128.8042263,71.7054665],[128.8043121,71.7055473],[128.8044173,71.7055823],[128.8045267,71.7056315],[128.804634,71.7056988],[128.8046662,71.7057325],[128.8048378,71.7057595],[128.8049344,71.7057898],[128.8050395,71.7058248],[128.8052563,71.7058942],[128.8053743,71.7059413],[128.8054687,71.7059595],[128.8055781,71.7059817],[128.8057498,71.7060222],[128.8058785,71.7060525],[128.8061339,71.7060841],[128.8063484,71.7061111],[128.8065437,71.7061434],[128.8066725,71.7061468],[128.8067583,71.7061939],[128.8068119,71.7062377],[128.8070372,71.7062916],[128.8072304,71.706305],[128.8074235,71.7063421],[128.8075093,71.7063454],[128.8077132,71.706396],[128.8078204,71.7064128],[128.8079685,71.7064209],[128.808153,71.7064465],[128.8082689,71.7064276],[128.8083011,71.7063973],[128.8084191,71.7063737],[128.8084835,71.7063367],[128.8084534,71.7063017],[128.8084964,71.7062646],[128.8085908,71.706266],[128.8086981,71.706266],[128.8088161,71.7062458],[128.8088933,71.7062141],[128.8088611,71.7061973],[128.8088397,71.7061602],[128.8089019,71.7061313],[128.8089899,71.7061299],[128.8091186,71.7061569],[128.8091186,71.7061063],[128.8091272,71.7060875],[128.8091272,71.7060471],[128.809065,71.7060154],[128.8089684,71.7060255],[128.8089577,71.7059986],[128.8089448,71.7059561],[128.8089684,71.7059178],[128.8090521,71.7058989],[128.8091487,71.7058922],[128.8090864,71.7058672],[128.8090221,71.7058437],[128.8090628,71.7058046],[128.8090628,71.7057878],[128.8089577,71.7057494],[128.8090779,71.7057116],[128.8091186,71.7056584],[128.8091937,71.7056551],[128.8091294,71.7056281],[128.8090435,71.7055978],[128.8091165,71.7055621],[128.8092345,71.7055453],[128.8092989,71.7055082],[128.8093954,71.7055116],[128.8092796,71.7054732],[128.8091508,71.7054362],[128.8091079,71.7054025],[128.8090006,71.7053553],[128.8089041,71.7053654],[128.8088933,71.7053284],[128.8088075,71.7052846],[128.8088075,71.7052173],[128.8087217,71.7051802],[128.8085607,71.7051533],[128.8084105,71.7051297],[128.8083354,71.7051095],[128.8083226,71.7050906],[128.8082389,71.7050859],[128.808153,71.7051027],[128.8081423,71.7050792]]]}},{"type":"Feature","id":"osm-context-141026823","properties":{"osmId":141026823,"kind":"area","landuse":null,"natural":"water","water":null,"waterway":null,"leisure":null,"amenity":null,"railway":null,"name":null,"source":"OpenStreetMap"},"geometry":{"type":"Polygon","coordinates":[[[128.8224811,71.7054984],[128.8224597,71.7054765],[128.8223899,71.7054546],[128.8223524,71.7054327],[128.8224168,71.7054226],[128.8224972,71.7054293],[128.8225616,71.7054159],[128.8225616,71.7053872],[128.8225562,71.705362],[128.8224972,71.7053384],[128.8224972,71.7053081],[128.8224382,71.7052896],[128.8223792,71.7052643],[128.8223148,71.7052407],[128.8222451,71.7052205],[128.8222022,71.7052138],[128.8221378,71.7052189],[128.8221271,71.7051953],[128.8220842,71.7051835],[128.8220466,71.70517],[128.8220466,71.7051448],[128.8220037,71.7051296],[128.8219179,71.7051296],[128.8218374,71.7051431],[128.8217945,71.7051195],[128.821714,71.7051229],[128.8215424,71.7051414],[128.8214136,71.7051532],[128.821258,71.7051565],[128.8210596,71.7051818],[128.8209201,71.7052071],[128.8208021,71.7052407],[128.8206841,71.7052542],[128.8203997,71.7052542],[128.8201476,71.7052626],[128.8199974,71.7052896],[128.8199277,71.7053266],[128.8199097,71.7053769],[128.8199151,71.7054207],[128.8198633,71.7054495],[128.8199419,71.7055621],[128.8199526,71.7056059],[128.8200277,71.7056581],[128.8201243,71.7057052],[128.8202817,71.705751],[128.8203461,71.705756],[128.8204051,71.7057392],[128.8204373,71.7057223],[128.8205105,71.7057255],[128.820532,71.7057473],[128.820591,71.7057608],[128.8206358,71.7057476],[128.8207377,71.7057459],[128.8207538,71.7057628],[128.820827,71.7057827],[128.8209987,71.7057911],[128.8210971,71.7058065],[128.8211454,71.705788],[128.821224,71.7058046],[128.8212795,71.705815],[128.8213742,71.7058147],[128.8214834,71.7058352],[128.8215638,71.7058368],[128.8216389,71.705852],[128.8217247,71.7058284],[128.8218159,71.7058453],[128.8219106,71.7058652],[128.8219857,71.7058652],[128.8219857,71.7059006],[128.8220627,71.7059412],[128.8220198,71.7058958],[128.8220573,71.7058789],[128.8221432,71.7058823],[128.8221896,71.7058736],[128.8222934,71.7058503],[128.8223612,71.7058534],[128.8224524,71.7058635],[128.8225222,71.7058703],[128.8226045,71.7058587],[128.8226689,71.705857],[128.8227279,71.7058385],[128.8227386,71.7058116],[128.8227654,71.7057981],[128.8228137,71.7057762],[128.822862,71.7057729],[128.8228459,71.7057459],[128.8228191,71.7057291],[128.822803,71.7057139],[128.8228137,71.7057004],[128.8228137,71.705687],[128.8227869,71.7056718],[128.8228727,71.7056516],[128.822862,71.7056264],[128.8228245,71.7056129],[128.8227654,71.7056028],[128.8226903,71.7055859],[128.8226421,71.7055775],[128.8226367,71.7055641],[128.8226152,71.7055506],[128.8227386,71.7055405],[128.8228245,71.7055371],[128.8228513,71.705527],[128.8227869,71.7055034],[128.8227869,71.7054883],[128.8227118,71.7054883],[128.8226796,71.7054698],[128.8226152,71.7054731],[128.8225455,71.7054815],[128.8224811,71.7054984]]]}},{"type":"Feature","id":"osm-context-141026891","properties":{"osmId":141026891,"kind":"area","landuse":null,"natural":"water","water":null,"waterway":null,"leisure":null,"amenity":null,"railway":null,"name":null,"source":"OpenStreetMap"},"geometry":{"type":"Polygon","coordinates":[[[128.8123638,71.7064868],[128.8124014,71.70647],[128.8123638,71.706443],[128.8122458,71.7064195],[128.8121707,71.7064009],[128.8120956,71.7064009],[128.8120098,71.706411],[128.8119454,71.706406],[128.8118596,71.7064262],[128.811881,71.7064717],[128.8119991,71.706502],[128.8121152,71.7065556],[128.8121903,71.7066061],[128.8122332,71.7066667],[128.8123102,71.7067848],[128.812303,71.7068486],[128.8123853,71.7069464],[128.8124228,71.7069902],[128.8126999,71.7070489],[128.8128179,71.7070675],[128.8128413,71.7070424],[128.8128413,71.7070121],[128.8128574,71.7069784],[128.8129217,71.7069767],[128.8129968,71.7069986],[128.8130505,71.7070087],[128.8131578,71.7069868],[128.8132685,71.7069597],[128.8134153,71.706943],[128.8135529,71.7069513],[128.8136548,71.7069698],[128.8138104,71.7069833],[128.8139606,71.7069951],[128.8140483,71.7070121],[128.8141126,71.7069969],[128.8141395,71.7069632],[128.814202,71.7069496],[128.8143487,71.7069599],[128.8144345,71.7069599],[128.8145311,71.7069464],[128.8145847,71.7069245],[128.8147188,71.7069161],[128.8147867,71.7069126],[128.8148296,71.706894],[128.8148315,71.7068706],[128.8148529,71.7068487],[128.8147135,71.7068336],[128.8146384,71.7068151],[128.8145954,71.7067882],[128.8145257,71.7067596],[128.8143809,71.7067158],[128.8143272,71.7066973],[128.8142521,71.7066939],[128.8141877,71.706672],[128.8141824,71.7066501],[128.8141126,71.7066198],[128.8139946,71.7065895],[128.8138766,71.7065609],[128.8138176,71.7065407],[128.8137371,71.7065104],[128.8136996,71.7064885],[128.8135708,71.7064919],[128.8135279,71.7064969],[128.8134099,71.7064935],[128.8132758,71.7064834],[128.8131685,71.7064834],[128.8131095,71.7065053],[128.8129861,71.7065053],[128.8129432,71.7064885],[128.8129164,71.70647],[128.8127662,71.7064818],[128.8126803,71.7064986],[128.812616,71.7064952],[128.8125731,71.7064885],[128.8125301,71.7064666],[128.8123638,71.7064868]]]}},{"type":"Feature","id":"osm-context-141026892","properties":{"osmId":141026892,"kind":"area","landuse":null,"natural":"water","water":null,"waterway":null,"leisure":null,"amenity":null,"railway":null,"name":null,"source":"OpenStreetMap"},"geometry":{"type":"Polygon","coordinates":[[[128.8170148,71.7081637],[128.8172508,71.7081637],[128.8174439,71.708157],[128.8175512,71.7081553],[128.8175995,71.7081671],[128.8177014,71.7081604],[128.817857,71.7081469],[128.8179463,71.7081535],[128.8180536,71.7081585],[128.8181038,71.7081486],[128.8181306,71.7081267],[128.8182754,71.7081183],[128.8183452,71.7080981],[128.8183613,71.7080576],[128.818372,71.7080206],[128.8183881,71.707992],[128.8183988,71.7079667],[128.818372,71.7079482],[128.8183774,71.7079196],[128.8183666,71.7078977],[128.8182969,71.7078943],[128.8181681,71.7078842],[128.8180877,71.707859],[128.8180287,71.7078152],[128.8180018,71.7078],[128.8179482,71.7077933],[128.8179053,71.707763],[128.8178463,71.7077462],[128.8177014,71.707694],[128.8176102,71.7076822],[128.8174493,71.7076687],[128.8173367,71.7076418],[128.8172079,71.7076418],[128.8167895,71.7076485],[128.8165159,71.707667],[128.8163121,71.7076923],[128.8161458,71.7077344],[128.8160438,71.7077933],[128.8160224,71.7078657],[128.8160902,71.7079026],[128.8162458,71.7079329],[128.8162565,71.7079615],[128.8163067,71.7079819],[128.816337,71.7080154],[128.8163853,71.708076],[128.8165159,71.7080964],[128.8166554,71.7081098],[128.8167788,71.7081418],[128.8168466,71.7081518],[128.8170148,71.7081637]]]}},{"type":"Feature","id":"osm-context-141026894","properties":{"osmId":141026894,"kind":"area","landuse":null,"natural":"water","water":null,"waterway":null,"leisure":null,"amenity":null,"railway":null,"name":null,"source":"OpenStreetMap"},"geometry":{"type":"Polygon","coordinates":[[[128.8429853,71.7074884],[128.8430893,71.7074547],[128.843118,71.707433],[128.8432146,71.7074162],[128.8434131,71.7073976],[128.8436596,71.7074296],[128.8437454,71.7074229],[128.8438473,71.7074027],[128.8439868,71.7074027],[128.8442175,71.7074212],[128.8442819,71.7074397],[128.8443355,71.70747],[128.8443194,71.707497],[128.8443301,71.7075222],[128.8444251,71.7075355],[128.8445823,71.7075643],[128.844711,71.7075559],[128.8448344,71.7075542],[128.8450436,71.7075239],[128.8451348,71.7075239],[128.8453279,71.7075509],[128.8453601,71.7075812],[128.8453531,71.7076046],[128.8452957,71.7076266],[128.8452206,71.7076435],[128.8451884,71.707662],[128.8451509,71.7076721],[128.8450313,71.7076938],[128.8449685,71.7077074],[128.8448612,71.7077276],[128.8447569,71.7077275],[128.8445147,71.7077456],[128.8442153,71.7077481],[128.8435831,71.7076802],[128.8434509,71.7076514],[128.8432106,71.7076199],[128.8431457,71.7075877],[128.8430507,71.7075847],[128.8430499,71.7075553],[128.8430993,71.7075203],[128.8429853,71.7074884]]]}},{"type":"Feature","id":"osm-context-141026983","properties":{"osmId":141026983,"kind":"area","landuse":null,"natural":"water","water":null,"waterway":null,"leisure":null,"amenity":null,"railway":null,"name":null,"source":"OpenStreetMap"},"geometry":{"type":"Polygon","coordinates":[[[128.8386602,71.7078051],[128.8385583,71.7077933],[128.83851,71.7077664],[128.8384295,71.7077697],[128.8384242,71.7077495],[128.8383974,71.7077327],[128.8383813,71.7077091],[128.838392,71.7076704],[128.8384617,71.7076435],[128.8385154,71.7076132],[128.8385368,71.7075812],[128.8385637,71.7075475],[128.8386388,71.7075239],[128.8387621,71.7075222],[128.8388426,71.7075138],[128.8389821,71.7074869],[128.839084,71.707438],[128.8392128,71.7074111],[128.8393093,71.707396],[128.8395239,71.707401],[128.8397653,71.7074212],[128.8398028,71.7074061],[128.8398565,71.7073976],[128.8398975,71.707416],[128.8399297,71.7074345],[128.8400424,71.7074463],[128.8401067,71.7074699],[128.8401711,71.7074968],[128.8402213,71.7075071],[128.8402856,71.7075323],[128.8402999,71.7075675],[128.8404125,71.7075877],[128.8404466,71.7076031],[128.8404466,71.7076283],[128.8403983,71.7076485],[128.8403393,71.7076435],[128.8403339,71.7076249],[128.8403232,71.7076148],[128.840232,71.7076216],[128.8401623,71.7076367],[128.8400872,71.7076384],[128.8399745,71.7076637],[128.8398458,71.707699],[128.8397867,71.7077159],[128.8396955,71.7077361],[128.8396097,71.7077596],[128.8394863,71.7077933],[128.8393469,71.7078287],[128.8391752,71.7078337],[128.8390465,71.7078304],[128.8389392,71.707827],[128.8388372,71.7078203],[128.8386602,71.7078051]]]}},{"type":"Feature","id":"osm-context-141026984","properties":{"osmId":141026984,"kind":"area","landuse":null,"natural":"water","water":null,"waterway":null,"leisure":null,"amenity":null,"railway":null,"name":null,"source":"OpenStreetMap"},"geometry":{"type":"Polygon","coordinates":[[[128.838789,71.706805],[128.8386656,71.7068034],[128.8385368,71.7068],[128.8383598,71.7068],[128.8382525,71.7067916],[128.8381774,71.7068118],[128.8381184,71.7068067],[128.8380648,71.7068],[128.837818,71.706805],[128.8376249,71.7068034],[128.8375176,71.7067983],[128.8373888,71.7067899],[128.8372816,71.7067865],[128.8372065,71.7067747],[128.8370831,71.7067747],[128.8369597,71.7067764],[128.8368739,71.7067764],[128.8368202,71.7067966],[128.8367344,71.7067933],[128.8367129,71.7067781],[128.8366486,71.7067781],[128.8366467,71.7067997],[128.8364876,71.7067983],[128.8363642,71.7068184],[128.8362194,71.7068101],[128.8360477,71.7067949],[128.8359512,71.7067646],[128.8358761,71.7067343],[128.8357688,71.7066956],[128.8356347,71.7066619],[128.8355971,71.706635],[128.8355381,71.706603],[128.8354845,71.706576],[128.8354416,71.7065609],[128.8354147,71.706534],[128.8353182,71.7065238],[128.8352948,71.7065455],[128.8353807,71.706596],[128.8354577,71.7066434],[128.8355328,71.7067124],[128.8355684,71.7067391],[128.8356328,71.7067762],[128.8357742,71.7068285],[128.8358814,71.7068588],[128.8359887,71.7068622],[128.836214,71.7068992],[128.8363141,71.7069142],[128.8364965,71.7069142],[128.8366593,71.7069211],[128.83689,71.7069363],[128.8370866,71.706953],[128.8374728,71.7069647],[128.8378341,71.7069683],[128.8380058,71.7069632],[128.838113,71.7069514],[128.838535,71.706921],[128.8387246,71.7068992],[128.8388104,71.7068824],[128.8388372,71.7068588],[128.8388426,71.7068319],[128.838789,71.706805]]]}},{"type":"Feature","id":"osm-context-141026985","properties":{"osmId":141026985,"kind":"area","landuse":null,"natural":"water","water":null,"waterway":null,"leisure":null,"amenity":null,"railway":null,"name":null,"source":"OpenStreetMap"},"geometry":{"type":"Polygon","coordinates":[[[128.8369651,71.7075913],[128.8370509,71.7075812],[128.8370402,71.7075626],[128.8369704,71.7075307],[128.8369919,71.707497],[128.8369865,71.7074751],[128.8369543,71.7074397],[128.8369543,71.7074077],[128.8369543,71.7073859],[128.8369061,71.7073505],[128.8368417,71.7073353],[128.8368417,71.7073185],[128.8367666,71.7073101],[128.8367344,71.7072865],[128.8367076,71.7072613],[128.8367022,71.7072461],[128.8366378,71.7072411],[128.836552,71.7072326],[128.8365413,71.7072141],[128.8365037,71.7072057],[128.8364072,71.7072141],[128.8363267,71.7072107],[128.836257,71.7071939],[128.8362033,71.7072124],[128.8362014,71.7072291],[128.8361443,71.7072411],[128.8361478,71.7072628],[128.8361658,71.7072865],[128.8361424,71.7073015],[128.8361711,71.7073337],[128.836257,71.7073707],[128.8362658,71.7074059],[128.8363696,71.7074347],[128.8364053,71.7074564],[128.8364053,71.707485],[128.836475,71.7075136],[128.8366145,71.7075372],[128.8366628,71.7075507],[128.8367505,71.7075727],[128.836813,71.7075827],[128.8368827,71.707581],[128.8369651,71.7075913]]]}},{"type":"Feature","id":"osm-context-141176692","properties":{"osmId":141176692,"kind":"area","landuse":null,"natural":"water","water":null,"waterway":null,"leisure":null,"amenity":null,"railway":null,"name":null,"source":"OpenStreetMap"},"geometry":{"type":"Polygon","coordinates":[[[128.9387003,71.7038163],[128.9384213,71.7038365],[128.9379492,71.7038769],[128.9377132,71.7039308],[128.9374986,71.7039712],[128.9371982,71.7040386],[128.9369836,71.7040723],[128.936812,71.7040521],[128.9365545,71.7039308],[128.9364257,71.703823],[128.9365062,71.7037628],[128.9366993,71.703756],[128.9367261,71.7036546],[128.9367261,71.7035805],[128.9367905,71.7034997],[128.9368978,71.7034256],[128.9370266,71.7033852],[128.9368334,71.7033448],[128.937048,71.7032707],[128.9371499,71.7031834],[128.937284,71.7031629],[128.937563,71.7031359],[128.9376703,71.7030955],[128.9379063,71.703082],[128.9382282,71.703109],[128.9384374,71.7031161],[128.9390168,71.7030487],[128.9394513,71.7030484],[128.9398965,71.7030218],[128.9402237,71.7030282],[128.9404598,71.7029608],[128.9407119,71.7029274],[128.9412108,71.7028261],[128.9419189,71.7027452],[128.9424285,71.7027119],[128.9428416,71.7027385],[128.9433512,71.7027927],[128.9436302,71.7028062],[128.9437804,71.7028803],[128.9440808,71.7028803],[128.944408,71.7029136],[128.9448586,71.7029877],[128.9452234,71.7030686],[128.9452824,71.7031295],[128.9452019,71.7032302],[128.9451322,71.7033114],[128.9453682,71.7033586],[128.9454541,71.7034125],[128.9451805,71.703466],[128.9449659,71.7034997],[128.9448962,71.7035607],[128.9451805,71.7036075],[128.9453521,71.7036546],[128.9452448,71.703722],[128.9454165,71.7037826],[128.9454326,71.7038436],[128.9455882,71.7038298],[128.945733,71.703884],[128.9456686,71.7039446],[128.9458242,71.7039914],[128.9459744,71.7040117],[128.9459047,71.7041198],[128.945969,71.7042343],[128.9457813,71.7043013],[128.9455882,71.7043619],[128.9456525,71.7044562],[128.9454594,71.7045438],[128.9452878,71.7045842],[128.9451322,71.7046586],[128.944923,71.7047055],[128.9447245,71.7046856],[128.9445153,71.7046583],[128.9442739,71.7047125],[128.9441076,71.7047189],[128.9439735,71.7048001],[128.9439949,71.7048607],[128.944129,71.7049008],[128.9442149,71.705022],[128.9443222,71.7051231],[128.9444241,71.705211],[128.9445314,71.7052851],[128.9446869,71.7053251],[128.944982,71.7053255],[128.9451751,71.7053255],[128.945395,71.7053386],[128.9454809,71.7054127],[128.9455965,71.7054439],[128.9454771,71.7054524],[128.9454216,71.7054787],[128.9453155,71.7054859],[128.9452199,71.7055226],[128.9451311,71.7055391],[128.9451204,71.7055915],[128.9450531,71.7056109],[128.9448371,71.705608],[128.9447942,71.7055811],[128.9447647,71.7056156],[128.9446108,71.7056274],[128.9446148,71.7056585],[128.9445011,71.7056629],[128.9443297,71.7056705],[128.9440432,71.7056821],[128.9438501,71.7056754],[128.943657,71.7056687],[128.9435068,71.7055946],[128.9434424,71.7055205],[128.9433136,71.7054329],[128.9433136,71.7053723],[128.9432493,71.7053117],[128.9430937,71.7052649],[128.9429489,71.7052039],[128.9428201,71.7051029],[128.9427772,71.7050153],[128.9425358,71.7049281],[128.9424124,71.7048469],[128.9424553,71.7047391],[128.9422622,71.7046853],[128.9422193,71.7046112],[128.9421335,71.7045775],[128.9419404,71.7045236],[128.9417687,71.7044764],[128.9415541,71.7044495],[128.9412108,71.7043821],[128.9409962,71.7042811],[128.9409533,71.7041935],[128.9407387,71.7041329],[128.9405456,71.7041194],[128.9403739,71.7040386],[128.9401379,71.7040386],[128.939859,71.7040453],[128.93958,71.7039847],[128.939344,71.7039847],[128.9391294,71.703951],[128.9390221,71.7039173],[128.9388757,71.7038402],[128.9387003,71.7038163]]]}},{"type":"Feature","id":"osm-context-142240033","properties":{"osmId":142240033,"kind":"area","landuse":null,"natural":"water","water":null,"waterway":null,"leisure":null,"amenity":null,"railway":null,"name":null,"source":"OpenStreetMap"},"geometry":{"type":"Polygon","coordinates":[[[128.8423129,71.6401297],[128.8422593,71.6400993],[128.842152,71.6401162],[128.8420495,71.6401762],[128.8420281,71.6402167],[128.8418993,71.6401931],[128.8417277,71.6402606],[128.8414916,71.6404093],[128.8412722,71.6404913],[128.8411805,71.640558],[128.8411864,71.6406265],[128.8410625,71.6406493],[128.8410732,71.6407202],[128.8412234,71.6408081],[128.8414058,71.6409365],[128.8416418,71.6411156],[128.8416848,71.6412406],[128.841916,71.6413192],[128.8420125,71.6414476],[128.842034,71.6415152],[128.8422271,71.6415152],[128.8423988,71.6414915],[128.8422593,71.641282],[128.8422593,71.641228],[128.8423988,71.6412077],[128.8426348,71.6411536],[128.8426992,71.6411164],[128.842549,71.6410455],[128.8425061,71.6409948],[128.8425382,71.6409205],[128.8425919,71.6408292],[128.8427528,71.6407481],[128.8428708,71.6407008],[128.8428923,71.6406434],[128.8428065,71.6405859],[128.8427576,71.6405445],[128.8428387,71.6404338],[128.8428816,71.6403696],[128.8428172,71.6403189],[128.8426992,71.6402716],[128.8425431,71.6402404],[128.842468,71.6401998],[128.842431,71.6401838],[128.8423129,71.6401297]]]}},{"type":"Feature","id":"osm-context-142240043","properties":{"osmId":142240043,"kind":"area","landuse":null,"natural":null,"water":null,"waterway":null,"leisure":null,"amenity":"kindergarten","railway":null,"name":"Детский сад","source":"OpenStreetMap"},"geometry":{"type":"Polygon","coordinates":[[[128.8527114,71.6374751],[128.853223,71.6373381],[128.8521224,71.6369303],[128.8516108,71.6370673],[128.8527114,71.6374751]]]}},{"type":"Feature","id":"osm-context-142240049","properties":{"osmId":142240049,"kind":"area","landuse":null,"natural":"water","water":null,"waterway":null,"leisure":null,"amenity":null,"railway":null,"name":null,"source":"OpenStreetMap"},"geometry":{"type":"Polygon","coordinates":[[[128.8406286,71.6403257],[128.8409075,71.6402378],[128.8412616,71.6401635],[128.8421842,71.639812],[128.8423237,71.6397241],[128.8422593,71.639687],[128.8422057,71.6395788],[128.8420555,71.6394842],[128.8417706,71.6394394],[128.8402209,71.6393422],[128.8401291,71.6393279],[128.8401028,71.6393085],[128.8399848,71.6393085],[128.8399848,71.639349],[128.8397381,71.6393625],[128.8396093,71.6393963],[128.8393888,71.639409],[128.8391528,71.6394293],[128.8389017,71.6394504],[128.8387408,71.6394943],[128.8388095,71.639578],[128.8388417,71.6396794],[128.8388095,71.6397503],[128.8387236,71.6398179],[128.8387987,71.6398585],[128.8389447,71.6399404],[128.8389661,71.6400046],[128.8391694,71.6400587],[128.8393625,71.6400722],[128.8396522,71.640079],[128.8398716,71.6401085],[128.8400492,71.6401601],[128.8402209,71.6401567],[128.8404247,71.6401364],[128.8405105,71.6401432],[128.8404295,71.6402539],[128.8406286,71.6403257]]]}},{"type":"Feature","id":"osm-context-142240067","properties":{"osmId":142240067,"kind":"area","landuse":null,"natural":null,"water":null,"waterway":null,"leisure":null,"amenity":"hospital","railway":null,"name":"Центральная больница","source":"OpenStreetMap"},"geometry":{"type":"Polygon","coordinates":[[[128.8521302,71.6385667],[128.8525099,71.6384386],[128.85274,71.6385063],[128.8531808,71.6383576],[128.8530496,71.6383189],[128.8527265,71.638428],[128.852487,71.6383575],[128.8527479,71.6382695],[128.8525422,71.638209],[128.8522954,71.6382923],[128.852182,71.6382589],[128.8524217,71.638178],[128.8521819,71.6381075],[128.851942,71.6381885],[128.8517454,71.6381307],[128.8522649,71.6379554],[128.8532154,71.6382349],[128.85331,71.638203],[128.8540503,71.6384208],[128.853754,71.6385207],[128.8533351,71.6383975],[128.8528426,71.6385637],[128.853244,71.6386817],[128.8529075,71.6387953],[128.8521302,71.6385667]]]}},{"type":"Feature","id":"osm-context-142253305","properties":{"osmId":142253305,"kind":"area","landuse":null,"natural":"water","water":"lake","waterway":null,"leisure":null,"amenity":null,"railway":null,"name":"Озеро Мелкое","source":"OpenStreetMap"},"geometry":{"type":"Polygon","coordinates":[[[128.794827,71.649029],[128.794548,71.6485898],[128.7943721,71.6485628],[128.7943292,71.6486574],[128.794312,71.6488195],[128.7942905,71.6489479],[128.7941189,71.6489817],[128.7939043,71.649029],[128.7937541,71.6489749],[128.7938614,71.6489344],[128.7938399,71.6488466],[128.7936468,71.6487587],[128.7935395,71.6486912],[128.7933464,71.6486236],[128.7931747,71.6486101],[128.7933679,71.6485628],[128.7934322,71.6484953],[128.7931962,71.6484885],[128.7933206,71.648448],[128.7938399,71.6484412],[128.7940931,71.6484615],[128.7943978,71.6484818],[128.7947197,71.6484818],[128.7946553,71.6484074],[128.7947411,71.6483669],[128.794827,71.6482993],[128.7950415,71.6483331],[128.7953806,71.6483804],[128.7957067,71.6484007],[128.7959213,71.6483872],[128.7961144,71.6482993],[128.7962003,71.6481912],[128.7961359,71.6480899],[128.7960715,71.6480021],[128.796093,71.6479615],[128.7963505,71.6479548],[128.7993073,71.6479615],[128.8002343,71.6479143],[128.8008737,71.6479007],[128.8013458,71.6479007],[128.8017321,71.6479751],[128.8015389,71.6482993],[128.801775,71.6486777],[128.8025474,71.649083],[128.8033671,71.6492654],[128.8033457,71.6494005],[128.8034272,71.6495627],[128.8033671,71.6496843],[128.8033843,71.6497451],[128.8031096,71.6498734],[128.8036847,71.6498059],[128.8041139,71.6497451],[128.8046975,71.649718],[128.8049765,71.6497721],[128.8053369,71.6497856],[128.8063669,71.6498734],[128.8065815,71.6500085],[128.8070149,71.6500828],[128.8074226,71.6500896],[128.8080406,71.6500355],[128.8086243,71.6499612],[128.8098903,71.6499612],[128.8109803,71.6500693],[128.8127656,71.6502517],[128.8140745,71.6504679],[128.8151045,71.650657],[128.8156581,71.650934],[128.8161988,71.6511434],[128.8167353,71.6514473],[128.8169026,71.6517783],[128.817143,71.6519404],[128.8174605,71.6520147],[128.8179798,71.6520958],[128.8185592,71.6522309],[128.8194346,71.6523525],[128.8197822,71.6523592],[128.8199968,71.652339],[128.8199539,71.6522714],[128.8196964,71.6521701],[128.8195462,71.6520485],[128.8194604,71.6519607],[128.8198209,71.6519877],[128.8204002,71.6521228],[128.8211298,71.6522849],[128.8214731,71.6523457],[128.8218164,71.6524808],[128.8219709,71.6525754],[128.8216276,71.6526024],[128.8213487,71.6526767],[128.8217134,71.6528185],[128.8222284,71.6529063],[128.8228507,71.6529806],[128.8235803,71.6532778],[128.8239622,71.6534669],[128.8244386,71.6536088],[128.8246531,71.6537506],[128.8247819,71.6539262],[128.8245244,71.6540005],[128.8240952,71.6540478],[128.8239407,71.6541626],[128.8242626,71.6542166],[128.824563,71.6542166],[128.824842,71.654426],[128.8255758,71.6547839],[128.8262582,71.6549122],[128.8271809,71.6553175],[128.8277602,71.6555673],[128.8284254,71.6558375],[128.8289618,71.656013],[128.8291163,71.6561549],[128.8295026,71.6562224],[128.8300133,71.6562967],[128.8304896,71.6564588],[128.8308115,71.6565398],[128.8310475,71.6568774],[128.8309789,71.6569922],[128.8305755,71.657053],[128.830275,71.65708],[128.8301034,71.6571746],[128.8302493,71.6572758],[128.8302708,71.6573906],[128.8302107,71.6575122],[128.8303351,71.6575865],[128.8301248,71.6576405],[128.8297815,71.6576608],[128.829524,71.6576067],[128.8293309,71.6576878],[128.8294983,71.6579106],[128.8295455,71.6580929],[128.8293695,71.6581942],[128.8291378,71.6582077],[128.8287945,71.6581942],[128.8287301,71.6581267],[128.8284726,71.6581807],[128.8281722,71.6582617],[128.8276358,71.6582887],[128.8269706,71.6583022],[128.8263698,71.6583563],[128.8257689,71.6584508],[128.8251681,71.6584913],[128.8248033,71.6584846],[128.8238163,71.6585318],[128.8231511,71.6585926],[128.8228507,71.6585521],[128.822443,71.6586669],[128.8220997,71.6586804],[128.8214774,71.6586534],[128.8212371,71.6585993],[128.8208766,71.6586128],[128.8202543,71.6586331],[128.8197179,71.6586128],[128.8186021,71.6586534],[128.8180871,71.6586061],[128.8178725,71.6585251],[128.8167782,71.6585318],[128.8163276,71.658471],[128.8160443,71.6583968],[128.8155551,71.6583428],[128.8146324,71.6583157],[128.8143062,71.6582617],[128.8139243,71.6581604],[128.8134737,71.6581807],[128.8128943,71.6582212],[128.81283,71.6581064],[128.81283,71.6580254],[128.8124866,71.6579916],[128.8119287,71.6579511],[128.8116927,71.6579579],[128.8116927,71.6578296],[128.8116498,71.6576878],[128.8112421,71.6575527],[128.8108988,71.6575527],[128.8104482,71.657573],[128.8099117,71.6575527],[128.809504,71.657573],[128.8089032,71.6575325],[128.8084955,71.6575257],[128.8080234,71.6574582],[128.8077659,71.6573299],[128.8071008,71.6571003],[128.8066501,71.6569922],[128.8063927,71.6569247],[128.8058777,71.6568369],[128.8056159,71.6567896],[128.8052554,71.6568099],[128.8048048,71.6569247],[128.8044615,71.6569585],[128.8041396,71.6569247],[128.8044186,71.6568639],[128.8048906,71.6567559],[128.805191,71.6566613],[128.8050837,71.6565803],[128.8051267,71.656479],[128.8051052,71.6564317],[128.8050408,71.6563372],[128.8048477,71.6562291],[128.8046117,71.6560603],[128.8046117,71.655905],[128.8045473,71.6557294],[128.8043971,71.6554998],[128.8044186,71.6553782],[128.8052554,71.6551959],[128.805573,71.6549663],[128.8058133,71.6549122],[128.8065815,71.6549798],[128.8075042,71.6550608],[128.8079548,71.6551149],[128.8082595,71.6550946],[128.8084955,71.6550676],[128.8088817,71.6549865],[128.808989,71.6548785],[128.8091135,71.6547096],[128.8094139,71.6545948],[128.8092894,71.6542909],[128.8090534,71.6541761],[128.8087702,71.654095],[128.8087959,71.6539937],[128.8085599,71.6539127],[128.8082166,71.6538384],[128.8080664,71.6536763],[128.8076587,71.653575],[128.8073583,71.6534534],[128.8070793,71.6533589],[128.8070793,71.6532305],[128.8067145,71.6530819],[128.8062425,71.652832],[128.8060279,71.6527172],[128.8058348,71.6526362],[128.805191,71.6525011],[128.8044786,71.6522917],[128.8038392,71.6521025],[128.8036675,71.6519539],[128.803453,71.6518594],[128.8026333,71.65165],[128.8018651,71.6513122],[128.8016505,71.6511231],[128.8010712,71.6508732],[128.8005562,71.6506975],[128.8002772,71.6505489],[128.8002987,71.6504476],[128.8003416,71.6502449],[128.7999339,71.6503733],[128.799376,71.6501842],[128.7987537,71.6500896],[128.7982988,71.6499477],[128.7979383,71.6497721],[128.7977023,71.649664],[128.7973161,71.6495221],[128.796844,71.6494546],[128.7965221,71.6493735],[128.7962003,71.6492316],[128.7959642,71.6491641],[128.7955351,71.6490763],[128.7951274,71.6490492],[128.794827,71.649029]]]}},{"type":"Feature","id":"osm-context-142254023","properties":{"osmId":142254023,"kind":"area","landuse":null,"natural":"water","water":null,"waterway":null,"leisure":null,"amenity":null,"railway":null,"name":null,"source":"OpenStreetMap"},"geometry":{"type":"Polygon","coordinates":[[[128.8458211,71.6430429],[128.846122,71.6428635],[128.846004,71.642681],[128.8455856,71.642654],[128.8453705,71.6427185],[128.8451242,71.6430155],[128.8447487,71.6432487],[128.8443625,71.6434683],[128.8444698,71.6437555],[128.8444161,71.6438805],[128.8443839,71.6441947],[128.843708,71.6442454],[128.8435149,71.6443231],[128.843869,71.6444786],[128.8438368,71.6446171],[128.8433647,71.6446238],[128.8429677,71.6445563],[128.8426137,71.6443502],[128.8422162,71.6442795],[128.8416369,71.6442457],[128.8412678,71.6442183],[128.8409502,71.6442863],[128.8406026,71.6444211],[128.8405855,71.6445565],[128.8406498,71.6447052],[128.8404524,71.6448873],[128.8403237,71.6450022],[128.840049,71.6450904],[128.840049,71.6451512],[128.8398988,71.645239],[128.8397872,71.64534],[128.8397443,71.6454617],[128.8396413,71.6455633],[128.8394697,71.6456512],[128.8393581,71.645759],[128.8391006,71.6459009],[128.8388903,71.645962],[128.8386543,71.6459417],[128.8382363,71.6458435],[128.838011,71.6459381],[128.8380706,71.6460833],[128.8381607,71.646239],[128.838408,71.6463773],[128.8388371,71.6464246],[128.8393366,71.646536],[128.8396628,71.6466238],[128.8400876,71.6466914],[128.8402593,71.646786],[128.8405425,71.6468873],[128.8408215,71.6470157],[128.8416111,71.6473805],[128.8421733,71.6475765],[128.8425982,71.6477859],[128.8431175,71.6479616],[128.8433921,71.6480359],[128.8436324,71.6480224],[128.8440788,71.6480088],[128.8444221,71.6480426],[128.8448942,71.6481305],[128.8452852,71.6481406],[128.845312,71.6481035],[128.8449628,71.6480764],[128.8448126,71.6480156],[128.8451618,71.6479549],[128.8454354,71.6478924],[128.8455051,71.6477758],[128.8451886,71.6476677],[128.8452847,71.6474751],[128.8451779,71.6472725],[128.8448989,71.6470157],[128.8447268,71.6467049],[128.8447482,71.6465225],[128.8447268,71.6461106],[128.8447053,71.6458742],[128.8444693,71.6453539],[128.8445122,71.6449214],[128.8446624,71.6445836],[128.8448727,71.6444278],[128.8450229,71.6443535],[128.8450272,71.6442592],[128.8450057,71.6440903],[128.8450916,71.6439822],[128.8451559,71.643847],[128.8451774,71.6436646],[128.8454134,71.6435159],[128.8454993,71.6433537],[128.8455422,71.6432659],[128.8458211,71.6430429]]]}},{"type":"Feature","id":"osm-context-143009927","properties":{"osmId":143009927,"kind":"area","landuse":null,"natural":"water","water":null,"waterway":null,"leisure":null,"amenity":null,"railway":null,"name":null,"source":"OpenStreetMap"},"geometry":{"type":"Polygon","coordinates":[[[128.7737348,71.6910332],[128.7738963,71.6910093],[128.774025,71.6909722],[128.7739928,71.6909554],[128.7737455,71.6909624],[128.7735631,71.6909894],[128.7735031,71.6910328],[128.7734564,71.6910666],[128.7736168,71.6910265],[128.7737133,71.6910029],[128.7737348,71.6910332]]]}},{"type":"Feature","id":"osm-context-143009928","properties":{"osmId":143009928,"kind":"area","landuse":null,"natural":"water","water":null,"waterway":null,"leisure":null,"amenity":null,"railway":null,"name":null,"source":"OpenStreetMap"},"geometry":{"type":"Polygon","coordinates":[[[128.7921449,71.6945482],[128.7921449,71.6945111],[128.7921664,71.6944673],[128.7921664,71.6944168],[128.7921878,71.6943696],[128.7920806,71.6943932],[128.7920591,71.6943494],[128.7920591,71.6942719],[128.7919625,71.694218],[128.7918231,71.6941371],[128.7915774,71.6939885],[128.7914701,71.693911],[128.7914368,71.6938506],[128.7913081,71.6937934],[128.7910613,71.693699],[128.7908789,71.6936316],[128.7907609,71.6935743],[128.7904927,71.6935137],[128.7903854,71.6934968],[128.7902567,71.6934496],[128.7899348,71.6933384],[128.7897524,71.6932778],[128.7895593,71.6932171],[128.789217,71.6931527],[128.7889917,71.6931022],[128.7887879,71.693028],[128.7885937,71.6929441],[128.788304,71.692752],[128.7881216,71.6926476],[128.7879607,71.6925397],[128.7881227,71.6926944],[128.7884435,71.6929104],[128.7888201,71.6930954],[128.7892063,71.6931898],[128.7893887,71.6932134],[128.7896237,71.693271],[128.7894949,71.693271],[128.7897095,71.6933148],[128.7898382,71.6933687],[128.7897095,71.6933586],[128.7899026,71.693426],[128.7899788,71.6934695],[128.7902567,71.6935271],[128.7905249,71.6935912],[128.7905356,71.6936417],[128.7905796,71.6936852],[128.7907716,71.6937563],[128.79088,71.6937998],[128.7909015,71.693857],[128.7910302,71.6939312],[128.7911911,71.6939986],[128.7913735,71.6940828],[128.7914583,71.6942382],[128.7915227,71.6942045],[128.7916417,71.6942682],[128.7918338,71.6943561],[128.7918231,71.69441],[128.7918778,71.6944535],[128.7919851,71.6944569],[128.7920173,71.6945007],[128.7921449,71.6945482]]]}},{"type":"Feature","id":"osm-context-143009929","properties":{"osmId":143009929,"kind":"area","landuse":null,"natural":"water","water":null,"waterway":null,"leisure":null,"amenity":null,"railway":null,"name":null,"source":"OpenStreetMap"},"geometry":{"type":"Polygon","coordinates":[[[128.7759235,71.6909557],[128.7759127,71.6909085],[128.7758167,71.6908576],[128.7757733,71.6908243],[128.7757518,71.6907771],[128.7756338,71.69074],[128.7755163,71.6907127],[128.7754407,71.6906962],[128.7753125,71.6906554],[128.7752154,71.6906355],[128.7751188,71.6905513],[128.7750437,71.6904737],[128.7749477,71.6904228],[128.7749471,71.6903928],[128.7749793,71.6903591],[128.7748828,71.6903355],[128.7747969,71.6903928],[128.7748613,71.6904367],[128.7748726,71.6905071],[128.7749477,71.6905779],[128.7750008,71.6906423],[128.7750544,71.6907198],[128.7750979,71.6907902],[128.7752583,71.690831],[128.7754197,71.6908947],[128.7755592,71.6909284],[128.7756772,71.6909857],[128.7758054,71.6909894],[128.7759235,71.6909557]]]}},{"type":"Feature","id":"osm-context-143009932","properties":{"osmId":143009932,"kind":"area","landuse":null,"natural":"water","water":null,"waterway":null,"leisure":null,"amenity":null,"railway":null,"name":null,"source":"OpenStreetMap"},"geometry":{"type":"Polygon","coordinates":[[[128.7732091,71.6913231],[128.7733169,71.6912924],[128.77337,71.6912388],[128.7734129,71.6912051],[128.7733813,71.691161],[128.7732734,71.6911242],[128.7730916,71.6911104],[128.7729945,71.6910838],[128.7727799,71.6910838],[128.7725868,71.6911006],[128.7725117,71.691131],[128.7724581,71.691104],[128.7723508,71.6911175],[128.7723084,71.6910902],[128.7721576,71.6911141],[128.772126,71.6911003],[128.7721362,71.6910669],[128.7721255,71.6910433],[128.7721791,71.6909961],[128.772362,71.6909924],[128.7724044,71.6909355],[128.7723293,71.6908849],[128.7721362,71.690831],[128.7719538,71.6907939],[128.7715568,71.6907737],[128.7713101,71.690804],[128.7710848,71.6908479],[128.7708809,71.6908714],[128.7707522,71.6909085],[128.7705698,71.6909051],[128.7704732,71.6909624],[128.7705381,71.6910598],[128.7705274,71.6911205],[128.770602,71.691168],[128.7707527,71.6911947],[128.7709887,71.6912317],[128.7711711,71.6912317],[128.7714174,71.6912523],[128.7715783,71.6912691],[128.7720938,71.691289],[128.7724366,71.6912894],[128.7725873,71.691289],[128.7726834,71.691313],[128.7727906,71.6913062],[128.7729408,71.6913163],[128.773113,71.6913227],[128.7732091,71.6913231]]]}},{"type":"Feature","id":"osm-context-180589939","properties":{"osmId":180589939,"kind":"area","landuse":null,"natural":"water","water":"lake","waterway":null,"leisure":null,"amenity":null,"railway":null,"name":"Озеро Диринг-Кюель","source":"OpenStreetMap"},"geometry":{"type":"Polygon","coordinates":[[[128.7839854,71.6114968],[128.7854384,71.6126144],[128.787031,71.6134246],[128.7887354,71.6135364],[128.790831,71.6134526],[128.7930104,71.6132849],[128.7949383,71.6133967],[128.7963074,71.613257],[128.7972574,71.6130055],[128.7976486,71.6126982],[128.7976486,71.6124188],[128.7973692,71.6121394],[128.7962795,71.6116645],[128.7939045,71.61091],[128.7920883,71.6107144],[128.7909148,71.6099879],[128.7896295,71.6095129],[128.7880764,71.6089146],[128.7872382,71.6074616],[128.7867352,71.6057293],[128.7875735,71.6048911],[128.7888029,71.6045557],[128.7898087,71.6038852],[128.7915411,71.6036617],[128.7922675,71.6031028],[128.7911499,71.6028234],[128.7889146,71.6027117],[128.787861,71.6033094],[128.7868452,71.6036241],[128.7853382,71.6038293],[128.7832705,71.6040528],[128.7801412,71.6045557],[128.7782971,71.6055617],[128.7777382,71.6067351],[128.7765088,71.6075175],[128.7770118,71.6080763],[128.7782971,71.6083558],[128.7808676,71.6094734],[128.7822647,71.6101999],[128.7832147,71.6109822],[128.7839854,71.6114968]]]}},{"type":"Feature","id":"osm-context-186730175","properties":{"osmId":186730175,"kind":"coastline","landuse":null,"natural":"coastline","water":null,"waterway":null,"leisure":null,"amenity":null,"railway":null,"name":null,"source":"OpenStreetMap"},"geometry":{"type":"LineString","coordinates":[[129.2602122,71.5710629],[129.2601371,71.5712579],[129.2596865,71.5715462],[129.2585009,71.5721533],[129.2575997,71.5726518],[129.2571866,71.5729129],[129.2568809,71.5731724],[129.2566234,71.5735047],[129.256441,71.5739218],[129.2561889,71.5744458],[129.2559153,71.574834],[129.2556846,71.5751002],[129.2553413,71.5755021],[129.2550838,71.5759497],[129.2548692,71.5765007],[129.2546064,71.5772483],[129.2545259,71.5777603],[129.2545152,71.5784095],[129.2544132,71.5790367],[129.2543703,71.5796131],[129.2543167,71.5802318],[129.2543113,71.5804606],[129.2542469,71.5812098],[129.2542094,71.5816488],[129.2541504,71.5819827],[129.2540646,71.5823047],[129.2538822,71.5825996],[129.2538232,71.5827352],[129.2537641,71.582908],[129.2537963,71.5830216],[129.2538553,71.5831758],[129.2537802,71.5832775],[129.2535174,71.5834266],[129.2523265,71.5842418],[129.2519134,71.5844824],[129.2514494,71.5846866],[129.2500379,71.5852581],[129.2490756,71.58575],[129.2478933,71.5865158],[129.2466031,71.5875529],[129.2456639,71.5889439],[129.2451571,71.591806],[129.2452508,71.5933993],[129.2454493,71.5942699],[129.2456746,71.5949051],[129.2457014,71.5950016],[129.2456773,71.5950474],[129.2455848,71.5950846],[129.2452991,71.5951473],[129.2450148,71.5952286],[129.2447251,71.595359],[129.2430138,71.5964074],[129.2407715,71.5979993],[129.2391086,71.5992524],[129.2384863,71.5996114],[129.2370593,71.6002582],[129.2350871,71.6012926],[129.232528,71.6022158],[129.2302939,71.6027741],[129.228605,71.6031157],[129.2268991,71.6035225],[129.2250109,71.6039187],[129.2230582,71.6042708],[129.2205477,71.6045891],[129.2177679,71.6048035],[129.213903,71.6049668],[129.2115432,71.6051782],[129.2090464,71.6056217],[129.2077804,71.6059365],[129.2037785,71.607592],[129.2018258,71.6086413],[129.1997361,71.6100743],[129.1987753,71.6109125],[129.1985161,71.6111661],[129.1983944,71.6112768],[129.1982049,71.6113847],[129.1980708,71.611398],[129.1979178,71.6113777],[129.1978535,71.6113052],[129.1978092,71.6111778],[129.1977511,71.6109968],[129.1973966,71.6102727],[129.1970407,71.609483],[129.196792,71.6091349],[129.1963649,71.6085736],[129.1958704,71.6079476],[129.1948414,71.6068811],[129.1938852,71.606169],[129.1928359,71.6054477],[129.1913762,71.6049009],[129.1900752,71.6044854],[129.1887685,71.6043365],[129.1878017,71.6042747],[129.1867371,71.6039957],[129.1863943,71.6037566],[129.1852575,71.6034206],[129.1848245,71.6033978],[129.1837599,71.6033523],[129.1830966,71.6030855],[129.1823379,71.6029251],[129.1820876,71.6027503],[129.1816552,71.6026282],[129.1811848,71.6025683],[129.1810938,71.6024893],[129.1809631,71.6025095],[129.1807979,71.6024462],[129.1803048,71.6023911],[129.1801758,71.6023361],[129.1790303,71.6024725],[129.1786661,71.6024654],[129.1785675,71.6023313],[129.1784082,71.6023145],[129.1783297,71.6022494],[129.1780078,71.6022646],[129.1778469,71.6022511],[129.1777664,71.6022037],[129.1772622,71.6021444],[129.1773385,71.6020344],[129.1768757,71.6020009],[129.1757012,71.6018951],[129.1757681,71.6017973],[129.1756876,71.601804],[129.1755481,71.6018452],[129.1753964,71.6018356],[129.1752647,71.601921],[129.1744099,71.601772],[129.1737337,71.6017036],[129.1723557,71.6011559],[129.1720517,71.6010296],[129.1706738,71.6007454],[129.169532,71.6006911],[129.169092,71.600442],[129.168561,71.6002792],[129.1683334,71.6000685],[129.167681,71.5997668],[129.1646933,71.5983346],[129.1640711,71.5982262],[129.1623759,71.5973524],[129.1606593,71.5967969],[129.1582346,71.595862],[129.154983,71.5946653],[129.1537558,71.594256],[129.1527069,71.5938982],[129.150557,71.5933261],[129.1484195,71.5928691],[129.1432142,71.5919019],[129.1410148,71.5916308],[129.1391963,71.5915038],[129.1375977,71.5913666],[129.1308331,71.5906585],[129.1283226,71.5905433],[129.1264772,71.5905975],[129.1250396,71.590733],[129.1228294,71.5912683],[129.1184306,71.591912],[129.1137099,71.5923796],[129.1110062,71.5925015],[129.1081738,71.5924406],[129.1049445,71.5922813],[129.102788,71.592305],[129.1019511,71.592383],[129.1012108,71.5924982],[129.1003203,71.5925456],[129.0983891,71.5925151],[129.0975523,71.5923864],[129.0963506,71.5919866],[129.0951604,71.5917327],[129.0937436,71.5916308],[129.0892894,71.5914687],[129.084153,71.5916217],[129.0819808,71.5917702],[129.0777346,71.5923126],[129.0719105,71.5934471],[129.0662159,71.5948976],[129.0638423,71.5955504],[129.0626621,71.5959365],[129.0619218,71.5963532],[129.0611064,71.5967935],[129.0607417,71.5968816],[129.0603125,71.5968883],[129.0598082,71.5968037],[129.0583384,71.596553],[129.0572119,71.5964853],[129.0561175,71.596553],[129.0548408,71.5966208],[129.0538752,71.5966377],[129.0532529,71.5965598],[129.0523624,71.5963159],[129.0514719,71.5960111],[129.0505922,71.5958112],[129.0497982,71.5957536],[129.048779,71.5957333],[129.0476096,71.5957502],[129.0463543,71.5957536],[129.0436613,71.5956351],[129.0428996,71.5955944],[129.0423632,71.595486],[129.0417087,71.5951608],[129.0412098,71.5950474],[129.0405983,71.5949796],[129.0394235,71.5949373],[129.0384686,71.5948085],[129.0375996,71.594585],[129.0359366,71.5939651],[129.034971,71.5933519],[129.0341341,71.59303],[129.0327501,71.5927827],[129.0293062,71.5924304],[129.026463,71.5923542],[129.025476,71.5923864],[129.025197,71.5923626],[129.0251166,71.5923152],[129.0251327,71.5922119],[129.0251756,71.5920594],[129.0250844,71.5919103],[129.0242529,71.5915275],[129.0239364,71.5913734],[129.0236064,71.5912581],[129.0226731,71.5910379],[129.0214581,71.5907804],[129.0207285,71.5906211],[129.0202564,71.5905288],[129.0198165,71.5904188],[129.0197468,71.590351],[129.0197575,71.5901756],[129.0197629,71.5900299],[129.0197307,71.5898538],[129.0196609,71.5897114],[129.0194571,71.5895386],[129.0193176,71.5893946],[129.0192533,71.5892997],[129.0191245,71.5891997],[129.01893,71.589079],[129.0187597,71.5889172],[129.0187355,71.5887067],[129.0186068,71.588589],[129.0181965,71.588312],[129.0176493,71.5879104],[129.0167963,71.587148],[129.0162626,71.5867252],[129.0159488,71.5865828],[129.0153936,71.5864066],[129.0152594,71.5863592],[129.0151817,71.5863143],[129.0151709,71.5862584],[129.0151656,71.5862075],[129.015069,71.5861533],[129.0148464,71.5861025],[129.0143421,71.5860177],[129.0134275,71.5858728],[129.0129688,71.5858161],[129.0124726,71.5857686],[129.0120221,71.5857289],[129.0115285,71.5857102],[129.0113354,71.5856907],[129.0111637,71.5856423],[129.0110322,71.5855772],[129.0108472,71.5854263],[129.0107775,71.585345],[129.0105683,71.5852806],[129.010233,71.5852255],[129.009777,71.5851603],[129.0091789,71.5850679],[129.0088328,71.5849943],[129.0085996,71.5849044],[129.0085003,71.5847723],[129.0083581,71.5845341],[129.0081409,71.5841681],[129.0078861,71.5838054],[129.0077654,71.5837072],[129.0076929,71.5836266],[129.0076661,71.5834995],[129.0077439,71.5833741],[129.0080255,71.5831089],[129.0082294,71.5829708],[129.0085137,71.5828479],[129.0086263,71.5827767],[129.0086907,71.5827089],[129.0086988,71.582614],[129.0086666,71.5824026],[129.0086773,71.5821937],[129.0086666,71.5821119],[129.0086022,71.582039],[129.008342,71.5819339],[129.0080483,71.5818288],[129.0079021,71.5817547],[129.0077962,71.5816755],[129.0076836,71.5815505],[129.0075052,71.5814454],[129.007064,71.5812615],[129.0068507,71.5811908],[129.0064135,71.5811],[129.0054399,71.5809436],[129.0052669,71.5808988],[129.0051114,71.5808259],[129.0048512,71.580711],[129.0047801,71.5806653],[129.0046875,71.5805352],[129.0046084,71.5804107],[129.004548,71.5803416],[129.0044193,71.5802636],[129.0042235,71.5801988],[129.0040103,71.5801496],[129.0035087,71.5800487],[129.0028113,71.5799411],[129.0013522,71.5797461],[129.00051,71.5796572],[128.9995015,71.5794775],[128.9987585,71.5793919],[128.9983535,71.5793792],[128.9979029,71.5793181],[128.9977848,71.5791995],[128.9977098,71.5790046]]}},{"type":"Feature","id":"osm-context-207276668","properties":{"osmId":207276668,"kind":"area","landuse":"military","natural":null,"water":null,"waterway":null,"leisure":null,"amenity":null,"railway":null,"name":"Тикси-3","source":"OpenStreetMap"},"geometry":{"type":"Polygon","coordinates":[[[128.8626835,71.6852227],[128.8759407,71.6862243],[128.8820821,71.6867058],[128.8846714,71.6884536],[128.8873495,71.6895693],[128.8839728,71.6903329],[128.8824443,71.6908235],[128.882391,71.6914792],[128.882968,71.6919208],[128.8827733,71.6922299],[128.8808169,71.6928661],[128.8793578,71.6927262],[128.8788482,71.6933194],[128.8790037,71.694172],[128.8745412,71.6964498],[128.8699274,71.6972863],[128.8565324,71.6968376],[128.8488521,71.6960339],[128.8436225,71.6949014],[128.8428775,71.6929452],[128.8427099,71.690909],[128.8429137,71.6896882],[128.8453735,71.6885084],[128.8481035,71.687536],[128.8563708,71.6873052],[128.8626835,71.6852227]]]}},{"type":"Feature","id":"osm-context-223511024","properties":{"osmId":223511024,"kind":"area","landuse":null,"natural":null,"water":null,"waterway":null,"leisure":null,"amenity":"school","railway":null,"name":"Средняя школа № 3","source":"OpenStreetMap"},"geometry":{"type":"Polygon","coordinates":[[[128.8545307,71.6362276],[128.8561232,71.6368205],[128.8567075,71.6366648],[128.855115,71.6360718],[128.8545307,71.6362276]]]}},{"type":"Feature","id":"osm-context-223511070","properties":{"osmId":223511070,"kind":"area","landuse":null,"natural":"water","water":null,"waterway":null,"leisure":null,"amenity":null,"railway":null,"name":null,"source":"OpenStreetMap"},"geometry":{"type":"Polygon","coordinates":[[[128.9167879,71.6926716],[128.9173186,71.6928077],[128.917806,71.6929812],[128.9184017,71.6931479],[128.9189324,71.6932772],[128.9197989,71.6934201],[128.9204055,71.6934269],[128.9209795,71.6933758],[128.9212719,71.6933078],[128.9215969,71.693267],[128.9215102,71.6931615],[128.9216294,71.6930696],[128.9215969,71.6929438],[128.9216727,71.6928009],[128.9214994,71.692658],[128.9213369,71.6925253],[128.9214994,71.692396],[128.9215644,71.6922769],[128.9211311,71.6921443],[128.920882,71.6919843],[128.9207629,71.6918891],[128.9202755,71.6917836],[128.9196581,71.6917326],[128.9187375,71.6917224],[128.918001,71.6916645],[128.9174269,71.6917156],[128.9170695,71.6918653],[128.9166363,71.692049],[128.9162138,71.6922259],[128.9155965,71.6924096],[128.9156723,71.6925593],[128.9164413,71.6925729],[128.9167879,71.6926716]]]}},{"type":"Feature","id":"osm-context-223511075","properties":{"osmId":223511075,"kind":"area","landuse":null,"natural":"water","water":null,"waterway":null,"leisure":null,"amenity":null,"railway":null,"name":null,"source":"OpenStreetMap"},"geometry":{"type":"Polygon","coordinates":[[[128.9311574,71.6934402],[128.9319998,71.6935172],[128.9322143,71.6936278],[128.9325819,71.6937529],[128.9328882,71.6938492],[128.9333784,71.6939213],[128.9338685,71.6939406],[128.9343281,71.694032],[128.9349714,71.6940464],[128.9350939,71.6939983],[128.9354922,71.6939454],[128.935676,71.6938828],[128.9358139,71.6938588],[128.9359364,71.693777],[128.9363193,71.6937481],[128.9365185,71.6936952],[128.9364725,71.6936278],[128.9364266,71.6935509],[128.9365491,71.6934787],[128.9367788,71.693421],[128.9367788,71.6933344],[128.9365644,71.6932141],[128.9363653,71.6931227],[128.9362274,71.6930457],[128.9359211,71.6929639],[128.9355994,71.692911],[128.9352624,71.6929302],[128.9349254,71.6929062],[128.9342974,71.6928196],[128.933792,71.6929254],[128.9333018,71.6929591],[128.9328882,71.6929543],[128.9322602,71.6929783],[128.9317241,71.6930553],[128.931188,71.6930986],[128.9309736,71.693166],[128.9309429,71.6932622],[128.9309429,71.6933873],[128.9311574,71.6934402]]]}},{"type":"Feature","id":"osm-context-223511080","properties":{"osmId":223511080,"kind":"area","landuse":null,"natural":"water","water":null,"waterway":null,"leisure":null,"amenity":null,"railway":null,"name":null,"source":"OpenStreetMap"},"geometry":{"type":"Polygon","coordinates":[[[128.9297964,71.7032195],[128.9297964,71.7032722],[128.9297909,71.7033232],[128.9297909,71.7033708],[128.929818,71.7034099],[128.9298884,71.7034626],[128.9300021,71.703534],[128.9301321,71.7035833],[128.9303108,71.7036242],[128.9304246,71.703602],[128.9305545,71.7035901],[128.9307278,71.7035816],[128.9309553,71.7035867],[128.9310528,71.7035714],[128.9311665,71.703517],[128.9313019,71.7034915],[128.9314752,71.7035],[128.9316647,71.7035068],[128.9317838,71.703483],[128.9318542,71.7034779],[128.9319788,71.7034592],[128.9322333,71.7034354],[128.9323037,71.7034269],[128.9323254,71.7033776],[128.9323362,71.7033504],[128.9325258,71.7033572],[128.932412,71.7032926],[128.9322875,71.7032688],[128.9323741,71.7032382],[128.9325366,71.703228],[128.9326991,71.7032144],[128.9327099,71.7031838],[128.9326666,71.7031379],[128.9326828,71.7030971],[128.9327965,71.7030886],[128.9328507,71.7030716],[128.9327857,71.7030172],[128.9326557,71.7029917],[128.9325799,71.7029594],[128.9325366,71.702922],[128.9323796,71.7028965],[128.9323362,71.702837],[128.9324012,71.7028149],[128.9324445,71.7027792],[128.9324229,71.7027282],[128.93232,71.7026874],[128.9322767,71.7026534],[128.9321413,71.7026126],[128.9319138,71.7025854],[128.9317459,71.702599],[128.9315293,71.7026398],[128.9313506,71.7026721],[128.931199,71.7026891],[128.9308849,71.7026874],[128.9307007,71.7027061],[128.930495,71.7027401],[128.9303325,71.702786],[128.93017,71.7028625],[128.9300563,71.7028965],[128.9298776,71.7029373],[128.9297693,71.7029696],[128.9297097,71.7030444],[128.929726,71.703143],[128.9297964,71.7032195]]]}},{"type":"Feature","id":"osm-context-231964024","properties":{"osmId":231964024,"kind":"area","landuse":null,"natural":null,"water":null,"waterway":null,"leisure":null,"amenity":"hospital","railway":null,"name":"Поликлиника","source":"OpenStreetMap"},"geometry":{"type":"Polygon","coordinates":[[[128.868157,71.6373263],[128.8684346,71.6372535],[128.8691135,71.6375104],[128.8688359,71.6375832],[128.868157,71.6373263]]]}},{"type":"Feature","id":"osm-context-231964344","properties":{"osmId":231964344,"kind":"area","landuse":null,"natural":null,"water":null,"waterway":null,"leisure":null,"amenity":"school","railway":null,"name":"Средняя школа № 1","source":"OpenStreetMap"},"geometry":{"type":"Polygon","coordinates":[[[128.8688992,71.6381262],[128.8691555,71.6380595],[128.8680935,71.6376547],[128.8678372,71.6377214],[128.8688992,71.6381262]]]}},{"type":"Feature","id":"osm-context-231964346","properties":{"osmId":231964346,"kind":"area","landuse":null,"natural":null,"water":null,"waterway":null,"leisure":null,"amenity":"school","railway":null,"name":"Музыкальная школа","source":"OpenStreetMap"},"geometry":{"type":"Polygon","coordinates":[[[128.8690882,71.638951],[128.8688194,71.638851],[128.8695294,71.6386615],[128.8697982,71.6387614],[128.8690882,71.638951]]]}},{"type":"Feature","id":"osm-context-233022689","properties":{"osmId":233022689,"kind":"area","landuse":"industrial","natural":null,"water":null,"waterway":null,"leisure":null,"amenity":null,"railway":null,"name":"Нефтебаза","source":"OpenStreetMap"},"geometry":{"type":"Polygon","coordinates":[[[128.8647191,71.6840567],[128.8667006,71.6829215],[128.8713448,71.6832329],[128.8729341,71.6836935],[128.8745648,71.6845172],[128.8725007,71.6850945],[128.8697142,71.6848805],[128.8647191,71.6840567]]]}},{"type":"Feature","id":"osm-context-233040460","properties":{"osmId":233040460,"kind":"coastline","landuse":null,"natural":"coastline","water":null,"waterway":null,"leisure":null,"amenity":null,"railway":null,"name":null,"source":"OpenStreetMap"},"geometry":{"type":"LineString","coordinates":[[128.847667,71.643046],[128.8466799,71.6435089],[128.8460255,71.6440596],[128.8456512,71.6445867],[128.8453388,71.6453536],[128.8452423,71.6462016],[128.8454676,71.6465225],[128.8455319,71.6470225],[128.8455319,71.6474245],[128.8459368,71.6480615],[128.846495,71.6484625],[128.84727,71.648948],[128.8477782,71.6491705],[128.8483345,71.6493321],[128.8489787,71.6494686],[128.8493836,71.649556],[128.8499629,71.6495965],[128.8502871,71.6495956],[128.8506067,71.6495695],[128.8507998,71.6495087],[128.8509178,71.6494175],[128.8510787,71.6493466],[128.8512397,71.649306],[128.8513362,71.6493432],[128.8514006,71.649404],[128.851701,71.6494952],[128.8520443,71.6495762],[128.8523984,71.6495999],[128.8526022,71.6495492],[128.8531941,71.6495924],[128.8536215,71.6496438],[128.8538575,71.6496641],[128.854233,71.649637],[128.8544905,71.6497384],[128.8551772,71.650066],[128.8554883,71.650191],[128.8559604,71.6503126],[128.8564646,71.6504071],[128.8569796,71.6504105],[128.857795,71.6503362],[128.8590215,71.6501676],[128.860516,71.6498108],[128.8627288,71.6492291],[128.8633559,71.6490807],[128.8636958,71.6489209],[128.8636958,71.6487521],[128.8642001,71.6486507],[128.8644683,71.6488027],[128.8647823,71.6487713],[128.8653052,71.6488534],[128.8657129,71.648948],[128.8661528,71.6491608],[128.8663888,71.6494546],[128.8666356,71.6497113],[128.8668133,71.6500852],[128.8670815,71.6503787],[128.8673544,71.6508158],[128.8677192,71.6510759],[128.868041,71.6511502],[128.8685131,71.6515217],[128.8688779,71.6521026],[128.8694358,71.6522715],[128.8701441,71.652661],[128.8710201,71.6528131],[128.8713457,71.6529592],[128.8718712,71.6532981],[128.8728046,71.6535109],[128.8731694,71.6536696],[128.8731664,71.6538026],[128.8736057,71.6541059],[128.8741135,71.654318],[128.8748646,71.6546388],[128.8754623,71.6550387],[128.8758087,71.6552399],[128.876313,71.6554188],[128.8767294,71.655518],[128.8770438,71.655594],[128.8769889,71.6556653],[128.8769245,71.6558206],[128.8771498,71.6561245],[128.8774257,71.6563635],[128.8777935,71.6568674],[128.8784832,71.6575627],[128.8786381,71.6577899],[128.879152,71.6580674],[128.8795554,71.6583645],[128.8796925,71.6585623],[128.8796723,71.6588321],[128.8797212,71.6589612],[128.8798719,71.6590799],[128.8796818,71.6591835],[128.8794351,71.6592915],[128.8790488,71.6594299],[128.8790917,71.659673],[128.8789737,71.6599937],[128.8789737,71.6604056],[128.8789415,71.6606216],[128.8791668,71.6608849],[128.8791668,71.6610436],[128.8788021,71.661128],[128.8785982,71.6612529],[128.8787269,71.6616748],[128.8799608,71.6634334],[128.8802826,71.6638789],[128.8804221,71.6639768],[128.8806045,71.6639937],[128.8806903,71.66396],[128.8817632,71.6638924],[128.8820958,71.6639431],[128.8824391,71.664689],[128.8812375,71.6648847],[128.8838768,71.6679625],[128.8850999,71.6692852],[128.8857007,71.6697138],[128.8862586,71.6699702],[128.8867092,71.6700917],[128.8884473,71.6698555],[128.8888335,71.6698454],[128.8890052,71.6700478],[128.8881898,71.6702131],[128.8876748,71.6703346],[128.8872564,71.6704932],[128.8872027,71.6707698],[128.889209,71.6729459],[128.8898528,71.673452],[128.8904321,71.6736982],[128.8910007,71.6737859],[128.891387,71.6737792],[128.8920843,71.6736712],[128.8924491,71.6737657],[128.8921809,71.6739985],[128.8921273,71.6741604],[128.8927925,71.6749059],[128.8963222,71.6775638],[128.8998842,71.6795401],[128.9018369,71.6804979],[128.9034676,71.6812802],[128.9046907,71.6818602],[128.9076304,71.6828718],[128.9087033,71.6834989],[128.9101624,71.6842137],[128.9116215,71.6847801],[128.9128446,71.6851712],[128.9147525,71.6857318],[128.9176407,71.6864452],[128.9220781,71.6875387],[128.9253365,71.6882999],[128.9289596,71.6890735],[128.9326879,71.6894234],[128.9378988,71.6898892],[128.9421507,71.6900574],[128.9453586,71.6900924],[128.9473915,71.6898434],[128.9493227,71.689803],[128.9509964,71.6898165],[128.9523268,71.6897895],[128.9537859,71.6899917],[128.9556312,71.6904366],[128.9577126,71.690895],[128.9600944,71.6911984],[128.961339,71.6913736],[128.9625621,71.6914545],[128.9637637,71.6915893],[128.9649009,71.6915623],[128.9661455,71.6915354],[128.9670896,71.691468],[128.967905,71.6915084]]}},{"type":"Feature","id":"osm-context-233041042","properties":{"osmId":233041042,"kind":"area","landuse":"military","natural":null,"water":null,"waterway":null,"leisure":null,"amenity":null,"railway":null,"name":"ТРРС 5/102(10/103) - \"Амур\". в/ч 74183","source":"OpenStreetMap"},"geometry":{"type":"Polygon","coordinates":[[[128.745287,71.6341506],[128.7450522,71.6334984],[128.7460979,71.6328663],[128.7518167,71.6325705],[128.7545481,71.632826],[128.7558071,71.633848],[128.7558284,71.6349709],[128.7565753,71.6357642],[128.7570448,71.6361071],[128.7556577,71.6365104],[128.7497895,71.6357776],[128.7465673,71.6350045],[128.7456924,71.6345607],[128.745287,71.6341506]]]}},{"type":"Feature","id":"osm-context-233044006","properties":{"osmId":233044006,"kind":"area","landuse":"industrial","natural":null,"water":null,"waterway":null,"leisure":null,"amenity":null,"railway":null,"name":null,"source":"OpenStreetMap"},"geometry":{"type":"Polygon","coordinates":[[[128.8823882,71.6760525],[128.8868591,71.6752203],[128.8895445,71.6766464],[128.8866383,71.6771873],[128.8858616,71.6767749],[128.8842969,71.6770661],[128.8823882,71.6760525]]]}},{"type":"Feature","id":"osm-context-233652114","properties":{"osmId":233652114,"kind":"area","landuse":"harbour","natural":null,"water":null,"waterway":null,"leisure":null,"amenity":null,"railway":null,"name":"Морской торговый порт Тикси","source":"OpenStreetMap"},"geometry":{"type":"Polygon","coordinates":[[[128.8923043,71.6374622],[128.8911112,71.637476],[128.8851841,71.6376711],[128.8853091,71.6386062],[128.8812723,71.6393479],[128.8800788,71.6397107],[128.8806581,71.6400622],[128.8808405,71.6402007],[128.8810122,71.6403055],[128.8809585,71.640488],[128.8803792,71.6411469],[128.8802612,71.6413801],[128.8806474,71.6416335],[128.8810658,71.6417687],[128.8808834,71.6419816],[128.8802934,71.6420525],[128.8785124,71.6418498],[128.8766456,71.6415862],[128.8718069,71.6406333],[128.8713509,71.6405386],[128.8699177,71.6413245],[128.8700555,71.6413892],[128.8688066,71.6415205],[128.8672899,71.642539],[128.8715605,71.6451292],[128.881912,71.6469001],[128.8967449,71.6471712],[128.902527,71.6462028],[128.9056377,71.6448801],[128.905954,71.643967],[128.9020349,71.6415537],[128.8953917,71.6409227],[128.8939857,71.638963],[128.8923043,71.6374622]]]}},{"type":"Feature","id":"osm-context-233652473","properties":{"osmId":233652473,"kind":"area","landuse":"residential","natural":null,"water":null,"waterway":null,"leisure":null,"amenity":null,"railway":null,"name":null,"source":"OpenStreetMap"},"geometry":{"type":"Polygon","coordinates":[[[128.8754707,71.6372486],[128.8740331,71.6357884],[128.8754064,71.6351597],[128.8730031,71.633963],[128.8724237,71.6329353],[128.870278,71.6319684],[128.8673168,71.6310014],[128.8635403,71.6300953],[128.8585835,71.6289659],[128.8520604,71.6281612],[128.8500005,71.6294934],[128.8508588,71.631015],[128.8486701,71.6323741],[128.8480478,71.6329759],[128.8500219,71.6334965],[128.8491636,71.6339968],[128.8475543,71.6346188],[128.8473397,71.6358966],[128.848198,71.6366537],[128.8532084,71.6380158],[128.854292,71.6384822],[128.8537663,71.6386884],[128.8549143,71.6390736],[128.8583851,71.6389131],[128.8595072,71.6389476],[128.8608168,71.6393494],[128.8640774,71.6402509],[128.8670575,71.6409011],[128.869549,71.6413895],[128.8723118,71.641449],[128.8719463,71.6398526],[128.8730514,71.6398087],[128.8751328,71.639633],[128.8731694,71.6381899],[128.8755083,71.6377572],[128.8754707,71.6372486]]]}},{"type":"Feature","id":"osm-context-255772211","properties":{"osmId":255772211,"kind":"area","landuse":null,"natural":"water","water":null,"waterway":null,"leisure":null,"amenity":null,"railway":null,"name":null,"source":"OpenStreetMap"},"geometry":{"type":"Polygon","coordinates":[[[128.7300899,71.6007799],[128.7305406,71.6008951],[128.7310341,71.6010034],[128.7314418,71.6010772],[128.7318709,71.6011789],[128.7323645,71.6012601],[128.7328794,71.6013346],[128.7334588,71.6013691],[128.7339523,71.6013488],[128.7341454,71.6012804],[128.7344244,71.6011796],[128.7345102,71.6010441],[128.7344888,71.6008612],[128.7343171,71.6006709],[128.7341669,71.6005497],[128.7342098,71.6004684],[128.7339738,71.6004548],[128.7339094,71.6003803],[128.7335232,71.6002449],[128.7333086,71.6001026],[128.732858,71.5999401],[128.7325576,71.5998385],[128.732107,71.5997911],[128.7314632,71.599682],[128.7310985,71.5996082],[128.7304547,71.5994795],[128.7297037,71.5992966],[128.7290171,71.5991883],[128.7281158,71.5990867],[128.7271932,71.5989844],[128.7266996,71.5989647],[128.7264421,71.5989783],[128.726013,71.5989444],[128.725734,71.5989234],[128.7254336,71.5988428],[128.7251976,71.598809],[128.7249401,71.5987744],[128.7246397,71.5987683],[128.7245324,71.598836],[128.7242105,71.5988225],[128.7240174,71.5988157],[128.7238324,71.5988968],[128.7235239,71.5989099],[128.7233952,71.5989476],[128.7233415,71.5990086],[128.7233952,71.5990696],[128.7235775,71.5991407],[128.7238029,71.5991639],[128.7240496,71.5992282],[128.7244037,71.5993032],[128.7246826,71.5993908],[128.7250259,71.5994958],[128.7253478,71.5995572],[128.7256804,71.5996588],[128.7259272,71.5997227],[128.726131,71.5997599],[128.726367,71.5997599],[128.7266353,71.5998107],[128.7269679,71.5998925],[128.7270644,71.5999428],[128.7273756,71.5999907],[128.7276438,71.6000478],[128.7278262,71.6001121],[128.7280193,71.6001189],[128.7284055,71.6001804],[128.7286737,71.600234],[128.7288669,71.6003153],[128.7290922,71.6004067],[128.7293497,71.6004677],[128.7296286,71.6005896],[128.7296715,71.600668],[128.7297895,71.6007053],[128.7298432,71.6007454],[128.7300899,71.6007799]]]}},{"type":"Feature","id":"osm-context-255772212","properties":{"osmId":255772212,"kind":"area","landuse":null,"natural":"water","water":null,"waterway":null,"leisure":null,"amenity":null,"railway":null,"name":null,"source":"OpenStreetMap"},"geometry":{"type":"Polygon","coordinates":[[[128.780258,71.5897877],[128.7805047,71.5898419],[128.7807622,71.5898859],[128.7811592,71.5899334],[128.7812879,71.5899735],[128.7812987,71.5900791],[128.781363,71.5901599],[128.781524,71.5902383],[128.7816742,71.5902988],[128.7816849,71.5903564],[128.7818351,71.5904106],[128.781996,71.5904614],[128.7820819,71.5905123],[128.7820175,71.590628],[128.7819639,71.5907393],[128.7819853,71.5907968],[128.7820497,71.5908413],[128.7820282,71.5908787],[128.7817707,71.5909324],[128.7815776,71.5909668],[128.7814811,71.5910041],[128.7814167,71.5911497],[128.7814596,71.5912954],[128.7815669,71.5914682],[128.7816956,71.59158],[128.7818351,71.5916337],[128.7817064,71.591702],[128.7814274,71.5917223],[128.7812665,71.5917223],[128.7809768,71.5917088],[128.7808051,71.5916845],[128.7805691,71.5916105],[128.7804189,71.5915461],[128.7802794,71.5915157],[128.7801185,71.5914682],[128.7799576,71.5914072],[128.7797966,71.5913496],[128.7796142,71.5912751],[128.7795391,71.5912277],[128.7793353,71.5911972],[128.7790993,71.5911667],[128.7789812,71.591126],[128.7788847,71.591065],[128.7789705,71.5910379],[128.7790671,71.5909866],[128.7790456,71.5909498],[128.7791529,71.5909092],[128.779346,71.5908889],[128.7795177,71.5908312],[128.7795821,71.5908007],[128.7795821,71.5907432],[128.779507,71.5906923],[128.7793138,71.5906314],[128.7791636,71.5905766],[128.7791207,71.5905229],[128.7789383,71.5904687],[128.778713,71.5904484],[128.7785414,71.5904179],[128.7784448,71.5903603],[128.7784019,71.590323],[128.7784126,71.5902858],[128.7784555,71.5902519],[128.7785092,71.5902112],[128.7784877,71.5901773],[128.7782946,71.5900858],[128.7781766,71.5900452],[128.7781122,71.5900011],[128.7781122,71.5899706],[128.7782195,71.5899368],[128.7783268,71.5898961],[128.7783697,71.5898588],[128.7783804,71.5898114],[128.7784877,71.5897944],[128.7786701,71.5897939],[128.7788203,71.5897973],[128.7790027,71.5898075],[128.7791851,71.5897911],[128.779346,71.5898012],[128.7794748,71.5897906],[128.7795713,71.5897707],[128.7799146,71.5897465],[128.7801185,71.589747],[128.780258,71.5897877]]]}},{"type":"Feature","id":"osm-context-255772213","properties":{"osmId":255772213,"kind":"area","landuse":null,"natural":"water","water":null,"waterway":null,"leisure":null,"amenity":null,"railway":null,"name":null,"source":"OpenStreetMap"},"geometry":{"type":"Polygon","coordinates":[[[128.7898817,71.5930769],[128.7901286,71.5931353],[128.7902358,71.5931996],[128.7902895,71.5932877],[128.7902143,71.5933656],[128.7899354,71.5934259],[128.7897423,71.5934191],[128.7894204,71.5934605],[128.7895277,71.5935079],[128.7893668,71.5935451],[128.789366,71.5935451],[128.7891093,71.5935444],[128.7892166,71.5936258],[128.7889376,71.5936394],[128.7890234,71.5936942],[128.7890449,71.5937552],[128.7889805,71.5938561],[128.7887445,71.593911],[128.7886157,71.5939442],[128.7883582,71.5939585],[128.7883368,71.5940533],[128.788487,71.5941143],[128.7885084,71.5941617],[128.7882295,71.5942091],[128.7879934,71.594243],[128.7878647,71.5942694],[128.7875857,71.5942633],[128.7871019,71.5943192],[128.7864914,71.5942566],[128.786191,71.594199],[128.7856546,71.5941245],[128.7850323,71.5940364],[128.7845817,71.5939409],[128.7840452,71.593806],[128.7838307,71.5937315],[128.7834444,71.5936705],[128.7832513,71.5935891],[128.7829724,71.5934536],[128.7828437,71.5933723],[128.782672,71.5933181],[128.7826291,71.5932165],[128.7823716,71.5931148],[128.7823501,71.5930403],[128.7824574,71.5929659],[128.7823501,71.5928981],[128.7822643,71.5927552],[128.7822858,71.592661],[128.7824574,71.5926135],[128.7825003,71.5925661],[128.7825003,71.5924577],[128.7824789,71.5923493],[128.782672,71.592268],[128.7831977,71.5920545],[128.7837126,71.591919],[128.7841203,71.5918709],[128.7845495,71.591858],[128.7852469,71.5919319],[128.7858692,71.5920403],[128.7862447,71.5921961],[128.7865987,71.5923621],[128.7868455,71.5924841],[128.7873282,71.5925559],[128.7875858,71.5925519],[128.7878004,71.5927111],[128.7880686,71.5926474],[128.788369,71.5926806],[128.7887123,71.5927388],[128.7889913,71.5927557],[128.7891951,71.5928235],[128.7893131,71.5928703],[128.7894633,71.5929184],[128.7895921,71.5929584],[128.7898066,71.5929964],[128.7898817,71.5930769]]]}},{"type":"Feature","id":"osm-context-490873257","properties":{"osmId":490873257,"kind":"area","landuse":"industrial","natural":null,"water":null,"waterway":null,"leisure":null,"amenity":null,"railway":null,"name":null,"source":"OpenStreetMap"},"geometry":{"type":"Polygon","coordinates":[[[128.8824443,71.6908235],[128.8848537,71.6908389],[128.8855081,71.6914085],[128.885315,71.6915871],[128.8847571,71.6916107],[128.8848966,71.692251],[128.8827186,71.6923218],[128.8827079,71.6916949],[128.8845962,71.6916444],[128.8845855,71.6914894],[128.882391,71.6914792],[128.8824443,71.6908235]]]}},{"type":"Feature","id":"osm-context-490873258","properties":{"osmId":490873258,"kind":"area","landuse":"industrial","natural":null,"water":null,"waterway":null,"leisure":null,"amenity":null,"railway":null,"name":null,"source":"OpenStreetMap"},"geometry":{"type":"Polygon","coordinates":[[[128.8788482,71.6933194],[128.8793578,71.6927262],[128.8808169,71.6928661],[128.8812461,71.6934137],[128.8811281,71.6935215],[128.8788482,71.6933194]]]}},{"type":"Feature","id":"osm-context-620820542","properties":{"osmId":620820542,"kind":"area","landuse":"military","natural":null,"water":null,"waterway":null,"leisure":null,"amenity":null,"railway":null,"name":null,"source":"OpenStreetMap"},"geometry":{"type":"Polygon","coordinates":[[[128.855649,71.6304081],[128.8596616,71.6317469],[128.863363,71.6306041],[128.8593183,71.6292855],[128.855649,71.6304081]]]}},{"type":"Feature","id":"osm-context-620820546","properties":{"osmId":620820546,"kind":"area","landuse":"military","natural":null,"water":null,"waterway":null,"leisure":null,"amenity":null,"railway":null,"name":"ПЗ \"Тикси\" Анадырского (Чукотского) ПО","source":"OpenStreetMap"},"geometry":{"type":"Polygon","coordinates":[[[128.8639479,71.6395366],[128.8628383,71.6397929],[128.8646285,71.640245],[128.8658713,71.6405106],[128.8663447,71.6403056],[128.8664779,71.6403335],[128.8668625,71.6401704],[128.8653091,71.6398023],[128.8644658,71.6396904],[128.8639479,71.6395366]]]}},{"type":"Feature","id":"osm-context-629192257","properties":{"osmId":629192257,"kind":"area","landuse":"cemetery","natural":null,"water":null,"waterway":null,"leisure":null,"amenity":null,"railway":null,"name":null,"source":"OpenStreetMap"},"geometry":{"type":"Polygon","coordinates":[[[128.8271106,71.637862],[128.8288486,71.6385177],[128.8297713,71.638636],[128.8298893,71.6384974],[128.830297,71.6384298],[128.8306404,71.6385752],[128.8308656,71.6387137],[128.8354575,71.640052],[128.8318634,71.6416336],[128.8285374,71.6407955],[128.8288057,71.6403325],[128.82887,71.639633],[128.8288164,71.6392713],[128.827722,71.6386225],[128.8263273,71.6387982],[128.8258016,71.6382372],[128.8271106,71.637862]]]}},{"type":"Feature","id":"osm-context-629192267","properties":{"osmId":629192267,"kind":"area","landuse":null,"natural":"water","water":null,"waterway":null,"leisure":null,"amenity":null,"railway":null,"name":null,"source":"OpenStreetMap"},"geometry":{"type":"Polygon","coordinates":[[[128.7368059,71.6753242],[128.7365484,71.6750003],[128.7354326,71.6744606],[128.7342739,71.6743122],[128.7335444,71.6740288],[128.7335444,71.6739209],[128.733201,71.6737589],[128.7332869,71.6734351],[128.7329435,71.6733002],[128.7329435,71.6730573],[128.732686,71.6729223],[128.732686,71.6724365],[128.7329435,71.6721666],[128.7329435,71.6718967],[128.7331152,71.6717888],[128.7330294,71.6715188],[128.732686,71.6713029],[128.732686,71.6712219],[128.7321711,71.670952],[128.7314844,71.6707361],[128.7313128,71.6706011],[128.7310123,71.6705876],[128.7307119,71.6704662],[128.7307119,71.6703852],[128.730197,71.6701693],[128.7301111,71.6698993],[128.7298965,71.6698049],[128.7287807,71.6696159],[128.7276649,71.6695889],[128.7272787,71.6697104],[128.7269354,71.6700343],[128.7265491,71.6701288],[128.7260342,71.6701288],[128.7253475,71.6700208],[128.7229443,71.669238],[128.722086,71.669049],[128.7218285,71.669049],[128.7213993,71.669157],[128.719511,71.66913],[128.7189102,71.669049],[128.7178802,71.6687791],[128.7174511,71.6687791],[128.7165928,71.669049],[128.7163353,71.669049],[128.7159061,71.66913],[128.7142754,71.669157],[128.7138033,71.6692785],[128.7128592,71.6697104],[128.7125158,71.6699803],[128.7125158,71.6700883],[128.7121725,71.6702502],[128.711915,71.6708981],[128.7120008,71.671141],[128.7121725,71.6712489],[128.7122583,71.6720047],[128.71243,71.6721936],[128.7131166,71.6726254],[128.7140179,71.6729358],[128.7145329,71.6730168],[128.7161636,71.6734486],[128.7169361,71.6735026],[128.7180519,71.6737185],[128.7189102,71.6737724],[128.7211418,71.6741772],[128.7226868,71.6743662],[128.7233734,71.6745281],[128.7240601,71.6745551],[128.724618,71.6747305],[128.7248755,71.6750813],[128.7259483,71.6755805],[128.7270641,71.6758504],[128.7275791,71.6759043],[128.7278795,71.6760527],[128.7290382,71.676417],[128.7292957,71.676444],[128.7298107,71.6766059],[128.7302399,71.6766059],[128.7310982,71.6767678],[128.731699,71.6766869],[128.732214,71.6766869],[128.7341022,71.6770646],[128.7343597,71.6770646],[128.7347889,71.6771456],[128.7354755,71.6771456],[128.7359905,71.6772265],[128.7366772,71.6771995],[128.7376213,71.6769837],[128.738265,71.6767273],[128.7381792,71.6763766],[128.7383509,71.6762956],[128.7383509,71.6758639],[128.7377501,71.675675],[128.7368059,71.6753242]]]}},{"type":"Feature","id":"osm-context-629192269","properties":{"osmId":629192269,"kind":"area","landuse":null,"natural":"water","water":null,"waterway":null,"leisure":null,"amenity":null,"railway":null,"name":null,"source":"OpenStreetMap"},"geometry":{"type":"Polygon","coordinates":[[[128.8513898,71.6007661],[128.8516473,71.6008745],[128.8520765,71.6009016],[128.8525914,71.60101],[128.8531923,71.60101],[128.8537931,71.6010913],[128.854823,71.6010913],[128.8550805,71.6011455],[128.8557672,71.6010913],[128.8559818,71.6010235],[128.8559818,71.6007797],[128.856368,71.6006577],[128.8570546,71.6006035],[128.8581704,71.6002785],[128.8585138,71.6002514],[128.8588142,71.6001024],[128.8588142,71.6000212],[128.8582133,71.599696],[128.8581275,71.5993709],[128.8576554,71.599249],[128.8571405,71.5992219],[128.8567113,71.5991135],[128.8549089,71.5991135],[128.8542222,71.5990323],[128.8535356,71.5990323],[128.8531064,71.5989239],[128.8521623,71.5989239],[128.851819,71.5988426],[128.8500165,71.5988426],[128.8490724,71.5989781],[128.8478278,71.5992355],[128.847742,71.5995606],[128.8479995,71.5997231],[128.8479995,71.5999128],[128.8490724,71.6001973],[128.8494157,71.6002243],[128.8498878,71.6003734],[128.8500594,71.6005358],[128.8508319,71.6007254],[128.8513898,71.6007661]]]}},{"type":"Feature","id":"osm-context-775228440","properties":{"osmId":775228440,"kind":"waterway","landuse":null,"natural":null,"water":null,"waterway":"river","leisure":null,"amenity":null,"railway":null,"name":"Хорогор","source":"OpenStreetMap"},"geometry":{"type":"LineString","coordinates":[[128.6666771,71.6657222],[128.6687401,71.6660427],[128.6714741,71.6665822],[128.6734127,71.66702],[128.6758236,71.6672467],[128.6762593,71.6672732],[128.676967,71.6675594],[128.6782345,71.668216],[128.6791045,71.6691306],[128.6796513,71.6699826],[128.6808194,71.6708424],[128.6828575,71.6716006],[128.6848707,71.6723275],[128.6863123,71.6732106],[128.6875302,71.6739843],[128.6884746,71.6743907],[128.6898416,71.6746407],[128.6924514,71.6754222],[128.6953594,71.6762895],[128.6983916,71.6769771],[128.6999326,71.6773991],[128.7022689,71.6781413],[128.7042573,71.6784695],[128.7061711,71.6788211],[128.7091288,71.6787351],[128.7128073,71.6782273],[128.715417,71.6778757],[128.7170574,71.6781492],[128.7175794,71.6789617],[128.7163615,71.6798602],[128.7151188,71.6803758],[128.7146714,71.6807117],[128.7144974,71.6813523],[128.7147957,71.6823912],[128.715765,71.682938],[128.7176042,71.6834301],[128.7198163,71.6837347],[128.7225254,71.683766],[128.7261294,71.6833754],[128.7282669,71.6833208],[128.7304789,71.6836254],[128.7325916,71.6839691],[128.7343811,71.6844065],[128.7352261,71.6849922],[128.7364192,71.6856639],[128.7381341,71.6863434],[128.7396751,71.6867261],[128.7419369,71.6870072],[128.7445715,71.687179],[128.747554,71.68714],[128.750984,71.6868666],[128.7537428,71.6865152],[128.7565514,71.6860154],[128.757321,71.6858813],[128.758838,71.6856171],[128.7605281,71.6854218],[128.7629639,71.6855702],[128.7652754,71.6857655],[128.7678602,71.686031],[128.7702711,71.6861559],[128.7729057,71.6862731],[128.7744219,71.6866558],[128.7751426,71.6876632],[128.7755652,71.6882723],[128.776286,71.6888736],[128.775938,71.6895139],[128.7750432,71.6899121],[128.7749477,71.6901573],[128.7755605,71.6904416],[128.7763684,71.690686],[128.7775459,71.6908075],[128.7792401,71.6908242],[128.7815779,71.6908107],[128.7826952,71.6909511],[128.7837867,71.6911833],[128.7858752,71.6914749],[128.7865113,71.6918043],[128.7868636,71.6927762],[128.787259,71.6932324],[128.7880067,71.6938695],[128.7898288,71.6943177],[128.7917541,71.6948225],[128.793112,71.6953299],[128.794736,71.6956233],[128.797957,71.6960699],[128.7983824,71.6962229],[128.7983136,71.6967492],[128.7986231,71.6972836],[128.7986918,71.6979863],[128.7998779,71.6985477],[128.8018547,71.7000914],[128.8033846,71.70082],[128.805963,71.7016458],[128.8077679,71.7025416],[128.8080672,71.7029935],[128.8081402,71.7034056],[128.8083346,71.7036498],[128.8090882,71.7037681],[128.8103159,71.7038215],[128.8111546,71.7037299],[128.8124794,71.7033255],[128.8147402,71.7027111],[128.8163204,71.7020128],[128.8176384,71.7017202],[128.8183174,71.7016986],[128.8192456,71.7017229],[128.8201309,71.7019901],[128.8223187,71.702635],[128.8246524,71.7034325],[128.8271563,71.7040774],[128.8291254,71.7045696],[128.8331973,71.705161],[128.835057,71.7050694],[128.8363819,71.7051724],[128.8377675,71.7054319],[128.8409156,71.7055845],[128.8415069,71.7058113],[128.8424343,71.7059558],[128.8435262,71.705993],[128.844822,71.705931],[128.8479268,71.7054655],[128.848885,71.7052407],[128.8494896,71.7050567],[128.8500849,71.7049837],[128.8508198,71.7050392],[128.8524663,71.7053254],[128.8539732,71.7057838],[128.8564363,71.7062875],[128.8570596,71.7065124],[128.8582037,71.7067401],[128.8592456,71.7070992],[128.8599805,71.7075518],[128.8607711,71.7077445],[128.8617944,71.7077561],[128.8649664,71.7075956],[128.8668524,71.7076039],[128.8691965,71.7078492],[128.8704709,71.7082754],[128.8717318,71.7087951],[128.8724184,71.7089113],[128.873105,71.7089871],[128.8734752,71.7089113],[128.873899,71.7087328],[128.8742423,71.7085375],[128.874532,71.7084753],[128.8750577,71.708487],[128.8755941,71.7085072],[128.876508,71.7086064],[128.877646,71.7089586],[128.8786194,71.7094334],[128.8790141,71.7098648],[128.8790799,71.7102983],[128.8797968,71.7109795],[128.8804158,71.7114198],[128.88036,71.7121379],[128.8803879,71.7125407],[128.8811321,71.7129756],[128.8831041,71.7133959],[128.8849366,71.7139126],[128.8871506,71.7141869],[128.8894389,71.7140818],[128.8931609,71.7134101],[128.8943314,71.7129616],[128.8958574,71.7127139],[128.8968966,71.7126603],[128.8980411,71.7128398],[128.8983371,71.7130152],[128.8988436,71.7133083],[128.8995474,71.7135539],[128.9004814,71.7142185],[128.9021916,71.7146271],[128.9073485,71.7145693],[128.910611,71.7140327],[128.9111766,71.7136736],[128.9110977,71.7125055],[128.9114924,71.712006],[128.9136498,71.7111886],[128.9172544,71.7107345],[128.9202011,71.7109781],[128.9212799,71.7112918],[128.9221481,71.7117996],[128.9234373,71.7123107],[128.9244832,71.7126038],[128.9252199,71.7126265],[128.9269687,71.712285],[128.9283631,71.711542],[128.9292182,71.7103406],[128.9297979,71.709952],[128.9300211,71.7094849],[128.9303839,71.7094236],[128.9311002,71.7093886],[128.9317234,71.7094586],[128.9325978,71.7096221],[128.933128,71.710098],[128.9340304,71.7105972],[128.9341141,71.7110701],[128.934449,71.7112832],[128.9353792,71.7115751],[128.9377047,71.711829],[128.9396117,71.7123457],[128.9405419,71.7127485],[128.9407279,71.7130462],[128.9403093,71.7132417],[128.9392489,71.7134256],[128.9381884,71.7134227],[128.9366815,71.7133906],[128.935342,71.713449],[128.9335466,71.7138255],[128.931342,71.7142399],[128.9300955,71.714631],[128.9298816,71.7148879],[128.9304769,71.7153723],[128.9321327,71.7161632],[128.9338443,71.7164346],[128.9346071,71.7167089],[128.9355559,71.7170328],[128.9370722,71.7172371],[128.9396768,71.7173188],[128.9416581,71.7172196],[128.944086,71.7170299],[128.9450441,71.7170183],[128.9459278,71.7170941],[128.9463092,71.7171992],[128.9464673,71.7173393],[128.946272,71.7175377],[128.945779,71.7176457],[128.9443185,71.7180221],[128.943193,71.7185765],[128.9415372,71.7191134],[128.9399,71.7197874],[128.9398442,71.720123],[128.9407093,71.7205402],[128.9425418,71.7207561],[128.9457386,71.7207396],[128.9480802,71.7204136],[128.9506849,71.7198153],[128.9518821,71.7197947],[128.9535528,71.7198937],[128.9544868,71.7201702],[128.9544736,71.7205952],[128.9532107,71.7210202],[128.953237,71.7215318],[128.9547733,71.7236862],[128.9550304,71.7249357]]}},{"type":"Feature","id":"osm-context-972967794","properties":{"osmId":972967794,"kind":"coastline","landuse":null,"natural":"coastline","water":null,"waterway":null,"leisure":null,"amenity":null,"railway":null,"name":null,"source":"OpenStreetMap"},"geometry":{"type":"LineString","coordinates":[[128.933969,71.5829869],[128.9349353,71.5832809],[128.9355965,71.5835962],[128.9358985,71.5837519],[128.9359447,71.5838312],[128.9358519,71.5838692],[128.9353229,71.5839234],[128.9345966,71.5840986],[128.933793,71.5843247],[128.933175,71.5845043],[128.9320013,71.5848507],[128.929646,71.5857381],[128.9278114,71.5864159],[128.9266634,71.5868599],[128.9246142,71.5877003],[128.9245713,71.5878426],[128.9246786,71.5880561],[128.9245391,71.5883171],[128.9244747,71.5886085],[128.9243996,71.5888863],[128.9243674,71.5890625],[128.924067,71.5890896],[128.9238417,71.5891252],[128.9236593,71.5891828],[128.9235359,71.5892015],[128.9233965,71.5891777],[128.9232033,71.5891642],[128.9230853,71.5891456],[128.9227313,71.5890846],[128.9222324,71.5889727],[128.9216691,71.5887779],[128.9212453,71.5887203],[128.9208913,71.5887627],[128.919636,71.5890863],[128.9178872,71.5897538],[128.9166856,71.5903162],[128.9149046,71.5912141],[128.9128876,71.5923254],[128.9111388,71.5934264],[128.9092934,71.5949678],[128.9082634,71.5960111],[128.9077806,71.5968545],[128.9077592,71.5976098],[128.9080167,71.5980704],[128.90836,71.5983312],[128.9087248,71.598382],[128.90939,71.5984362],[128.9103019,71.5985005],[128.9111709,71.5985344],[128.9117181,71.5985852],[128.9123189,71.598575],[128.9128983,71.5985784],[128.9134455,71.5985683],[128.9140892,71.5985175],[128.91469,71.5985344],[128.9150762,71.5986157],[128.9152157,71.5987647],[128.9156771,71.5988765],[128.9159775,71.5989307],[128.9165032,71.599039],[128.9172113,71.5991508],[128.9177155,71.5992592],[128.9180696,71.5993472],[128.9183807,71.599398],[128.9185202,71.5994556],[128.9185309,71.5995673],[128.9184236,71.5997536],[128.9188313,71.5999399],[128.9191747,71.6000584],[128.9193571,71.6002413],[128.9187026,71.6008102],[128.9185953,71.60101],[128.9183807,71.6012978],[128.917855,71.6019141],[128.9180159,71.6020699],[128.9181018,71.6021478],[128.9178336,71.6024525],[128.9181447,71.6027437],[128.9187133,71.6028081],[128.9191317,71.6029435],[128.9196896,71.6030282],[128.9200437,71.6030959],[128.9201724,71.6033261],[128.9198291,71.6037121],[128.9200652,71.6038882],[128.9201295,71.6040406],[128.9198613,71.6044231],[128.9200652,71.6047008],[128.9202046,71.6049818],[128.9208376,71.6052493],[128.9209556,71.6053711],[128.9212882,71.605405],[128.9216316,71.6054185],[128.9219749,71.6054355],[128.9223504,71.6053779],[128.9226401,71.6053813],[128.9231336,71.605581],[128.9234447,71.6057368],[128.9238846,71.6059771],[128.9242601,71.6062175],[128.924464,71.6067084],[128.9245605,71.6072433],[128.9245605,71.6074396],[128.9249468,71.6077037],[128.9255154,71.6080151],[128.9258373,71.6081505],[128.9262771,71.608164],[128.9268887,71.6084349],[128.9271784,71.6086041],[128.9276397,71.6088478],[128.9281225,71.6092506],[128.9282083,71.6095485],[128.9283156,71.6098057],[128.9285302,71.6098328],[128.9285731,71.6099174],[128.9282083,71.6101205],[128.9275968,71.6107095],[128.9268994,71.6114405],[128.9263201,71.6120531],[128.9263523,71.6122833],[128.9257193,71.6130278],[128.9249039,71.6141683],[128.923831,71.6158094],[128.923552,71.6163339],[128.923434,71.6166418],[128.923552,71.6168753],[128.9238095,71.6169937],[128.9240885,71.6170428],[128.924287,71.6170546],[128.924582,71.6170157],[128.9247912,71.616965],[128.92492,71.6169666],[128.9251774,71.6170056],[128.9252901,71.6170682],[128.9252043,71.6171121],[128.9249897,71.617146],[128.9247215,71.6171612],[128.9245015,71.6171138],[128.924287,71.6171341],[128.9240187,71.6172052],[128.9234716,71.6174911],[128.9228868,71.6180087],[128.9223611,71.6187971],[128.921653,71.6199541],[128.9213419,71.6205968],[128.9214921,71.6207727],[128.9218461,71.6209622],[128.9220822,71.6211651],[128.9221036,71.6214392],[128.9219963,71.621632],[128.9219534,71.621862],[128.9221895,71.6219939],[128.9221251,71.6221191],[128.9219427,71.6225081],[128.9214063,71.623171],[128.9212131,71.6232894],[128.9210093,71.6237697],[128.9209986,71.623949],[128.9208913,71.6241925],[128.9208698,71.6243718],[128.9204943,71.6246085],[128.9202046,71.6248588],[128.9202797,71.6250583],[128.9196038,71.6253796],[128.919121,71.6258903],[128.9185202,71.6262759],[128.9178977,71.6265323],[128.917104,71.6268339],[128.9164925,71.6271484],[128.9157843,71.6276015],[128.9155269,71.6277266],[128.9151406,71.6277604],[128.9142823,71.6280039],[128.9139068,71.6280885],[128.9136386,71.6284401],[128.9135206,71.628758],[128.9131558,71.6289676],[128.9127481,71.6292889],[128.912555,71.629512],[128.9121151,71.6296371],[128.9118898,71.6298062],[128.9117396,71.6299415],[128.9112782,71.6300091],[128.9104353,71.6303209],[128.9100551,71.6304858],[128.9089346,71.6306633],[128.9080596,71.6307496],[128.9075768,71.6309287],[128.906815,71.6309795],[128.9064503,71.6308814],[128.9060211,71.6308848],[128.9054418,71.6310437],[128.9050448,71.6311823],[128.9046907,71.6311519],[128.9042616,71.631233],[128.9037144,71.6315272],[128.9033711,71.6315948],[128.9028883,71.6319058],[128.9025128,71.6319701],[128.9016899,71.6319781],[128.9002927,71.6318273],[128.8988221,71.6316016],[128.8981676,71.6316286],[128.8970947,71.6318281],[128.8965281,71.6320515],[128.8954103,71.6328592],[128.8945842,71.6333224],[128.8941121,71.6335185],[128.8937688,71.6338295],[128.8936078,71.634083],[128.8926852,71.634945],[128.89202,71.6359794],[128.891741,71.6364086],[128.8915801,71.6367365],[128.8916986,71.6371156],[128.8918985,71.637268],[128.89213,71.6374602],[128.8943814,71.6373906],[128.8943603,71.6375033],[128.8921089,71.6376028],[128.8916355,71.6376525],[128.8912568,71.6377652],[128.8910569,71.6378977],[128.8909412,71.6381098],[128.8909727,71.6382623],[128.8911516,71.6384015],[128.8915619,71.6384445],[128.8920984,71.6384677],[128.8916391,71.6385156],[128.8912463,71.6385837],[128.8910779,71.6386467],[128.8909833,71.638766],[128.8910601,71.638936],[128.8910885,71.6391769],[128.8908811,71.6392882],[128.8911516,71.6394321],[128.8913447,71.639668],[128.8906483,71.6399178],[128.8911075,71.6407511],[128.8913339,71.640796],[128.891321,71.6408836],[128.8912045,71.6409528],[128.8907194,71.6412462],[128.8907518,71.6415231],[128.8904888,71.6419737],[128.8904046,71.6422487],[128.8915341,71.6425588],[128.8921615,71.6427391],[128.8923489,71.6429614],[128.8924772,71.6431135],[128.8928559,71.6432692],[128.8934345,71.643309],[128.8940868,71.6431499],[128.8951178,71.6428749],[128.8954824,71.6428688],[128.8957175,71.6428948],[128.896233,71.6430008],[128.8962874,71.6431727],[128.901585,71.6443802],[128.9012112,71.6445144],[128.89575,71.6432789],[128.893798,71.6441907],[128.8992585,71.64541],[128.8989534,71.6455094],[128.8934723,71.6443267],[128.8932866,71.6444111],[128.8913261,71.6439987],[128.8899922,71.6445488],[128.8919469,71.6461587],[128.8915576,71.6462051],[128.8895061,71.6445918],[128.886602,71.6448215],[128.8866584,71.646012],[128.882985,71.6459944],[128.8828321,71.6447915],[128.8831812,71.6444327],[128.8795764,71.6437075],[128.8792961,71.6444996],[128.8790009,71.6444893],[128.8792235,71.6437825],[128.8782778,71.6436886],[128.8775723,71.6436251],[128.8773516,71.6436132],[128.8771572,71.6436948],[128.8763183,71.643623],[128.8763973,71.6435147],[128.8762698,71.6434133],[128.8759662,71.6432991],[128.8746232,71.6430003],[128.8740277,71.6429294],[128.8736206,71.6428971],[128.8733196,71.6429513],[128.872295,71.6433788],[128.8720965,71.6433247],[128.8727926,71.6430154],[128.8724188,71.6429791],[128.8721351,71.6429453],[128.8717839,71.6427829],[128.8718365,71.642657],[128.8718587,71.6425626],[128.8713729,71.6424932],[128.8714506,71.6424198],[128.8716903,71.642379],[128.8720012,71.6421974],[128.8716061,71.6422443],[128.8712597,71.6424242],[128.8707286,71.6423634],[128.8708359,71.6422485],[128.8709485,71.6420931],[128.8711148,71.6419478],[128.8710425,71.6418832],[128.8707187,71.641871],[128.8701117,71.6421269],[128.8699079,71.6422367],[128.8695967,71.6424766],[128.8694484,71.6425212],[128.8677967,71.6423323],[128.8677441,71.6422528],[128.8678773,71.6422186],[128.8680642,71.6421214],[128.8682806,71.6419645],[128.8682596,71.6418817],[128.8688066,71.6415205],[128.8685878,71.6414684]]}},{"type":"Feature","id":"osm-context-972967798","properties":{"osmId":972967798,"kind":"coastline","landuse":null,"natural":"coastline","water":null,"waterway":null,"leisure":null,"amenity":null,"railway":null,"name":null,"source":"OpenStreetMap"},"geometry":{"type":"LineString","coordinates":[[128.8685878,71.6414684],[128.8683966,71.6414228],[128.868166,71.6413679],[128.8681858,71.6413167],[128.8678903,71.6412401],[128.8676079,71.6411443],[128.8673863,71.6411237],[128.8667519,71.6409773],[128.8662922,71.6409492],[128.866362,71.6413193],[128.8661313,71.6411959],[128.8659972,71.6411503],[128.865922,71.6409335],[128.8657557,71.6408677],[128.8655466,71.6407718],[128.8653213,71.6406975],[128.8644685,71.6404932],[128.8637711,71.6402738],[128.8629732,71.6401042],[128.8619417,71.640025],[128.8612872,71.6400588],[128.8608101,71.6403323],[128.8610839,71.6403802],[128.860897,71.6404925],[128.8600888,71.640372],[128.8602757,71.6402584],[128.8605494,71.6402981],[128.8609493,71.6399946],[128.8607937,71.6399016],[128.8605555,71.6398512],[128.8596189,71.6397327],[128.8592112,71.6396566],[128.8587069,71.6396127],[128.8579023,71.639562],[128.8571727,71.6395958],[128.8565504,71.6397191],[128.8562393,71.6397496],[128.8558048,71.6397783],[128.8555634,71.6398628],[128.8550752,71.6399523],[128.8539541,71.6402362],[128.853659,71.640341],[128.8535625,71.6404356],[128.8536376,71.6404846],[128.8536483,71.640537],[128.853423,71.640635],[128.8534176,71.640711],[128.8535356,71.6407718],[128.8539165,71.64088],[128.8530689,71.6411368],[128.8526827,71.641174],[128.8524842,71.6412246],[128.8520497,71.6411368],[128.8514596,71.6413446],[128.8512289,71.6414882],[128.8512772,71.6415406],[128.8514113,71.6415769],[128.8512987,71.6416175],[128.8512102,71.6416014],[128.8510036,71.6416555],[128.8503009,71.6420103],[128.8498986,71.6422333],[128.8498932,71.6423026],[128.8497055,71.6424124],[128.8495874,71.6424529],[128.8492763,71.6424631],[128.8488793,71.6424682],[128.847667,71.643046]]}},{"type":"Feature","id":"osm-context-972967799","properties":{"osmId":972967799,"kind":"coastline","landuse":null,"natural":"coastline","water":null,"waterway":null,"leisure":null,"amenity":null,"railway":null,"name":null,"source":"OpenStreetMap"},"geometry":{"type":"LineString","coordinates":[[128.9858973,71.6874367],[128.9869594,71.6877873],[128.9875173,71.6879154],[128.9881182,71.68803],[128.988955,71.6881378],[128.9894914,71.6884884],[128.9898777,71.688812],[128.9905,71.6895333],[128.9925384,71.6909692],[128.9948988,71.6925397],[128.998332,71.6944538],[129.0021729,71.6964554],[129.0029991,71.6968327]]}},{"type":"Feature","id":"osm-context-1072651428","properties":{"osmId":1072651428,"kind":"waterway","landuse":null,"natural":null,"water":null,"waterway":"stream","leisure":null,"amenity":null,"railway":null,"name":null,"source":"OpenStreetMap"},"geometry":{"type":"LineString","coordinates":[[128.8262951,71.6316979],[128.8265204,71.6316912],[128.8268477,71.6316641],[128.8271373,71.6317233],[128.8274109,71.6317723],[128.8276523,71.6318247],[128.827706,71.6319008],[128.8277113,71.6319752],[128.8278937,71.6320225],[128.8281566,71.6320242],[128.8283765,71.6320073],[128.8285804,71.6320123],[128.8288701,71.6320647],[128.8290363,71.6321391],[128.829208,71.6322253],[128.8294226,71.6322845],[128.8300288,71.6324451],[128.8302058,71.6325381],[128.8304418,71.6325685],[128.8306886,71.632626],[128.8307476,71.6326936],[128.8308763,71.6327679],[128.8311231,71.6327899],[128.8314289,71.6327646],[128.8316917,71.6327223],[128.8318741,71.6326817],[128.8321584,71.6326665],[128.8323086,71.6326784],[128.8325447,71.6326817],[128.8327861,71.6326446],[128.8330221,71.6326243],[128.8333118,71.6326327],[128.8335693,71.632724],[128.8337141,71.6328373],[128.8337088,71.6329691],[128.8338053,71.6330519],[128.8340467,71.6330536],[128.8343096,71.633013],[128.8345671,71.6330249],[128.8348514,71.6330756],[128.8349587,71.6331973],[128.8349426,71.6332767],[128.8348353,71.6332852],[128.8346368,71.6332801],[128.8344812,71.6332565],[128.8343793,71.6332379],[128.8342828,71.6332717],[128.8342184,71.6333274],[128.8342237,71.6333765],[128.8343847,71.6334492],[128.8347334,71.6337095],[128.8350338,71.6338582],[128.8354468,71.6339748],[128.8359618,71.6340813],[128.8364124,71.6341827],[128.8364768,71.6341895],[128.8365358,71.6341506],[128.8366055,71.6340999],[128.8367236,71.6340509],[128.8370293,71.6340154],[128.8373995,71.634034],[128.837555,71.6340644],[128.837657,71.6341405],[128.8375872,71.6341962],[128.8375121,71.6342841],[128.837598,71.6343382],[128.8378984,71.6343872],[128.8380915,71.6344549],[128.838188,71.6345613],[128.8383973,71.6346391],[128.8386065,71.634683],[128.8388854,71.6347253],[128.8391536,71.6347202],[128.8392824,71.634683],[128.8395023,71.6346137],[128.8398081,71.6345664],[128.8401622,71.6345427],[128.8404518,71.6345275],[128.8406342,71.6345681],[128.841278,71.6347506],[128.8415515,71.6348166],[128.8417017,71.6348216],[128.841927,71.6348047],[128.8420612,71.6347675],[128.8422114,71.6347828],[128.8423347,71.6348859],[128.8425225,71.635038],[128.8427854,71.6351799],[128.8429517,71.6352509],[128.8431716,71.6352983],[128.8435847,71.6353844],[128.8436651,71.6354166],[128.8437992,71.6354284],[128.8439816,71.6354183],[128.8442016,71.635425],[128.8444322,71.6354808],[128.8446307,71.6356228],[128.8447702,71.6357394],[128.8448399,71.6358137],[128.8449043,71.6358915],[128.8448024,71.6359574],[128.8446414,71.6360351],[128.8446736,71.6360689],[128.8448077,71.6361467],[128.8449365,71.636167],[128.8450491,71.6362701],[128.8451993,71.6363765],[128.8454354,71.6364137]]}},{"type":"Feature","id":"osm-context-1072651439","properties":{"osmId":1072651439,"kind":"area","landuse":null,"natural":"water","water":"lagoon","waterway":null,"leisure":null,"amenity":null,"railway":null,"name":null,"source":"OpenStreetMap"},"geometry":{"type":"Polygon","coordinates":[[[128.9012146,71.6809498],[128.9006781,71.6808891],[128.9009678,71.6811723],[128.9012468,71.6814522],[128.9014292,71.6814927],[128.9015043,71.6816444],[128.8998735,71.681985],[128.8984036,71.6819816],[128.8980067,71.6821603],[128.8976633,71.6825076],[128.8978028,71.6829224],[128.8983178,71.6829628],[128.8978135,71.6832427],[128.8986397,71.6835057],[128.8991439,71.6837687],[128.8997769,71.6842946],[128.9005387,71.6845543],[128.900764,71.6848611],[128.9041221,71.6851813],[128.9052164,71.6852555],[128.9064932,71.6854645],[128.9078128,71.6855792],[128.9095509,71.685532],[128.9110422,71.6855488],[128.9119756,71.6855488],[128.9125442,71.6854983],[128.9118791,71.6851915],[128.9107633,71.6848509],[128.9090896,71.6840317],[128.9079416,71.6835563],[128.905946,71.6825987],[128.9046585,71.6820389],[128.90365,71.6816748],[128.9026201,71.6813375],[128.9028132,71.6815669],[128.9021587,71.6815028],[128.9016867,71.6813409],[128.9012253,71.6812667],[128.9013326,71.6810678],[128.9018047,71.6811251],[128.9017188,71.6809835],[128.9015472,71.6809194],[128.9012146,71.6809498]]]}},{"type":"Feature","id":"osm-context-1072651440","properties":{"osmId":1072651440,"kind":"area","landuse":null,"natural":"water","water":"lagoon","waterway":null,"leisure":null,"amenity":null,"railway":null,"name":null,"source":"OpenStreetMap"},"geometry":{"type":"Polygon","coordinates":[[[128.8970947,71.6802618],[128.895936,71.6791557],[128.8939189,71.6784947],[128.8923311,71.6777932],[128.8912153,71.6768218],[128.8913011,71.6757424],[128.8925457,71.675675],[128.8936185,71.676444],[128.8945198,71.67695],[128.8936078,71.6771287],[128.8936615,71.6774019],[128.8939083,71.677412],[128.8941336,71.6777797],[128.8944672,71.6778991],[128.8945198,71.6779179],[128.8946915,71.6778235],[128.8945627,71.6774525],[128.895303,71.6773952],[128.8953996,71.6774559],[128.8967836,71.6783328],[128.8991868,71.6795772],[128.8995516,71.6800022],[128.9000451,71.6800898],[128.9009786,71.6804169],[128.9008498,71.6806193],[128.9014184,71.6806732],[128.9015472,71.6809194],[128.9012146,71.6809498],[128.9011717,71.6807474],[128.9007962,71.6806564],[128.9007425,71.6804102],[128.8993263,71.6801067],[128.8987255,71.6801472],[128.8979208,71.6802011],[128.8980281,71.6804675],[128.8969767,71.6804675],[128.8970947,71.6802618]]]}},{"type":"Feature","id":"osm-context-1072651441","properties":{"osmId":1072651441,"kind":"waterway","landuse":null,"natural":null,"water":null,"waterway":"stream","leisure":null,"amenity":null,"railway":null,"name":null,"source":"OpenStreetMap"},"geometry":{"type":"LineString","coordinates":[[128.8735664,71.6835782],[128.8737917,71.6835209],[128.8744622,71.6834989],[128.8749236,71.6834315],[128.8755619,71.6832831],[128.8761628,71.6831651],[128.876903,71.6828583],[128.8771069,71.6826155],[128.8769781,71.6822412],[128.877064,71.6820727],[128.8773644,71.6819749],[128.8778686,71.6819782],[128.8783729,71.681985],[128.8787699,71.6819277],[128.8792419,71.6818771],[128.8798857,71.6817793],[128.8802934,71.6816613],[128.8806581,71.6816377],[128.8810444,71.6816646],[128.881259,71.6816579],[128.8816345,71.6816242],[128.8819027,71.6816377],[128.8820958,71.6816781],[128.8824499,71.6817186],[128.8829541,71.6816646],[128.8831043,71.6815837],[128.883276,71.681496],[128.8835013,71.6815028],[128.8837588,71.6815972],[128.884027,71.6816039],[128.884424,71.6815028],[128.8848746,71.6815466],[128.8850355,71.6815905],[128.8853359,71.6816444],[128.8855934,71.6816242],[128.8857436,71.6815938],[128.8860226,71.6815905],[128.8864624,71.6816613],[128.8869882,71.681722],[128.8874817,71.6817085],[128.8880932,71.6816781],[128.8882112,71.6817118],[128.8883293,71.6818299],[128.8885867,71.6818838],[128.8888979,71.6818299],[128.8897347,71.6816545],[128.8902283,71.6815466],[128.8907862,71.6814758],[128.8909793,71.6814421],[128.8912582,71.6814893],[128.8920092,71.6815601],[128.8927388,71.6816174],[128.8936937,71.6816512],[128.8945949,71.6816512],[128.8950026,71.6817017],[128.8952494,71.6817658],[128.8955605,71.681786],[128.8958931,71.6816748],[128.8967514,71.6814994],[128.8974059,71.6812263],[128.897953,71.681115],[128.8986075,71.681061],[128.8986826,71.6809396],[128.8993049,71.6806631],[128.89938,71.6805417],[128.8992298,71.6802821],[128.8993263,71.6801067]]}},{"type":"Feature","id":"osm-context-1072651444","properties":{"osmId":1072651444,"kind":"waterway","landuse":null,"natural":null,"water":null,"waterway":"stream","leisure":null,"amenity":null,"railway":null,"name":null,"source":"OpenStreetMap"},"geometry":{"type":"LineString","coordinates":[[128.7327987,71.6583074],[128.7326431,71.6585251],[128.7325841,71.6587125],[128.7328845,71.658856],[128.7333083,71.6589573],[128.7336838,71.6590315],[128.7340057,71.6590366],[128.7346333,71.6591328],[128.7381362,71.6600714],[128.7408828,71.6619078],[128.7430286,71.665013],[128.7449286,71.6672871]]}},{"type":"Feature","id":"osm-context-1072651445","properties":{"osmId":1072651445,"kind":"waterway","landuse":null,"natural":null,"water":null,"waterway":"stream","leisure":null,"amenity":null,"railway":null,"name":null,"source":"OpenStreetMap"},"geometry":{"type":"LineString","coordinates":[[128.8110065,71.6781035],[128.7969302,71.6749194],[128.7904071,71.6725175],[128.7835406,71.6696024],[128.7734984,71.6670919],[128.7584781,71.665175],[128.756504,71.6680098],[128.7518691,71.6693325],[128.7474918,71.6698184]]}},{"type":"Feature","id":"osm-context-1072651446","properties":{"osmId":1072651446,"kind":"waterway","landuse":null,"natural":null,"water":null,"waterway":"stream","leisure":null,"amenity":null,"railway":null,"name":null,"source":"OpenStreetMap"},"geometry":{"type":"LineString","coordinates":[[128.7071513,71.6289068],[128.7080096,71.632937],[128.7095546,71.6348301],[128.7148761,71.6388591],[128.7185668,71.6405623],[128.7221717,71.6421303],[128.7258624,71.6444279],[128.7338447,71.6473198],[128.7358188,71.6496438],[128.7389087,71.6510489],[128.7425136,71.6536156],[128.7413119,71.656209],[128.7394237,71.6575055],[128.7427443,71.6586771],[128.7429213,71.6587159],[128.7428838,71.6587682],[128.7428516,71.6588222],[128.7429267,71.6588762],[128.742857,71.6589168],[128.742798,71.6589725],[128.7427604,71.6590569],[128.7428302,71.6591413],[128.7430179,71.6591987],[128.7435061,71.6592611],[128.7440371,71.6592932],[128.7443107,71.6592949],[128.7445092,71.6593371],[128.7444448,71.6594097],[128.7446111,71.6594367]]}},{"type":"Feature","id":"osm-context-1326191210","properties":{"osmId":1326191210,"kind":"coastline","landuse":null,"natural":"coastline","water":null,"waterway":null,"leisure":null,"amenity":null,"railway":null,"name":null,"source":"OpenStreetMap"},"geometry":{"type":"LineString","coordinates":[[129.029746,71.7037117],[129.0313768,71.703294],[129.032321,71.7029774],[129.0333724,71.702654],[129.0348744,71.7022835],[129.0368056,71.7019265],[129.038372,71.7017176],[129.0393805,71.7016098],[129.0409469,71.7017042],[129.0423953,71.7018827],[129.0441334,71.7020679],[129.0460163,71.7022936],[129.0472233,71.7024486],[129.0487736,71.7026372],[129.050045,71.7027484],[129.0519762,71.70291],[129.0551734,71.7031054],[129.0576839,71.7033142],[129.0608436,71.703619],[129.061541,71.7036611],[129.0621579,71.7036746],[129.0626407,71.7036679],[129.063912,71.7035786],[129.0644163,71.7035113],[129.0649474,71.7034119],[129.0656286,71.7033024],[129.0667069,71.7031879],[129.067651,71.7031256],[129.0695715,71.7030616],[129.0711379,71.7030515],[129.0727311,71.7030953],[129.074319,71.7031576],[129.0756011,71.7032149],[129.0785408,71.7033816],[129.0801286,71.7034489],[129.0815878,71.7033934],[129.0832615,71.7031189],[129.0841412,71.7026473],[129.0854931,71.7023778],[129.0870595,71.7023239],[129.0908092,71.7024553],[129.0923595,71.702489],[129.0938991,71.7025496],[129.0958518,71.7026557],[129.0970266,71.7027281],[129.0981424,71.7028006],[129.0993494,71.7028646],[129.1011894,71.702969],[129.1040271,71.7031155],[129.1060227,71.7032115],[129.10716,71.7032738],[129.1076481,71.7032906],[129.1080666,71.7032957],[129.1095042,71.7032401],[129.1102981,71.7030515],[129.1120362,71.7030178],[129.1133022,71.7030582],[129.1148472,71.7032064],[129.1166335,71.7032906],[129.1173309,71.7032738],[129.1180068,71.703294],[129.1197878,71.7034237],[129.1226363,71.7036258],[129.1238433,71.7037386],[129.1243422,71.7037706],[129.124943,71.7037992],[129.1262519,71.7038649],[129.1274536,71.7039424],[129.1283601,71.704035],[129.1287249,71.7040754],[129.1291112,71.7041007],[129.1295779,71.7041209],[129.1299909,71.7041647],[129.1305274,71.7042438],[129.1314393,71.7043415],[129.1324371,71.7044055],[129.133687,71.7044543],[129.1344273,71.7044964],[129.1349798,71.7045537],[129.1356879,71.7046379],[129.136439,71.7046951],[129.1376728,71.7047776],[129.1389978,71.7048585],[129.1408002,71.7049881],[129.1418892,71.705069],[129.1423559,71.705106],[129.1429192,71.7051313],[129.1441584,71.7051767],[129.1448772,71.7052121],[129.1455853,71.7052576],[129.1477847,71.7054125],[129.1505152,71.7056028],[129.152441,71.7057408],[129.1538304,71.7058553],[129.1550589,71.7059581],[129.1557777,71.7060069],[129.1564804,71.7060456],[129.158299,71.7061534],[129.1593075,71.7062393],[129.1604447,71.7063487],[129.1622525,71.706539],[129.163025,71.706608],[129.1637063,71.7066518],[129.164806,71.7067393],[129.1656911,71.7068185],[129.1682285,71.7070812],[129.1707551,71.7073758],[129.1712862,71.7074381],[129.171769,71.7074819],[129.172917,71.707556],[129.1746926,71.7076873],[129.1752076,71.7077336],[129.1756529,71.7077824],[129.1761464,71.7078422],[129.1766345,71.7078978],[129.1769269,71.7079281],[129.1772246,71.7079516],[129.1774097,71.7079651],[129.1775733,71.7079769],[129.1777664,71.7079988],[129.1779998,71.7080266],[129.1783324,71.7080602],[129.179078,71.708136],[129.1798693,71.7082227],[129.1809663,71.7083229],[129.1820526,71.7084475],[129.1842359,71.7087017],[129.1854885,71.7088532],[129.1867197,71.708993],[129.1878918,71.7091184],[129.1888735,71.7092152],[129.189418,71.7092733],[129.190338,71.7093869],[129.1911426,71.7094997],[129.19173,71.709578],[129.1924971,71.7097017],[129.1933125,71.7098457],[129.1938624,71.7099433],[129.1951096,71.710147],[129.1956568,71.7102211],[129.1960403,71.7102682],[129.1964561,71.7103196],[129.1968705,71.7103865],[129.1975075,71.7105014],[129.198449,71.7106462],[129.1992617,71.7107674],[129.1997337,71.7108398],[129.2002568,71.7109332],[129.2011338,71.7110906],[129.201858,71.7111941],[129.2026198,71.7113153],[129.2034781,71.7114365],[129.2044276,71.7115729],[129.2055058,71.7117362],[129.2065519,71.7119331],[129.2079252,71.7121789],[129.2091161,71.7124028],[129.2102802,71.7126132],[129.2112672,71.7127697],[129.2119861,71.7129128],[129.2123938,71.713002],[129.2127103,71.7130727],[129.2129677,71.7131299],[129.2144269,71.7134228],[129.2165083,71.7138773],[129.2186594,71.7143452],[129.2193246,71.7144933],[129.2201185,71.7146481],[129.2209768,71.7148047],[129.2229241,71.7151766],[129.2237663,71.7153432],[129.224394,71.7154846],[129.2253864,71.7157253],[129.2260838,71.7158818],[129.2269045,71.7160232],[129.2277896,71.7161864],[129.2284816,71.7163564],[129.2291737,71.7165482],[129.229989,71.7167485],[129.2308742,71.7169605],[129.2330521,71.7174536],[129.234994,71.7178642],[129.2371988,71.7183758],[129.2381483,71.7185979],[129.2387652,71.7187342],[129.2393768,71.7188621],[129.2399883,71.7189849],[129.2408252,71.719165],[129.2424184,71.7195335],[129.2439848,71.7199205],[129.2457604,71.7203916],[129.2466026,71.7206019],[129.2475951,71.7208274],[129.2479974,71.7209183],[129.2483675,71.7210243],[129.2488128,71.7211454],[129.2493975,71.7212817],[129.2502558,71.7214769],[129.2516506,71.7218571],[129.252997,71.722202],[129.2543542,71.7225839],[129.2549014,71.7227118],[129.2554969,71.7228463],[129.2571008,71.7232232],[129.2580771,71.7234486],[129.2603302,71.723992],[129.2629641,71.7246245],[129.2647076,71.7250198],[129.2661345,71.7253092],[129.2681193,71.7257028]]}},{"type":"Feature","id":"osm-context-1326191212","properties":{"osmId":1326191212,"kind":"coastline","landuse":null,"natural":"coastline","water":null,"waterway":null,"leisure":null,"amenity":null,"railway":null,"name":null,"source":"OpenStreetMap"},"geometry":{"type":"LineString","coordinates":[[129.0095812,71.6998548],[129.0126228,71.7011517],[129.0143823,71.7018187],[129.0172576,71.7026945],[129.0207124,71.7035567],[129.021914,71.7037723],[129.023813,71.7040047],[129.0260768,71.7042842],[129.0264845,71.7043179],[129.0272784,71.704264],[129.0280938,71.7040822]]}},{"type":"Feature","id":"osm-context-1326191213","properties":{"osmId":1326191213,"kind":"coastline","landuse":null,"natural":"coastline","water":null,"waterway":null,"leisure":null,"amenity":null,"railway":null,"name":null,"source":"OpenStreetMap"},"geometry":{"type":"LineString","coordinates":[[129.0280938,71.7040822],[129.0288341,71.7041091],[129.0296066,71.7041428],[129.0301645,71.7042809],[129.0301216,71.7043213],[129.0299392,71.7043583],[129.0294456,71.7043583],[129.0290701,71.7043684],[129.0287375,71.7043347],[129.0284371,71.704328],[129.0281474,71.7043516],[129.0279007,71.704392],[129.0276861,71.7044796],[129.0272355,71.7044796],[129.0268922,71.7045604],[129.0268063,71.7046884],[129.0273213,71.7048635],[129.0286732,71.7050723],[129.0298748,71.7051734],[129.0303898,71.7052273],[129.0314412,71.705362],[129.0330505,71.7055708],[129.0338874,71.7055101],[129.03481,71.7055034],[129.0364408,71.7054832],[129.0376425,71.7055506],[129.0387153,71.7056381],[129.0397668,71.7056718],[129.0408182,71.7056044],[129.0416121,71.7054967],[129.0427279,71.7052946],[129.0431571,71.7053013],[129.0433073,71.7053889],[129.0430498,71.7054697],[129.0428781,71.705591],[129.0435648,71.7055775],[129.0444231,71.7054832],[129.0457535,71.7053822],[129.0458393,71.7054495],[129.0454316,71.7055304],[129.0445733,71.7056381],[129.0439725,71.7057055],[129.0437364,71.7058604],[129.0443802,71.7059547],[129.0447449,71.7060894],[129.0446377,71.7062241],[129.0450883,71.706379],[129.0456247,71.7064868],[129.0466118,71.706709],[129.0475988,71.7067899],[129.0482211,71.7067293],[129.0493154,71.7066821],[129.051075,71.7065878],[129.0522337,71.7064935],[129.053092,71.7063049],[129.0539288,71.7060759],[129.0544653,71.7058335],[129.0548944,71.7057594],[129.0552163,71.7057728],[129.0557527,71.70582],[129.0562892,71.7057594],[129.0564394,71.7055775],[129.0561604,71.7053889],[129.056139,71.7051801],[129.056375,71.7049241],[129.0566325,71.7046682],[129.0571904,71.704493],[129.0576625,71.7042303],[129.0584993,71.7040215],[129.0589928,71.7038127],[129.0590143,71.7036376],[129.0585637,71.7035567],[129.0580058,71.7036106],[129.0576303,71.7035365],[129.0569222,71.7034422],[129.0550017,71.7032637],[129.0539396,71.7032098],[129.0532315,71.7032266],[129.0524697,71.7032974],[129.0518904,71.7033816],[129.0510321,71.7034557],[129.0500665,71.7033176],[129.0498733,71.703166],[129.0498841,71.7029774],[129.0494549,71.7028763],[129.0485644,71.7027888],[129.047116,71.7026675],[129.0460968,71.7025496],[129.0448201,71.7024115],[129.04423,71.7024385],[129.0438652,71.7025294],[129.043479,71.7026945],[129.0427387,71.7029808],[129.0420198,71.7033142],[129.0417516,71.7034119],[129.041537,71.7033984],[129.0414512,71.7031997],[129.0411293,71.7030111],[129.0407109,71.7028561],[129.0399492,71.7027248],[129.0391016,71.7026406],[129.0384042,71.7026608],[129.037621,71.7027214],[129.0374172,71.7026877],[129.0371168,71.702617],[129.0365803,71.7026844],[129.0361941,71.7028292],[129.0357971,71.7029572],[129.0352714,71.7030751],[129.0343809,71.7032435],[129.0338659,71.7034119],[129.0335226,71.7035803],[129.0331364,71.7036881],[129.0324819,71.703843],[129.032042,71.7040653],[129.0316021,71.7041327],[129.0313017,71.7040821],[129.0311408,71.7039575],[129.0310442,71.7038228],[129.0307331,71.7037016],[129.0304434,71.703715],[129.0300572,71.7037824],[129.0298319,71.7037723],[129.029746,71.7037117]]}},{"type":"Feature","id":"osm-context-1326191214","properties":{"osmId":1326191214,"kind":"coastline","landuse":null,"natural":"coastline","water":null,"waterway":null,"leisure":null,"amenity":null,"railway":null,"name":null,"source":"OpenStreetMap"},"geometry":{"type":"LineString","coordinates":[[128.9687741,71.6912826],[128.9691496,71.6911815],[128.9706623,71.6909051],[128.9713275,71.69074],[128.971989,71.690529],[128.9725184,71.6901737],[128.9731622,71.6898299],[128.9741492,71.6893783],[128.9753294,71.6889131],[128.9768529,71.688448],[128.9788699,71.6880435],[128.9809084,71.6878479],[128.9827752,71.6876389],[128.9845133,71.6874299],[128.9857058,71.6874342],[128.9858973,71.6874367]]}},{"type":"Feature","id":"osm-context-1326191216","properties":{"osmId":1326191216,"kind":"coastline","landuse":null,"natural":"coastline","water":null,"waterway":null,"leisure":null,"amenity":null,"railway":null,"name":null,"source":"OpenStreetMap"},"geometry":{"type":"LineString","coordinates":[[129.0029991,71.6968327],[129.0029454,71.6972101],[129.0031063,71.6974931],[129.0030253,71.6977458],[129.0026201,71.6978059],[129.0018343,71.6976475],[129.0003541,71.6968621],[128.9980573,71.6960246],[128.9955564,71.6949947],[128.9948674,71.6946861],[128.9942039,71.6944897],[128.993451,71.694133],[128.9929279,71.6937122],[128.9919199,71.693087],[128.9913457,71.6926822],[128.9906311,71.6921932],[128.9898783,71.6920369],[128.9886023,71.6919447],[128.9874029,71.6919287],[128.9866245,71.6919928],[128.9856931,71.6921732],[128.985323,71.6924217],[128.9852592,71.6926261],[128.9853613,71.6929627],[128.9845447,71.6932673],[128.9845829,71.6935399],[128.9847105,71.6939126],[128.9844426,71.6940128],[128.9841108,71.6938405],[128.9839322,71.6934317],[128.9841619,71.6929868],[128.9840853,71.692578],[128.9838174,71.6922613],[128.9834346,71.6919928],[128.9827838,71.6917483],[128.982031,71.6914837],[128.982031,71.6913154],[128.9823245,71.6911711],[128.98235,71.6910621],[128.9817502,71.6909379],[128.981123,71.6908647],[128.9808547,71.6906557],[128.9808547,71.6904063],[128.9807904,71.6902378],[128.9802217,71.6900659],[128.9793312,71.6900086],[128.9787733,71.6900254],[128.9785051,71.6900895],[128.9784622,71.6902681],[128.9789772,71.6904805],[128.9792776,71.6906928],[128.979063,71.6908782],[128.9786231,71.6909591],[128.9782262,71.6910164],[128.9766168,71.6909152],[128.9759302,71.6910231],[128.9756405,71.6912253],[128.9749875,71.691491],[128.9745282,71.6916273],[128.9734197,71.6915185],[128.9729798,71.6914039],[128.9727867,71.6912085],[128.9723468,71.691104],[128.9719176,71.6910635],[128.9712417,71.6911579],[128.9706194,71.6912017],[128.9695036,71.6913905],[128.9689886,71.6914444],[128.9687526,71.6913905],[128.9687741,71.6912826]]}},{"type":"Feature","id":"osm-context-1326191218","properties":{"osmId":1326191218,"kind":"coastline","landuse":null,"natural":"coastline","water":null,"waterway":null,"leisure":null,"amenity":null,"railway":null,"name":null,"source":"OpenStreetMap"},"geometry":{"type":"LineString","coordinates":[[129.0042114,71.697419],[129.0067434,71.6986588],[129.0095812,71.6998548]]}},{"type":"Feature","id":"osm-context-1326195613","properties":{"osmId":1326195613,"kind":"waterway","landuse":null,"natural":null,"water":null,"waterway":"stream","leisure":null,"amenity":null,"railway":null,"name":null,"source":"OpenStreetMap"},"geometry":{"type":"LineString","coordinates":[[128.8261235,71.6316303],[128.8262951,71.6316979]]}},{"type":"Feature","id":"osm-context-1326195614","properties":{"osmId":1326195614,"kind":"waterway","landuse":null,"natural":null,"water":null,"waterway":"stream","leisure":null,"amenity":null,"railway":null,"name":null,"source":"OpenStreetMap"},"geometry":{"type":"LineString","coordinates":[[128.8257533,71.6315238],[128.8259143,71.6315475],[128.8260645,71.6316049],[128.8261235,71.6316303]]}},{"type":"Feature","id":"osm-context-1326195615","properties":{"osmId":1326195615,"kind":"waterway","landuse":null,"natural":null,"water":null,"waterway":"stream","leisure":null,"amenity":null,"railway":null,"name":null,"source":"OpenStreetMap"},"geometry":{"type":"LineString","coordinates":[[128.8256085,71.6314511],[128.8257533,71.6315238]]}},{"type":"Feature","id":"osm-context-1326195616","properties":{"osmId":1326195616,"kind":"waterway","landuse":null,"natural":null,"water":null,"waterway":"stream","leisure":null,"amenity":null,"railway":null,"name":null,"source":"OpenStreetMap"},"geometry":{"type":"LineString","coordinates":[[128.8109634,71.6243192],[128.8069724,71.6258227],[128.8085174,71.6276353],[128.8122939,71.6288527],[128.815298,71.6293667],[128.8206195,71.6296913],[128.8238811,71.6305298],[128.8253617,71.6313007],[128.8255066,71.6314105],[128.8256085,71.6314511]]}},{"type":"Feature","id":"osm-context-1326195639","properties":{"osmId":1326195639,"kind":"waterway","landuse":null,"natural":null,"water":null,"waterway":"stream","leisure":null,"amenity":null,"railway":null,"name":null,"source":"OpenStreetMap"},"geometry":{"type":"LineString","coordinates":[[128.8466746,71.6370559],[128.8468301,71.6371032]]}},{"type":"Feature","id":"osm-context-1326195640","properties":{"osmId":1326195640,"kind":"waterway","landuse":null,"natural":null,"water":null,"waterway":"stream","leisure":null,"amenity":null,"railway":null,"name":null,"source":"OpenStreetMap"},"geometry":{"type":"LineString","coordinates":[[128.8457251,71.6364729],[128.8459128,71.6365016],[128.8463098,71.6366047],[128.8463312,71.6366537],[128.8463688,71.6367314],[128.846283,71.6368092],[128.8461381,71.6368903],[128.8461167,71.6369309],[128.8461971,71.6369934],[128.8463849,71.6370086],[128.8465726,71.6370407],[128.8466746,71.6370559]]}},{"type":"Feature","id":"osm-context-1326195641","properties":{"osmId":1326195641,"kind":"waterway","landuse":null,"natural":null,"water":null,"waterway":"stream","leisure":null,"amenity":null,"railway":null,"name":null,"source":"OpenStreetMap"},"geometry":{"type":"LineString","coordinates":[[128.8468301,71.6371032],[128.8468945,71.6371472],[128.8470125,71.6372114],[128.8473183,71.6373297],[128.8478494,71.6374345],[128.8479137,71.6375105],[128.8477743,71.6375798],[128.8478708,71.6376406],[128.8480908,71.6377387],[128.8481927,71.6378231],[128.8483375,71.6378857],[128.8485092,71.6378924],[128.8486862,71.6378891],[128.8488954,71.637933],[128.8490349,71.6380175],[128.849287,71.638271],[128.849389,71.6386596],[128.8493299,71.6387948],[128.849405,71.6388962],[128.8497805,71.6390314],[128.8502043,71.6391683],[128.8503706,71.6392274],[128.8506871,71.6392342],[128.8508159,71.6392663],[128.8509446,71.6392866],[128.8512397,71.6392426],[128.8518083,71.6391953],[128.8521999,71.6391936],[128.8523877,71.6392443]]}},{"type":"Feature","id":"osm-context-1326195642","properties":{"osmId":1326195642,"kind":"waterway","landuse":null,"natural":null,"water":null,"waterway":"stream","leisure":null,"amenity":null,"railway":null,"name":null,"source":"OpenStreetMap"},"geometry":{"type":"LineString","coordinates":[[128.8454354,71.6364137],[128.8457251,71.6364729]]}},{"type":"Feature","id":"osm-context-1326195643","properties":{"osmId":1326195643,"kind":"waterway","landuse":null,"natural":null,"water":null,"waterway":"stream","leisure":null,"amenity":null,"railway":null,"name":null,"source":"OpenStreetMap"},"geometry":{"type":"LineString","coordinates":[[128.8557994,71.639535],[128.8560408,71.6396262],[128.8562393,71.6397496]]}},{"type":"Feature","id":"osm-context-1326195644","properties":{"osmId":1326195644,"kind":"waterway","landuse":null,"natural":null,"water":null,"waterway":"stream","leisure":null,"amenity":null,"railway":null,"name":null,"source":"OpenStreetMap"},"geometry":{"type":"LineString","coordinates":[[128.8555527,71.6393829],[128.8557994,71.639535]]}},{"type":"Feature","id":"osm-context-1326195645","properties":{"osmId":1326195645,"kind":"waterway","landuse":null,"natural":null,"water":null,"waterway":"stream","leisure":null,"amenity":null,"railway":null,"name":null,"source":"OpenStreetMap"},"geometry":{"type":"LineString","coordinates":[[128.8525754,71.6393694],[128.8526666,71.6394234],[128.8528436,71.6394707],[128.8530958,71.6394589],[128.8535035,71.6394015],[128.8538843,71.6393474],[128.8546675,71.6393474],[128.8552844,71.6393558],[128.8555527,71.6393829]]}},{"type":"Feature","id":"osm-context-1326195646","properties":{"osmId":1326195646,"kind":"waterway","landuse":null,"natural":null,"water":null,"waterway":"stream","leisure":null,"amenity":null,"railway":null,"name":null,"source":"OpenStreetMap"},"geometry":{"type":"LineString","coordinates":[[128.8523877,71.6392443],[128.8525754,71.6393694]]}},{"type":"Feature","id":"osm-context-1326195647","properties":{"osmId":1326195647,"kind":"area","landuse":"landfill","natural":null,"water":null,"waterway":null,"leisure":null,"amenity":null,"railway":null,"name":null,"source":"OpenStreetMap"},"geometry":{"type":"Polygon","coordinates":[[[128.8165319,71.6322203],[128.8170898,71.6324299],[128.8169503,71.6326936],[128.8170791,71.6329877],[128.8179266,71.6330891],[128.8183772,71.6334441],[128.8179052,71.6337281],[128.8166606,71.6341439],[128.8156628,71.6347963],[128.8157701,71.6353845],[128.8174438,71.635709],[128.8184309,71.6358847],[128.8192248,71.6357495],[128.8202548,71.6356008],[128.8208556,71.635256],[128.8205981,71.6349045],[128.8223147,71.6348639],[128.8232589,71.6349383],[128.8242888,71.6348301],[128.8254046,71.6345326],[128.825705,71.6339782],[128.8258123,71.633532],[128.8252115,71.6328829],[128.8240313,71.6324231],[128.8230657,71.6321729],[128.8224649,71.6323014],[128.8214028,71.632413],[128.8204908,71.6324434],[128.8193321,71.6323994],[128.8165533,71.6321662],[128.8165319,71.6322203]]]}},{"type":"Feature","id":"osm-context-1326195648","properties":{"osmId":1326195648,"kind":"area","landuse":"landfill","natural":null,"water":null,"waterway":null,"leisure":null,"amenity":null,"railway":null,"name":null,"source":"OpenStreetMap"},"geometry":{"type":"Polygon","coordinates":[[[128.792789,71.6290894],[128.7918877,71.6296101],[128.7916088,71.6301917],[128.7910938,71.6312263],[128.7911153,71.631517],[128.7921238,71.6316185],[128.7939906,71.63149],[128.7952566,71.6309761],[128.7955785,71.6304148],[128.7949562,71.6298941],[128.7951064,71.6296371],[128.7970805,71.6300902],[128.7991619,71.6307597],[128.7990331,71.6314089],[128.799591,71.631943],[128.801136,71.6324502],[128.8022518,71.6328897],[128.8036036,71.6332548],[128.8045478,71.6336537],[128.8054919,71.6336064],[128.8068437,71.6332548],[128.8077664,71.6329708],[128.8088608,71.6326936],[128.8101911,71.6322067],[128.8113498,71.6318822],[128.8123369,71.6318551],[128.8127875,71.6317672],[128.8121223,71.6315035],[128.8095259,71.6313953],[128.8081956,71.63149],[128.8066292,71.6315982],[128.8053846,71.6316388],[128.8042903,71.631517],[128.8028526,71.6313074],[128.8020372,71.6310708],[128.8005781,71.6306515],[128.7988829,71.6300294],[128.797102,71.6295087],[128.7945485,71.6290556],[128.793261,71.6288797],[128.792789,71.6290894]]]}},{"type":"Feature","id":"osm-context-1326198257","properties":{"osmId":1326198257,"kind":"waterway","landuse":null,"natural":null,"water":null,"waterway":"stream","leisure":null,"amenity":null,"railway":null,"name":null,"source":"OpenStreetMap"},"geometry":{"type":"LineString","coordinates":[[128.8731855,71.6836456],[128.8735664,71.6835782]]}},{"type":"Feature","id":"osm-context-1326198258","properties":{"osmId":1326198258,"kind":"waterway","landuse":null,"natural":null,"water":null,"waterway":"stream","leisure":null,"amenity":null,"railway":null,"name":null,"source":"OpenStreetMap"},"geometry":{"type":"LineString","coordinates":[[128.8230228,71.673597],[128.8271856,71.6750543],[128.8311767,71.6763901],[128.8332796,71.6770781],[128.8369274,71.678697],[128.8442659,71.6803832],[128.8513469,71.681813],[128.8589429,71.6825279],[128.8617324,71.6826627],[128.8681268,71.6825009],[128.8714313,71.6824874],[128.8724184,71.6832494],[128.8730675,71.6836271],[128.8731855,71.6836456]]}},{"type":"Feature","id":"osm-context-1326200864","properties":{"osmId":1326200864,"kind":"waterway","landuse":null,"natural":null,"water":null,"waterway":"stream","leisure":null,"amenity":null,"railway":null,"name":null,"source":"OpenStreetMap"},"geometry":{"type":"LineString","coordinates":[[128.7329596,71.6581892],[128.7327987,71.6583074]]}},{"type":"Feature","id":"osm-context-1326200865","properties":{"osmId":1326200865,"kind":"waterway","landuse":null,"natural":null,"water":null,"waterway":"stream","leisure":null,"amenity":null,"railway":null,"name":null,"source":"OpenStreetMap"},"geometry":{"type":"LineString","coordinates":[[128.7214851,71.6524539],[128.7233733,71.6544801],[128.7308406,71.656209],[128.7314576,71.6577182],[128.7319189,71.6578431],[128.732112,71.6579579],[128.7324178,71.6580255],[128.7327129,71.658066],[128.7329113,71.6580997],[128.7329864,71.6581504],[128.7329596,71.6581892]]}},{"type":"Feature","id":"osm-context-1326200866","properties":{"osmId":1326200866,"kind":"waterway","landuse":null,"natural":null,"water":null,"waterway":"stream","leisure":null,"amenity":null,"railway":null,"name":null,"source":"OpenStreetMap"},"geometry":{"type":"LineString","coordinates":[[128.744595,71.6595228],[128.7444985,71.6596696],[128.7444717,71.6598165],[128.7442839,71.6599566],[128.7442517,71.660073],[128.744359,71.6601794],[128.7474059,71.6612326],[128.7480067,71.663987],[128.7450885,71.6668219],[128.7449286,71.6672871],[128.7447452,71.6678208],[128.7462901,71.6694135],[128.7474918,71.6698184],[128.7473201,71.6717888],[128.7451743,71.6729763],[128.7491225,71.6769162],[128.7470626,71.6790748],[128.7548732,71.680127],[128.759508,71.6813409],[128.7573623,71.6835799],[128.7541865,71.6847667],[128.7553882,71.6857376],[128.757321,71.6858813]]}},{"type":"Feature","id":"osm-context-1326200867","properties":{"osmId":1326200867,"kind":"waterway","landuse":null,"natural":null,"water":null,"waterway":"stream","leisure":null,"amenity":null,"railway":null,"name":null,"source":"OpenStreetMap"},"geometry":{"type":"LineString","coordinates":[[128.7446111,71.6594367],[128.744595,71.6595228]]}},{"type":"Feature","id":"osm-context-1326200870","properties":{"osmId":1326200870,"kind":"area","landuse":null,"natural":"water","water":null,"waterway":null,"leisure":null,"amenity":null,"railway":null,"name":null,"source":"OpenStreetMap"},"geometry":{"type":"Polygon","coordinates":[[[128.8091612,71.6201401],[128.8086891,71.6199372],[128.8080025,71.619883],[128.8074446,71.619653],[128.8073587,71.6194094],[128.8071013,71.619247],[128.8071013,71.6190576],[128.8066721,71.6186786],[128.8064146,71.6180561],[128.8058996,71.6176772],[128.8058138,71.6173524],[128.8049555,71.6168651],[128.8037968,71.6166351],[128.8036251,71.6165538],[128.8031101,71.6164997],[128.8025951,71.6164997],[128.8019085,71.616608],[128.8014364,71.6167569],[128.8011789,71.6169193],[128.8011789,71.6171358],[128.8012648,71.6173253],[128.8016939,71.6175148],[128.8015223,71.6177042],[128.8019514,71.6181914],[128.802166,71.6182862],[128.8028526,71.6183674],[128.803668,71.6185974],[128.804183,71.6189222],[128.8040972,71.6193553],[128.8043547,71.6194906],[128.8047838,71.6199778],[128.8052988,71.6203566],[128.805685,71.6204514],[128.8065434,71.6204514],[128.8070583,71.6205326],[128.8076162,71.6207897],[128.8073587,71.621385],[128.8074446,71.6216556],[128.8077879,71.6219804],[128.8077879,71.6222239],[128.8088179,71.6228463],[128.8099337,71.6241451],[128.8105774,71.6243481],[128.8109207,71.624321],[128.811307,71.6241451],[128.811307,71.6239557],[128.8117361,71.6237122],[128.8117361,71.6233063],[128.8122511,71.6230357],[128.8124228,71.6228193],[128.8122511,71.6223592],[128.8120794,71.6222239],[128.8120794,71.6218992],[128.8124228,71.6213038],[128.8114786,71.6207626],[128.8098478,71.6203296],[128.8091612,71.6201401]]]}},{"type":"Feature","id":"osm-context-1326200876","properties":{"osmId":1326200876,"kind":"waterway","landuse":null,"natural":null,"water":null,"waterway":"river","leisure":null,"amenity":null,"railway":null,"name":null,"source":"OpenStreetMap"},"geometry":{"type":"LineString","coordinates":[[128.8986611,71.5923491],[128.8997769,71.5924406],[128.9006781,71.5924812],[128.9014184,71.5924812],[128.9020944,71.5925083],[128.9023411,71.5924948],[128.9024055,71.5924406],[128.9024591,71.5923762],[128.9028239,71.592261],[128.9033496,71.5921187],[128.9039075,71.5920205],[128.9046049,71.5910921],[128.9049697,71.5900892],[128.9047336,71.5878528],[128.9064931,71.5862533],[128.9076089,71.5854806],[128.9085531,71.5845452],[128.9099264,71.5838402],[128.9122009,71.5837859],[128.9155483,71.5841113],[128.9185094,71.5841249],[128.920741,71.5837046],[128.9235735,71.5832979],[128.9278221,71.5829182],[128.9296245,71.5826606]]}},{"type":"Feature","id":"osm-context-1326201209","properties":{"osmId":1326201209,"kind":"coastline","landuse":null,"natural":"coastline","water":null,"waterway":null,"leisure":null,"amenity":null,"railway":null,"name":null,"source":"OpenStreetMap"},"geometry":{"type":"LineString","coordinates":[[128.9260304,71.61719],[128.926186,71.6172069],[128.9263093,71.6172052],[128.9264756,71.6172035],[128.92654,71.6172356],[128.9265615,71.6172847],[128.9265132,71.617327],[128.9263737,71.6173236],[128.9261806,71.6172813],[128.9260304,71.6172407],[128.9260089,71.617212],[128.9260304,71.61719]]}}]}
